--
-- File generated with SQLiteStudio v3.2.1 on Fri Jul 3 00:23:12 2020
--
-- Text encoding used: UTF-8
--
PRAGMA foreign_keys = off;
BEGIN TRANSACTION;

-- Table: academic_year
DROP TABLE IF EXISTS academic_year;
CREATE TABLE academic_year (id INTEGER PRIMARY KEY AUTOINCREMENT, name STRING);
INSERT INTO academic_year (id, name) VALUES (1, '2020-21');

-- Table: address
DROP TABLE IF EXISTS address;
CREATE TABLE address (id INTEGER PRIMARY KEY AUTOINCREMENT, po_box STRING, street_1 STRING, street_2 STRING, city STRING, state STRING, postal_code STRING, country STRING, note STRING, unlisted INTEGER);
INSERT INTO address (id, po_box, street_1, street_2, city, state, postal_code, country, note, unlisted) VALUES (1, NULL, '505 East Main St.', NULL, 'Enterprise', 'OR', 97828, NULL, NULL, NULL);
INSERT INTO address (id, po_box, street_1, street_2, city, state, postal_code, country, note, unlisted) VALUES (2, NULL, '306 SE 2nd St.', NULL, 'Enterprise', 'OR', 97828, NULL, NULL, NULL);
INSERT INTO address (id, po_box, street_1, street_2, city, state, postal_code, country, note, unlisted) VALUES (3, NULL, '301 SE 5th St.', NULL, 'Enterprise', 'OR', 97828, NULL, NULL, NULL);
INSERT INTO address (id, po_box, street_1, street_2, city, state, postal_code, country, note, unlisted) VALUES (4, NULL, '1202 Sagewood St.', NULL, 'Enterprise', 'OR', 97828, NULL, NULL, NULL);
INSERT INTO address (id, po_box, street_1, street_2, city, state, postal_code, country, note, unlisted) VALUES (5, NULL, '207 SE 2nd St.', NULL, 'Enterprise', 'OR', 97828, NULL, NULL, NULL);
INSERT INTO address (id, po_box, street_1, street_2, city, state, postal_code, country, note, unlisted) VALUES (6, NULL, '213 SW Broadmore St.', NULL, 'Enterprise', 'OR', 97828, NULL, NULL, NULL);
INSERT INTO address (id, po_box, street_1, street_2, city, state, postal_code, country, note, unlisted) VALUES (7, NULL, '79054 Hartshorn Rd.', NULL, 'Imnaha', 'OR', 97842, NULL, NULL, NULL);
INSERT INTO address (id, po_box, street_1, street_2, city, state, postal_code, country, note, unlisted) VALUES (8, NULL, '81733 Reavis Ln.', NULL, 'Enterprise', 'OR', 97828, NULL, NULL, NULL);
INSERT INTO address (id, po_box, street_1, street_2, city, state, postal_code, country, note, unlisted) VALUES (9, NULL, '62401 Edgewater Rd.', NULL, 'Joseph', 'OR', 97846, NULL, NULL, NULL);
INSERT INTO address (id, po_box, street_1, street_2, city, state, postal_code, country, note, unlisted) VALUES (10, NULL, '200 E. Greenwood St.', NULL, 'Enterprise', 'OR', 97828, NULL, NULL, NULL);
INSERT INTO address (id, po_box, street_1, street_2, city, state, postal_code, country, note, unlisted) VALUES (11, NULL, '1200 Highland Ave.', NULL, 'Enterprise', 'OR', 97828, NULL, NULL, NULL);
INSERT INTO address (id, po_box, street_1, street_2, city, state, postal_code, country, note, unlisted) VALUES (12, NULL, '205 E. Grant St.', NULL, 'Enterprise', 'OR', 97828, NULL, NULL, NULL);
INSERT INTO address (id, po_box, street_1, street_2, city, state, postal_code, country, note, unlisted) VALUES (13, NULL, '205 E. Greenwood St.', NULL, 'Enterprise', 'OR', 97828, NULL, NULL, NULL);
INSERT INTO address (id, po_box, street_1, street_2, city, state, postal_code, country, note, unlisted) VALUES (14, NULL, '66205 Getting Rd.', NULL, 'Enterprise', 'OR', 97828, NULL, NULL, NULL);

-- Table: assignment
DROP TABLE IF EXISTS assignment;
CREATE TABLE assignment (id INTEGER PRIMARY KEY AUTOINCREMENT, resource_use INTEGER REFERENCES resource_use (id) ON DELETE RESTRICT ON UPDATE CASCADE, subject INTEGER REFERENCES subject (id) ON DELETE RESTRICT ON UPDATE CASCADE, cw INTEGER REFERENCES cycle_week (id) ON DELETE RESTRICT ON UPDATE CASCADE, program INTEGER REFERENCES program (id) ON DELETE RESTRICT ON UPDATE CASCADE, grade INTEGER, pages STRING, chapters STRING, instruction STRING, "order" INTEGER);
INSERT INTO assignment (id, resource_use, subject, cw, program, grade, pages, chapters, instruction, "order") VALUES (1, NULL, 8, 1, 3, NULL, NULL, NULL, 'Choose an issue from your favorite summer reading', 1);
INSERT INTO assignment (id, resource_use, subject, cw, program, grade, pages, chapters, instruction, "order") VALUES (2, NULL, 8, 1, 3, 7, NULL, NULL, 'Complete an ANI with 10 items per column', 2);
INSERT INTO assignment (id, resource_use, subject, cw, program, grade, pages, chapters, instruction, "order") VALUES (3, NULL, 8, 1, 3, 8, NULL, NULL, 'Complete an ANI with 15 items per column', 3);
INSERT INTO assignment (id, resource_use, subject, cw, program, grade, pages, chapters, instruction, "order") VALUES (4, NULL, 8, 1, 3, 9, NULL, NULL, 'Complete an ANI with 15 items per column', 4);
INSERT INTO assignment (id, resource_use, subject, cw, program, grade, pages, chapters, instruction, "order") VALUES (5, NULL, 8, 1, 3, 8, NULL, NULL, 'Use questions from the <b>Five Common Topics worksheet, page 9</b> in the workbook to help with ANI chart', 2);
INSERT INTO assignment (id, resource_use, subject, cw, program, grade, pages, chapters, instruction, "order") VALUES (6, NULL, 8, 1, 3, 9, NULL, NULL, 'Use questions from the <b>Five Common Topics worksheet, page 9</b> in the workbook AND...', 2);
INSERT INTO assignment (id, resource_use, subject, cw, program, grade, pages, chapters, instruction, "order") VALUES (7, NULL, 8, 1, 3, 9, NULL, NULL, 'Use <b>Comparison I template, page 23</b> in workbook to help with ANI chart', 3);
INSERT INTO assignment (id, resource_use, subject, cw, program, grade, pages, chapters, instruction, "order") VALUES (8, NULL, 8, 1, 3, NULL, NULL, NULL, 'Begin Reading <u>God King</u>', 10);
INSERT INTO assignment (id, resource_use, subject, cw, program, grade, pages, chapters, instruction, "order") VALUES (9, NULL, 8, 2, 3, 7, NULL, NULL, 'Use <b>Essay One Arrangement, page 4-5</b> to produce a Rudimentary Persuasive Outline like the one found on <b>page 6</b> from your ANI chart', 1);
INSERT INTO assignment (id, resource_use, subject, cw, program, grade, pages, chapters, instruction, "order") VALUES (10, NULL, 8, 2, 3, NULL, NULL, NULL, 'Bring Outline to Class', 10);
INSERT INTO assignment (id, resource_use, subject, cw, program, grade, pages, chapters, instruction, "order") VALUES (11, NULL, 8, 2, 3, 8, NULL, NULL, 'Use <b>Essay Two Arrangement, guide to sorting, page 10-12</b>', 1);
INSERT INTO assignment (id, resource_use, subject, cw, program, grade, pages, chapters, instruction, "order") VALUES (12, NULL, 8, 2, 3, 8, NULL, NULL, 'Use <b>Essay Two Arrangement B worksheet, page 13-14</b> to produce an <b>Introductory Persuasive Essay</b> like the one found on <b>page 15</b> from your ANI chart', 2);
INSERT INTO assignment (id, resource_use, subject, cw, program, grade, pages, chapters, instruction, "order") VALUES (13, NULL, 8, 2, 3, 9, NULL, NULL, 'Sort your ANI, refer to <b>pages 10-12</b> for guidance', 1);
INSERT INTO assignment (id, resource_use, subject, cw, program, grade, pages, chapters, instruction, "order") VALUES (14, NULL, 8, 2, 3, 9, NULL, NULL, 'Use <b>A Guide to Exordium, page 23</b>, to develop your exordium', 2);
INSERT INTO assignment (id, resource_use, subject, cw, program, grade, pages, chapters, instruction, "order") VALUES (15, NULL, 8, 2, 3, 9, NULL, NULL, 'Use <b>Essay Three Arrangement B worksheet, page 25-26</b> to produce a <b>Basic Persuasive Essay</b> like the one found on <b>page 28</b> from your ANI chart', 3);
INSERT INTO assignment (id, resource_use, subject, cw, program, grade, pages, chapters, instruction, "order") VALUES (16, NULL, 8, 3, 3, 7, NULL, NULL, 'Write an essay from your <b>Rudimentary Persuasive Outline (checklist p. 108)</b>', 1);
INSERT INTO assignment (id, resource_use, subject, cw, program, grade, pages, chapters, instruction, "order") VALUES (17, NULL, 8, 3, 3, NULL, NULL, NULL, 'Bring you essay to class', 10);
INSERT INTO assignment (id, resource_use, subject, cw, program, grade, pages, chapters, instruction, "order") VALUES (18, NULL, 8, 3, 3, 8, NULL, NULL, 'Use <b>Parallelism I: Words, pages 16-19</b> to add parallelism to you essay', 1);
INSERT INTO assignment (id, resource_use, subject, cw, program, grade, pages, chapters, instruction, "order") VALUES (19, NULL, 8, 3, 3, 8, NULL, NULL, 'Write an essay from your <b>Introductory Persuasive Outline (checklist p. 109)</b>', 2);
INSERT INTO assignment (id, resource_use, subject, cw, program, grade, pages, chapters, instruction, "order") VALUES (20, NULL, 8, 3, 3, 9, NULL, NULL, 'Use <b>Parallelism I: Words, pages 16-19</b> to add parallelism to you essay', 1);
INSERT INTO assignment (id, resource_use, subject, cw, program, grade, pages, chapters, instruction, "order") VALUES (21, NULL, 8, 3, 3, 9, NULL, NULL, 'Use <b>Basic Editing: Verbs, pages 29- 31</b> to add strong verbs to your Essay', 2);
INSERT INTO assignment (id, resource_use, subject, cw, program, grade, pages, chapters, instruction, "order") VALUES (22, NULL, 8, 3, 3, 9, NULL, NULL, 'Write an essay from your <b>Basic Persuasive Outline (checklist p. 110)</b>', 3);
INSERT INTO assignment (id, resource_use, subject, cw, program, grade, pages, chapters, instruction, "order") VALUES (23, NULL, 5, 1, 3, NULL, NULL, NULL, 'Read Module 1', 1);
INSERT INTO assignment (id, resource_use, subject, cw, program, grade, pages, chapters, instruction, "order") VALUES (24, NULL, 5, 1, 3, NULL, NULL, NULL, 'Do experiments 1.1, 1.2, 1.3 (choose one to do a Lab Notebook entry)', 2);
INSERT INTO assignment (id, resource_use, subject, cw, program, grade, pages, chapters, instruction, "order") VALUES (25, NULL, 5, 1, 3, NULL, NULL, NULL, 'OYO 1.1-1.10 & Study Guide exercises', 3);
INSERT INTO assignment (id, resource_use, subject, cw, program, grade, pages, chapters, instruction, "order") VALUES (27, NULL, 5, 1, 3, NULL, NULL, NULL, 'Complete Module 1 Test', 4);
INSERT INTO assignment (id, resource_use, subject, cw, program, grade, pages, chapters, instruction, "order") VALUES (28, NULL, 5, 2, 3, NULL, NULL, NULL, 'Read Module 2', 1);
INSERT INTO assignment (id, resource_use, subject, cw, program, grade, pages, chapters, instruction, "order") VALUES (29, NULL, 5, 2, 3, NULL, NULL, NULL, 'Do experiments 2.1, 2.2 (choose one to do a Lab Notebook entry)', 2);
INSERT INTO assignment (id, resource_use, subject, cw, program, grade, pages, chapters, instruction, "order") VALUES (30, NULL, 5, 2, 3, NULL, NULL, NULL, 'OYO 2.1-2.11 & Study Guide exercises', 3);
INSERT INTO assignment (id, resource_use, subject, cw, program, grade, pages, chapters, instruction, "order") VALUES (32, NULL, 5, 2, 3, NULL, NULL, NULL, 'Complete Module 2 Test', 4);
INSERT INTO assignment (id, resource_use, subject, cw, program, grade, pages, chapters, instruction, "order") VALUES (33, NULL, 5, 3, 3, NULL, NULL, NULL, 'Read Module 3', 1);
INSERT INTO assignment (id, resource_use, subject, cw, program, grade, pages, chapters, instruction, "order") VALUES (34, NULL, 5, 3, 3, NULL, NULL, NULL, 'Do experiments 3.1 & Lab Notebook entry', 2);
INSERT INTO assignment (id, resource_use, subject, cw, program, grade, pages, chapters, instruction, "order") VALUES (35, NULL, 5, 3, 3, NULL, NULL, NULL, 'OYO 3.1-3.11 & Study Guide exercises', 3);
INSERT INTO assignment (id, resource_use, subject, cw, program, grade, pages, chapters, instruction, "order") VALUES (36, NULL, 5, 3, 3, NULL, NULL, NULL, 'Complete Moule 3 Test', 4);
INSERT INTO assignment (id, resource_use, subject, cw, program, grade, pages, chapters, instruction, "order") VALUES (37, NULL, 5, 3, 4, NULL, '81-97', NULL, 'Read only pages 81-97 of Module 4 (Stop at “Water''s Cohesion”)', 1);
INSERT INTO assignment (id, resource_use, subject, cw, program, grade, pages, chapters, instruction, "order") VALUES (38, NULL, 5, 3, 4, NULL, NULL, NULL, 'Do experiments 4.2, 4.3, 4.4 (choose one to do a Lab Notebook entry)', 2);
INSERT INTO assignment (id, resource_use, subject, cw, program, grade, pages, chapters, instruction, "order") VALUES (39, NULL, 5, 3, 4, NULL, NULL, NULL, 'OYO 3.1-3.11 & Study Guide exercises', 3);

-- Table: child_guardian
DROP TABLE IF EXISTS child_guardian;
CREATE TABLE child_guardian (id INTEGER PRIMARY KEY AUTOINCREMENT, child INTEGER REFERENCES person (id) ON DELETE CASCADE ON UPDATE CASCADE, guardian INTEGER REFERENCES person (id) ON DELETE CASCADE ON UPDATE CASCADE, note STRING);
INSERT INTO child_guardian (id, child, guardian, note) VALUES (1, 1, 7, NULL);
INSERT INTO child_guardian (id, child, guardian, note) VALUES (2, 1, 8, NULL);
INSERT INTO child_guardian (id, child, guardian, note) VALUES (3, 2, 7, NULL);
INSERT INTO child_guardian (id, child, guardian, note) VALUES (4, 2, 8, NULL);
INSERT INTO child_guardian (id, child, guardian, note) VALUES (5, 3, 7, NULL);
INSERT INTO child_guardian (id, child, guardian, note) VALUES (6, 3, 8, NULL);
INSERT INTO child_guardian (id, child, guardian, note) VALUES (7, 13, 11, NULL);
INSERT INTO child_guardian (id, child, guardian, note) VALUES (8, 14, 11, NULL);
INSERT INTO child_guardian (id, child, guardian, note) VALUES (9, 15, 11, NULL);
INSERT INTO child_guardian (id, child, guardian, note) VALUES (10, 13, 12, NULL);
INSERT INTO child_guardian (id, child, guardian, note) VALUES (11, 14, 12, NULL);
INSERT INTO child_guardian (id, child, guardian, note) VALUES (12, 15, 12, NULL);
INSERT INTO child_guardian (id, child, guardian, note) VALUES (13, 18, 16, NULL);
INSERT INTO child_guardian (id, child, guardian, note) VALUES (14, 19, 16, NULL);
INSERT INTO child_guardian (id, child, guardian, note) VALUES (15, 18, 17, NULL);
INSERT INTO child_guardian (id, child, guardian, note) VALUES (16, 19, 17, NULL);
INSERT INTO child_guardian (id, child, guardian, note) VALUES (17, 22, 20, NULL);
INSERT INTO child_guardian (id, child, guardian, note) VALUES (18, 23, 20, NULL);
INSERT INTO child_guardian (id, child, guardian, note) VALUES (19, 22, 21, NULL);
INSERT INTO child_guardian (id, child, guardian, note) VALUES (20, 23, 21, NULL);
INSERT INTO child_guardian (id, child, guardian, note) VALUES (21, 26, 24, NULL);
INSERT INTO child_guardian (id, child, guardian, note) VALUES (22, 26, 25, NULL);
INSERT INTO child_guardian (id, child, guardian, note) VALUES (23, 27, 24, NULL);
INSERT INTO child_guardian (id, child, guardian, note) VALUES (24, 27, 25, NULL);
INSERT INTO child_guardian (id, child, guardian, note) VALUES (25, 30, 28, NULL);
INSERT INTO child_guardian (id, child, guardian, note) VALUES (26, 30, 29, NULL);
INSERT INTO child_guardian (id, child, guardian, note) VALUES (27, 31, 28, NULL);
INSERT INTO child_guardian (id, child, guardian, note) VALUES (28, 31, 29, NULL);
INSERT INTO child_guardian (id, child, guardian, note) VALUES (29, 32, 28, NULL);
INSERT INTO child_guardian (id, child, guardian, note) VALUES (30, 32, 29, NULL);
INSERT INTO child_guardian (id, child, guardian, note) VALUES (31, 33, 28, NULL);
INSERT INTO child_guardian (id, child, guardian, note) VALUES (32, 33, 29, NULL);
INSERT INTO child_guardian (id, child, guardian, note) VALUES (33, 36, 34, NULL);
INSERT INTO child_guardian (id, child, guardian, note) VALUES (34, 36, 35, NULL);
INSERT INTO child_guardian (id, child, guardian, note) VALUES (35, 37, 34, NULL);
INSERT INTO child_guardian (id, child, guardian, note) VALUES (36, 37, 35, NULL);
INSERT INTO child_guardian (id, child, guardian, note) VALUES (37, 38, 34, NULL);
INSERT INTO child_guardian (id, child, guardian, note) VALUES (38, 38, 35, NULL);
INSERT INTO child_guardian (id, child, guardian, note) VALUES (39, 41, 39, NULL);
INSERT INTO child_guardian (id, child, guardian, note) VALUES (40, 41, 40, NULL);
INSERT INTO child_guardian (id, child, guardian, note) VALUES (41, 42, 39, NULL);
INSERT INTO child_guardian (id, child, guardian, note) VALUES (42, 42, 40, NULL);
INSERT INTO child_guardian (id, child, guardian, note) VALUES (43, 43, 39, NULL);
INSERT INTO child_guardian (id, child, guardian, note) VALUES (44, 43, 40, NULL);
INSERT INTO child_guardian (id, child, guardian, note) VALUES (45, 44, 39, NULL);
INSERT INTO child_guardian (id, child, guardian, note) VALUES (46, 44, 40, NULL);
INSERT INTO child_guardian (id, child, guardian, note) VALUES (47, 47, 45, NULL);
INSERT INTO child_guardian (id, child, guardian, note) VALUES (48, 47, 46, NULL);
INSERT INTO child_guardian (id, child, guardian, note) VALUES (49, 48, 45, NULL);
INSERT INTO child_guardian (id, child, guardian, note) VALUES (50, 48, 46, NULL);
INSERT INTO child_guardian (id, child, guardian, note) VALUES (51, 49, 45, NULL);
INSERT INTO child_guardian (id, child, guardian, note) VALUES (52, 49, 46, NULL);
INSERT INTO child_guardian (id, child, guardian, note) VALUES (53, 52, 50, NULL);
INSERT INTO child_guardian (id, child, guardian, note) VALUES (54, 52, 51, NULL);
INSERT INTO child_guardian (id, child, guardian, note) VALUES (55, 53, 50, NULL);
INSERT INTO child_guardian (id, child, guardian, note) VALUES (56, 53, 51, NULL);
INSERT INTO child_guardian (id, child, guardian, note) VALUES (57, 60, 54, NULL);
INSERT INTO child_guardian (id, child, guardian, note) VALUES (58, 60, 55, NULL);
INSERT INTO child_guardian (id, child, guardian, note) VALUES (59, 61, 54, NULL);
INSERT INTO child_guardian (id, child, guardian, note) VALUES (60, 61, 55, NULL);
INSERT INTO child_guardian (id, child, guardian, note) VALUES (61, 62, 54, NULL);
INSERT INTO child_guardian (id, child, guardian, note) VALUES (62, 62, 55, NULL);
INSERT INTO child_guardian (id, child, guardian, note) VALUES (63, 63, 54, NULL);
INSERT INTO child_guardian (id, child, guardian, note) VALUES (64, 63, 55, NULL);
INSERT INTO child_guardian (id, child, guardian, note) VALUES (65, 64, 54, NULL);
INSERT INTO child_guardian (id, child, guardian, note) VALUES (66, 64, 55, NULL);
INSERT INTO child_guardian (id, child, guardian, note) VALUES (67, 4, 9, NULL);
INSERT INTO child_guardian (id, child, guardian, note) VALUES (68, 4, 10, NULL);
INSERT INTO child_guardian (id, child, guardian, note) VALUES (69, 5, 9, NULL);
INSERT INTO child_guardian (id, child, guardian, note) VALUES (70, 5, 10, NULL);
INSERT INTO child_guardian (id, child, guardian, note) VALUES (71, 6, 9, NULL);
INSERT INTO child_guardian (id, child, guardian, note) VALUES (72, 6, 10, NULL);
INSERT INTO child_guardian (id, child, guardian, note) VALUES (73, 65, 58, NULL);
INSERT INTO child_guardian (id, child, guardian, note) VALUES (74, 65, 59, NULL);
INSERT INTO child_guardian (id, child, guardian, note) VALUES (75, 66, 58, NULL);
INSERT INTO child_guardian (id, child, guardian, note) VALUES (76, 66, 59, NULL);
INSERT INTO child_guardian (id, child, guardian, note) VALUES (77, 67, 58, NULL);
INSERT INTO child_guardian (id, child, guardian, note) VALUES (78, 67, 59, NULL);
INSERT INTO child_guardian (id, child, guardian, note) VALUES (79, 68, 56, NULL);
INSERT INTO child_guardian (id, child, guardian, note) VALUES (80, 68, 57, NULL);
INSERT INTO child_guardian (id, child, guardian, note) VALUES (81, 69, 56, NULL);
INSERT INTO child_guardian (id, child, guardian, note) VALUES (82, 69, 57, NULL);
INSERT INTO child_guardian (id, child, guardian, note) VALUES (83, 70, 56, NULL);
INSERT INTO child_guardian (id, child, guardian, note) VALUES (84, 70, 57, NULL);

-- Table: cost
DROP TABLE IF EXISTS cost;
CREATE TABLE cost (id INTEGER PRIMARY KEY AUTOINCREMENT, academic_year INTEGER REFERENCES academic_year (id) ON DELETE CASCADE ON UPDATE CASCADE, name STRING, amount INTEGER, due STRING, program INTEGER REFERENCES program (id) ON DELETE CASCADE ON UPDATE CASCADE, per_student INTEGER);
INSERT INTO cost (id, academic_year, name, amount, due, program, per_student) VALUES (1, 1, 'registration', 5000, 'June 5', NULL, NULL);
INSERT INTO cost (id, academic_year, name, amount, due, program, per_student) VALUES (2, 1, 'supply fee', 3500, NULL, 1, 1);
INSERT INTO cost (id, academic_year, name, amount, due, program, per_student) VALUES (3, 1, 'supply fee', 3500, NULL, 2, 1);
INSERT INTO cost (id, academic_year, name, amount, due, program, per_student) VALUES (4, 1, 'supply fee', 5000, NULL, 3, 1);
INSERT INTO cost (id, academic_year, name, amount, due, program, per_student) VALUES (5, 1, 'supply fee', 5000, NULL, 4, 1);
INSERT INTO cost (id, academic_year, name, amount, due, program, per_student) VALUES (6, 1, 'facility fee', 3500, NULL, NULL, 1);
INSERT INTO cost (id, academic_year, name, amount, due, program, per_student) VALUES (7, 1, 'tuition', 25000, NULL, 1, 1);
INSERT INTO cost (id, academic_year, name, amount, due, program, per_student) VALUES (8, 1, 'tuition', 20000, NULL, 2, 1);
INSERT INTO cost (id, academic_year, name, amount, due, program, per_student) VALUES (9, 1, 'tuition', 75000, NULL, 3, 1);
INSERT INTO cost (id, academic_year, name, amount, due, program, per_student) VALUES (10, 1, 'training fund', 10000, NULL, 3, 1);

-- Table: cycle
DROP TABLE IF EXISTS cycle;
CREATE TABLE cycle (id INTEGER PRIMARY KEY AUTOINCREMENT, name STRING, description STRING);
INSERT INTO cycle (id, name, description) VALUES (1, 'C-1', 'AAA (Africa, Asia, Australia)');
INSERT INTO cycle (id, name, description) VALUES (2, 'C-2', 'Europe');
INSERT INTO cycle (id, name, description) VALUES (3, 'C-3', 'Americas (North & South America), Antarctica');
INSERT INTO cycle (id, name, description) VALUES (4, 'All', 'World');

-- Table: cycle_week
DROP TABLE IF EXISTS cycle_week;
CREATE TABLE cycle_week (id INTEGER PRIMARY KEY AUTOINCREMENT, cycle INTEGER REFERENCES cycle (id) ON DELETE CASCADE ON UPDATE CASCADE, week INTEGER NOT NULL CHECK (week >= 0 and week < 29), level INTEGER NOT NULL DEFAULT (1), UNIQUE (cycle, week, level));
INSERT INTO cycle_week (id, cycle, week, level) VALUES (1, 1, 1, 1);
INSERT INTO cycle_week (id, cycle, week, level) VALUES (2, 1, 2, 1);
INSERT INTO cycle_week (id, cycle, week, level) VALUES (3, 1, 3, 1);
INSERT INTO cycle_week (id, cycle, week, level) VALUES (4, 1, 4, 1);
INSERT INTO cycle_week (id, cycle, week, level) VALUES (5, 1, 5, 1);
INSERT INTO cycle_week (id, cycle, week, level) VALUES (6, 1, 6, 1);
INSERT INTO cycle_week (id, cycle, week, level) VALUES (7, 1, 7, 1);
INSERT INTO cycle_week (id, cycle, week, level) VALUES (8, 1, 8, 1);
INSERT INTO cycle_week (id, cycle, week, level) VALUES (9, 1, 9, 1);
INSERT INTO cycle_week (id, cycle, week, level) VALUES (10, 1, 10, 1);
INSERT INTO cycle_week (id, cycle, week, level) VALUES (11, 1, 11, 1);
INSERT INTO cycle_week (id, cycle, week, level) VALUES (12, 1, 12, 1);
INSERT INTO cycle_week (id, cycle, week, level) VALUES (13, 1, 13, 1);
INSERT INTO cycle_week (id, cycle, week, level) VALUES (14, 1, 14, 1);
INSERT INTO cycle_week (id, cycle, week, level) VALUES (15, 1, 15, 1);
INSERT INTO cycle_week (id, cycle, week, level) VALUES (16, 1, 16, 1);
INSERT INTO cycle_week (id, cycle, week, level) VALUES (17, 1, 17, 1);
INSERT INTO cycle_week (id, cycle, week, level) VALUES (18, 1, 18, 1);
INSERT INTO cycle_week (id, cycle, week, level) VALUES (19, 1, 19, 1);
INSERT INTO cycle_week (id, cycle, week, level) VALUES (20, 1, 20, 1);
INSERT INTO cycle_week (id, cycle, week, level) VALUES (21, 1, 21, 1);
INSERT INTO cycle_week (id, cycle, week, level) VALUES (22, 1, 22, 1);
INSERT INTO cycle_week (id, cycle, week, level) VALUES (23, 1, 23, 1);
INSERT INTO cycle_week (id, cycle, week, level) VALUES (24, 1, 24, 1);
INSERT INTO cycle_week (id, cycle, week, level) VALUES (25, 1, 25, 1);
INSERT INTO cycle_week (id, cycle, week, level) VALUES (26, 1, 26, 1);
INSERT INTO cycle_week (id, cycle, week, level) VALUES (27, 1, 27, 1);
INSERT INTO cycle_week (id, cycle, week, level) VALUES (28, 1, 28, 1);
INSERT INTO cycle_week (id, cycle, week, level) VALUES (29, 2, 1, 1);
INSERT INTO cycle_week (id, cycle, week, level) VALUES (30, 2, 2, 1);
INSERT INTO cycle_week (id, cycle, week, level) VALUES (31, 2, 3, 1);
INSERT INTO cycle_week (id, cycle, week, level) VALUES (32, 2, 4, 1);
INSERT INTO cycle_week (id, cycle, week, level) VALUES (33, 2, 5, 1);
INSERT INTO cycle_week (id, cycle, week, level) VALUES (34, 2, 6, 1);
INSERT INTO cycle_week (id, cycle, week, level) VALUES (35, 2, 7, 1);
INSERT INTO cycle_week (id, cycle, week, level) VALUES (36, 2, 8, 1);
INSERT INTO cycle_week (id, cycle, week, level) VALUES (37, 2, 9, 1);
INSERT INTO cycle_week (id, cycle, week, level) VALUES (38, 2, 10, 1);
INSERT INTO cycle_week (id, cycle, week, level) VALUES (39, 2, 11, 1);
INSERT INTO cycle_week (id, cycle, week, level) VALUES (40, 2, 12, 1);
INSERT INTO cycle_week (id, cycle, week, level) VALUES (41, 2, 13, 1);
INSERT INTO cycle_week (id, cycle, week, level) VALUES (42, 2, 14, 1);
INSERT INTO cycle_week (id, cycle, week, level) VALUES (43, 2, 15, 1);
INSERT INTO cycle_week (id, cycle, week, level) VALUES (44, 2, 16, 1);
INSERT INTO cycle_week (id, cycle, week, level) VALUES (45, 2, 17, 1);
INSERT INTO cycle_week (id, cycle, week, level) VALUES (46, 2, 18, 1);
INSERT INTO cycle_week (id, cycle, week, level) VALUES (47, 2, 19, 1);
INSERT INTO cycle_week (id, cycle, week, level) VALUES (48, 2, 20, 1);
INSERT INTO cycle_week (id, cycle, week, level) VALUES (49, 2, 21, 1);
INSERT INTO cycle_week (id, cycle, week, level) VALUES (50, 2, 22, 1);
INSERT INTO cycle_week (id, cycle, week, level) VALUES (51, 2, 23, 1);
INSERT INTO cycle_week (id, cycle, week, level) VALUES (52, 2, 24, 1);
INSERT INTO cycle_week (id, cycle, week, level) VALUES (53, 2, 25, 1);
INSERT INTO cycle_week (id, cycle, week, level) VALUES (54, 2, 26, 1);
INSERT INTO cycle_week (id, cycle, week, level) VALUES (55, 2, 27, 1);
INSERT INTO cycle_week (id, cycle, week, level) VALUES (56, 2, 28, 1);
INSERT INTO cycle_week (id, cycle, week, level) VALUES (57, 3, 1, 1);
INSERT INTO cycle_week (id, cycle, week, level) VALUES (58, 3, 2, 1);
INSERT INTO cycle_week (id, cycle, week, level) VALUES (59, 3, 3, 1);
INSERT INTO cycle_week (id, cycle, week, level) VALUES (60, 3, 4, 1);
INSERT INTO cycle_week (id, cycle, week, level) VALUES (61, 3, 5, 1);
INSERT INTO cycle_week (id, cycle, week, level) VALUES (62, 3, 6, 1);
INSERT INTO cycle_week (id, cycle, week, level) VALUES (63, 3, 7, 1);
INSERT INTO cycle_week (id, cycle, week, level) VALUES (64, 3, 8, 1);
INSERT INTO cycle_week (id, cycle, week, level) VALUES (65, 3, 9, 1);
INSERT INTO cycle_week (id, cycle, week, level) VALUES (66, 3, 10, 1);
INSERT INTO cycle_week (id, cycle, week, level) VALUES (67, 3, 11, 1);
INSERT INTO cycle_week (id, cycle, week, level) VALUES (68, 3, 12, 1);
INSERT INTO cycle_week (id, cycle, week, level) VALUES (69, 3, 13, 1);
INSERT INTO cycle_week (id, cycle, week, level) VALUES (70, 3, 14, 1);
INSERT INTO cycle_week (id, cycle, week, level) VALUES (71, 3, 15, 1);
INSERT INTO cycle_week (id, cycle, week, level) VALUES (72, 3, 16, 1);
INSERT INTO cycle_week (id, cycle, week, level) VALUES (73, 3, 17, 1);
INSERT INTO cycle_week (id, cycle, week, level) VALUES (74, 3, 18, 1);
INSERT INTO cycle_week (id, cycle, week, level) VALUES (75, 3, 19, 1);
INSERT INTO cycle_week (id, cycle, week, level) VALUES (76, 3, 20, 1);
INSERT INTO cycle_week (id, cycle, week, level) VALUES (77, 3, 21, 1);
INSERT INTO cycle_week (id, cycle, week, level) VALUES (78, 3, 22, 1);
INSERT INTO cycle_week (id, cycle, week, level) VALUES (79, 3, 23, 1);
INSERT INTO cycle_week (id, cycle, week, level) VALUES (80, 3, 24, 1);
INSERT INTO cycle_week (id, cycle, week, level) VALUES (81, 3, 25, 1);
INSERT INTO cycle_week (id, cycle, week, level) VALUES (82, 3, 26, 1);
INSERT INTO cycle_week (id, cycle, week, level) VALUES (83, 3, 27, 1);
INSERT INTO cycle_week (id, cycle, week, level) VALUES (84, 3, 28, 1);
INSERT INTO cycle_week (id, cycle, week, level) VALUES (85, 1, 1, 2);
INSERT INTO cycle_week (id, cycle, week, level) VALUES (86, 1, 2, 2);
INSERT INTO cycle_week (id, cycle, week, level) VALUES (87, 1, 3, 2);
INSERT INTO cycle_week (id, cycle, week, level) VALUES (88, 1, 4, 2);
INSERT INTO cycle_week (id, cycle, week, level) VALUES (89, 1, 5, 2);
INSERT INTO cycle_week (id, cycle, week, level) VALUES (90, 1, 6, 2);
INSERT INTO cycle_week (id, cycle, week, level) VALUES (91, 1, 7, 2);
INSERT INTO cycle_week (id, cycle, week, level) VALUES (92, 1, 8, 2);
INSERT INTO cycle_week (id, cycle, week, level) VALUES (93, 1, 9, 2);
INSERT INTO cycle_week (id, cycle, week, level) VALUES (94, 1, 10, 2);
INSERT INTO cycle_week (id, cycle, week, level) VALUES (95, 1, 11, 2);
INSERT INTO cycle_week (id, cycle, week, level) VALUES (96, 1, 12, 2);
INSERT INTO cycle_week (id, cycle, week, level) VALUES (97, 1, 13, 2);
INSERT INTO cycle_week (id, cycle, week, level) VALUES (98, 1, 14, 2);
INSERT INTO cycle_week (id, cycle, week, level) VALUES (99, 1, 15, 2);
INSERT INTO cycle_week (id, cycle, week, level) VALUES (100, 1, 16, 2);
INSERT INTO cycle_week (id, cycle, week, level) VALUES (101, 1, 17, 2);
INSERT INTO cycle_week (id, cycle, week, level) VALUES (102, 1, 18, 2);
INSERT INTO cycle_week (id, cycle, week, level) VALUES (103, 1, 19, 2);
INSERT INTO cycle_week (id, cycle, week, level) VALUES (104, 1, 20, 2);
INSERT INTO cycle_week (id, cycle, week, level) VALUES (105, 1, 21, 2);
INSERT INTO cycle_week (id, cycle, week, level) VALUES (106, 1, 22, 2);
INSERT INTO cycle_week (id, cycle, week, level) VALUES (107, 1, 23, 2);
INSERT INTO cycle_week (id, cycle, week, level) VALUES (108, 1, 24, 2);
INSERT INTO cycle_week (id, cycle, week, level) VALUES (109, 1, 25, 2);
INSERT INTO cycle_week (id, cycle, week, level) VALUES (110, 1, 26, 2);
INSERT INTO cycle_week (id, cycle, week, level) VALUES (111, 1, 27, 2);
INSERT INTO cycle_week (id, cycle, week, level) VALUES (112, 1, 28, 2);
INSERT INTO cycle_week (id, cycle, week, level) VALUES (113, 2, 1, 2);
INSERT INTO cycle_week (id, cycle, week, level) VALUES (114, 2, 2, 2);
INSERT INTO cycle_week (id, cycle, week, level) VALUES (115, 2, 3, 2);
INSERT INTO cycle_week (id, cycle, week, level) VALUES (116, 2, 4, 2);
INSERT INTO cycle_week (id, cycle, week, level) VALUES (117, 2, 5, 2);
INSERT INTO cycle_week (id, cycle, week, level) VALUES (118, 2, 6, 2);
INSERT INTO cycle_week (id, cycle, week, level) VALUES (119, 2, 7, 2);
INSERT INTO cycle_week (id, cycle, week, level) VALUES (120, 2, 8, 2);
INSERT INTO cycle_week (id, cycle, week, level) VALUES (121, 2, 9, 2);
INSERT INTO cycle_week (id, cycle, week, level) VALUES (122, 2, 10, 2);
INSERT INTO cycle_week (id, cycle, week, level) VALUES (123, 2, 11, 2);
INSERT INTO cycle_week (id, cycle, week, level) VALUES (124, 2, 12, 2);
INSERT INTO cycle_week (id, cycle, week, level) VALUES (125, 2, 13, 2);
INSERT INTO cycle_week (id, cycle, week, level) VALUES (126, 2, 14, 2);
INSERT INTO cycle_week (id, cycle, week, level) VALUES (127, 2, 15, 2);
INSERT INTO cycle_week (id, cycle, week, level) VALUES (128, 2, 16, 2);
INSERT INTO cycle_week (id, cycle, week, level) VALUES (129, 2, 17, 2);
INSERT INTO cycle_week (id, cycle, week, level) VALUES (130, 2, 18, 2);
INSERT INTO cycle_week (id, cycle, week, level) VALUES (131, 2, 19, 2);
INSERT INTO cycle_week (id, cycle, week, level) VALUES (132, 2, 20, 2);
INSERT INTO cycle_week (id, cycle, week, level) VALUES (133, 2, 21, 2);
INSERT INTO cycle_week (id, cycle, week, level) VALUES (134, 2, 22, 2);
INSERT INTO cycle_week (id, cycle, week, level) VALUES (135, 2, 23, 2);
INSERT INTO cycle_week (id, cycle, week, level) VALUES (136, 2, 24, 2);
INSERT INTO cycle_week (id, cycle, week, level) VALUES (137, 2, 25, 2);
INSERT INTO cycle_week (id, cycle, week, level) VALUES (138, 2, 26, 2);
INSERT INTO cycle_week (id, cycle, week, level) VALUES (139, 2, 27, 2);
INSERT INTO cycle_week (id, cycle, week, level) VALUES (140, 2, 28, 2);
INSERT INTO cycle_week (id, cycle, week, level) VALUES (141, 3, 1, 2);
INSERT INTO cycle_week (id, cycle, week, level) VALUES (142, 3, 2, 2);
INSERT INTO cycle_week (id, cycle, week, level) VALUES (143, 3, 3, 2);
INSERT INTO cycle_week (id, cycle, week, level) VALUES (144, 3, 4, 2);
INSERT INTO cycle_week (id, cycle, week, level) VALUES (145, 3, 5, 2);
INSERT INTO cycle_week (id, cycle, week, level) VALUES (146, 3, 6, 2);
INSERT INTO cycle_week (id, cycle, week, level) VALUES (147, 3, 7, 2);
INSERT INTO cycle_week (id, cycle, week, level) VALUES (148, 3, 8, 2);
INSERT INTO cycle_week (id, cycle, week, level) VALUES (149, 3, 9, 2);
INSERT INTO cycle_week (id, cycle, week, level) VALUES (150, 3, 10, 2);
INSERT INTO cycle_week (id, cycle, week, level) VALUES (151, 3, 11, 2);
INSERT INTO cycle_week (id, cycle, week, level) VALUES (152, 3, 12, 2);
INSERT INTO cycle_week (id, cycle, week, level) VALUES (153, 3, 13, 2);
INSERT INTO cycle_week (id, cycle, week, level) VALUES (154, 3, 14, 2);
INSERT INTO cycle_week (id, cycle, week, level) VALUES (155, 3, 15, 2);
INSERT INTO cycle_week (id, cycle, week, level) VALUES (156, 3, 16, 2);
INSERT INTO cycle_week (id, cycle, week, level) VALUES (157, 3, 17, 2);
INSERT INTO cycle_week (id, cycle, week, level) VALUES (158, 3, 18, 2);
INSERT INTO cycle_week (id, cycle, week, level) VALUES (159, 3, 19, 2);
INSERT INTO cycle_week (id, cycle, week, level) VALUES (160, 3, 20, 2);
INSERT INTO cycle_week (id, cycle, week, level) VALUES (161, 3, 21, 2);
INSERT INTO cycle_week (id, cycle, week, level) VALUES (162, 3, 22, 2);
INSERT INTO cycle_week (id, cycle, week, level) VALUES (163, 3, 23, 2);
INSERT INTO cycle_week (id, cycle, week, level) VALUES (164, 3, 24, 2);
INSERT INTO cycle_week (id, cycle, week, level) VALUES (165, 3, 25, 2);
INSERT INTO cycle_week (id, cycle, week, level) VALUES (166, 3, 26, 2);
INSERT INTO cycle_week (id, cycle, week, level) VALUES (167, 3, 27, 2);
INSERT INTO cycle_week (id, cycle, week, level) VALUES (168, 3, 28, 2);
INSERT INTO cycle_week (id, cycle, week, level) VALUES (169, 4, 1, 1);
INSERT INTO cycle_week (id, cycle, week, level) VALUES (170, 4, 2, 1);
INSERT INTO cycle_week (id, cycle, week, level) VALUES (171, 4, 3, 1);
INSERT INTO cycle_week (id, cycle, week, level) VALUES (172, 4, 4, 1);
INSERT INTO cycle_week (id, cycle, week, level) VALUES (173, 4, 5, 1);
INSERT INTO cycle_week (id, cycle, week, level) VALUES (174, 4, 6, 1);
INSERT INTO cycle_week (id, cycle, week, level) VALUES (175, 4, 7, 1);
INSERT INTO cycle_week (id, cycle, week, level) VALUES (176, 4, 8, 1);
INSERT INTO cycle_week (id, cycle, week, level) VALUES (177, 4, 9, 1);
INSERT INTO cycle_week (id, cycle, week, level) VALUES (178, 4, 10, 1);
INSERT INTO cycle_week (id, cycle, week, level) VALUES (179, 4, 11, 1);
INSERT INTO cycle_week (id, cycle, week, level) VALUES (180, 4, 12, 1);
INSERT INTO cycle_week (id, cycle, week, level) VALUES (181, 4, 13, 1);
INSERT INTO cycle_week (id, cycle, week, level) VALUES (182, 4, 14, 1);
INSERT INTO cycle_week (id, cycle, week, level) VALUES (183, 4, 15, 1);
INSERT INTO cycle_week (id, cycle, week, level) VALUES (184, 4, 16, 1);
INSERT INTO cycle_week (id, cycle, week, level) VALUES (185, 4, 17, 1);
INSERT INTO cycle_week (id, cycle, week, level) VALUES (186, 4, 18, 1);
INSERT INTO cycle_week (id, cycle, week, level) VALUES (187, 4, 19, 1);
INSERT INTO cycle_week (id, cycle, week, level) VALUES (188, 4, 20, 1);
INSERT INTO cycle_week (id, cycle, week, level) VALUES (189, 4, 21, 1);
INSERT INTO cycle_week (id, cycle, week, level) VALUES (190, 4, 22, 1);
INSERT INTO cycle_week (id, cycle, week, level) VALUES (191, 4, 23, 1);
INSERT INTO cycle_week (id, cycle, week, level) VALUES (192, 4, 24, 1);
INSERT INTO cycle_week (id, cycle, week, level) VALUES (193, 4, 25, 1);
INSERT INTO cycle_week (id, cycle, week, level) VALUES (194, 4, 26, 1);
INSERT INTO cycle_week (id, cycle, week, level) VALUES (195, 4, 27, 1);
INSERT INTO cycle_week (id, cycle, week, level) VALUES (196, 4, 28, 1);
INSERT INTO cycle_week (id, cycle, week, level) VALUES (197, 1, 0, 1);
INSERT INTO cycle_week (id, cycle, week, level) VALUES (198, 1, 0, 2);
INSERT INTO cycle_week (id, cycle, week, level) VALUES (199, 2, 0, 1);
INSERT INTO cycle_week (id, cycle, week, level) VALUES (200, 2, 0, 2);
INSERT INTO cycle_week (id, cycle, week, level) VALUES (201, 3, 0, 1);
INSERT INTO cycle_week (id, cycle, week, level) VALUES (202, 3, 0, 2);
INSERT INTO cycle_week (id, cycle, week, level) VALUES (203, 4, 0, 1);
INSERT INTO cycle_week (id, cycle, week, level) VALUES (204, 4, 0, 2);

-- Table: direction
DROP TABLE IF EXISTS direction;
CREATE TABLE direction (id INTEGER PRIMARY KEY, name TEXT NOT NULL UNIQUE);
INSERT INTO direction (id, name) VALUES (1, 'northeast');
INSERT INTO direction (id, name) VALUES (2, 'east');
INSERT INTO direction (id, name) VALUES (3, 'southeast');
INSERT INTO direction (id, name) VALUES (4, 'south');
INSERT INTO direction (id, name) VALUES (5, 'southwest');
INSERT INTO direction (id, name) VALUES (6, 'west');
INSERT INTO direction (id, name) VALUES (7, 'northwest');
INSERT INTO direction (id, name) VALUES (8, 'north');

-- Table: email
DROP TABLE IF EXISTS email;
CREATE TABLE email (id INTEGER PRIMARY KEY AUTOINCREMENT, address STRING, note STRING, unlisted INTEGER);
INSERT INTO email (id, address, note, unlisted) VALUES (1, 'casheah05@outlook.com', NULL, NULL);
INSERT INTO email (id, address, note, unlisted) VALUES (2, 'h9sheahan@outlook.com', NULL, NULL);
INSERT INTO email (id, address, note, unlisted) VALUES (4, 'boyd.tribe@gmail.com', NULL, NULL);
INSERT INTO email (id, address, note, unlisted) VALUES (5, 'branntribe@gmail.com', NULL, NULL);
INSERT INTO email (id, address, note, unlisted) VALUES (6, 'steinjjo@gmail.com', NULL, NULL);
INSERT INTO email (id, address, note, unlisted) VALUES (7, 'michael@michaelandkirsten.com', NULL, NULL);
INSERT INTO email (id, address, note, unlisted) VALUES (8, 'zac.cait@gmail.com', NULL, NULL);
INSERT INTO email (id, address, note, unlisted) VALUES (9, 'susanna.w.hurley@gmail.com', NULL, NULL);
INSERT INTO email (id, address, note, unlisted) VALUES (10, 'lena2150@hotmail.com', NULL, NULL);
INSERT INTO email (id, address, note, unlisted) VALUES (11, 'scottwmcd@hotmail.com', NULL, NULL);
INSERT INTO email (id, address, note, unlisted) VALUES (12, 'LBMiller2011@gmail.com', NULL, NULL);
INSERT INTO email (id, address, note, unlisted) VALUES (13, 'horsedr@gmail.com', NULL, NULL);
INSERT INTO email (id, address, note, unlisted) VALUES (14, 'julieboolie_76@hotmail.com', NULL, NULL);
INSERT INTO email (id, address, note, unlisted) VALUES (15, 'deyetteperry@yahoo.com', NULL, NULL);
INSERT INTO email (id, address, note, unlisted) VALUES (16, 'lou@ldperry.com', NULL, NULL);
INSERT INTO email (id, address, note, unlisted) VALUES (17, 'pesheahan@msn.com', NULL, NULL);
INSERT INTO email (id, address, note, unlisted) VALUES (18, 'jamie-m@hotmail.com', NULL, NULL);

-- Table: english
DROP TABLE IF EXISTS english;
CREATE TABLE english (id INTEGER PRIMARY KEY AUTOINCREMENT, cw INTEGER REFERENCES cycle_week (id) ON DELETE RESTRICT ON UPDATE CASCADE NOT NULL, prompt STRING UNIQUE NOT NULL, a BOOLEAN NOT NULL DEFAULT (1), "is" BOOLEAN NOT NULL DEFAULT (1), are BOOLEAN NOT NULL DEFAULT (0), answer STRING NOT NULL, example STRING, advanced STRING);
INSERT INTO english (id, cw, prompt, a, "is", are, answer, example, advanced) VALUES (1, 3, 'parts of speech', 0, 0, 1, 'noun, pronoun, adjective; verb, adverb; conjunction, preposition, interjection', NULL, NULL);
INSERT INTO english (id, cw, prompt, a, "is", are, answer, example, advanced) VALUES (2, 4, 'noun', 1, 1, 0, 'a word that names a person, place, or thing.', '"mother"', 'A noun may name an animal, quality, idea, or action.');
INSERT INTO english (id, cw, prompt, a, "is", are, answer, example, advanced) VALUES (3, 7, 'preposition', 1, 1, 0, 'a word used to show the relationship between two nouns.', '"Gospel of Jesus"', NULL);
INSERT INTO english (id, cw, prompt, a, "is", are, answer, example, advanced) VALUES (4, 7, 'conjunction', 1, 1, 0, 'a word that joins grammatical equals.', '"Jack and Jill"', NULL);
INSERT INTO english (id, cw, prompt, a, "is", are, answer, example, advanced) VALUES (5, 10, 'pronoun', 1, 1, 0, 'a word that replaces one or more nouns.', '"it"', NULL);
INSERT INTO english (id, cw, prompt, a, "is", are, answer, example, advanced) VALUES (6, 10, 'antecedent', 1, 1, 0, 'the noun or nouns that a pronoun replaces.', '"Pizza? It is gone!"', NULL);
INSERT INTO english (id, cw, prompt, a, "is", are, answer, example, advanced) VALUES (7, 11, 'adjective', 1, 1, 0, 'a word that describes or modifies a noun or pronoun, answering the question "Which...?"', NULL, NULL);
INSERT INTO english (id, cw, prompt, a, "is", are, answer, example, advanced) VALUES (8, 14, 'subjective pronouns', 0, 0, 1, 'I, you, he / she / it; we, you, they', NULL, NULL);
INSERT INTO english (id, cw, prompt, a, "is", are, answer, example, advanced) VALUES (9, 14, 'objective pronouns', 0, 0, 1, 'me, you, him / her / it; us, you, them', NULL, NULL);
INSERT INTO english (id, cw, prompt, a, "is", are, answer, example, advanced) VALUES (10, 15, 'possessive pronouns', 0, 0, 1, 'mine, yours, his / hers / its, ours, yours, theirs', NULL, NULL);
INSERT INTO english (id, cw, prompt, a, "is", are, answer, example, advanced) VALUES (11, 15, 'reflexive pronouns', 0, 0, 1, 'myself, yourself, yourselves, himself, herself, itself, ourselves, themselves', NULL, NULL);
INSERT INTO english (id, cw, prompt, a, "is", are, answer, example, advanced) VALUES (12, 18, 'demonstrative pronouns', 0, 0, 1, 'this, that, these, those', NULL, NULL);
INSERT INTO english (id, cw, prompt, a, "is", are, answer, example, advanced) VALUES (13, 19, 'interrogative pronouns', 0, 0, 1, 'who, whom, whose, which, what', 'and: whoever, whomever, whosever, whichever, whatever', NULL);
INSERT INTO english (id, cw, prompt, a, "is", are, answer, example, advanced) VALUES (14, 19, 'relative pronouns', 0, 0, 1, 'who, whom, whose, which, that', NULL, NULL);
INSERT INTO english (id, cw, prompt, a, "is", are, answer, example, advanced) VALUES (15, 22, 'indefinite pronouns', 0, 0, 1, 'all, another, any, anybody, anyone, anything, both, each, either, enough, everybody, everyone, everything, few, fewer, less, little, many, more, most, much, neither, nobody, none, nothing, one, other, others, several, some, somebody, someone, something, such', NULL, NULL);

-- Table: enrollment
DROP TABLE IF EXISTS enrollment;
CREATE TABLE enrollment (id INTEGER PRIMARY KEY AUTOINCREMENT, student INTEGER REFERENCES person (id) ON DELETE CASCADE ON UPDATE CASCADE, program INTEGER REFERENCES program (id) ON DELETE RESTRICT ON UPDATE CASCADE, subject INTEGER REFERENCES subject (id) ON DELETE CASCADE ON UPDATE CASCADE, academic_year INTEGER REFERENCES academic_year (id) ON DELETE RESTRICT ON UPDATE CASCADE);
INSERT INTO enrollment (id, student, program, subject, academic_year) VALUES (1, 1, 3, 0, 1);
INSERT INTO enrollment (id, student, program, subject, academic_year) VALUES (2, 2, 3, 0, 1);
INSERT INTO enrollment (id, student, program, subject, academic_year) VALUES (3, 3, 2, 0, 1);
INSERT INTO enrollment (id, student, program, subject, academic_year) VALUES (4, 4, 1, 0, 1);
INSERT INTO enrollment (id, student, program, subject, academic_year) VALUES (5, 5, 3, 0, 1);
INSERT INTO enrollment (id, student, program, subject, academic_year) VALUES (6, 6, 3, 0, 1);
INSERT INTO enrollment (id, student, program, subject, academic_year) VALUES (7, 13, 3, 0, 1);
INSERT INTO enrollment (id, student, program, subject, academic_year) VALUES (8, 14, 3, 0, 1);
INSERT INTO enrollment (id, student, program, subject, academic_year) VALUES (9, 15, 2, 0, 1);
INSERT INTO enrollment (id, student, program, subject, academic_year) VALUES (10, 18, 2, 0, 1);
INSERT INTO enrollment (id, student, program, subject, academic_year) VALUES (11, 19, 1, 0, 1);
INSERT INTO enrollment (id, student, program, subject, academic_year) VALUES (12, 22, 3, 0, 1);
INSERT INTO enrollment (id, student, program, subject, academic_year) VALUES (13, 23, 3, 0, 1);
INSERT INTO enrollment (id, student, program, subject, academic_year) VALUES (14, 26, 3, 0, 1);
INSERT INTO enrollment (id, student, program, subject, academic_year) VALUES (15, 27, 3, 0, 1);
INSERT INTO enrollment (id, student, program, subject, academic_year) VALUES (16, 30, 3, 0, 1);
INSERT INTO enrollment (id, student, program, subject, academic_year) VALUES (17, 31, 2, 0, 1);
INSERT INTO enrollment (id, student, program, subject, academic_year) VALUES (18, 32, 1, 0, 1);
INSERT INTO enrollment (id, student, program, subject, academic_year) VALUES (19, 33, 1, 0, 1);
INSERT INTO enrollment (id, student, program, subject, academic_year) VALUES (20, 36, 2, 0, 1);
INSERT INTO enrollment (id, student, program, subject, academic_year) VALUES (21, 37, 1, 0, 1);
INSERT INTO enrollment (id, student, program, subject, academic_year) VALUES (22, 38, 1, 0, 1);
INSERT INTO enrollment (id, student, program, subject, academic_year) VALUES (23, 41, 2, 0, 1);
INSERT INTO enrollment (id, student, program, subject, academic_year) VALUES (24, 42, 1, 0, 1);
INSERT INTO enrollment (id, student, program, subject, academic_year) VALUES (25, 43, 1, 0, 1);
INSERT INTO enrollment (id, student, program, subject, academic_year) VALUES (26, 44, 1, 0, 1);
INSERT INTO enrollment (id, student, program, subject, academic_year) VALUES (27, 47, 2, 0, 1);
INSERT INTO enrollment (id, student, program, subject, academic_year) VALUES (28, 48, 1, 0, 1);
INSERT INTO enrollment (id, student, program, subject, academic_year) VALUES (29, 52, 1, 0, 1);
INSERT INTO enrollment (id, student, program, subject, academic_year) VALUES (30, 60, 3, 0, 1);
INSERT INTO enrollment (id, student, program, subject, academic_year) VALUES (31, 61, 3, 0, 1);
INSERT INTO enrollment (id, student, program, subject, academic_year) VALUES (32, 62, 3, 0, 1);
INSERT INTO enrollment (id, student, program, subject, academic_year) VALUES (33, 63, 2, 0, 1);
INSERT INTO enrollment (id, student, program, subject, academic_year) VALUES (34, 64, 1, 0, 1);
INSERT INTO enrollment (id, student, program, subject, academic_year) VALUES (35, 47, 1, 0, 1);
INSERT INTO enrollment (id, student, program, subject, academic_year) VALUES (36, 3, 1, 0, 1);
INSERT INTO enrollment (id, student, program, subject, academic_year) VALUES (37, 31, 1, 0, 1);
INSERT INTO enrollment (id, student, program, subject, academic_year) VALUES (38, 36, 1, 0, 1);
INSERT INTO enrollment (id, student, program, subject, academic_year) VALUES (39, 18, 1, 0, 1);
INSERT INTO enrollment (id, student, program, subject, academic_year) VALUES (40, 41, 1, 0, 1);
INSERT INTO enrollment (id, student, program, subject, academic_year) VALUES (41, 63, 1, 0, 1);
INSERT INTO enrollment (id, student, program, subject, academic_year) VALUES (42, 65, 3, 0, 1);
INSERT INTO enrollment (id, student, program, subject, academic_year) VALUES (43, 66, 3, 0, 1);
INSERT INTO enrollment (id, student, program, subject, academic_year) VALUES (44, 67, 2, 0, 1);
INSERT INTO enrollment (id, student, program, subject, academic_year) VALUES (45, 67, 1, 0, 1);
INSERT INTO enrollment (id, student, program, subject, academic_year) VALUES (46, 69, 1, 0, 1);
INSERT INTO enrollment (id, student, program, subject, academic_year) VALUES (47, 69, 2, 0, 1);
INSERT INTO enrollment (id, student, program, subject, academic_year) VALUES (48, 68, 1, 0, 1);
INSERT INTO enrollment (id, student, program, subject, academic_year) VALUES (49, 70, 1, 0, 1);

-- Table: enrollment_cost
DROP TABLE IF EXISTS enrollment_cost;
CREATE TABLE enrollment_cost (enrollment INTEGER REFERENCES enrollment (id) ON DELETE CASCADE ON UPDATE CASCADE, cost INTEGER REFERENCES cost (id) ON DELETE CASCADE ON UPDATE CASCADE);

-- Table: event
DROP TABLE IF EXISTS event;
CREATE TABLE event (id INTEGER PRIMARY KEY AUTOINCREMENT, cw INTEGER REFERENCES cycle_week (id) ON DELETE RESTRICT ON UPDATE CASCADE, seq INTEGER NOT NULL, subseq INTEGER, name TEXT UNIQUE NOT NULL, primary_sentence TEXT, secondary_sentence TEXT, keywords STRING, start_circa BOOLEAN, start INTEGER, fake_start_date INTEGER, end_circa BOOLEAN, "end" INTEGER, tie TEXT, people_group BOOLEAN DEFAULT (0), the BOOLEAN DEFAULT (0), extent INTEGER REFERENCES extent (id) ON DELETE RESTRICT ON UPDATE CASCADE, period INTEGER REFERENCES event (id) ON DELETE RESTRICT ON UPDATE CASCADE);
INSERT INTO event (id, cw, seq, subseq, name, primary_sentence, secondary_sentence, keywords, start_circa, start, fake_start_date, end_circa, "end", tie, people_group, the, extent, period) VALUES (1, 169, 1, NULL, 'Creation', 'In six days God created the heavens and the earth. On day 1 He made light and separated it from darkness. On day 2 He set the sky above the earth''s surface. On day 3 He gathered the seas from the dry land and made vegetation grow. On day 4 He created the sun, moon, and stars. On day 5 He created water creatures and birds. And on day 6 He created land creatures and people.', NULL, NULL, NULL, NULL, -10010, NULL, NULL, NULL, 0, 0, NULL, NULL);
INSERT INTO event (id, cw, seq, subseq, name, primary_sentence, secondary_sentence, keywords, start_circa, start, fake_start_date, end_circa, "end", tie, people_group, the, extent, period) VALUES (2, 169, 2, NULL, 'The Fall of Man', 'Adam and Eve ate the forbidden fruit in the garden of Eden, resulting in the fall of humanity.', NULL, 'Eden', NULL, NULL, -10009, NULL, NULL, NULL, 0, 0, NULL, NULL);
INSERT INTO event (id, cw, seq, subseq, name, primary_sentence, secondary_sentence, keywords, start_circa, start, fake_start_date, end_circa, "end", tie, people_group, the, extent, period) VALUES (3, 169, 3, NULL, 'The Flood', 'By faith, Noah obeyed God, built an ark, and saved his family from the great flood.', NULL, 'ark, Noah', NULL, NULL, -10008, NULL, NULL, NULL, 0, 0, NULL, NULL);
INSERT INTO event (id, cw, seq, subseq, name, primary_sentence, secondary_sentence, keywords, start_circa, start, fake_start_date, end_circa, "end", tie, people_group, the, extent, period) VALUES (4, 169, 4, NULL, 'Tower of Babel', 'Everyone settled in Shinar and proudly built a tower, but God scattered them abroad.', NULL, 'Shinar', NULL, NULL, -10007, NULL, NULL, NULL, 0, 0, NULL, NULL);
INSERT INTO event (id, cw, seq, subseq, name, primary_sentence, secondary_sentence, keywords, start_circa, start, fake_start_date, end_circa, "end", tie, people_group, the, extent, period) VALUES (5, 169, 5, NULL, 'Sumerians', 'Sumerians are famous for their ziggurats, wheeled transportation, invention of the abacus, and story of Gilgamesh.', 'They founded farming, trading, and cuneiform writing in Southern Mesopotamia.', 'ziggurats, abacus, Gilgamesh, cuneiform writing', 1, -4000, NULL, 1, -1700, NULL, 1, 0, 1, NULL);
INSERT INTO event (id, cw, seq, subseq, name, primary_sentence, secondary_sentence, keywords, start_circa, start, fake_start_date, end_circa, "end", tie, people_group, the, extent, period) VALUES (6, 169, 6, NULL, 'Egyptians', 'Ancient Egyptians are famous for their pyramids, hieroglyphic writing, and elaborate art.', 'They farmed along the Nile River and developed algebra, geometry, engineering, and building techniques.', 'pyramids, hieroglyphic writing', 1, -3100, NULL, 1, -500, NULL, 1, 0, 2, NULL);
INSERT INTO event (id, cw, seq, subseq, name, primary_sentence, secondary_sentence, keywords, start_circa, start, fake_start_date, end_circa, "end", tie, people_group, the, extent, period) VALUES (7, 169, 7, NULL, 'Elamites & Aryan Tribes', 'Elamites and many tribal groups like Medes, Parthians, and Persians wandered and settled the land southeast of Mesopotamia.', NULL, 'Medes, Parthians, Persians, Mesopotamia', 1, -3000, NULL, NULL, NULL, NULL, 1, 0, NULL, NULL);
INSERT INTO event (id, cw, seq, subseq, name, primary_sentence, secondary_sentence, keywords, start_circa, start, fake_start_date, end_circa, "end", tie, people_group, the, extent, period) VALUES (8, 170, 1, NULL, 'Phoenicians / Canaanites', 'Phoenicians were Eastern Mediterranean seafaring traders, ship-builders, and dye-makers.', NULL, 'seafaring traders, ship-builders, dye-makers', 1, -3000, NULL, 0, -539, NULL, 1, 0, NULL, NULL);
INSERT INTO event (id, cw, seq, subseq, name, primary_sentence, secondary_sentence, keywords, start_circa, start, fake_start_date, end_circa, "end", tie, people_group, the, extent, period) VALUES (9, 170, 2, NULL, 'Indus Valley Civilization', 'Ancient Indus Valley civilization was known for its baked brick houses, advanced water systems, and metallurgy.', NULL, 'baked brick houses', 1, -3000, NULL, 1, -1300, NULL, 1, 0, NULL, NULL);
INSERT INTO event (id, cw, seq, subseq, name, primary_sentence, secondary_sentence, keywords, start_circa, start, fake_start_date, end_circa, "end", tie, people_group, the, extent, period) VALUES (10, 170, 3, NULL, 'Minoans & Mycenaeans', 'The Minoans on Crete created great palaces and art. The Mycenaeans founded Greek civilization and legend.', NULL, 'Crete, Greek', 1, -2700, NULL, 1, -1100, NULL, 1, 0, NULL, NULL);
INSERT INTO event (id, cw, seq, subseq, name, primary_sentence, secondary_sentence, keywords, start_circa, start, fake_start_date, end_circa, "end", tie, people_group, the, extent, period) VALUES (11, 170, 4, NULL, 'Amorites', 'The Amorites were semi-nomadic people who dwelt from Mesopotamia to the Mediterranean.', NULL, 'Mesopotamia', 1, -2400, NULL, 1, -1600, NULL, 1, NULL, NULL, NULL);
INSERT INTO event (id, cw, seq, subseq, name, primary_sentence, secondary_sentence, keywords, start_circa, start, fake_start_date, end_circa, "end", tie, people_group, the, extent, period) VALUES (12, 170, 5, NULL, 'Akkadian Empire', 'The brief Akkadian Empire began with the legendary King Uruk and Sargon the Great, and fell to famine and invasion.', NULL, 'Akkad, Akkadian, Uruk, Sargon', 1, -2334, NULL, 1, -2150, NULL, 0, 0, NULL, NULL);
INSERT INTO event (id, cw, seq, subseq, name, primary_sentence, secondary_sentence, keywords, start_circa, start, fake_start_date, end_circa, "end", tie, people_group, the, extent, period) VALUES (13, 170, 6, NULL, 'Israelites', 'Israel began when God called Abraham from Ur, in Sumer, to Canaan. Descendants of Isaac and Jacob became the tribes of Israel.', 'These tribes included Levi, Judah, Naphtali, Ephraim, and Benjamin.', 'Abraham, Ur, Sumer, Canaan, Isasc, Jacob, Levi, Judah, Naphtali, Ephraim, Benjamin', 1, -2100, NULL, 0, -63, NULL, 1, NULL, NULL, NULL);
INSERT INTO event (id, cw, seq, subseq, name, primary_sentence, secondary_sentence, keywords, start_circa, start, fake_start_date, end_circa, "end", tie, people_group, the, extent, period) VALUES (14, 170, 7, NULL, 'Assyrians', 'Ancient Assyrian merchants traded, became wealthy, then engaged with the most powerful Mesopotamian empires for millennia.', NULL, 'Mesopotamia', 1, -1900, NULL, 0, -612, NULL, 1, NULL, NULL, NULL);
INSERT INTO event (id, cw, seq, subseq, name, primary_sentence, secondary_sentence, keywords, start_circa, start, fake_start_date, end_circa, "end", tie, people_group, the, extent, period) VALUES (15, 171, 1, NULL, 'Hammurabi''s Babylonian Empire', 'Hammurabi, who was an Amorite, united all of Mesopotamia into the first Babylonian Empire through diplomacy, war, and the Code of Hammurabi.', NULL, 'Amorite, Mesopotamia, Code', 1, -1795, NULL, 1, -1750, NULL, 0, NULL, NULL, NULL);
INSERT INTO event (id, cw, seq, subseq, name, primary_sentence, secondary_sentence, keywords, start_circa, start, fake_start_date, end_circa, "end", tie, people_group, the, extent, period) VALUES (16, 171, 2, NULL, 'Hyksos conquer Egypt', 'The Hyksos conquered Egypt, ending Egypt’s “Middle Kingdom”, known as the “Classical Age” of Egypt.', NULL, 'Middle Kingdom, Classical Age', 1, -1750, NULL, NULL, NULL, NULL, 0, NULL, NULL, NULL);
INSERT INTO event (id, cw, seq, subseq, name, primary_sentence, secondary_sentence, keywords, start_circa, start, fake_start_date, end_circa, "end", tie, people_group, the, extent, period) VALUES (17, 171, 3, NULL, 'Hittites', 'The Hittites, descendants of Noah''s son Ham, ruled Asia Minor and occasionally conquered lands as far south as Mesopotamia and Egypt.', NULL, 'Ham, Asia Minor, Mesopotamia, Egypt', 1, -1700, NULL, 1, -1200, NULL, 1, NULL, NULL, NULL);
INSERT INTO event (id, cw, seq, subseq, name, primary_sentence, secondary_sentence, keywords, start_circa, start, fake_start_date, end_circa, "end", tie, people_group, the, extent, period) VALUES (18, 171, 4, NULL, 'Hinduism established', 'Hinduism is a variety of beliefs about the "Oneness" expressing itself in many forms. It evolved from ancient India and is represented in the Vedas, Upanishads, and Bhagavad Gita.', NULL, 'Oneness, India, Vedas, Upanishads, Bhagavad Gita', 1, -1700, NULL, NULL, NULL, NULL, NULL, NULL, NULL, NULL);
INSERT INTO event (id, cw, seq, subseq, name, primary_sentence, secondary_sentence, keywords, start_circa, start, fake_start_date, end_circa, "end", tie, people_group, the, extent, period) VALUES (19, 171, 5, NULL, 'Shang Dynasty', 'The Shang Dynasty marked the origin of Chinese culture. Writing, bronze casting, and distinctive religious rituals and art emerged.', NULL, 'China', 1, -1600, NULL, NULL, -1046, NULL, NULL, NULL, NULL, NULL);
INSERT INTO event (id, cw, seq, subseq, name, primary_sentence, secondary_sentence, keywords, start_circa, start, fake_start_date, end_circa, "end", tie, people_group, the, extent, period) VALUES (20, 171, 6, NULL, '"New Kingdom" of Egypt', 'Egyptians drove out the Hyksos and Nubians under Ahmose I to begin a 500 year period of famous culture, pharaohs, and great pyramids.', NULL, 'Hyksos, Nubia, Ahmose, pharaohs, pyramids', 1, -1570, NULL, NULL, -1069, NULL, 0, NULL, NULL, NULL);
INSERT INTO event (id, cw, seq, subseq, name, primary_sentence, secondary_sentence, keywords, start_circa, start, fake_start_date, end_circa, "end", tie, people_group, the, extent, period) VALUES (21, 172, 1, NULL, 'Moses & Israel’s Exodus', 'Moses, an Israelite, was raised up under Pharaoh''s household until he fled to Midian, where God called him to participate in the Plagues and the freeing of Israel from Egypt.', NULL, 'Midian, plagues, Egypt', 1, -1290, NULL, NULL, NULL, NULL, 0, NULL, NULL, NULL);
INSERT INTO event (id, cw, seq, subseq, name, primary_sentence, secondary_sentence, keywords, start_circa, start, fake_start_date, end_circa, "end", tie, people_group, the, extent, period) VALUES (22, 172, 2, NULL, 'Israel occupies Canaan', 'Israel, led by Joshua, invaded Canaan lands after spending forty years in the Sinai desert following their Exodus from Egypt.', NULL, 'Joshua, Sinai, desert, exodus, Egypt', 1, -1250, NULL, NULL, NULL, NULL, NULL, NULL, NULL, NULL);
INSERT INTO event (id, cw, seq, subseq, name, primary_sentence, secondary_sentence, keywords, start_circa, start, fake_start_date, end_circa, "end", tie, people_group, the, extent, period) VALUES (23, 171, 7, NULL, 'Trojan War', 'The Trojan War, made famous in Homer’s Iliad, pitted the Mycenaean Greeks against the Hittites in ten years of war, ending in the epic siege of Troy.', NULL, 'Homer, Iliad, Mycenea, Greek, Hittite, Troy', 1, -1334, NULL, NULL, NULL, NULL, NULL, NULL, NULL, NULL);
INSERT INTO event (id, cw, seq, subseq, name, primary_sentence, secondary_sentence, keywords, start_circa, start, fake_start_date, end_circa, "end", tie, people_group, the, extent, period) VALUES (24, 172, 3, NULL, 'Mayan Olmec Civilization', 'Olmec Civilization, known for their giant sculptures and vast architectures, was the first of the Mayan Civilizations.', NULL, NULL, 1, -1200, NULL, 1, -400, NULL, 1, NULL, NULL, NULL);
INSERT INTO event (id, cw, seq, subseq, name, primary_sentence, secondary_sentence, keywords, start_circa, start, fake_start_date, end_circa, "end", tie, people_group, the, extent, period) VALUES (25, 172, 4, NULL, 'Greek Dark Ages', 'The Greek Dark Ages began with the fall of the Mycenaean civilization, after which writing was abandoned, so we have no record of 300 years of Greek life.', NULL, 'Mycenae', 1, -1100, NULL, 1, -800, NULL, NULL, NULL, NULL, NULL);
INSERT INTO event (id, cw, seq, subseq, name, primary_sentence, secondary_sentence, keywords, start_circa, start, fake_start_date, end_circa, "end", tie, people_group, the, extent, period) VALUES (26, 172, 5, NULL, 'Israel''s United Kingdom', 'Israel’s united kingdom prospered under Kings Saul, David, and Solomon, following Israel’s early years under judges like Deborah, Gideon, Samson, and Samuel.', '', 'Saul, David, Solomon', 1, -1080, NULL, 1, -930, NULL, NULL, NULL, NULL, NULL);
INSERT INTO event (id, cw, seq, subseq, name, primary_sentence, secondary_sentence, keywords, start_circa, start, fake_start_date, end_circa, "end", tie, people_group, the, extent, period) VALUES (27, 172, 6, NULL, 'Kingdom of Kush', 'The Kush mined gold in Nubia, fueling trade and cultural interaction with Egyptians, which shaped the future civilizations of the region.', NULL, 'gold, Egypt', 1, -1070, NULL, 0, 350, NULL, NULL, NULL, NULL, NULL);
INSERT INTO event (id, cw, seq, subseq, name, primary_sentence, secondary_sentence, keywords, start_circa, start, fake_start_date, end_circa, "end", tie, people_group, the, extent, period) VALUES (28, 172, 7, NULL, 'Israel & Judah divide', 'Israel divided into two kingdoms after Solomon: Judah in the South, led by Solomon’s son Rehoboam, and Israel in the North, led by Jeroboam.', NULL, 'Judah, Solomon, Rehoboam, Israel, Jeroboam', 1, -930, NULL, NULL, NULL, NULL, NULL, NULL, NULL, NULL);
INSERT INTO event (id, cw, seq, subseq, name, primary_sentence, secondary_sentence, keywords, start_circa, start, fake_start_date, end_circa, "end", tie, people_group, the, extent, period) VALUES (29, 173, 2, NULL, 'Elijah faces prophets of Baal', 'Elijah built an altar to God, who lit the sacrifice, Himself, with heavenly fire, putting the prophets of Baal to shame.', NULL, NULL, 1, -870, NULL, 1, -850, NULL, NULL, NULL, NULL, NULL);
INSERT INTO event (id, cw, seq, subseq, name, primary_sentence, secondary_sentence, keywords, start_circa, start, fake_start_date, end_circa, "end", tie, people_group, the, extent, period) VALUES (30, 173, 3, NULL, 'Homer & Hesiod', 'Homer was the legendary Greek poet who wrote Odyssey and Iliad, tending to focus on heroes, virtue, and might.  His contemporary, Hesiod, focused on honesty and common work, by contrast.', NULL, 'Odyssey, Iliad, Greek', 1, -800, NULL, 1, -700, NULL, NULL, NULL, NULL, NULL);
INSERT INTO event (id, cw, seq, subseq, name, primary_sentence, secondary_sentence, keywords, start_circa, start, fake_start_date, end_circa, "end", tie, people_group, the, extent, period) VALUES (31, 173, 4, NULL, 'Romulus & Remus found Rome', 'Romulus and Remus, legendary twin founders of Rome, were allegedly sons of Mars, the god of war, and are raised by a wolf after they are abandoned by their uncle.', NULL, NULL, 1, -753, NULL, NULL, NULL, NULL, NULL, NULL, NULL, NULL);
INSERT INTO event (id, cw, seq, subseq, name, primary_sentence, secondary_sentence, keywords, start_circa, start, fake_start_date, end_circa, "end", tie, people_group, the, extent, period) VALUES (32, 173, 1, NULL, 'Neo-Assyrian Empire', 'The Neo-Assyrian Empire dominated the entire Middle East and Egypt, and Sargon II conquered the northern kingdom of Israel, but Judah alone resisted.', 'Sargon II conquered Israel in 722 BC.  His son, Sennacherib, ruthlessly attacked and expanded, and claims to have bested Judah, but other sources, including the Bible, contradict that account.', 'Sargon II, Israel, Judah', 0, -912, NULL, 0, -612, NULL, NULL, NULL, NULL, NULL);
INSERT INTO event (id, cw, seq, subseq, name, primary_sentence, secondary_sentence, keywords, start_circa, start, fake_start_date, end_circa, "end", tie, people_group, the, extent, period) VALUES (33, 173, 5, NULL, 'Jeremiah prophesies', 'Jeremiah prophesied Judah''s fall and the rise of the New Covenant in Jesus, in which God would write the law on our hearts.', NULL, NULL, 1, -627, NULL, 1, -582, NULL, NULL, NULL, NULL, NULL);
INSERT INTO event (id, cw, seq, subseq, name, primary_sentence, secondary_sentence, keywords, start_circa, start, fake_start_date, end_circa, "end", tie, people_group, the, extent, period) VALUES (34, 173, 6, NULL, 'Babylon conquers Assyria', 'Babylon sacked Nineveh and quickly followed by destroying other Assyrian cities, wiping out Assyrian rule in a mere seven years.', NULL, NULL, 0, -612, NULL, 0, -605, NULL, NULL, NULL, NULL, NULL);
INSERT INTO event (id, cw, seq, subseq, name, primary_sentence, secondary_sentence, keywords, start_circa, start, fake_start_date, end_circa, "end", tie, people_group, the, extent, period) VALUES (35, 173, 7, NULL, 'Babylon sacks Jerusalem', 'Babylon, under Nebuchadnezzar II, sacked Jerusalem, destroyed the temple, and exiled Judahite leaders to Babylon.', NULL, 'Nebuchadnezzar II, temple, exile', 0, -598, NULL, 0, -582, NULL, NULL, NULL, NULL, NULL);
INSERT INTO event (id, cw, seq, subseq, name, primary_sentence, secondary_sentence, keywords, start_circa, start, fake_start_date, end_circa, "end", tie, people_group, the, extent, period) VALUES (36, 174, 1, NULL, 'Cyrus II & the First Persian Empire', 'Cyrus the Great led the First Persian Empire, conquering the Babylonians and others.  He’s famous for humanitarian technology, religious tolerance, and letting the Jews return to rebuild the temple.', 'Persia dominated the region under Cyrus, Darius, and Xerxes.', 'Babylon, temple, Jerusalem', 0, -550, NULL, 0, -530, NULL, NULL, NULL, NULL, NULL);
INSERT INTO event (id, cw, seq, subseq, name, primary_sentence, secondary_sentence, keywords, start_circa, start, fake_start_date, end_circa, "end", tie, people_group, the, extent, period) VALUES (37, 174, 2, NULL, 'Isaiah prophesies', 'Isaiah prophesied against the deaf ears and meaningless sacrifices of God''s people, and predicted salvation and restoration.', NULL, NULL, 0, -540, NULL, 0, -500, NULL, NULL, NULL, NULL, NULL);
INSERT INTO event (id, cw, seq, subseq, name, primary_sentence, secondary_sentence, keywords, start_circa, start, fake_start_date, end_circa, "end", tie, people_group, the, extent, period) VALUES (38, 174, 3, NULL, 'Judahites return to Jerusalem', 'Judahites exiled by Nebuchadnezzar are allowed to return to Jerusalem under Cyrus and Darius, where they rebuild a smaller version of the temple and city walls.', NULL, 'Nebuchadnezzar, Cyrus, Darius, temple, Persia', 0, -538, NULL, 0, -516, NULL, NULL, NULL, NULL, NULL);
INSERT INTO event (id, cw, seq, subseq, name, primary_sentence, secondary_sentence, keywords, start_circa, start, fake_start_date, end_circa, "end", tie, people_group, the, extent, period) VALUES (39, 174, 4, NULL, 'Roman Republic', 'The Roman Republic began with the replacement of King Superbus with patricians and plebians.', 'Romans defended themselves in the Samnite wars, forged peace with Senones, Etruscans, and Celts, eventually partake in the Punic Wars, and finally yield to Caesar''s rule as a dictator.', 'patricians, plebians', 1, -510, NULL, 0, -44, NULL, NULL, NULL, NULL, NULL);
INSERT INTO event (id, cw, seq, subseq, name, primary_sentence, secondary_sentence, keywords, start_circa, start, fake_start_date, end_circa, "end", tie, people_group, the, extent, period) VALUES (40, 174, 5, NULL, 'Zapotec Civilization', 'The Zapotecs farmed and mined obsidian in the highlands, and traded with the Olmec, Teotihuacan and other Mayan populations.', NULL, 'Olmec, Teotihuacan, Mayan', 1, -500, NULL, 1, 900, NULL, NULL, NULL, NULL, NULL);
INSERT INTO event (id, cw, seq, subseq, name, primary_sentence, secondary_sentence, keywords, start_circa, start, fake_start_date, end_circa, "end", tie, people_group, the, extent, period) VALUES (41, 174, 6, NULL, 'Taoism, Confucianism, & Buddhism', 'Lau-Tsu founded Taoism, exalting simplicity and ignorance as the way of virtue, Confucius emphasized practical morality and ethics through obedience and respect, and Siddhartha Gautama''s Buddhism taught the Four Noble Truths and nirvana, emphasizing simplicity and meditation.', NULL, 'Lau-Tsu, virtue, Siddhartha Gautama, Four Noble Truths, nirvana', 1, -500, NULL, NULL, NULL, NULL, NULL, NULL, NULL, NULL);
INSERT INTO event (id, cw, seq, subseq, name, primary_sentence, secondary_sentence, keywords, start_circa, start, fake_start_date, end_circa, "end", tie, people_group, the, extent, period) VALUES (42, 174, 7, NULL, 'Golden Age of Greece', 'Greek statesmen, philosophers, poets, and heros like Pericles, Euripides, Socrates, and Plato established the Greek roots of Western culture for millenia to come.', NULL, 'Pericles, Euripides, Socrates, Plato', 0, -479, NULL, 0, -404, NULL, NULL, NULL, NULL, NULL);
INSERT INTO event (id, cw, seq, subseq, name, primary_sentence, secondary_sentence, keywords, start_circa, start, fake_start_date, end_circa, "end", tie, people_group, the, extent, period) VALUES (43, 175, 1, NULL, 'Peloponnesian War', 'The Peloponnesian War was fought between Athens, Sparta, and others over resources and Aegean power.', NULL, 'Athens, Sparta, Aegean, Mycenae', 0, -460, NULL, 0, -404, NULL, NULL, NULL, NULL, NULL);
INSERT INTO event (id, cw, seq, subseq, name, primary_sentence, secondary_sentence, keywords, start_circa, start, fake_start_date, end_circa, "end", tie, people_group, the, extent, period) VALUES (44, 175, 2, NULL, 'Alexander the Great conquers Persia', 'Alexander the Great conquered Persia, Egypt, Greece, and India. He’s famous for his mystic birth and his study under Aristotle, and for triggering the Hellenistic Period.', NULL, 'Egypt, Greece, India, Aristotle, Hellenistic', 0, -356, NULL, 0, -323, NULL, NULL, NULL, NULL, NULL);
INSERT INTO event (id, cw, seq, subseq, name, primary_sentence, secondary_sentence, keywords, start_circa, start, fake_start_date, end_circa, "end", tie, people_group, the, extent, period) VALUES (45, 175, 3, NULL, 'Hellenistic Period', 'The Hellenistic Period is 300 years of Greek culture explosion throughout the Mediterranean and West-Asian world, through the empires of Antigonus, Seleucus, and Ptolemy. The famous Aristotle, Archimedes, and Euclid are Hellenist headliners.', 'Wars of the Diadochi, Punic Wars, and Seleucid–Parthian Wars marked the Hellenistic Period.', NULL, 0, -323, NULL, 0, 31, NULL, NULL, NULL, NULL, NULL);
INSERT INTO event (id, cw, seq, subseq, name, primary_sentence, secondary_sentence, keywords, start_circa, start, fake_start_date, end_circa, "end", tie, people_group, the, extent, period) VALUES (46, 175, 4, NULL, 'Mauryan Empire', 'The Mauryan Empire expanded into the void left by Alexandar the Great, broadening Buddhism''s influence and temporarily uniting India.', NULL, NULL, 0, -322, NULL, 0, -185, NULL, NULL, NULL, NULL, NULL);
INSERT INTO event (id, cw, seq, subseq, name, primary_sentence, secondary_sentence, keywords, start_circa, start, fake_start_date, end_circa, "end", tie, people_group, the, extent, period) VALUES (47, 175, 5, NULL, 'Punic Wars', 'The three Punic Wars were fought between ancient Carthage (Phoenicians, or Punics) and Rome, the weaker city whose trade was oppressed by the great Carthage.', 'Titanic commanders like Hannibal (Carthage) and Marcellus (Rome) clash, but regional early support for Rome and other factors lead to Rome''s final victory.', NULL, 0, -264, NULL, 0, -146, NULL, NULL, NULL, NULL, NULL);
INSERT INTO event (id, cw, seq, subseq, name, primary_sentence, secondary_sentence, keywords, start_circa, start, fake_start_date, end_circa, "end", tie, people_group, the, extent, period) VALUES (48, 175, 7, NULL, 'Rome conquers Greece', 'Rome conquered Greece at the Battle of Corinth immediately after defeating Carthage in the Punic Wars.', NULL, NULL, 0, -146, NULL, NULL, NULL, NULL, NULL, NULL, NULL, NULL);
INSERT INTO event (id, cw, seq, subseq, name, primary_sentence, secondary_sentence, keywords, start_circa, start, fake_start_date, end_circa, "end", tie, people_group, the, extent, period) VALUES (49, 176, 1, NULL, 'Julius Caesar', 'Julius Caesar rose to fame for his Roman military conquests (in Spain and Gaul) and oratory, won political power, reformed law and the calendar, and expanded Rome, but he was assassinated by his colleagues for his excessive power.', NULL, NULL, 0, -100, NULL, 0, -44, NULL, NULL, NULL, NULL, NULL);
INSERT INTO event (id, cw, seq, subseq, name, primary_sentence, secondary_sentence, keywords, start_circa, start, fake_start_date, end_circa, "end", tie, people_group, the, extent, period) VALUES (50, 176, 3, NULL, 'Augustus Caesar rules the Roman Empire', 'Augustus (aka Octavian) violently rose to power and led the Roman Empire through a golden age of growth and prosperity.', 'He invigorated the economy, agriculture, ambitious building projects, laws to strengthen marriage and family, and the Pax Romana, and he supported the arts; the poet Virgil composed the epic Aeneid.', NULL, 0, -27, NULL, 0, 14, NULL, NULL, NULL, NULL, NULL);
INSERT INTO event (id, cw, seq, subseq, name, primary_sentence, secondary_sentence, keywords, start_circa, start, fake_start_date, end_circa, "end", tie, people_group, the, extent, period) VALUES (51, 176, 2, NULL, 'Queen Cleopatra', 'Queen Cleopatra was the last queen of the Ptolemaic Dynasty in Egypt before it fell to Rome.', NULL, NULL, 0, -69, NULL, 0, -30, NULL, NULL, NULL, NULL, NULL);
INSERT INTO event (id, cw, seq, subseq, name, primary_sentence, secondary_sentence, keywords, start_circa, start, fake_start_date, end_circa, "end", tie, people_group, the, extent, period) VALUES (52, 176, 4, NULL, 'Pax Romana', 'Pax Romana means "Peace of Rome", a 200-year period of expansion and peace in the Empire.', NULL, NULL, 0, -27, NULL, 0, 180, NULL, NULL, NULL, NULL, NULL);
INSERT INTO event (id, cw, seq, subseq, name, primary_sentence, secondary_sentence, keywords, start_circa, start, fake_start_date, end_circa, "end", tie, people_group, the, extent, period) VALUES (53, 176, 5, NULL, 'Jerusalem''s temple rebuilt by Herod', 'Herod rebuilt the temple and Jerusalem''s city walls to appease the Jews, but he anxiously killed Jewish children when he heard that a prophesied king might have been born.', 'He also added amphitheaters, harbors, pools, and aqueducts to appease the Romans.', NULL, 0, -20, NULL, 0, -10, NULL, NULL, NULL, NULL, NULL);
INSERT INTO event (id, cw, seq, subseq, name, primary_sentence, secondary_sentence, keywords, start_circa, start, fake_start_date, end_circa, "end", tie, people_group, the, extent, period) VALUES (54, 176, 6, NULL, 'Jesus, our Messiah', 'Jesus Christ is God''s only Son, our Lord, who was conceived by the Holy Spirit, born of the Virgin Mary, suffered under Pontius Pilate, was crucified, died, and was buried; he descended to the dead. On the third day he rose again; he ascended into heaven, he is seated at the right hand of the Father, and he will come to judge the living and the dead.', NULL, NULL, 1, -4, NULL, 1, 30, NULL, NULL, NULL, NULL, NULL);
INSERT INTO event (id, cw, seq, subseq, name, primary_sentence, secondary_sentence, keywords, start_circa, start, fake_start_date, end_circa, "end", tie, people_group, the, extent, period) VALUES (55, 176, 7, NULL, 'Apostles begin the Great Commission', 'Jesus'' apostles and disciples engaged the Greko-Roman world with the Gospel of Christ.', NULL, NULL, 1, 35, NULL, NULL, NULL, NULL, NULL, NULL, NULL, NULL);
INSERT INTO event (id, cw, seq, subseq, name, primary_sentence, secondary_sentence, keywords, start_circa, start, fake_start_date, end_circa, "end", tie, people_group, the, extent, period) VALUES (56, 177, 1, NULL, 'Clement, Ignatius, & Polycarp', 'Clement of Rome emphasized restoration, Ignatius of Antioch treated church organization, and Polycarp of Smyrna authenticated orthodox teachings and refuted heresies.', NULL, NULL, 1, 35, NULL, 0, 155, NULL, NULL, NULL, NULL, NULL);
INSERT INTO event (id, cw, seq, subseq, name, primary_sentence, secondary_sentence, keywords, start_circa, start, fake_start_date, end_circa, "end", tie, people_group, the, extent, period) VALUES (57, 177, 2, NULL, 'Didache authored by Church Fathers', 'The Didache is the earliest Christian catechism, treating fundamental doctrines and church organization.', NULL, NULL, 1, 50, NULL, NULL, NULL, NULL, NULL, NULL, NULL, NULL);
INSERT INTO event (id, cw, seq, subseq, name, primary_sentence, secondary_sentence, keywords, start_circa, start, fake_start_date, end_circa, "end", tie, people_group, the, extent, period) VALUES (58, 177, 3, NULL, 'Rome burns under Nero', 'Rome burned for nine days, destroying two thirds of the city. Nero accused the Christians, and rumors suggested Nero himself ordered the burn.', NULL, NULL, 1, 64, NULL, NULL, NULL, NULL, NULL, NULL, NULL, NULL);
INSERT INTO event (id, cw, seq, subseq, name, primary_sentence, secondary_sentence, keywords, start_circa, start, fake_start_date, end_circa, "end", tie, people_group, the, extent, period) VALUES (59, 177, 4, NULL, 'Persecuted church expands', 'The persecuted church expanded and grew vigorously despite the pressure of oppressive emperors like Nero and Trajan.  Many apostles and early church leaders were martyred.', NULL, NULL, 1, 64, NULL, 1, 313, NULL, NULL, NULL, NULL, NULL);
INSERT INTO event (id, cw, seq, subseq, name, primary_sentence, secondary_sentence, keywords, start_circa, start, fake_start_date, end_circa, "end", tie, people_group, the, extent, period) VALUES (60, 177, 5, NULL, 'Titus destroys Herod''s Temple', 'Titus destroyed Herod''s Temple and the city in the Siege of Jerusalem following the Jerusalem riots of 66.', NULL, NULL, 0, 70, NULL, NULL, NULL, NULL, NULL, NULL, NULL, NULL);
INSERT INTO event (id, cw, seq, subseq, name, primary_sentence, secondary_sentence, keywords, start_circa, start, fake_start_date, end_circa, "end", tie, people_group, the, extent, period) VALUES (61, 177, 6, NULL, 'Martyr, Tertullian, & Origen', 'Martyr (100-165), Tertullian (155-220), and Origen (184-253) author seminal Christian treatises and apologetics.', NULL, NULL, 0, 100, NULL, 0, 253, NULL, NULL, NULL, NULL, NULL);
INSERT INTO event (id, cw, seq, subseq, name, primary_sentence, secondary_sentence, keywords, start_circa, start, fake_start_date, end_circa, "end", tie, people_group, the, extent, period) VALUES (62, 177, 7, NULL, 'Teotihuacan Mayan Civilization', 'Teotihuacan, the "Place of the gods", was the largest-known and most influential ancient city in the Americas.', NULL, NULL, 1, 200, NULL, 1, 900, NULL, NULL, NULL, NULL, NULL);
INSERT INTO event (id, cw, seq, subseq, name, primary_sentence, secondary_sentence, keywords, start_circa, start, fake_start_date, end_circa, "end", tie, people_group, the, extent, period) VALUES (63, 178, 1, NULL, 'Bantu migration', 'The Bantu farmed along the Niger River, but migrated southeast, sewing their language and skill into over 500 different cultures.', NULL, NULL, 1, 200, NULL, 1, 500, NULL, NULL, NULL, NULL, NULL);
INSERT INTO event (id, cw, seq, subseq, name, primary_sentence, secondary_sentence, keywords, start_circa, start, fake_start_date, end_circa, "end", tie, people_group, the, extent, period) VALUES (64, 178, 2, NULL, 'Diocletian divides the Roman Empire', 'Diocletian divided the Roman Empire into a tetrarchy because it was too large to manage alone, and ordered the destruction of all churches and Christian texts because Christians would not confess an emperor to be a god.', 'Diocletian''s reforms apparently saved Rome from falling apart during the Third Century Crisis.', NULL, 0, 286, NULL, NULL, NULL, NULL, NULL, NULL, NULL, NULL);
INSERT INTO event (id, cw, seq, subseq, name, primary_sentence, secondary_sentence, keywords, start_circa, start, fake_start_date, end_circa, "end", tie, people_group, the, extent, period) VALUES (65, 178, 3, NULL, 'Constantine legalizes Christianity', 'Constantine reunited the Roman Empire, moved the capital to Constantinople, legalized Christianity, and summoned the Council of Nicea.', NULL, NULL, 0, 313, NULL, NULL, NULL, NULL, NULL, NULL, NULL, NULL);
INSERT INTO event (id, cw, seq, subseq, name, primary_sentence, secondary_sentence, keywords, start_circa, start, fake_start_date, end_circa, "end", tie, people_group, the, extent, period) VALUES (66, 178, 4, NULL, 'Gupta Empire', 'The Gupta Empire, from Chandragupta onward, was a period of growth and prosperity in science, art, and culture for 250 years, known as the "Golden Age" of India.', NULL, NULL, 1, 320, NULL, 1, 550, NULL, NULL, NULL, NULL, NULL);
INSERT INTO event (id, cw, seq, subseq, name, primary_sentence, secondary_sentence, keywords, start_circa, start, fake_start_date, end_circa, "end", tie, people_group, the, extent, period) VALUES (67, 178, 5, NULL, 'Council of Nicea', 'The Council of Nicea affirmed the deity of Jesus, condemned Arianism, and produced the Nicean creed.', NULL, NULL, 0, 325, NULL, NULL, NULL, NULL, NULL, NULL, NULL, NULL);
INSERT INTO event (id, cw, seq, subseq, name, primary_sentence, secondary_sentence, keywords, start_circa, start, fake_start_date, end_circa, "end", tie, people_group, the, extent, period) VALUES (68, 178, 6, NULL, 'Augustine of Hippo', 'Augustine wrote "The City of God" and "Confessions" and other works illuminating the doctrine of original sin and the essential grace of Christ.', NULL, NULL, 0, 354, NULL, 0, 430, NULL, NULL, NULL, NULL, NULL);
INSERT INTO event (id, cw, seq, subseq, name, primary_sentence, secondary_sentence, keywords, start_circa, start, fake_start_date, end_circa, "end", tie, people_group, the, extent, period) VALUES (69, 179, 1, NULL, 'Jerome translates the Vulgate', 'Jerome translated Greek, Hebrew, and Aramaic manuscripts to Latin, to create the Vulgate, which became the standard translation for centuries.', NULL, NULL, 0, 382, NULL, 0, 405, NULL, NULL, NULL, NULL, NULL);
INSERT INTO event (id, cw, seq, subseq, name, primary_sentence, secondary_sentence, keywords, start_circa, start, fake_start_date, end_circa, "end", tie, people_group, the, extent, period) VALUES (70, 179, 2, NULL, 'Alaric & Visigoths sack Rome', 'Aleric & his Visigoth attacked Roman territory with little success until they found it weak enough to seige the city thrice, finally sacking it.', NULL, NULL, 0, 410, NULL, NULL, NULL, NULL, NULL, NULL, NULL, NULL);
INSERT INTO event (id, cw, seq, subseq, name, primary_sentence, secondary_sentence, keywords, start_circa, start, fake_start_date, end_circa, "end", tie, people_group, the, extent, period) VALUES (71, 179, 3, NULL, 'Council of Chalcedon', 'The Council of Chalcedon affirmed that Jesus is just one person, the only begotten Son of God, with two natures: He is truly God, and truly man.', 'This led to the birth of Coptic Church in Alexandria.', NULL, 0, 451, NULL, NULL, NULL, NULL, NULL, NULL, NULL, NULL);
INSERT INTO event (id, cw, seq, subseq, name, primary_sentence, secondary_sentence, keywords, start_circa, start, fake_start_date, end_circa, "end", tie, people_group, the, extent, period) VALUES (72, 179, 4, NULL, 'Western Roman Empire falls to barbarians', 'The Western Roman Empire fell under the opposition and gradual infiltration of Huns, Visigoths, Vandals, and other barbarians who effectively controlled Rome and ultimately abolished the Empire.', NULL, NULL, 1, 476, NULL, NULL, NULL, NULL, NULL, NULL, NULL, NULL);
INSERT INTO event (id, cw, seq, subseq, name, primary_sentence, secondary_sentence, keywords, start_circa, start, fake_start_date, end_circa, "end", tie, people_group, the, extent, period) VALUES (73, 179, 5, NULL, 'Ghana Empire', 'The Ghana Empire thrived on trade in iron, copper, gold, and ivory until the Sosso Kingdom and Mali Empire overtook them.', NULL, NULL, 1, 500, NULL, 1, 1240, NULL, NULL, NULL, NULL, NULL);
INSERT INTO event (id, cw, seq, subseq, name, primary_sentence, secondary_sentence, keywords, start_circa, start, fake_start_date, end_circa, "end", tie, people_group, the, extent, period) VALUES (74, 179, 6, NULL, 'Justinian rules Byzantine Empire', 'Justinian ruled the Byzantine Empire, attempted to retake Africa from the Vandals and Italy from the Goths, and ordered the rebuilding of the Hagia Sophia.', NULL, NULL, 0, 527, NULL, 0, 565, NULL, NULL, NULL, NULL, NULL);
INSERT INTO event (id, cw, seq, subseq, name, primary_sentence, secondary_sentence, keywords, start_circa, start, fake_start_date, end_circa, "end", tie, people_group, the, extent, period) VALUES (75, 179, 7, NULL, 'Benedict expands Monasticism', 'Benedict expanded monasticism with a simple focus on stability, fidelity, obedience, poverty, and chastity.', 'Western monasticism developed in response to the arrogance and corruption that grew up within the church after the legalization of Christianity.', NULL, 1, 529, NULL, NULL, NULL, NULL, NULL, NULL, NULL, NULL);
INSERT INTO event (id, cw, seq, subseq, name, primary_sentence, secondary_sentence, keywords, start_circa, start, fake_start_date, end_circa, "end", tie, people_group, the, extent, period) VALUES (76, 180, 1, NULL, 'Muhammad founds Islam', 'Muhammad founded Islam on the oneness of "Allah", and on submission to Him in prayer, alms, fasting, and pilgrimage.', 'Muhammad founded Islam in Mecca, but fled to Medina and raided Mecca after gathering military support in Medina.', NULL, 0, 622, NULL, NULL, NULL, NULL, NULL, NULL, NULL, NULL);
INSERT INTO event (id, cw, seq, subseq, name, primary_sentence, secondary_sentence, keywords, start_circa, start, fake_start_date, end_circa, "end", tie, people_group, the, extent, period) VALUES (77, 180, 2, NULL, 'Muslim Conquests & Islamic Golden Age', 'Once established in Mecca and Medina, Muslims launched invasions into both the Persian Sassanian Empire and the Byzantine Empire, and eventually dominated Egypt, Syria, Levant, Persia, North Africa, and Spain.', NULL, NULL, 1, 622, NULL, 1, 750, NULL, NULL, NULL, NULL, NULL);
INSERT INTO event (id, cw, seq, subseq, name, primary_sentence, secondary_sentence, keywords, start_circa, start, fake_start_date, end_circa, "end", tie, people_group, the, extent, period) VALUES (78, 180, 3, NULL, 'Kanem-Bornu Empires', 'The Kanem Empire emerged on the eastern shores of Lake Chad and expanded to the western shores in the 1390s, becoming the Bornu Empire.', 'Lake Chad marked the end of a camel caravan route, so it was a trade center for trans-Saharan travel.', NULL, 1, 700, NULL, 1, 1380, NULL, NULL, NULL, NULL, NULL);
INSERT INTO event (id, cw, seq, subseq, name, primary_sentence, secondary_sentence, keywords, start_circa, start, fake_start_date, end_circa, "end", tie, people_group, the, extent, period) VALUES (79, 180, 4, NULL, 'Vikings Raid & Migrate', 'The Vikings were Scandinavian seafarers who raided settlements throughout Europe and explored and migrated as far west as North America under the charge of Erik the Red.', NULL, NULL, 1, 793, NULL, 1, 1000, NULL, NULL, NULL, NULL, NULL);
INSERT INTO event (id, cw, seq, subseq, name, primary_sentence, secondary_sentence, keywords, start_circa, start, fake_start_date, end_circa, "end", tie, people_group, the, extent, period) VALUES (80, 180, 5, NULL, 'Heian Period', 'The Heian Period invented the Samurai to protect the feudal lords and saw the flourish of literature, art, and culture.', 'This was followed by the Kamakura period characterized by shogun-led warriors.', NULL, 0, 794, NULL, 0, 1185, NULL, NULL, NULL, NULL, NULL);
INSERT INTO event (id, cw, seq, subseq, name, primary_sentence, secondary_sentence, keywords, start_circa, start, fake_start_date, end_circa, "end", tie, people_group, the, extent, period) VALUES (81, 180, 6, NULL, 'Charlemagne crowned Holy Roman Emperor', 'Charlemagne was crowned Holy Roman Emperor by Pope Leo III after he reunited Europe for the first time since the fall of Rome.', 'Charlemagne''s grandfather, Charles Martel, established the Frankish influence in Europe with his victory in The Battle of Tours in 732.', NULL, 0, 800, NULL, NULL, NULL, NULL, 0, 0, NULL, NULL);
INSERT INTO event (id, cw, seq, subseq, name, primary_sentence, secondary_sentence, keywords, start_circa, start, fake_start_date, end_circa, "end", tie, people_group, the, extent, period) VALUES (82, 180, 7, NULL, 'Alfred the Great unites England', 'Alfred the Great, king of Wessex, became king of Anglo-Saxons by defending Britain against Viking invaders.', 'He later became known as "the great" for this and for reforming military and legal code, seting up public schools, and translating Latin texts to English.', NULL, 1, 871, NULL, 0, 899, NULL, NULL, NULL, NULL, NULL);
INSERT INTO event (id, cw, seq, subseq, name, primary_sentence, secondary_sentence, keywords, start_circa, start, fake_start_date, end_circa, "end", tie, people_group, the, extent, period) VALUES (83, 181, 1, NULL, 'Vladimir I rules early Russia', 'Vladimir I ruled Rus after conquering Kiev with Norse help.  Later, he was baptized and campaigned the entire region for Christianity, founding churches and living a life of charity.', NULL, NULL, 0, 958, NULL, 0, 1015, NULL, NULL, NULL, NULL, NULL);
INSERT INTO event (id, cw, seq, subseq, name, primary_sentence, secondary_sentence, keywords, start_circa, start, fake_start_date, end_circa, "end", tie, people_group, the, extent, period) VALUES (84, 181, 2, NULL, 'Basil II & the Byzantine Empire', 'Basil II and his private army of Vikings ruled the Byzantine Empire and expanded it to include Bulgaria, Greece and the Balkans, and Syria.', NULL, NULL, 0, 976, NULL, 0, 1025, NULL, NULL, NULL, NULL, NULL);
INSERT INTO event (id, cw, seq, subseq, name, primary_sentence, secondary_sentence, keywords, start_circa, start, fake_start_date, end_circa, "end", tie, people_group, the, extent, period) VALUES (85, 181, 3, NULL, 'Church of the Holy Sepulchre destroyed', 'The Church of the Holy Sepulchre was destroyed by Caliph Al-Hakim, the "mad Caliph".  Other Jerusalem churches, synagogues, and precious scrolls were also destroyed.', NULL, NULL, 0, 1009, NULL, NULL, NULL, NULL, NULL, NULL, NULL, NULL);
INSERT INTO event (id, cw, seq, subseq, name, primary_sentence, secondary_sentence, keywords, start_circa, start, fake_start_date, end_circa, "end", tie, people_group, the, extent, period) VALUES (86, 181, 4, NULL, 'Cahokia & Mississippians', 'The Cahokia and other Mississippian Native American cultures farmed and hunted along Midwestern rivers and built giant mounds for various purposes.', NULL, NULL, 1, 1050, NULL, 0, 1521, NULL, NULL, NULL, NULL, NULL);
INSERT INTO event (id, cw, seq, subseq, name, primary_sentence, secondary_sentence, keywords, start_circa, start, fake_start_date, end_circa, "end", tie, people_group, the, extent, period) VALUES (87, 181, 5, NULL, 'Roman Catholic & Eastern Orthodox schism', 'Theological and organizational disputes between the Greek East and Latin West churches led to the great East-West Schism of 1054.', NULL, NULL, 0, 1054, NULL, NULL, NULL, NULL, NULL, NULL, NULL, NULL);
INSERT INTO event (id, cw, seq, subseq, name, primary_sentence, secondary_sentence, keywords, start_circa, start, fake_start_date, end_circa, "end", tie, people_group, the, extent, period) VALUES (88, 181, 6, NULL, 'Norman Conquest & European Feudalism', 'The Norman conquest by William the Conqueror brought French culture and language, Norman land ownership, and widespread feudalism to England.', 'The death of King Harold in the Battle of Hastings marked the beginning of this Norman influence in England.', NULL, 0, 1066, NULL, 1, 1550, NULL, NULL, NULL, NULL, NULL);
INSERT INTO event (id, cw, seq, subseq, name, primary_sentence, secondary_sentence, keywords, start_circa, start, fake_start_date, end_circa, "end", tie, people_group, the, extent, period) VALUES (89, 181, 7, NULL, 'Crusades', 'The Crusades were a series of military campaigns launched in Jerusalem to reclaim the Holy Land from Muslim powers.', 'Richard the Lionheart was a central commander in the Third Crusade, winning victories against Saladin, but not taking Jerusalem from him.', NULL, 0, 1095, NULL, 0, 1291, NULL, NULL, NULL, NULL, NULL);
INSERT INTO event (id, cw, seq, subseq, name, primary_sentence, secondary_sentence, keywords, start_circa, start, fake_start_date, end_circa, "end", tie, people_group, the, extent, period) VALUES (90, 182, 1, NULL, 'Great Zimbabwe', 'Great Zimbabwe was the capital city of the kingdom of Zimbabwe known for the impressive granite monuments built by the Bantu-speaking Shona people.', NULL, NULL, 1, 1100, NULL, 1, 1550, NULL, NULL, NULL, NULL, NULL);
INSERT INTO event (id, cw, seq, subseq, name, primary_sentence, secondary_sentence, keywords, start_circa, start, fake_start_date, end_circa, "end", tie, people_group, the, extent, period) VALUES (91, 182, 2, NULL, 'Aztec Civilization', 'Aztec civilization is known for its advanced agriculture, extraordinary architecture, and well-documented history, including that of encounters with the Europeans.', NULL, NULL, 1, 1100, NULL, 0, 1521, NULL, NULL, NULL, NULL, NULL);
INSERT INTO event (id, cw, seq, subseq, name, primary_sentence, secondary_sentence, keywords, start_circa, start, fake_start_date, end_circa, "end", tie, people_group, the, extent, period) VALUES (92, 182, 3, NULL, 'Inca Civilization', 'Inca Civilization endured the harsh Andean mountain challenges, and are also known for their agriculture, technology, temples.', NULL, NULL, 1, 1100, NULL, 0, 1533, NULL, NULL, NULL, NULL, NULL);
INSERT INTO event (id, cw, seq, subseq, name, primary_sentence, secondary_sentence, keywords, start_circa, start, fake_start_date, end_circa, "end", tie, people_group, the, extent, period) VALUES (93, 182, 4, NULL, 'Francis of Assisi & Thomas Aquinas', 'Francis of Assisi (1181-1226) was a friar, deacon, and preacher with a special love for the Eucharist.  Thomas Aquinas (1225-1274) was a philosopher and theologian who identified with Aristotle and argued that reason is found in God.', NULL, NULL, 0, 1181, NULL, 0, 1274, NULL, NULL, NULL, NULL, NULL);
INSERT INTO event (id, cw, seq, subseq, name, primary_sentence, secondary_sentence, keywords, start_circa, start, fake_start_date, end_circa, "end", tie, people_group, the, extent, period) VALUES (94, 182, 5, NULL, 'Shogunate Feudalism', 'Shogunate feudalism involved informal relationships between lords (shoguns) and vassals (samurai), including land exchanges for loyal protection.', NULL, NULL, 0, 1185, NULL, 0, 1868, NULL, NULL, NULL, NULL, NULL);
INSERT INTO event (id, cw, seq, subseq, name, primary_sentence, secondary_sentence, keywords, start_circa, start, fake_start_date, end_circa, "end", tie, people_group, the, extent, period) VALUES (95, 182, 6, NULL, 'Genghis & Kublai Khan, & the Mongol Empire', 'Genghis and his grandson Kublai (the "Great") Kahn extended the Mongol Empire to include China and Western territories.', NULL, NULL, 0, 1206, NULL, 0, 1368, NULL, NULL, NULL, NULL, NULL);
INSERT INTO event (id, cw, seq, subseq, name, primary_sentence, secondary_sentence, keywords, start_circa, start, fake_start_date, end_circa, "end", tie, people_group, the, extent, period) VALUES (96, 182, 7, NULL, 'Magna Carta', 'The Magna Carta was an agreement that English King John was forced to sign; it limited his power to take land and force steep taxes.', 'This establishing rule of law as a check on absolute monarchies.', NULL, 0, 1215, NULL, NULL, NULL, NULL, NULL, NULL, NULL, NULL);
INSERT INTO event (id, cw, seq, subseq, name, primary_sentence, secondary_sentence, keywords, start_circa, start, fake_start_date, end_circa, "end", tie, people_group, the, extent, period) VALUES (97, 183, 1, NULL, 'Mali Empire', 'The Mali Empire was the largest yet seen in Africa.  it was founded by Sundiata Keita whose centralized government, effective diplomacy, and well-trained army led to the success of the empire.', NULL, NULL, 0, 1240, NULL, 0, 1645, NULL, NULL, NULL, NULL, NULL);
INSERT INTO event (id, cw, seq, subseq, name, primary_sentence, secondary_sentence, keywords, start_circa, start, fake_start_date, end_circa, "end", tie, people_group, the, extent, period) VALUES (98, 183, 2, NULL, 'Ottoman Empire', 'The Ottoman Empire was a Turkish-Persian state and caliphate that controlled much of the Mediterranean, Middle East, and Central Europe at its peak.', NULL, NULL, 0, 1250, NULL, 0, 1923, NULL, NULL, NULL, NULL, NULL);
INSERT INTO event (id, cw, seq, subseq, name, primary_sentence, secondary_sentence, keywords, start_circa, start, fake_start_date, end_circa, "end", tie, people_group, the, extent, period) VALUES (99, 175, 6, NULL, 'Qin Dynasty', 'The Qin ("Chin") dynasty finally unified China via ingenuity and legalism; this empire started the Great Wall of China and the Grand Canal.', 'This formative dynasty was very short; Shi Huangdi''s tomb is guarded by 8,000 warriors of the Terracotta Army, and the Han Dynasty took leadership in 202 BC.', NULL, 0, -221, NULL, 0, -206, NULL, NULL, NULL, NULL, NULL);
INSERT INTO event (id, cw, seq, subseq, name, primary_sentence, secondary_sentence, keywords, start_circa, start, fake_start_date, end_circa, "end", tie, people_group, the, extent, period) VALUES (100, 178, 7, NULL, 'Attila & the Huns drive Goths south', 'Attila and the Huns invaded Russia and drove West and South, conquering vast territories and driving migrations and the fall of the Roman Empire.', NULL, NULL, 1, 370, NULL, 1, 440, NULL, NULL, NULL, NULL, NULL);
INSERT INTO event (id, cw, seq, subseq, name, primary_sentence, secondary_sentence, keywords, start_circa, start, fake_start_date, end_circa, "end", tie, people_group, the, extent, period) VALUES (101, 183, 3, NULL, 'Marco Polo travels east', NULL, NULL, NULL, NULL, 1271, NULL, NULL, 1295, NULL, NULL, NULL, NULL, NULL);
INSERT INTO event (id, cw, seq, subseq, name, primary_sentence, secondary_sentence, keywords, start_circa, start, fake_start_date, end_circa, "end", tie, people_group, the, extent, period) VALUES (102, 183, 4, NULL, 'Wars of Scottish Independence', NULL, NULL, NULL, NULL, 1296, NULL, NULL, 1357, NULL, NULL, NULL, NULL, NULL);
INSERT INTO event (id, cw, seq, subseq, name, primary_sentence, secondary_sentence, keywords, start_circa, start, fake_start_date, end_circa, "end", tie, people_group, the, extent, period) VALUES (103, 183, 5, NULL, 'Hundred Years War & Wars of the Roses', '(Battle of Agincourt....)', NULL, NULL, NULL, 1337, NULL, NULL, 1453, NULL, NULL, NULL, NULL, NULL);
INSERT INTO event (id, cw, seq, subseq, name, primary_sentence, secondary_sentence, keywords, start_circa, start, fake_start_date, end_circa, "end", tie, people_group, the, extent, period) VALUES (104, 183, 6, NULL, 'Bubonic Plague', NULL, NULL, NULL, NULL, 1348, NULL, NULL, 1350, NULL, NULL, NULL, NULL, NULL);
INSERT INTO event (id, cw, seq, subseq, name, primary_sentence, secondary_sentence, keywords, start_circa, start, fake_start_date, end_circa, "end", tie, people_group, the, extent, period) VALUES (105, 183, 7, NULL, 'Ming Dynasty', NULL, 'Ming used forced labor to construct the sections of the Great Wall which are best-known and best-preserved today.', NULL, NULL, 1368, NULL, NULL, 1644, NULL, NULL, NULL, NULL, NULL);
INSERT INTO event (id, cw, seq, subseq, name, primary_sentence, secondary_sentence, keywords, start_circa, start, fake_start_date, end_circa, "end", tie, people_group, the, extent, period) VALUES (106, 184, 1, NULL, 'Kongo Kingdom & Swahili culture flourish', NULL, NULL, NULL, 1, 1390, NULL, NULL, NULL, NULL, NULL, NULL, NULL, NULL);
INSERT INTO event (id, cw, seq, subseq, name, primary_sentence, secondary_sentence, keywords, start_circa, start, fake_start_date, end_circa, "end", tie, people_group, the, extent, period) VALUES (108, 184, 2, NULL, 'Prince Henry Founds School of Navigation', NULL, NULL, NULL, NULL, 1418, NULL, NULL, NULL, NULL, NULL, NULL, NULL, NULL);
INSERT INTO event (id, cw, seq, subseq, name, primary_sentence, secondary_sentence, keywords, start_circa, start, fake_start_date, end_circa, "end", tie, people_group, the, extent, period) VALUES (109, 184, 3, NULL, 'African slave trade', NULL, NULL, NULL, NULL, 1441, NULL, NULL, 1888, NULL, NULL, NULL, NULL, NULL);
INSERT INTO event (id, cw, seq, subseq, name, primary_sentence, secondary_sentence, keywords, start_circa, start, fake_start_date, end_circa, "end", tie, people_group, the, extent, period) VALUES (110, 184, 4, NULL, 'Byzantine Empire falls to the Ottomans', 'Constantinople->Istanbul', NULL, NULL, NULL, 1453, NULL, NULL, NULL, NULL, NULL, NULL, NULL, NULL);
INSERT INTO event (id, cw, seq, subseq, name, primary_sentence, secondary_sentence, keywords, start_circa, start, fake_start_date, end_circa, "end", tie, people_group, the, extent, period) VALUES (111, 184, 5, NULL, 'Gutenberg develops the Printing Press', NULL, NULL, NULL, NULL, 1455, NULL, NULL, NULL, NULL, NULL, NULL, NULL, NULL);
INSERT INTO event (id, cw, seq, subseq, name, primary_sentence, secondary_sentence, keywords, start_circa, start, fake_start_date, end_circa, "end", tie, people_group, the, extent, period) VALUES (112, 185, 4, NULL, 'Songhai Empire defeats Mali', '(completing the Ghana->Mali->Songhai trilogy...)', NULL, NULL, 1, 1500, NULL, NULL, NULL, NULL, NULL, NULL, NULL, NULL);
INSERT INTO event (id, cw, seq, subseq, name, primary_sentence, secondary_sentence, keywords, start_circa, start, fake_start_date, end_circa, "end", tie, people_group, the, extent, period) VALUES (113, 184, 6, NULL, 'Czar Ivan the Great rules Russia', NULL, NULL, NULL, NULL, 1462, NULL, NULL, 1505, NULL, NULL, NULL, NULL, NULL);
INSERT INTO event (id, cw, seq, subseq, name, primary_sentence, secondary_sentence, keywords, start_circa, start, fake_start_date, end_circa, "end", tie, people_group, the, extent, period) VALUES (114, 184, 7, NULL, 'Japan''s Civil War', NULL, NULL, NULL, NULL, 1467, NULL, NULL, 1615, NULL, NULL, NULL, NULL, NULL);
INSERT INTO event (id, cw, seq, subseq, name, primary_sentence, secondary_sentence, keywords, start_circa, start, fake_start_date, end_circa, "end", tie, people_group, the, extent, period) VALUES (115, 185, 1, NULL, 'Spanish Inquisition', NULL, NULL, NULL, NULL, 1478, NULL, NULL, 1834, NULL, NULL, NULL, NULL, NULL);
INSERT INTO event (id, cw, seq, subseq, name, primary_sentence, secondary_sentence, keywords, start_circa, start, fake_start_date, end_circa, "end", tie, people_group, the, extent, period) VALUES (116, 185, 2, NULL, 'Columbus sails to the Caribbean', NULL, NULL, NULL, NULL, 1492, NULL, NULL, NULL, NULL, NULL, NULL, NULL, NULL);
INSERT INTO event (id, cw, seq, subseq, name, primary_sentence, secondary_sentence, keywords, start_circa, start, fake_start_date, end_circa, "end", tie, people_group, the, extent, period) VALUES (117, 185, 3, NULL, 'Cabot, da Gama, & Vespucci, explore the world', NULL, NULL, NULL, NULL, 1497, NULL, NULL, 1501, NULL, NULL, NULL, NULL, NULL);
INSERT INTO event (id, cw, seq, subseq, name, primary_sentence, secondary_sentence, keywords, start_circa, start, fake_start_date, end_circa, "end", tie, people_group, the, extent, period) VALUES (118, 185, 6, NULL, 'Luther ignites the Protestant Reformation', NULL, NULL, NULL, NULL, 1517, NULL, NULL, NULL, NULL, NULL, NULL, NULL, NULL);
INSERT INTO event (id, cw, seq, subseq, name, primary_sentence, secondary_sentence, keywords, start_circa, start, fake_start_date, end_circa, "end", tie, people_group, the, extent, period) VALUES (119, 186, 1, NULL, 'Magellan''s crew circumnavigates', NULL, NULL, NULL, NULL, 1519, NULL, NULL, 1522, NULL, NULL, NULL, NULL, NULL);
INSERT INTO event (id, cw, seq, subseq, name, primary_sentence, secondary_sentence, keywords, start_circa, start, fake_start_date, end_circa, "end", tie, people_group, the, extent, period) VALUES (120, 186, 2, NULL, 'Sir Francis Drake & English naval dominance', NULL, NULL, NULL, NULL, 1577, NULL, NULL, 1588, NULL, NULL, NULL, NULL, NULL);
INSERT INTO event (id, cw, seq, subseq, name, primary_sentence, secondary_sentence, keywords, start_circa, start, fake_start_date, end_circa, "end", tie, people_group, the, extent, period) VALUES (121, 185, 5, NULL, 'Conquistadors explore & conquer', NULL, NULL, NULL, NULL, 1500, NULL, NULL, 1600, NULL, NULL, NULL, NULL, NULL);
INSERT INTO event (id, cw, seq, subseq, name, primary_sentence, secondary_sentence, keywords, start_circa, start, fake_start_date, end_circa, "end", tie, people_group, the, extent, period) VALUES (122, 186, 3, NULL, 'John Calvin joins the Reformation', NULL, NULL, NULL, NULL, 1530, NULL, NULL, NULL, NULL, NULL, NULL, NULL, NULL);
INSERT INTO event (id, cw, seq, subseq, name, primary_sentence, secondary_sentence, keywords, start_circa, start, fake_start_date, end_circa, "end", tie, people_group, the, extent, period) VALUES (123, 186, 4, NULL, 'Council of Trent & Counter-reformation', NULL, NULL, NULL, NULL, 1545, NULL, NULL, 1563, NULL, NULL, NULL, NULL, NULL);
INSERT INTO event (id, cw, seq, subseq, name, primary_sentence, secondary_sentence, keywords, start_circa, start, fake_start_date, end_circa, "end", tie, people_group, the, extent, period) VALUES (124, 186, 5, NULL, 'Japan''s isolation policy', NULL, NULL, NULL, NULL, 1603, NULL, NULL, 1716, NULL, NULL, NULL, NULL, NULL);
INSERT INTO event (id, cw, seq, subseq, name, primary_sentence, secondary_sentence, keywords, start_circa, start, fake_start_date, end_circa, "end", tie, people_group, the, extent, period) VALUES (125, 186, 6, NULL, 'North American colonization climax', NULL, NULL, NULL, NULL, 1607, NULL, NULL, 1783, NULL, NULL, NULL, NULL, NULL);
INSERT INTO event (id, cw, seq, subseq, name, primary_sentence, secondary_sentence, keywords, start_circa, start, fake_start_date, end_circa, "end", tie, people_group, the, extent, period) VALUES (126, 186, 7, NULL, 'Dutch colonize South Africa', NULL, NULL, NULL, NULL, 1652, NULL, NULL, NULL, NULL, NULL, NULL, NULL, NULL);
INSERT INTO event (id, cw, seq, subseq, name, primary_sentence, secondary_sentence, keywords, start_circa, start, fake_start_date, end_circa, "end", tie, people_group, the, extent, period) VALUES (127, 187, 1, NULL, 'Hudson''s Bay Company founded', NULL, NULL, NULL, NULL, 1670, NULL, NULL, NULL, NULL, NULL, NULL, NULL, NULL);
INSERT INTO event (id, cw, seq, subseq, name, primary_sentence, secondary_sentence, keywords, start_circa, start, fake_start_date, end_circa, "end", tie, people_group, the, extent, period) VALUES (128, 187, 2, NULL, 'First Great Awakening', NULL, NULL, NULL, NULL, 1734, NULL, NULL, 1750, NULL, NULL, NULL, NULL, NULL);
INSERT INTO event (id, cw, seq, subseq, name, primary_sentence, secondary_sentence, keywords, start_circa, start, fake_start_date, end_circa, "end", tie, people_group, the, extent, period) VALUES (129, 187, 3, NULL, 'Seven Years'' War', NULL, NULL, NULL, NULL, 1756, NULL, NULL, 1763, NULL, NULL, NULL, NULL, NULL);
INSERT INTO event (id, cw, seq, subseq, name, primary_sentence, secondary_sentence, keywords, start_circa, start, fake_start_date, end_circa, "end", tie, people_group, the, extent, period) VALUES (130, 187, 5, NULL, 'Captain James Cook''s Southern adventures', NULL, NULL, NULL, NULL, 1769, NULL, NULL, 1779, NULL, NULL, NULL, NULL, NULL);
INSERT INTO event (id, cw, seq, subseq, name, primary_sentence, secondary_sentence, keywords, start_circa, start, fake_start_date, end_circa, "end", tie, people_group, the, extent, period) VALUES (131, 187, 6, NULL, 'American Revolution', NULL, NULL, NULL, NULL, 1775, NULL, NULL, 1783, NULL, NULL, NULL, NULL, NULL);
INSERT INTO event (id, cw, seq, subseq, name, primary_sentence, secondary_sentence, keywords, start_circa, start, fake_start_date, end_circa, "end", tie, people_group, the, extent, period) VALUES (132, 187, 7, NULL, 'Federalist Papers, US Constitution, & Bill of Rights', NULL, NULL, NULL, NULL, 1787, NULL, NULL, 1791, NULL, NULL, NULL, NULL, NULL);
INSERT INTO event (id, cw, seq, subseq, name, primary_sentence, secondary_sentence, keywords, start_circa, start, fake_start_date, end_circa, "end", tie, people_group, the, extent, period) VALUES (133, 188, 1, NULL, 'French Revolution', NULL, NULL, NULL, NULL, 1789, NULL, NULL, 1799, NULL, NULL, NULL, NULL, NULL);
INSERT INTO event (id, cw, seq, subseq, name, primary_sentence, secondary_sentence, keywords, start_circa, start, fake_start_date, end_circa, "end", tie, people_group, the, extent, period) VALUES (134, 188, 2, NULL, 'Second Great Awakening', NULL, NULL, NULL, NULL, 1790, NULL, NULL, 1840, NULL, NULL, NULL, NULL, NULL);
INSERT INTO event (id, cw, seq, subseq, name, primary_sentence, secondary_sentence, keywords, start_circa, start, fake_start_date, end_circa, "end", tie, people_group, the, extent, period) VALUES (135, 188, 3, NULL, 'Rosetta Stone discovered', NULL, NULL, NULL, NULL, 1799, NULL, NULL, NULL, NULL, NULL, NULL, NULL, NULL);
INSERT INTO event (id, cw, seq, subseq, name, primary_sentence, secondary_sentence, keywords, start_circa, start, fake_start_date, end_circa, "end", tie, people_group, the, extent, period) VALUES (136, 188, 4, NULL, 'Louisiana Purchase', NULL, NULL, NULL, NULL, 1803, NULL, NULL, NULL, NULL, NULL, NULL, NULL, NULL);
INSERT INTO event (id, cw, seq, subseq, name, primary_sentence, secondary_sentence, keywords, start_circa, start, fake_start_date, end_circa, "end", tie, people_group, the, extent, period) VALUES (137, 188, 5, NULL, 'British East India Company rules India', NULL, NULL, NULL, NULL, 1803, NULL, NULL, 1857, NULL, NULL, NULL, NULL, NULL);
INSERT INTO event (id, cw, seq, subseq, name, primary_sentence, secondary_sentence, keywords, start_circa, start, fake_start_date, end_circa, "end", tie, people_group, the, extent, period) VALUES (138, 188, 6, NULL, 'Lewis & Clark Expedition', NULL, NULL, NULL, NULL, 1804, NULL, NULL, 1806, NULL, NULL, NULL, NULL, NULL);
INSERT INTO event (id, cw, seq, subseq, name, primary_sentence, secondary_sentence, keywords, start_circa, start, fake_start_date, end_circa, "end", tie, people_group, the, extent, period) VALUES (139, 188, 7, NULL, 'Napoleon''s European conquests', NULL, NULL, NULL, NULL, 1804, NULL, NULL, 1821, NULL, NULL, NULL, NULL, NULL);
INSERT INTO event (id, cw, seq, subseq, name, primary_sentence, secondary_sentence, keywords, start_circa, start, fake_start_date, end_circa, "end", tie, people_group, the, extent, period) VALUES (140, 189, 1, NULL, 'South American Independence', NULL, NULL, NULL, NULL, 1808, NULL, NULL, 1830, NULL, NULL, NULL, NULL, NULL);
INSERT INTO event (id, cw, seq, subseq, name, primary_sentence, secondary_sentence, keywords, start_circa, start, fake_start_date, end_circa, "end", tie, people_group, the, extent, period) VALUES (141, 189, 2, NULL, 'War of 1812', NULL, NULL, NULL, NULL, 1812, NULL, NULL, 1814, NULL, NULL, NULL, NULL, NULL);
INSERT INTO event (id, cw, seq, subseq, name, primary_sentence, secondary_sentence, keywords, start_circa, start, fake_start_date, end_circa, "end", tie, people_group, the, extent, period) VALUES (142, 189, 3, NULL, 'Missouri Compromise', NULL, NULL, NULL, NULL, 1820, NULL, NULL, NULL, NULL, NULL, NULL, NULL, NULL);
INSERT INTO event (id, cw, seq, subseq, name, primary_sentence, secondary_sentence, keywords, start_circa, start, fake_start_date, end_circa, "end", tie, people_group, the, extent, period) VALUES (143, 189, 4, NULL, 'America attracts immigrants', NULL, NULL, NULL, NULL, 1836, NULL, NULL, 1914, NULL, NULL, NULL, NULL, NULL);
INSERT INTO event (id, cw, seq, subseq, name, primary_sentence, secondary_sentence, keywords, start_circa, start, fake_start_date, end_circa, "end", tie, people_group, the, extent, period) VALUES (144, 189, 5, NULL, 'Monroe Doctrine', NULL, NULL, NULL, NULL, 1823, NULL, NULL, NULL, NULL, NULL, NULL, NULL, NULL);
INSERT INTO event (id, cw, seq, subseq, name, primary_sentence, secondary_sentence, keywords, start_circa, start, fake_start_date, end_circa, "end", tie, people_group, the, extent, period) VALUES (145, 189, 6, NULL, 'Cherokee Trail of Tears', NULL, NULL, NULL, NULL, 1838, NULL, NULL, 1839, NULL, NULL, NULL, NULL, NULL);
INSERT INTO event (id, cw, seq, subseq, name, primary_sentence, secondary_sentence, keywords, start_circa, start, fake_start_date, end_circa, "end", tie, people_group, the, extent, period) VALUES (146, 189, 7, NULL, 'Oregon Trail, Gold Rush, & Manifest Destiny', NULL, NULL, NULL, NULL, 1843, NULL, NULL, 1869, NULL, NULL, NULL, NULL, NULL);
INSERT INTO event (id, cw, seq, subseq, name, primary_sentence, secondary_sentence, keywords, start_circa, start, fake_start_date, end_circa, "end", tie, people_group, the, extent, period) VALUES (147, 190, 1, NULL, 'Marx Publishes The Communist Manifesto', NULL, NULL, NULL, NULL, 1848, NULL, NULL, NULL, NULL, NULL, NULL, NULL, NULL);
INSERT INTO event (id, cw, seq, subseq, name, primary_sentence, secondary_sentence, keywords, start_circa, start, fake_start_date, end_circa, "end", tie, people_group, the, extent, period) VALUES (148, 190, 2, NULL, 'Compromise of 1850', NULL, NULL, NULL, NULL, 1850, NULL, NULL, NULL, NULL, NULL, NULL, NULL, NULL);
INSERT INTO event (id, cw, seq, subseq, name, primary_sentence, secondary_sentence, keywords, start_circa, start, fake_start_date, end_circa, "end", tie, people_group, the, extent, period) VALUES (149, 190, 3, NULL, 'Gadsden Purchase', NULL, NULL, NULL, NULL, 1853, NULL, NULL, NULL, NULL, NULL, NULL, NULL, NULL);
INSERT INTO event (id, cw, seq, subseq, name, primary_sentence, secondary_sentence, keywords, start_circa, start, fake_start_date, end_circa, "end", tie, people_group, the, extent, period) VALUES (150, 190, 4, NULL, 'Dred Scott Decision', NULL, NULL, NULL, NULL, 1857, NULL, NULL, NULL, NULL, NULL, NULL, NULL, NULL);
INSERT INTO event (id, cw, seq, subseq, name, primary_sentence, secondary_sentence, keywords, start_circa, start, fake_start_date, end_circa, "end", tie, people_group, the, extent, period) VALUES (151, 190, 5, NULL, 'Japan''s isolationism dissolved', 'Japan''s isolationism dissolved when US Commodore Perry initiated trade...', '(Note Japan''s trade with Duch as the exception to this point)', NULL, NULL, 1853, NULL, NULL, 1854, NULL, NULL, NULL, NULL, NULL);
INSERT INTO event (id, cw, seq, subseq, name, primary_sentence, secondary_sentence, keywords, start_circa, start, fake_start_date, end_circa, "end", tie, people_group, the, extent, period) VALUES (152, 190, 6, NULL, 'Suez Canal built', NULL, NULL, NULL, NULL, 1859, NULL, NULL, 1869, NULL, NULL, NULL, NULL, NULL);
INSERT INTO event (id, cw, seq, subseq, name, primary_sentence, secondary_sentence, keywords, start_circa, start, fake_start_date, end_circa, "end", tie, people_group, the, extent, period) VALUES (153, 190, 7, NULL, 'Darwin''s "Origin of Species"', NULL, NULL, NULL, NULL, 1859, NULL, NULL, NULL, NULL, NULL, NULL, NULL, NULL);
INSERT INTO event (id, cw, seq, subseq, name, primary_sentence, secondary_sentence, keywords, start_circa, start, fake_start_date, end_circa, "end", tie, people_group, the, extent, period) VALUES (154, 191, 1, NULL, 'US Civil War', NULL, NULL, NULL, NULL, 1861, NULL, NULL, 1865, NULL, NULL, NULL, NULL, NULL);
INSERT INTO event (id, cw, seq, subseq, name, primary_sentence, secondary_sentence, keywords, start_circa, start, fake_start_date, end_circa, "end", tie, people_group, the, extent, period) VALUES (155, 191, 2, NULL, 'Atlantic slave trade ends', NULL, NULL, NULL, 1, 1865, NULL, NULL, NULL, NULL, NULL, NULL, NULL, NULL);
INSERT INTO event (id, cw, seq, subseq, name, primary_sentence, secondary_sentence, keywords, start_circa, start, fake_start_date, end_circa, "end", tie, people_group, the, extent, period) VALUES (156, 191, 3, NULL, 'Dominion of Canada', NULL, NULL, NULL, NULL, 1867, NULL, NULL, NULL, NULL, NULL, NULL, NULL, NULL);
INSERT INTO event (id, cw, seq, subseq, name, primary_sentence, secondary_sentence, keywords, start_circa, start, fake_start_date, end_circa, "end", tie, people_group, the, extent, period) VALUES (157, 191, 4, NULL, 'Otto von Bismarck unifies Germany', NULL, NULL, NULL, NULL, 1864, NULL, NULL, 1871, NULL, NULL, NULL, NULL, NULL);
INSERT INTO event (id, cw, seq, subseq, name, primary_sentence, secondary_sentence, keywords, start_circa, start, fake_start_date, end_circa, "end", tie, people_group, the, extent, period) VALUES (158, 191, 5, NULL, 'Zulu Wars & Boer Wars', NULL, NULL, NULL, 1, 1870, NULL, NULL, 1902, NULL, NULL, NULL, NULL, NULL);
INSERT INTO event (id, cw, seq, subseq, name, primary_sentence, secondary_sentence, keywords, start_circa, start, fake_start_date, end_circa, "end", tie, people_group, the, extent, period) VALUES (159, 191, 7, NULL, 'Queen Victoria named Empress of India', NULL, NULL, NULL, NULL, 1876, NULL, NULL, NULL, NULL, NULL, NULL, NULL, NULL);
INSERT INTO event (id, cw, seq, subseq, name, primary_sentence, secondary_sentence, keywords, start_circa, start, fake_start_date, end_circa, "end", tie, people_group, the, extent, period) VALUES (160, 192, 1, NULL, 'Spanish-American War', NULL, NULL, NULL, NULL, 1898, NULL, NULL, NULL, NULL, NULL, NULL, NULL, NULL);
INSERT INTO event (id, cw, seq, subseq, name, primary_sentence, secondary_sentence, keywords, start_circa, start, fake_start_date, end_circa, "end", tie, people_group, the, extent, period) VALUES (161, 192, 2, NULL, 'Commonwealth of Australia', NULL, NULL, NULL, NULL, 1901, NULL, NULL, NULL, NULL, NULL, NULL, NULL, NULL);
INSERT INTO event (id, cw, seq, subseq, name, primary_sentence, secondary_sentence, keywords, start_circa, start, fake_start_date, end_circa, "end", tie, people_group, the, extent, period) VALUES (162, 192, 3, NULL, 'Oil discovered in Iran', NULL, NULL, NULL, NULL, 1901, NULL, NULL, NULL, NULL, NULL, NULL, NULL, NULL);
INSERT INTO event (id, cw, seq, subseq, name, primary_sentence, secondary_sentence, keywords, start_circa, start, fake_start_date, end_circa, "end", tie, people_group, the, extent, period) VALUES (163, 192, 4, NULL, 'Mexican Revolution', NULL, NULL, NULL, NULL, 1910, NULL, NULL, 1920, NULL, NULL, NULL, NULL, NULL);
INSERT INTO event (id, cw, seq, subseq, name, primary_sentence, secondary_sentence, keywords, start_circa, start, fake_start_date, end_circa, "end", tie, people_group, the, extent, period) VALUES (164, 192, 5, NULL, 'World War I', NULL, NULL, NULL, NULL, 1914, NULL, NULL, 1918, NULL, NULL, NULL, NULL, NULL);
INSERT INTO event (id, cw, seq, subseq, name, primary_sentence, secondary_sentence, keywords, start_circa, start, fake_start_date, end_circa, "end", tie, people_group, the, extent, period) VALUES (165, 192, 6, NULL, 'Lenin & the October Revolution', NULL, NULL, NULL, NULL, 1917, NULL, NULL, NULL, NULL, NULL, NULL, NULL, NULL);
INSERT INTO event (id, cw, seq, subseq, name, primary_sentence, secondary_sentence, keywords, start_circa, start, fake_start_date, end_circa, "end", tie, people_group, the, extent, period) VALUES (166, 192, 7, NULL, 'Irish Republican Army fights for independence', NULL, NULL, NULL, NULL, 1919, NULL, NULL, 1922, NULL, NULL, NULL, NULL, NULL);
INSERT INTO event (id, cw, seq, subseq, name, primary_sentence, secondary_sentence, keywords, start_circa, start, fake_start_date, end_circa, "end", tie, people_group, the, extent, period) VALUES (167, 193, 1, NULL, 'Stalin, USSR, & the Katyn Massacre', NULL, NULL, NULL, NULL, 1924, NULL, NULL, 1940, NULL, NULL, NULL, NULL, NULL);
INSERT INTO event (id, cw, seq, subseq, name, primary_sentence, secondary_sentence, keywords, start_circa, start, fake_start_date, end_circa, "end", tie, people_group, the, extent, period) VALUES (168, 193, 2, NULL, 'The Great Depression & the New Deal', NULL, NULL, NULL, NULL, 1929, NULL, NULL, 1939, NULL, NULL, NULL, NULL, NULL);
INSERT INTO event (id, cw, seq, subseq, name, primary_sentence, secondary_sentence, keywords, start_circa, start, fake_start_date, end_circa, "end", tie, people_group, the, extent, period) VALUES (169, 193, 3, NULL, 'World War II', NULL, NULL, NULL, NULL, 1939, NULL, NULL, 1945, NULL, NULL, NULL, NULL, NULL);
INSERT INTO event (id, cw, seq, subseq, name, primary_sentence, secondary_sentence, keywords, start_circa, start, fake_start_date, end_circa, "end", tie, people_group, the, extent, period) VALUES (170, 193, 4, NULL, 'Atomic bombs end WWII in Japan', NULL, NULL, NULL, NULL, 1945, NULL, NULL, NULL, NULL, NULL, NULL, NULL, NULL);
INSERT INTO event (id, cw, seq, subseq, name, primary_sentence, secondary_sentence, keywords, start_circa, start, fake_start_date, end_circa, "end", tie, people_group, the, extent, period) VALUES (171, 193, 5, NULL, 'United Nations formed', NULL, NULL, NULL, NULL, 1945, NULL, NULL, NULL, NULL, NULL, NULL, NULL, NULL);
INSERT INTO event (id, cw, seq, subseq, name, primary_sentence, secondary_sentence, keywords, start_circa, start, fake_start_date, end_circa, "end", tie, people_group, the, extent, period) VALUES (172, 193, 6, NULL, 'The Cold War', NULL, NULL, NULL, NULL, 1945, NULL, NULL, 1991, NULL, NULL, NULL, NULL, NULL);
INSERT INTO event (id, cw, seq, subseq, name, primary_sentence, secondary_sentence, keywords, start_circa, start, fake_start_date, end_circa, "end", tie, people_group, the, extent, period) VALUES (173, 193, 7, NULL, 'India''s Independence', NULL, NULL, NULL, NULL, 1915, NULL, NULL, 1947, NULL, NULL, NULL, NULL, NULL);
INSERT INTO event (id, cw, seq, subseq, name, primary_sentence, secondary_sentence, keywords, start_circa, start, fake_start_date, end_circa, "end", tie, people_group, the, extent, period) VALUES (174, 194, 1, NULL, 'Dead Sea Scrolls found', NULL, NULL, NULL, NULL, 1946, NULL, NULL, 1956, NULL, NULL, NULL, NULL, NULL);
INSERT INTO event (id, cw, seq, subseq, name, primary_sentence, secondary_sentence, keywords, start_circa, start, fake_start_date, end_circa, "end", tie, people_group, the, extent, period) VALUES (175, 194, 2, NULL, 'Jewish State established', NULL, NULL, NULL, NULL, 1948, NULL, NULL, NULL, NULL, NULL, NULL, NULL, NULL);
INSERT INTO event (id, cw, seq, subseq, name, primary_sentence, secondary_sentence, keywords, start_circa, start, fake_start_date, end_circa, "end", tie, people_group, the, extent, period) VALUES (176, 194, 3, NULL, 'People''s Republic of China', NULL, NULL, NULL, NULL, 1949, NULL, NULL, NULL, NULL, NULL, NULL, NULL, NULL);
INSERT INTO event (id, cw, seq, subseq, name, primary_sentence, secondary_sentence, keywords, start_circa, start, fake_start_date, end_circa, "end", tie, people_group, the, extent, period) VALUES (177, 194, 4, NULL, 'North Atlantic Treaty Organization formed', NULL, NULL, NULL, NULL, 1949, NULL, NULL, NULL, NULL, NULL, NULL, NULL, NULL);
INSERT INTO event (id, cw, seq, subseq, name, primary_sentence, secondary_sentence, keywords, start_circa, start, fake_start_date, end_circa, "end", tie, people_group, the, extent, period) VALUES (178, 194, 5, NULL, 'Geneva Conventions', NULL, NULL, NULL, NULL, 1949, NULL, NULL, NULL, NULL, NULL, NULL, NULL, NULL);
INSERT INTO event (id, cw, seq, subseq, name, primary_sentence, secondary_sentence, keywords, start_circa, start, fake_start_date, end_circa, "end", tie, people_group, the, extent, period) VALUES (179, 194, 6, NULL, 'Korean War', NULL, NULL, NULL, NULL, 1950, NULL, NULL, 1953, NULL, NULL, NULL, NULL, NULL);
INSERT INTO event (id, cw, seq, subseq, name, primary_sentence, secondary_sentence, keywords, start_circa, start, fake_start_date, end_circa, "end", tie, people_group, the, extent, period) VALUES (180, 194, 7, NULL, 'Civil Rights Movement', NULL, NULL, NULL, 1, 1945, NULL, NULL, 1968, NULL, NULL, NULL, NULL, NULL);
INSERT INTO event (id, cw, seq, subseq, name, primary_sentence, secondary_sentence, keywords, start_circa, start, fake_start_date, end_circa, "end", tie, people_group, the, extent, period) VALUES (181, 195, 1, NULL, 'African Independence movements', NULL, NULL, NULL, NULL, 1947, NULL, NULL, 1962, NULL, NULL, NULL, NULL, NULL);
INSERT INTO event (id, cw, seq, subseq, name, primary_sentence, secondary_sentence, keywords, start_circa, start, fake_start_date, end_circa, "end", tie, people_group, the, extent, period) VALUES (182, 195, 2, NULL, 'Antarctic Treaty', NULL, NULL, NULL, NULL, 1959, NULL, NULL, NULL, NULL, NULL, NULL, NULL, NULL);
INSERT INTO event (id, cw, seq, subseq, name, primary_sentence, secondary_sentence, keywords, start_circa, start, fake_start_date, end_circa, "end", tie, people_group, the, extent, period) VALUES (183, 195, 3, NULL, 'Vietnam War', NULL, NULL, NULL, NULL, 1965, NULL, NULL, 1975, NULL, NULL, NULL, NULL, NULL);
INSERT INTO event (id, cw, seq, subseq, name, primary_sentence, secondary_sentence, keywords, start_circa, start, fake_start_date, end_circa, "end", tie, people_group, the, extent, period) VALUES (184, 195, 4, NULL, 'First Lunar Landing', NULL, NULL, NULL, NULL, 1969, NULL, NULL, NULL, NULL, NULL, NULL, NULL, NULL);
INSERT INTO event (id, cw, seq, subseq, name, primary_sentence, secondary_sentence, keywords, start_circa, start, fake_start_date, end_circa, "end", tie, people_group, the, extent, period) VALUES (185, 195, 5, NULL, 'Nixon & the Watergate scandal', NULL, NULL, NULL, NULL, 1972, NULL, NULL, 1974, NULL, NULL, NULL, NULL, NULL);
INSERT INTO event (id, cw, seq, subseq, name, primary_sentence, secondary_sentence, keywords, start_circa, start, fake_start_date, end_circa, "end", tie, people_group, the, extent, period) VALUES (186, 195, 6, NULL, 'Fall of Berlin Wall & European Communism', NULL, NULL, NULL, NULL, 1989, NULL, NULL, 1991, NULL, NULL, NULL, NULL, NULL);
INSERT INTO event (id, cw, seq, subseq, name, primary_sentence, secondary_sentence, keywords, start_circa, start, fake_start_date, end_circa, "end", tie, people_group, the, extent, period) VALUES (187, 195, 7, NULL, 'Gulf War', NULL, NULL, NULL, NULL, 1990, NULL, NULL, 1991, NULL, NULL, NULL, NULL, NULL);
INSERT INTO event (id, cw, seq, subseq, name, primary_sentence, secondary_sentence, keywords, start_circa, start, fake_start_date, end_circa, "end", tie, people_group, the, extent, period) VALUES (188, 196, 1, NULL, 'European Union formed', NULL, NULL, NULL, NULL, 1993, NULL, NULL, NULL, NULL, NULL, NULL, NULL, NULL);
INSERT INTO event (id, cw, seq, subseq, name, primary_sentence, secondary_sentence, keywords, start_circa, start, fake_start_date, end_circa, "end", tie, people_group, the, extent, period) VALUES (189, 196, 2, NULL, 'Kim Jong-il assumes control of North Korea', NULL, NULL, NULL, NULL, 1994, NULL, NULL, NULL, NULL, NULL, NULL, NULL, NULL);
INSERT INTO event (id, cw, seq, subseq, name, primary_sentence, secondary_sentence, keywords, start_circa, start, fake_start_date, end_circa, "end", tie, people_group, the, extent, period) VALUES (190, 196, 3, NULL, 'Nelson Mandela sees Apartheid Abolished', NULL, NULL, NULL, NULL, 1994, NULL, NULL, NULL, NULL, NULL, NULL, NULL, NULL);
INSERT INTO event (id, cw, seq, subseq, name, primary_sentence, secondary_sentence, keywords, start_circa, start, fake_start_date, end_circa, "end", tie, people_group, the, extent, period) VALUES (191, 196, 4, NULL, 'September 11 terrorist attacks', NULL, NULL, NULL, NULL, 2001, NULL, NULL, NULL, NULL, NULL, NULL, NULL, NULL);
INSERT INTO event (id, cw, seq, subseq, name, primary_sentence, secondary_sentence, keywords, start_circa, start, fake_start_date, end_circa, "end", tie, people_group, the, extent, period) VALUES (192, 196, 5, NULL, 'Darfur Civil War', NULL, NULL, NULL, NULL, 2003, NULL, NULL, 2009, NULL, NULL, NULL, NULL, NULL);
INSERT INTO event (id, cw, seq, subseq, name, primary_sentence, secondary_sentence, keywords, start_circa, start, fake_start_date, end_circa, "end", tie, people_group, the, extent, period) VALUES (193, 178, 1, 1, 'Yamato Period', 'The Yamato Period saw the inheritance of Chinese government organization as well as Buddhism and Confucianism, especially during the Asuka period (538–710).', NULL, NULL, NULL, 250, NULL, NULL, 710, NULL, NULL, NULL, NULL, NULL);
INSERT INTO event (id, cw, seq, subseq, name, primary_sentence, secondary_sentence, keywords, start_circa, start, fake_start_date, end_circa, "end", tie, people_group, the, extent, period) VALUES (194, 176, 2, 1, 'Three Kingdoms of Korea', 'The Three Kingdoms Period of Korea saw the centralization of states and kings who ruled with increasingly rigid, aristocratic heirarchies.', NULL, NULL, NULL, -57, NULL, NULL, 668, NULL, NULL, NULL, NULL, NULL);
INSERT INTO event (id, cw, seq, subseq, name, primary_sentence, secondary_sentence, keywords, start_circa, start, fake_start_date, end_circa, "end", tie, people_group, the, extent, period) VALUES (195, 179, 7, 1, 'Sui & Tang dynasties', 'The Sui and Tang dynasty period saw the re-unification of China, much like the Quin-Han dynasty succession saw the original unification of China.', NULL, NULL, NULL, 581, NULL, NULL, 907, NULL, NULL, NULL, NULL, NULL);
INSERT INTO event (id, cw, seq, subseq, name, primary_sentence, secondary_sentence, keywords, start_circa, start, fake_start_date, end_circa, "end", tie, people_group, the, extent, period) VALUES (196, 179, 3, 1, 'Merovech & Aetius defeat Attila', 'Merovech, Frankish, and Aetius, Roman, joined to defeat Attilla and the Huns at the Battle of the Catalaunian Plains in Gaul.', NULL, NULL, NULL, 451, NULL, NULL, NULL, NULL, NULL, NULL, NULL, NULL);
INSERT INTO event (id, cw, seq, subseq, name, primary_sentence, secondary_sentence, keywords, start_circa, start, fake_start_date, end_circa, "end", tie, people_group, the, extent, period) VALUES (197, 196, 6, NULL, 'Coronavirus pandemic', NULL, NULL, NULL, NULL, 2020, NULL, NULL, NULL, NULL, NULL, NULL, NULL, NULL);
INSERT INTO event (id, cw, seq, subseq, name, primary_sentence, secondary_sentence, keywords, start_circa, start, fake_start_date, end_circa, "end", tie, people_group, the, extent, period) VALUES (198, 187, 4, NULL, 'Industrial Revolution innovation', 'Industrial Revolution innovation included Watt''s steam engine (1765) Cartwright''s power loom (1787), Whitney''s cotton gin (1793), and Morse''s telegraph (1844).', NULL, NULL, NULL, 1765, NULL, NULL, 1844, NULL, NULL, NULL, NULL, NULL);
INSERT INTO event (id, cw, seq, subseq, name, primary_sentence, secondary_sentence, keywords, start_circa, start, fake_start_date, end_circa, "end", tie, people_group, the, extent, period) VALUES (199, 191, 6, NULL, 'Second Industrial Revolution innovation', 'Second Industrial Revolution innovation included Edison''s lightbulb (1879), Bentz''s automobile (1886), ', NULL, NULL, NULL, 1870, NULL, NULL, 1914, NULL, NULL, NULL, NULL, NULL);
INSERT INTO event (id, cw, seq, subseq, name, primary_sentence, secondary_sentence, keywords, start_circa, start, fake_start_date, end_circa, "end", tie, people_group, the, extent, period) VALUES (200, 179, 2, 2, 'Anglo-Saxons invade England', NULL, NULL, NULL, NULL, 449, NULL, NULL, NULL, NULL, NULL, NULL, NULL, NULL);
INSERT INTO event (id, cw, seq, subseq, name, primary_sentence, secondary_sentence, keywords, start_circa, start, fake_start_date, end_circa, "end", tie, people_group, the, extent, period) VALUES (201, 179, 2, 1, 'Merovius leads Franks', NULL, NULL, NULL, NULL, 447, NULL, NULL, NULL, NULL, NULL, NULL, NULL, NULL);
INSERT INTO event (id, cw, seq, subseq, name, primary_sentence, secondary_sentence, keywords, start_circa, start, fake_start_date, end_circa, "end", tie, people_group, the, extent, period) VALUES (202, 179, 7, 1, 'Augustine of Canterbury', 'Augustine of Canterbury, a Benedictine monk, was sent to England, became the Archbishop of Canterbury, and is known as the "Apostle to the English" and founder of the English Church.', NULL, NULL, NULL, 597, NULL, NULL, NULL, NULL, NULL, NULL, NULL, NULL);
INSERT INTO event (id, cw, seq, subseq, name, primary_sentence, secondary_sentence, keywords, start_circa, start, fake_start_date, end_circa, "end", tie, people_group, the, extent, period) VALUES (203, 183, 4, 1, 'Māori journey to New Zealand', NULL, NULL, NULL, 1, 1320, NULL, 1, 1350, NULL, NULL, NULL, NULL, NULL);
INSERT INTO event (id, cw, seq, subseq, name, primary_sentence, secondary_sentence, keywords, start_circa, start, fake_start_date, end_circa, "end", tie, people_group, the, extent, period) VALUES (204, 184, 6, 1, 'Ferdinand & Isabella Unite Spain', NULL, NULL, NULL, NULL, 1469, NULL, NULL, NULL, NULL, NULL, NULL, NULL, NULL);
INSERT INTO event (id, cw, seq, subseq, name, primary_sentence, secondary_sentence, keywords, start_circa, start, fake_start_date, end_circa, "end", tie, people_group, the, extent, period) VALUES (205, 185, 6, 1, 'Moghul rule of India', NULL, NULL, NULL, NULL, 1526, NULL, NULL, 1761, NULL, NULL, NULL, NULL, NULL);
INSERT INTO event (id, cw, seq, subseq, name, primary_sentence, secondary_sentence, keywords, start_circa, start, fake_start_date, end_circa, "end", tie, people_group, the, extent, period) VALUES (206, 185, 5, 1, 'Copernicus, Galileo, Kepler, & Newton', 'Copernicus, Galileo, Kepler, & Newton fuel the Scientific Revolution with their discoveries and advances in scientific unerstanding.', 'Copernicus'' work (c.1514-1540),
Galileo''s work (1607-1638),
Kepler''s work (1603-1638), and
Newton''s work (1669-1733
)', NULL, NULL, 1514, NULL, NULL, 1733, NULL, NULL, NULL, NULL, NULL);

-- Table: event_location
DROP TABLE IF EXISTS event_location;
CREATE TABLE event_location (event INTEGER REFERENCES event (id) ON DELETE RESTRICT ON UPDATE CASCADE NOT NULL, location INTEGER REFERENCES location (id) ON DELETE RESTRICT ON UPDATE CASCADE NOT NULL, UNIQUE (event, location));
INSERT INTO event_location (event, location) VALUES (5, 3);
INSERT INTO event_location (event, location) VALUES (5, 4);
INSERT INTO event_location (event, location) VALUES (6, 10);

-- Table: event_resource
DROP TABLE IF EXISTS event_resource;
CREATE TABLE event_resource (id INTEGER PRIMARY KEY AUTOINCREMENT, event INTEGER REFERENCES event (id) ON DELETE RESTRICT ON UPDATE CASCADE NOT NULL, resource INTEGER REFERENCES resource (id) ON DELETE RESTRICT ON UPDATE CASCADE NOT NULL, reference1 STRING, reference2 STRING, priority INTEGER, "order" INTEGER, UNIQUE (event, priority, "order"));
INSERT INTO event_resource (id, event, resource, reference1, reference2, priority, "order") VALUES (1, 24, 1, 'ch', 26, 1, 1);
INSERT INTO event_resource (id, event, resource, reference1, reference2, priority, "order") VALUES (2, 31, 1, 'ch', 27, 1, 1);
INSERT INTO event_resource (id, event, resource, reference1, reference2, priority, "order") VALUES (3, 39, 1, 'ch', 27, 1, 1);
INSERT INTO event_resource (id, event, resource, reference1, reference2, priority, "order") VALUES (4, 39, 1, 'ch', 28, 1, 2);
INSERT INTO event_resource (id, event, resource, reference1, reference2, priority, "order") VALUES (5, 40, 1, 'ch', 26, 1, 1);
INSERT INTO event_resource (id, event, resource, reference1, reference2, priority, "order") VALUES (6, 41, 1, 'ch', 33, 1, 1);
INSERT INTO event_resource (id, event, resource, reference1, reference2, priority, "order") VALUES (7, 42, 1, 'ch', 23, 1, 2);
INSERT INTO event_resource (id, event, resource, reference1, reference2, priority, "order") VALUES (8, 42, 1, 'ch', 24, 1, 3);
INSERT INTO event_resource (id, event, resource, reference1, reference2, priority, "order") VALUES (9, 42, 1, 'ch', 22, 1, 1);
INSERT INTO event_resource (id, event, resource, reference1, reference2, priority, "order") VALUES (10, 43, 1, 'ch', 24, 1, 1);
INSERT INTO event_resource (id, event, resource, reference1, reference2, priority, "order") VALUES (11, 44, 1, 'ch', 25, 1, 1);
INSERT INTO event_resource (id, event, resource, reference1, reference2, priority, "order") VALUES (12, 46, 1, 'ch', 30, 1, 1);
INSERT INTO event_resource (id, event, resource, reference1, reference2, priority, "order") VALUES (13, 46, 1, 'ch', 31, 1, 2);
INSERT INTO event_resource (id, event, resource, reference1, reference2, priority, "order") VALUES (14, 47, 1, 'ch', 29, 1, 1);
INSERT INTO event_resource (id, event, resource, reference1, reference2, priority, "order") VALUES (15, 48, 1, 'ch', 29, 1, 1);
INSERT INTO event_resource (id, event, resource, reference1, reference2, priority, "order") VALUES (16, 49, 1, 'ch', 34, 1, 1);
INSERT INTO event_resource (id, event, resource, reference1, reference2, priority, "order") VALUES (17, 49, 1, 'ch', 35, 1, 2);
INSERT INTO event_resource (id, event, resource, reference1, reference2, priority, "order") VALUES (18, 50, 1, 'ch', 36, 1, 1);
INSERT INTO event_resource (id, event, resource, reference1, reference2, priority, "order") VALUES (19, 99, 1, 'ch', 32, 1, 1);
INSERT INTO event_resource (id, event, resource, reference1, reference2, priority, "order") VALUES (20, 54, 1, 'ch', 37, 1, 1);
INSERT INTO event_resource (id, event, resource, reference1, reference2, priority, "order") VALUES (21, 58, 1, 'ch', 39, 1, 1);
INSERT INTO event_resource (id, event, resource, reference1, reference2, priority, "order") VALUES (22, 60, 1, 'ch', 38, 1, 1);
INSERT INTO event_resource (id, event, resource, reference1, reference2, priority, "order") VALUES (23, 62, 2, 'ch', 32, 1, 1);
INSERT INTO event_resource (id, event, resource, reference1, reference2, priority, "order") VALUES (24, 64, 1, 'ch', 40, 1, 1);
INSERT INTO event_resource (id, event, resource, reference1, reference2, priority, "order") VALUES (25, 65, 1, 'ch', 39, 1, 1);
INSERT INTO event_resource (id, event, resource, reference1, reference2, priority, "order") VALUES (26, 193, 2, 'ch', 9, 1, 1);
INSERT INTO event_resource (id, event, resource, reference1, reference2, priority, "order") VALUES (27, 194, 2, 'ch', 9, 1, 1);
INSERT INTO event_resource (id, event, resource, reference1, reference2, priority, "order") VALUES (28, 195, 2, 'ch', 8, 1, 1);
INSERT INTO event_resource (id, event, resource, reference1, reference2, priority, "order") VALUES (29, 70, 1, 'ch', 41, 1, 1);
INSERT INTO event_resource (id, event, resource, reference1, reference2, priority, "order") VALUES (30, 72, 1, 'ch', 42, 1, 1);
INSERT INTO event_resource (id, event, resource, reference1, reference2, priority, "order") VALUES (31, 72, 2, 'ch', 1, 1, 2);
INSERT INTO event_resource (id, event, resource, reference1, reference2, priority, "order") VALUES (32, 73, 2, 'ch', 29, 1, 1);
INSERT INTO event_resource (id, event, resource, reference1, reference2, priority, "order") VALUES (33, 74, 2, 'ch', 4, 1, 1);
INSERT INTO event_resource (id, event, resource, reference1, reference2, priority, "order") VALUES (34, 75, 2, 'ch', 3, 1, 1);
INSERT INTO event_resource (id, event, resource, reference1, reference2, priority, "order") VALUES (35, 76, 2, 'ch', 6, 1, 1);
INSERT INTO event_resource (id, event, resource, reference1, reference2, priority, "order") VALUES (36, 77, 2, 'ch', 7, 1, 1);
INSERT INTO event_resource (id, event, resource, reference1, reference2, priority, "order") VALUES (37, 77, 2, 'ch', 12, 1, 2);
INSERT INTO event_resource (id, event, resource, reference1, reference2, priority, "order") VALUES (38, 77, 2, 'ch', 29, 1, 3);
INSERT INTO event_resource (id, event, resource, reference1, reference2, priority, "order") VALUES (39, 66, 2, 'ch', 5, 1, 1);
INSERT INTO event_resource (id, event, resource, reference1, reference2, priority, "order") VALUES (40, 6, 1, 'ch', 2, 1, 1);
INSERT INTO event_resource (id, event, resource, reference1, reference2, priority, "order") VALUES (41, 6, 1, 'ch', 3, 1, 2);
INSERT INTO event_resource (id, event, resource, reference1, reference2, priority, "order") VALUES (42, 6, 1, 'ch', 4, 1, 3);
INSERT INTO event_resource (id, event, resource, reference1, reference2, priority, "order") VALUES (43, 5, 1, 'ch', 3, 1, 1);
INSERT INTO event_resource (id, event, resource, reference1, reference2, priority, "order") VALUES (44, 5, 1, 'ch', 5, 1, 2);
INSERT INTO event_resource (id, event, resource, reference1, reference2, priority, "order") VALUES (45, 13, 1, 'ch', 6, 1, 1);
INSERT INTO event_resource (id, event, resource, reference1, reference2, priority, "order") VALUES (46, 15, 1, 'ch', 7, 1, 1);
INSERT INTO event_resource (id, event, resource, reference1, reference2, priority, "order") VALUES (47, 14, 1, 'ch', 8, 1, 1);
INSERT INTO event_resource (id, event, resource, reference1, reference2, priority, "order") VALUES (48, 9, 1, 'ch', 9, 1, 1);
INSERT INTO event_resource (id, event, resource, reference1, reference2, priority, "order") VALUES (49, 19, 1, 'ch', 10, 1, 1);
INSERT INTO event_resource (id, event, resource, reference1, reference2, priority, "order") VALUES (50, 16, 1, 'ch', 12, 1, 1);
INSERT INTO event_resource (id, event, resource, reference1, reference2, priority, "order") VALUES (51, 20, 1, 'ch', 13, 1, 1);
INSERT INTO event_resource (id, event, resource, reference1, reference2, priority, "order") VALUES (52, 21, 1, 'ch', 14, 1, 1);
INSERT INTO event_resource (id, event, resource, reference1, reference2, priority, "order") VALUES (53, 8, 1, 'ch', 15, 1, 1);
INSERT INTO event_resource (id, event, resource, reference1, reference2, priority, "order") VALUES (54, 32, 1, 'ch', 16, 1, 1);
INSERT INTO event_resource (id, event, resource, reference1, reference2, priority, "order") VALUES (55, 34, 1, 'ch', 17, 1, 1);
INSERT INTO event_resource (id, event, resource, reference1, reference2, priority, "order") VALUES (56, 10, 1, 'ch', 18, 1, 1);
INSERT INTO event_resource (id, event, resource, reference1, reference2, priority, "order") VALUES (57, 10, 1, 'ch', 19, 1, 2);
INSERT INTO event_resource (id, event, resource, reference1, reference2, priority, "order") VALUES (58, 25, 1, 'ch', 19, 1, 1);
INSERT INTO event_resource (id, event, resource, reference1, reference2, priority, "order") VALUES (59, 30, 1, 'ch', 20, 1, 1);
INSERT INTO event_resource (id, event, resource, reference1, reference2, priority, "order") VALUES (60, 36, 1, 'ch', 21, 1, 1);
INSERT INTO event_resource (id, event, resource, reference1, reference2, priority, "order") VALUES (61, 200, 2, 'ch', 2, 1, 1);
INSERT INTO event_resource (id, event, resource, reference1, reference2, priority, "order") VALUES (62, 201, 2, 'ch', 11, 1, 1);
INSERT INTO event_resource (id, event, resource, reference1, reference2, priority, "order") VALUES (63, 202, 2, 'ch', 3, 1, 1);
INSERT INTO event_resource (id, event, resource, reference1, reference2, priority, "order") VALUES (64, 203, 2, 'ch', 10, 1, 1);
INSERT INTO event_resource (id, event, resource, reference1, reference2, priority, "order") VALUES (65, 79, 2, 'ch', 14, 1, 1);
INSERT INTO event_resource (id, event, resource, reference1, reference2, priority, "order") VALUES (66, 79, 2, 'ch', 15, 1, 2);
INSERT INTO event_resource (id, event, resource, reference1, reference2, priority, "order") VALUES (67, 82, 2, 'ch', 15, 1, 1);
INSERT INTO event_resource (id, event, resource, reference1, reference2, priority, "order") VALUES (68, 81, 2, 'ch', 13, 1, 1);
INSERT INTO event_resource (id, event, resource, reference1, reference2, priority, "order") VALUES (69, 83, 2, 'ch', 23, 1, 1);
INSERT INTO event_resource (id, event, resource, reference1, reference2, priority, "order") VALUES (70, 88, 2, 'ch', 15, 1, 1);
INSERT INTO event_resource (id, event, resource, reference1, reference2, priority, "order") VALUES (71, 88, 2, 'ch', 16, 1, 2);
INSERT INTO event_resource (id, event, resource, reference1, reference2, priority, "order") VALUES (72, 88, 2, 'ch', 17, 1, 3);
INSERT INTO event_resource (id, event, resource, reference1, reference2, priority, "order") VALUES (73, 89, 2, 'ch', 18, 1, 1);
INSERT INTO event_resource (id, event, resource, reference1, reference2, priority, "order") VALUES (74, 89, 2, 'ch', 20, 1, 2);
INSERT INTO event_resource (id, event, resource, reference1, reference2, priority, "order") VALUES (75, 94, 2, 'ch', 17, 1, 1);
INSERT INTO event_resource (id, event, resource, reference1, reference2, priority, "order") VALUES (76, 95, 2, 'ch', 21, 1, 1);
INSERT INTO event_resource (id, event, resource, reference1, reference2, priority, "order") VALUES (77, 96, 2, 'ch', 19, 1, 1);
INSERT INTO event_resource (id, event, resource, reference1, reference2, priority, "order") VALUES (78, 97, 2, 'ch', 29, 1, 1);
INSERT INTO event_resource (id, event, resource, reference1, reference2, priority, "order") VALUES (79, 98, 2, 'ch', 24, 1, 1);
INSERT INTO event_resource (id, event, resource, reference1, reference2, priority, "order") VALUES (80, 101, 2, 'ch', 22, 1, 1);
INSERT INTO event_resource (id, event, resource, reference1, reference2, priority, "order") VALUES (81, 104, 2, 'ch', 25, 1, 1);
INSERT INTO event_resource (id, event, resource, reference1, reference2, priority, "order") VALUES (82, 112, 2, 'ch', 29, 1, 1);
INSERT INTO event_resource (id, event, resource, reference1, reference2, priority, "order") VALUES (83, 103, 2, 'ch', 26, 1, 1);
INSERT INTO event_resource (id, event, resource, reference1, reference2, priority, "order") VALUES (84, 103, 2, 'ch', 27, 1, 2);
INSERT INTO event_resource (id, event, resource, reference1, reference2, priority, "order") VALUES (85, 116, 2, 'ch', 31, 1, 1);
INSERT INTO event_resource (id, event, resource, reference1, reference2, priority, "order") VALUES (86, 117, 2, 'ch', 31, 1, 1);
INSERT INTO event_resource (id, event, resource, reference1, reference2, priority, "order") VALUES (87, 119, 2, 'ch', 31, 1, 1);
INSERT INTO event_resource (id, event, resource, reference1, reference2, priority, "order") VALUES (88, 92, 2, 'ch', 32, 1, 1);
INSERT INTO event_resource (id, event, resource, reference1, reference2, priority, "order") VALUES (89, 109, 2, 'ch', 33, 1, 1);
INSERT INTO event_resource (id, event, resource, reference1, reference2, priority, "order") VALUES (90, 118, 2, 'ch', 34, 1, 1);
INSERT INTO event_resource (id, event, resource, reference1, reference2, priority, "order") VALUES (91, 111, 2, 'ch', 35, 1, 1);
INSERT INTO event_resource (id, event, resource, reference1, reference2, priority, "order") VALUES (92, 118, 2, 'ch', 36, 1, 2);
INSERT INTO event_resource (id, event, resource, reference1, reference2, priority, "order") VALUES (93, 122, 2, 'ch', 36, 1, 1);
INSERT INTO event_resource (id, event, resource, reference1, reference2, priority, "order") VALUES (94, 123, 2, 'ch', 36, 1, 1);

-- Table: event_web_resource
DROP TABLE IF EXISTS event_web_resource;
CREATE TABLE event_web_resource (id INTEGER PRIMARY KEY AUTOINCREMENT, event INTEGER REFERENCES event (id) ON DELETE RESTRICT ON UPDATE CASCADE, url STRING);
INSERT INTO event_web_resource (id, event, url) VALUES (1, 15, 'https://www.gotquestions.org/Moses-Hammurabi-code.html');

-- Table: extent
DROP TABLE IF EXISTS extent;
CREATE TABLE extent (id INTEGER PRIMARY KEY AUTOINCREMENT, north INTEGER REFERENCES location (id) ON DELETE RESTRICT ON UPDATE CASCADE, south INTEGER REFERENCES location (id) ON DELETE CASCADE ON UPDATE RESTRICT, east INTEGER REFERENCES location (id) ON DELETE CASCADE ON UPDATE RESTRICT, west INTEGER REFERENCES location (id) ON DELETE RESTRICT ON UPDATE CASCADE);
INSERT INTO extent (id, north, south, east, west) VALUES (1, NULL, 18, 2, 1);
INSERT INTO extent (id, north, south, east, west) VALUES (2, 20, 16, 12, NULL);

-- Table: grammar_audio
DROP TABLE IF EXISTS grammar_audio;
CREATE TABLE grammar_audio (id INTEGER PRIMARY KEY AUTOINCREMENT, base_url STRING);
INSERT INTO grammar_audio (id, base_url) VALUES (1, 'history/c1w1-creation');
INSERT INTO grammar_audio (id, base_url) VALUES (2, 'history/c1w2-sumerians');
INSERT INTO grammar_audio (id, base_url) VALUES (3, 'history/c1w3-egyptians');
INSERT INTO grammar_audio (id, base_url) VALUES (4, 'history/c1w4-israelites');
INSERT INTO grammar_audio (id, base_url) VALUES (5, 'history/c1w5-hammurabi');
INSERT INTO grammar_audio (id, base_url) VALUES (6, 'history/c1w6-israel-united');
INSERT INTO grammar_audio (id, base_url) VALUES (7, 'science/c1w1-atom');
INSERT INTO grammar_audio (id, base_url) VALUES (8, 'science/c1w2-molecule');
INSERT INTO grammar_audio (id, base_url) VALUES (9, 'science/c1w3-mass');

-- Table: history
DROP TABLE IF EXISTS history;
CREATE TABLE history (id INTEGER PRIMARY KEY AUTOINCREMENT, cw INTEGER REFERENCES cycle_week (id) ON DELETE RESTRICT ON UPDATE CASCADE, event INTEGER REFERENCES event (id) ON DELETE RESTRICT ON UPDATE CASCADE UNIQUE NOT NULL);
INSERT INTO history (id, cw, event) VALUES (1, 3, 6);
INSERT INTO history (id, cw, event) VALUES (2, 2, 5);
INSERT INTO history (id, cw, event) VALUES (3, 1, 1);
INSERT INTO history (id, cw, event) VALUES (4, 29, 10);
INSERT INTO history (id, cw, event) VALUES (5, 4, 13);
INSERT INTO history (id, cw, event) VALUES (6, 5, 15);
INSERT INTO history (id, cw, event) VALUES (7, 6, 26);
INSERT INTO history (id, cw, event) VALUES (8, 7, 32);
INSERT INTO history (id, cw, event) VALUES (9, 8, 36);
INSERT INTO history (id, cw, event) VALUES (10, 9, 44);
INSERT INTO history (id, cw, event) VALUES (11, 10, 54);
INSERT INTO history (id, cw, event) VALUES (12, 11, 59);
INSERT INTO history (id, cw, event) VALUES (13, 12, 71);
INSERT INTO history (id, cw, event) VALUES (14, 13, 76);
INSERT INTO history (id, cw, event) VALUES (15, 14, 98);

-- Table: history_grammar_audio
DROP TABLE IF EXISTS history_grammar_audio;
CREATE TABLE history_grammar_audio (history INTEGER REFERENCES history (id) ON DELETE CASCADE ON UPDATE CASCADE, audio INTEGER REFERENCES grammar_audio (id) ON DELETE CASCADE ON UPDATE CASCADE);
INSERT INTO history_grammar_audio (history, audio) VALUES (3, 1);
INSERT INTO history_grammar_audio (history, audio) VALUES (2, 2);
INSERT INTO history_grammar_audio (history, audio) VALUES (1, 3);
INSERT INTO history_grammar_audio (history, audio) VALUES (5, 4);
INSERT INTO history_grammar_audio (history, audio) VALUES (6, 5);
INSERT INTO history_grammar_audio (history, audio) VALUES (7, 6);

-- Table: latin
DROP TABLE IF EXISTS latin;
CREATE TABLE latin (id INTEGER PRIMARY KEY AUTOINCREMENT, cw INTEGER REFERENCES cycle_week (id) ON DELETE RESTRICT ON UPDATE CASCADE, name STRING NOT NULL, pattern STRING NOT NULL, example STRING, example_worked STRING, example_translated STRING, UNIQUE (pattern, example, example_worked));
INSERT INTO latin (id, cw, name, pattern, example, example_worked, example_translated) VALUES (1, 3, 'first conjugation, present tense', 'ō, s, t; mus, tis, nt', 'amare (to love)', 'amō, amās, amat; amāmus, amātis, amant', 'I love, you love, he/she/it loves; we love, you all love, they love');
INSERT INTO latin (id, cw, name, pattern, example, example_worked, example_translated) VALUES (2, 4, 'first conjugation, present tense', 'ō, s, t; mus, tis, nt', 'videre (to see)', 'videō, vidēs, videt; vidēmus, vidētis, vident', 'I see, you see, he/she/it sees; we see, you all see, they see');
INSERT INTO latin (id, cw, name, pattern, example, example_worked, example_translated) VALUES (3, 7, 'noun cases', 'subject: nominative, possessive: genetive, indirect-object: dative, direct-object: accusative, object-of-the-preposition: ablative', NULL, NULL, NULL);
INSERT INTO latin (id, cw, name, pattern, example, example_worked, example_translated) VALUES (4, 10, 'noun: first declension', 'a, ae, ae, am, a (singular); ae, arum, is, as, is (plural) [SPIDO]', 'stella (star)', 'stella, stellae, stellae, stellam, stella; stellae, stellarum, stellis, stellas, stellis', NULL);
INSERT INTO latin (id, cw, name, pattern, example, example_worked, example_translated) VALUES (5, 11, 'noun: first declension', 'a, ae, ae, am, a (singular); ae, arum, is, as, is (plural) [SPIDO]', 'rosa (rose)', 'rosa, rosae, rosae, rosam, rosa; rosae, rosarum, rosis, rosas, rosis', NULL);
INSERT INTO latin (id, cw, name, pattern, example, example_worked, example_translated) VALUES (6, 14, 'noun: second declension', 'us, i, o, um, o (singular); i, orum, is, os, is (plural) [SPIDO]', 'filius (son)', 'filius, filii, filio, filium, filio; filii, filiorum, filiis, filios, filiis', NULL);

-- Table: latin_vocabulary
DROP TABLE IF EXISTS latin_vocabulary;
CREATE TABLE latin_vocabulary (id INTEGER PRIMARY KEY AUTOINCREMENT, cw INTEGER REFERENCES cycle_week (id) ON DELETE RESTRICT ON UPDATE CASCADE, word STRING NOT NULL UNIQUE, pos INTEGER REFERENCES part_of_speech (id) ON DELETE RESTRICT ON UPDATE CASCADE NOT NULL, translation STRING);
INSERT INTO latin_vocabulary (id, cw, word, pos, translation) VALUES (1, 1, 'amīcus, amīcī', 1, 'friend');
INSERT INTO latin_vocabulary (id, cw, word, pos, translation) VALUES (2, 1, 'bene', 3, 'well, best');
INSERT INTO latin_vocabulary (id, cw, word, pos, translation) VALUES (3, 1, 'sagāx, sagāc', 3, 'wise');
INSERT INTO latin_vocabulary (id, cw, word, pos, translation) VALUES (4, 1, 'pater, patris', 1, 'father');
INSERT INTO latin_vocabulary (id, cw, word, pos, translation) VALUES (5, 1, 'māter, mātris', 1, 'mother');
INSERT INTO latin_vocabulary (id, cw, word, pos, translation) VALUES (6, 2, 'lūx, lūcis', 1, 'light');
INSERT INTO latin_vocabulary (id, cw, word, pos, translation) VALUES (8, 2, 'omnis', 3, 'all, every');
INSERT INTO latin_vocabulary (id, cw, word, pos, translation) VALUES (9, 2, 'labor, labōris', 1, 'effort, toil, labor');
INSERT INTO latin_vocabulary (id, cw, word, pos, translation) VALUES (10, 2, 'vēritās, vēritātis', 1, 'truth');
INSERT INTO latin_vocabulary (id, cw, word, pos, translation) VALUES (11, 2, 'viritūs, virtūtis', 1, 'virtue, courage');
INSERT INTO latin_vocabulary (id, cw, word, pos, translation) VALUES (12, 2, 'vōx, vōcis', 1, 'voice, cry');
INSERT INTO latin_vocabulary (id, cw, word, pos, translation) VALUES (13, 5, 'soror, sorōris', 1, 'sister');
INSERT INTO latin_vocabulary (id, cw, word, pos, translation) VALUES (15, 5, 'hesterno', 5, 'yesterday');
INSERT INTO latin_vocabulary (id, cw, word, pos, translation) VALUES (16, 5, 'hodie', 5, 'today');
INSERT INTO latin_vocabulary (id, cw, word, pos, translation) VALUES (17, 5, 'semper', 5, 'always, ever');
INSERT INTO latin_vocabulary (id, cw, word, pos, translation) VALUES (19, 5, 'frigidus', 3, 'cold, winter');
INSERT INTO latin_vocabulary (id, cw, word, pos, translation) VALUES (20, 5, 'īgnis', 1, 'fire');
INSERT INTO latin_vocabulary (id, cw, word, pos, translation) VALUES (21, 6, 'glōria, glōriae', 1, 'glory, fame');
INSERT INTO latin_vocabulary (id, cw, word, pos, translation) VALUES (22, 6, 'juvenis', 1, 'juvenile, youth');
INSERT INTO latin_vocabulary (id, cw, word, pos, translation) VALUES (23, 6, 'lingua, linguae', 1, 'language, speech');
INSERT INTO latin_vocabulary (id, cw, word, pos, translation) VALUES (24, 6, 'lūdus, lūdī', 1, 'game, sport');
INSERT INTO latin_vocabulary (id, cw, word, pos, translation) VALUES (25, 6, 'lūdiō, lūdiōnis', 1, 'player, actor, dancer');
INSERT INTO latin_vocabulary (id, cw, word, pos, translation) VALUES (26, 8, 'pāx', 1, 'peace');
INSERT INTO latin_vocabulary (id, cw, word, pos, translation) VALUES (27, 8, 'clāmor', 1, 'shout, shouting');
INSERT INTO latin_vocabulary (id, cw, word, pos, translation) VALUES (28, 8, 'adventus', 1, 'arrival, coming');
INSERT INTO latin_vocabulary (id, cw, word, pos, translation) VALUES (29, 8, 'via', 1, 'way, road');
INSERT INTO latin_vocabulary (id, cw, word, pos, translation) VALUES (30, 8, 'vita', 1, 'life');
INSERT INTO latin_vocabulary (id, cw, word, pos, translation) VALUES (31, 8, 'iter', 1, 'journey, march, route');
INSERT INTO latin_vocabulary (id, cw, word, pos, translation) VALUES (32, 9, 'prīnceps', 1, 'chief, primary leader');
INSERT INTO latin_vocabulary (id, cw, word, pos, translation) VALUES (34, 9, 'fidēs', 1, 'faith, faithfulness');
INSERT INTO latin_vocabulary (id, cw, word, pos, translation) VALUES (35, 9, 'fortis', 1, 'brave, strong');
INSERT INTO latin_vocabulary (id, cw, word, pos, translation) VALUES (36, 9, 'difficilis', 1, 'difficult');
INSERT INTO latin_vocabulary (id, cw, word, pos, translation) VALUES (37, 9, 'facilis', 1, 'easy');
INSERT INTO latin_vocabulary (id, cw, word, pos, translation) VALUES (38, 12, 'memoria', 1, 'memory, recall');
INSERT INTO latin_vocabulary (id, cw, word, pos, translation) VALUES (39, 12, 'nihil', 1, 'nothing');
INSERT INTO latin_vocabulary (id, cw, word, pos, translation) VALUES (40, 12, 'nefas', 1, 'wrong, sin');
INSERT INTO latin_vocabulary (id, cw, word, pos, translation) VALUES (41, 12, 'exerceo', 1, 'exercise, train');
INSERT INTO latin_vocabulary (id, cw, word, pos, translation) VALUES (42, 12, 'exspecto', 4, 'expect, look for');
INSERT INTO latin_vocabulary (id, cw, word, pos, translation) VALUES (43, 12, 'exulto', 4, 'exult, be joyful');
INSERT INTO latin_vocabulary (id, cw, word, pos, translation) VALUES (44, 13, 'capax', 3, 'capable');
INSERT INTO latin_vocabulary (id, cw, word, pos, translation) VALUES (45, 13, 'scandere', 4, 'to climb');
INSERT INTO latin_vocabulary (id, cw, word, pos, translation) VALUES (46, 13, 'delere', 4, 'blotted out (“deleted”)');
INSERT INTO latin_vocabulary (id, cw, word, pos, translation) VALUES (47, 13, 'diligere', 4, 'love, take delight in');
INSERT INTO latin_vocabulary (id, cw, word, pos, translation) VALUES (48, 13, 'exemplum', 1, 'imitation, sample');
INSERT INTO latin_vocabulary (id, cw, word, pos, translation) VALUES (49, 13, 'flos', 1, 'flower');
INSERT INTO latin_vocabulary (id, cw, word, pos, translation) VALUES (50, 12, 'gusto', 1, 'taste');
INSERT INTO latin_vocabulary (id, cw, word, pos, translation) VALUES (51, 9, 'nōmen', 1, 'name');
INSERT INTO latin_vocabulary (id, cw, word, pos, translation) VALUES (600, 1, 'frāter, frātris', 1, 'brother');

-- Table: leadership_role
DROP TABLE IF EXISTS leadership_role;
CREATE TABLE leadership_role (id INTEGER PRIMARY KEY AUTOINCREMENT, name STRING);
INSERT INTO leadership_role (id, name) VALUES (1, 'Community Coordinator');
INSERT INTO leadership_role (id, name) VALUES (2, 'Art Coordinator');
INSERT INTO leadership_role (id, name) VALUES (3, 'Science Coordinator');
INSERT INTO leadership_role (id, name) VALUES (4, 'Tutor');
INSERT INTO leadership_role (id, name) VALUES (5, 'Board Member');

-- Table: location
DROP TABLE IF EXISTS location;
CREATE TABLE location (id INTEGER PRIMARY KEY AUTOINCREMENT, cw INTEGER NOT NULL, name TEXT NOT NULL, city BOOLEAN NOT NULL DEFAULT 0, feature BOOLEAN NOT NULL DEFAULT 0, FOREIGN KEY (cw) REFERENCES cycle_week (id) ON UPDATE RESTRICT ON DELETE RESTRICT, UNIQUE (cw, name));
INSERT INTO location (id, cw, name, city, feature) VALUES (1, 1, 'Euphrates River', 0, 1);
INSERT INTO location (id, cw, name, city, feature) VALUES (2, 1, 'Tigris River', 0, 1);
INSERT INTO location (id, cw, name, city, feature) VALUES (3, 1, 'Mesopotamia', 0, 0);
INSERT INTO location (id, cw, name, city, feature) VALUES (4, 1, 'Sumer', 0, 0);
INSERT INTO location (id, cw, name, city, feature) VALUES (5, 1, 'Akkad', 1, 0);
INSERT INTO location (id, cw, name, city, feature) VALUES (6, 1, 'Ur', 1, 0);
INSERT INTO location (id, cw, name, city, feature) VALUES (7, 1, 'Uruk', 1, 0);
INSERT INTO location (id, cw, name, city, feature) VALUES (8, 85, 'Eridu', 1, 0);
INSERT INTO location (id, cw, name, city, feature) VALUES (9, 1, 'AAA', 0, 0);
INSERT INTO location (id, cw, name, city, feature) VALUES (10, 2, 'Nile Valley', 0, 0);
INSERT INTO location (id, cw, name, city, feature) VALUES (11, 2, 'Nile River', 0, 1);
INSERT INTO location (id, cw, name, city, feature) VALUES (12, 2, 'Red Sea', 0, 1);
INSERT INTO location (id, cw, name, city, feature) VALUES (13, 2, 'Upper Egypt', 0, 0);
INSERT INTO location (id, cw, name, city, feature) VALUES (14, 2, 'Lower Egypt', 0, 0);
INSERT INTO location (id, cw, name, city, feature) VALUES (15, 2, 'Memphis', 1, 0);
INSERT INTO location (id, cw, name, city, feature) VALUES (16, 2, 'Nubia', 0, 0);
INSERT INTO location (id, cw, name, city, feature) VALUES (17, 1, 'Arabian Desert', 0, 1);
INSERT INTO location (id, cw, name, city, feature) VALUES (18, 1, 'Persian Gulf', 0, 1);
INSERT INTO location (id, cw, name, city, feature) VALUES (19, 2, 'Nile Delta', 0, 1);
INSERT INTO location (id, cw, name, city, feature) VALUES (20, 2, 'Mediterranean Sea', 0, 1);
INSERT INTO location (id, cw, name, city, feature) VALUES (21, 29, 'Mediterranean Sea', 0, 1);
INSERT INTO location (id, cw, name, city, feature) VALUES (22, 29, 'Europe', 0, 0);
INSERT INTO location (id, cw, name, city, feature) VALUES (23, 5, 'India', 0, 0);
INSERT INTO location (id, cw, name, city, feature) VALUES (24, 169, 'World', 0, 0);

-- Table: new_user_invitation
DROP TABLE IF EXISTS new_user_invitation;
CREATE TABLE new_user_invitation (id INTEGER PRIMARY KEY AUTOINCREMENT, person INTEGER REFERENCES person (id) ON DELETE CASCADE ON UPDATE CASCADE, code STRING UNIQUE, issue_date DATE, accepted_date DATE, confirmation_problems STRING);
INSERT INTO new_user_invitation (id, person, code, issue_date, accepted_date, confirmation_problems) VALUES (1, 12, 'bueihdw584a8', '2020-06-05', NULL, NULL);
INSERT INTO new_user_invitation (id, person, code, issue_date, accepted_date, confirmation_problems) VALUES (2, 10, '5nxt919rz7hp', '2020-06-05', NULL, NULL);
INSERT INTO new_user_invitation (id, person, code, issue_date, accepted_date, confirmation_problems) VALUES (3, 46, 'dncgpq2zmvty', '2020-06-05', NULL, NULL);
INSERT INTO new_user_invitation (id, person, code, issue_date, accepted_date, confirmation_problems) VALUES (4, 7, 'il07ntpcxu06', '2020-06-05', NULL, NULL);
INSERT INTO new_user_invitation (id, person, code, issue_date, accepted_date, confirmation_problems) VALUES (5, 29, 'xk5j1bvtrubr', '2020-06-05', NULL, NULL);
INSERT INTO new_user_invitation (id, person, code, issue_date, accepted_date, confirmation_problems) VALUES (6, 25, 'dpine1q1gcu1', '2020-06-05', NULL, NULL);
INSERT INTO new_user_invitation (id, person, code, issue_date, accepted_date, confirmation_problems) VALUES (7, 35, '32ms1ug4a4q2', '2020-06-05', NULL, NULL);
INSERT INTO new_user_invitation (id, person, code, issue_date, accepted_date, confirmation_problems) VALUES (8, 55, 'z2sgj9tn0llh', '2020-06-05', NULL, NULL);
INSERT INTO new_user_invitation (id, person, code, issue_date, accepted_date, confirmation_problems) VALUES (9, 51, '74tqgvndzirm', '2020-06-05', NULL, NULL);
INSERT INTO new_user_invitation (id, person, code, issue_date, accepted_date, confirmation_problems) VALUES (10, 17, 'w75e9oqo3qfx', '2020-06-05', NULL, NULL);
INSERT INTO new_user_invitation (id, person, code, issue_date, accepted_date, confirmation_problems) VALUES (11, 57, 'bk9idxjs4qae', '2020-06-05', NULL, NULL);
INSERT INTO new_user_invitation (id, person, code, issue_date, accepted_date, confirmation_problems) VALUES (12, 58, 'qsuo0y2g5934', '2020-06-05', NULL, NULL);
INSERT INTO new_user_invitation (id, person, code, issue_date, accepted_date, confirmation_problems) VALUES (13, 59, 'l72ex7vvujtg', '2020-06-05', NULL, NULL);
INSERT INTO new_user_invitation (id, person, code, issue_date, accepted_date, confirmation_problems) VALUES (14, 20, '4fyg1pgh4cxc', '2020-06-05', NULL, NULL);
INSERT INTO new_user_invitation (id, person, code, issue_date, accepted_date, confirmation_problems) VALUES (16, 40, 'ojxa1e56gx2n', '2020-06-05', NULL, NULL);

-- Table: orientation
DROP TABLE IF EXISTS orientation;
CREATE TABLE orientation (location1 INTEGER REFERENCES location (id) ON DELETE CASCADE ON UPDATE CASCADE NOT NULL, direction INTEGER REFERENCES direction (id) ON DELETE RESTRICT ON UPDATE RESTRICT NOT NULL, location2 INTEGER REFERENCES location (id) ON DELETE CASCADE ON UPDATE CASCADE NOT NULL, UNIQUE (location1, direction, location2));
INSERT INTO orientation (location1, direction, location2) VALUES (13, 4, 14);
INSERT INTO orientation (location1, direction, location2) VALUES (16, 4, 13);
INSERT INTO orientation (location1, direction, location2) VALUES (1, 8, 18);
INSERT INTO orientation (location1, direction, location2) VALUES (2, 8, 18);
INSERT INTO orientation (location1, direction, location2) VALUES (3, 8, 18);
INSERT INTO orientation (location1, direction, location2) VALUES (4, 8, 18);
INSERT INTO orientation (location1, direction, location2) VALUES (5, 8, 18);
INSERT INTO orientation (location1, direction, location2) VALUES (6, 8, 18);
INSERT INTO orientation (location1, direction, location2) VALUES (7, 8, 18);
INSERT INTO orientation (location1, direction, location2) VALUES (1, 1, 17);
INSERT INTO orientation (location1, direction, location2) VALUES (3, 1, 17);
INSERT INTO orientation (location1, direction, location2) VALUES (8, 8, 18);
INSERT INTO orientation (location1, direction, location2) VALUES (2, 2, 1);
INSERT INTO orientation (location1, direction, location2) VALUES (10, 6, 12);
INSERT INTO orientation (location1, direction, location2) VALUES (11, 6, 12);
INSERT INTO orientation (location1, direction, location2) VALUES (13, 6, 12);
INSERT INTO orientation (location1, direction, location2) VALUES (14, 6, 12);
INSERT INTO orientation (location1, direction, location2) VALUES (15, 6, 12);
INSERT INTO orientation (location1, direction, location2) VALUES (19, 6, 12);
INSERT INTO orientation (location1, direction, location2) VALUES (16, 6, 12);
INSERT INTO orientation (location1, direction, location2) VALUES (12, 6, 17);
INSERT INTO orientation (location1, direction, location2) VALUES (14, 8, 13);
INSERT INTO orientation (location1, direction, location2) VALUES (12, 6, 18);
INSERT INTO orientation (location1, direction, location2) VALUES (17, 6, 18);
INSERT INTO orientation (location1, direction, location2) VALUES (19, 4, 20);

-- Table: part_of_speech
DROP TABLE IF EXISTS part_of_speech;
CREATE TABLE part_of_speech (id INTEGER PRIMARY KEY AUTOINCREMENT, name STRING);
INSERT INTO part_of_speech (id, name) VALUES (1, 'noun');
INSERT INTO part_of_speech (id, name) VALUES (2, 'pronoun');
INSERT INTO part_of_speech (id, name) VALUES (3, 'adjective');
INSERT INTO part_of_speech (id, name) VALUES (4, 'verb');
INSERT INTO part_of_speech (id, name) VALUES (5, 'adverb');
INSERT INTO part_of_speech (id, name) VALUES (6, 'conjunction');
INSERT INTO part_of_speech (id, name) VALUES (7, 'preposition');
INSERT INTO part_of_speech (id, name) VALUES (8, 'interjection');

-- Table: payment
DROP TABLE IF EXISTS payment;
CREATE TABLE payment (id INTEGER PRIMARY KEY AUTOINCREMENT, academic_year INTEGER REFERENCES academic_year (id) ON DELETE CASCADE ON UPDATE CASCADE, person INTEGER REFERENCES person (id) ON DELETE RESTRICT ON UPDATE CASCADE, amount INTEGER, check_number STRING, date DATE);
INSERT INTO payment (id, academic_year, person, amount, check_number, date) VALUES (1, 1, 7, 15000, 1741, '2020-05-27');
INSERT INTO payment (id, academic_year, person, amount, check_number, date) VALUES (2, 1, 9, 5000, 6669, '2020-06-03');
INSERT INTO payment (id, academic_year, person, amount, check_number, date) VALUES (3, 1, 34, 5000, 137, '2020-06-03');
INSERT INTO payment (id, academic_year, person, amount, check_number, date) VALUES (4, 1, 39, 5000, 1295, '2020-06-03');
INSERT INTO payment (id, academic_year, person, amount, check_number, date) VALUES (5, 1, 45, 5000, 1105, '2020-06-04');
INSERT INTO payment (id, academic_year, person, amount, check_number, date) VALUES (6, 1, 50, 5000, 189, '2020-06-03');
INSERT INTO payment (id, academic_year, person, amount, check_number, date) VALUES (7, 1, 54, 5000, 153, '2020-06-06');
INSERT INTO payment (id, academic_year, person, amount, check_number, date) VALUES (8, 1, 24, 5000, 3869, '2020-06-05');
INSERT INTO payment (id, academic_year, person, amount, check_number, date) VALUES (9, 1, 28, 5000, 1984, '2020-06-05');
INSERT INTO payment (id, academic_year, person, amount, check_number, date) VALUES (10, 1, 16, 10000, 1754, '2020-06-05');
INSERT INTO payment (id, academic_year, person, amount, check_number, date) VALUES (11, 1, 11, 5000, 1839, '2020-06-05');
INSERT INTO payment (id, academic_year, person, amount, check_number, date) VALUES (12, 1, 20, 5000, 1421, '2020-06-05');

-- Table: person
DROP TABLE IF EXISTS person;
CREATE TABLE person (id INTEGER PRIMARY KEY AUTOINCREMENT, first_name STRING, last_name STRING, user INTEGER REFERENCES user (id) ON DELETE CASCADE ON UPDATE CASCADE, birthdate DATE, male INTEGER, head_of_household INTEGER);
INSERT INTO person (id, first_name, last_name, user, birthdate, male, head_of_household) VALUES (1, 'Michaila', 'Caine', NULL, '2006-04-10', 0, NULL);
INSERT INTO person (id, first_name, last_name, user, birthdate, male, head_of_household) VALUES (2, 'Alana', 'Caine', NULL, '2008-10-08', 0, NULL);
INSERT INTO person (id, first_name, last_name, user, birthdate, male, head_of_household) VALUES (3, 'Emma', 'Caine', NULL, '2010-06-05', 0, NULL);
INSERT INTO person (id, first_name, last_name, user, birthdate, male, head_of_household) VALUES (4, 'Parker', 'Brann', NULL, '2013-05-17', 1, NULL);
INSERT INTO person (id, first_name, last_name, user, birthdate, male, head_of_household) VALUES (5, 'Alden', 'Brann', NULL, '2007-09-13', 1, NULL);
INSERT INTO person (id, first_name, last_name, user, birthdate, male, head_of_household) VALUES (6, 'Isabella', 'Brann', NULL, '2005-10-05', 0, NULL);
INSERT INTO person (id, first_name, last_name, user, birthdate, male, head_of_household) VALUES (7, 'Michael', 'Caine', NULL, NULL, 1, 1);
INSERT INTO person (id, first_name, last_name, user, birthdate, male, head_of_household) VALUES (8, 'Kirsten', 'Caine', NULL, NULL, NULL, NULL);
INSERT INTO person (id, first_name, last_name, user, birthdate, male, head_of_household) VALUES (9, 'Darrell', 'Brann', NULL, NULL, 1, 1);
INSERT INTO person (id, first_name, last_name, user, birthdate, male, head_of_household) VALUES (10, 'Christi', 'Brann', NULL, NULL, NULL, NULL);
INSERT INTO person (id, first_name, last_name, user, birthdate, male, head_of_household) VALUES (11, 'Ben', 'Boyd', NULL, NULL, 1, 1);
INSERT INTO person (id, first_name, last_name, user, birthdate, male, head_of_household) VALUES (12, 'Sheri', 'Boyd', NULL, NULL, NULL, NULL);
INSERT INTO person (id, first_name, last_name, user, birthdate, male, head_of_household) VALUES (13, 'Gloriana', 'Boyd', NULL, '2007-01-22', NULL, NULL);
INSERT INTO person (id, first_name, last_name, user, birthdate, male, head_of_household) VALUES (14, 'Zion', 'Boyd', NULL, '2008-06-11', NULL, NULL);
INSERT INTO person (id, first_name, last_name, user, birthdate, male, head_of_household) VALUES (15, 'Jamin', 'Boyd', NULL, '2010-07-02', 1, NULL);
INSERT INTO person (id, first_name, last_name, user, birthdate, male, head_of_household) VALUES (16, 'Charley', 'Neveau', NULL, NULL, 1, 1);
INSERT INTO person (id, first_name, last_name, user, birthdate, male, head_of_household) VALUES (17, 'Liz', 'Neveau', NULL, NULL, NULL, NULL);
INSERT INTO person (id, first_name, last_name, user, birthdate, male, head_of_household) VALUES (18, 'Gabriel', 'Neveau', NULL, '2009-10-27', 1, NULL);
INSERT INTO person (id, first_name, last_name, user, birthdate, male, head_of_household) VALUES (19, 'Ruth', 'Neveau', NULL, '2013-2-24', NULL, NULL);
INSERT INTO person (id, first_name, last_name, user, birthdate, male, head_of_household) VALUES (20, 'Phil', 'Sheahan', NULL, NULL, 1, 1);
INSERT INTO person (id, first_name, last_name, user, birthdate, male, head_of_household) VALUES (21, 'Emily', 'Sheahan', NULL, NULL, NULL, NULL);
INSERT INTO person (id, first_name, last_name, user, birthdate, male, head_of_household) VALUES (22, 'Caleb', 'Sheahan', NULL, '2005-06-06', 1, NULL);
INSERT INTO person (id, first_name, last_name, user, birthdate, male, head_of_household) VALUES (23, 'Hannah', 'Sheahan', NULL, '2008-07-16', NULL, NULL);
INSERT INTO person (id, first_name, last_name, user, birthdate, male, head_of_household) VALUES (24, 'David', 'Hurley', NULL, NULL, 1, 1);
INSERT INTO person (id, first_name, last_name, user, birthdate, male, head_of_household) VALUES (25, 'Susanna', 'Hurley', NULL, NULL, NULL, NULL);
INSERT INTO person (id, first_name, last_name, user, birthdate, male, head_of_household) VALUES (26, 'Andrew', 'Hurley', NULL, '2006-08-21', 1, NULL);
INSERT INTO person (id, first_name, last_name, user, birthdate, male, head_of_household) VALUES (27, 'Abigail', 'Hurley', NULL, '2008-06-22', NULL, NULL);
INSERT INTO person (id, first_name, last_name, user, birthdate, male, head_of_household) VALUES (28, 'Zac', 'Hostetter', NULL, NULL, 1, 1);
INSERT INTO person (id, first_name, last_name, user, birthdate, male, head_of_household) VALUES (29, 'Caitlin', 'Hostetter', NULL, NULL, NULL, NULL);
INSERT INTO person (id, first_name, last_name, user, birthdate, male, head_of_household) VALUES (30, 'Freyja', 'Hostetter', NULL, '2008-05-15', NULL, NULL);
INSERT INTO person (id, first_name, last_name, user, birthdate, male, head_of_household) VALUES (31, 'Jude', 'Hostetter', NULL, '2010-01-31', 1, NULL);
INSERT INTO person (id, first_name, last_name, user, birthdate, male, head_of_household) VALUES (32, 'Rhys', 'Hostetter', NULL, '2012-02-05', 1, NULL);
INSERT INTO person (id, first_name, last_name, user, birthdate, male, head_of_household) VALUES (33, 'Llew', 'Hostetter', NULL, '2016-01-13', 1, NULL);
INSERT INTO person (id, first_name, last_name, user, birthdate, male, head_of_household) VALUES (34, 'Eddie', 'Kilner', NULL, NULL, 1, 1);
INSERT INTO person (id, first_name, last_name, user, birthdate, male, head_of_household) VALUES (35, 'Carrie', 'Kilner', NULL, NULL, NULL, NULL);
INSERT INTO person (id, first_name, last_name, user, birthdate, male, head_of_household) VALUES (36, 'William', 'Kilner', NULL, '2009-11-07', 1, NULL);
INSERT INTO person (id, first_name, last_name, user, birthdate, male, head_of_household) VALUES (37, 'Duncan', 'Kilner', NULL, '2011-12-29', 1, NULL);
INSERT INTO person (id, first_name, last_name, user, birthdate, male, head_of_household) VALUES (38, 'Fiona', 'Kilner', NULL, '2013-12-03', NULL, NULL);
INSERT INTO person (id, first_name, last_name, user, birthdate, male, head_of_household) VALUES (39, 'Jon', 'VanderZanden', NULL, NULL, 1, 1);
INSERT INTO person (id, first_name, last_name, user, birthdate, male, head_of_household) VALUES (40, 'Jamie', 'VanderZanden', NULL, NULL, NULL, NULL);
INSERT INTO person (id, first_name, last_name, user, birthdate, male, head_of_household) VALUES (41, 'Adelyn', 'VanderZanden', NULL, '2011-01-21', NULL, NULL);
INSERT INTO person (id, first_name, last_name, user, birthdate, male, head_of_household) VALUES (42, 'Josiah', 'VanderZanden', NULL, '2012-12-12', 1, NULL);
INSERT INTO person (id, first_name, last_name, user, birthdate, male, head_of_household) VALUES (43, 'Briggs', 'VanderZanden', NULL, '2014-05-14', 1, NULL);
INSERT INTO person (id, first_name, last_name, user, birthdate, male, head_of_household) VALUES (44, 'Kimber', 'VanderZanden', NULL, '2016-05-23', NULL, NULL);
INSERT INTO person (id, first_name, last_name, user, birthdate, male, head_of_household) VALUES (45, 'Brian', 'Buck', NULL, NULL, 1, 1);
INSERT INTO person (id, first_name, last_name, user, birthdate, male, head_of_household) VALUES (46, 'Jessica', 'Buck', NULL, NULL, NULL, NULL);
INSERT INTO person (id, first_name, last_name, user, birthdate, male, head_of_household) VALUES (47, 'Nolan', 'Buck', NULL, '2011-07-24', 1, NULL);
INSERT INTO person (id, first_name, last_name, user, birthdate, male, head_of_household) VALUES (48, 'Pierce', 'Buck', NULL, '2015-10-24', 1, NULL);
INSERT INTO person (id, first_name, last_name, user, birthdate, male, head_of_household) VALUES (49, 'Selah', 'Buck', NULL, '2018-05-16', NULL, NULL);
INSERT INTO person (id, first_name, last_name, user, birthdate, male, head_of_household) VALUES (50, 'Brandon', 'Miller', NULL, NULL, 1, 1);
INSERT INTO person (id, first_name, last_name, user, birthdate, male, head_of_household) VALUES (51, 'Laura', 'Miller', NULL, NULL, NULL, NULL);
INSERT INTO person (id, first_name, last_name, user, birthdate, male, head_of_household) VALUES (52, 'Samantha', 'Miller', NULL, '2015-05-20', NULL, NULL);
INSERT INTO person (id, first_name, last_name, user, birthdate, male, head_of_household) VALUES (53, 'Eli', 'Miller', NULL, NULL, 1, NULL);
INSERT INTO person (id, first_name, last_name, user, birthdate, male, head_of_household) VALUES (54, 'Scott', 'McDonald', NULL, NULL, 1, 1);
INSERT INTO person (id, first_name, last_name, user, birthdate, male, head_of_household) VALUES (55, 'Mick', 'McDonald', NULL, NULL, NULL, NULL);
INSERT INTO person (id, first_name, last_name, user, birthdate, male, head_of_household) VALUES (56, 'Daniel', 'Paul', NULL, NULL, 1, 1);
INSERT INTO person (id, first_name, last_name, user, birthdate, male, head_of_household) VALUES (57, 'Julie', 'Paul', NULL, NULL, NULL, NULL);
INSERT INTO person (id, first_name, last_name, user, birthdate, male, head_of_household) VALUES (58, 'Lou', 'Perry', NULL, NULL, 1, 1);
INSERT INTO person (id, first_name, last_name, user, birthdate, male, head_of_household) VALUES (59, 'Deyette', 'Perry', NULL, NULL, NULL, NULL);
INSERT INTO person (id, first_name, last_name, user, birthdate, male, head_of_household) VALUES (60, 'Flora', 'McDonald', NULL, '2005-04-25', NULL, NULL);
INSERT INTO person (id, first_name, last_name, user, birthdate, male, head_of_household) VALUES (61, 'Iona', 'McDonald', NULL, '2006-08-26', NULL, NULL);
INSERT INTO person (id, first_name, last_name, user, birthdate, male, head_of_household) VALUES (62, 'Opal', 'McDonald', NULL, '2007-12-22', NULL, NULL);
INSERT INTO person (id, first_name, last_name, user, birthdate, male, head_of_household) VALUES (63, 'George', 'McDonald', NULL, '2010-08-22', 1, NULL);
INSERT INTO person (id, first_name, last_name, user, birthdate, male, head_of_household) VALUES (64, 'Helen', 'McDonald', NULL, '2011-08-12', NULL, NULL);
INSERT INTO person (id, first_name, last_name, user, birthdate, male, head_of_household) VALUES (65, 'Xander', 'Perry', NULL, '2007-04-05', NULL, NULL);
INSERT INTO person (id, first_name, last_name, user, birthdate, male, head_of_household) VALUES (66, 'Dawson', 'Perry', NULL, '2008-12-27', NULL, NULL);
INSERT INTO person (id, first_name, last_name, user, birthdate, male, head_of_household) VALUES (67, 'Genevieve', 'Perry', NULL, '2010-08-13', NULL, NULL);
INSERT INTO person (id, first_name, last_name, user, birthdate, male, head_of_household) VALUES (68, 'Carli Anne', 'Paul', NULL, '2012-01-18', NULL, NULL);
INSERT INTO person (id, first_name, last_name, user, birthdate, male, head_of_household) VALUES (69, 'Lillian', 'Paul', NULL, '2010-07-10', NULL, NULL);
INSERT INTO person (id, first_name, last_name, user, birthdate, male, head_of_household) VALUES (70, 'Riley', 'Paul', NULL, '2013-07-17', NULL, NULL);

-- Table: person_address
DROP TABLE IF EXISTS person_address;
CREATE TABLE person_address (person INTEGER REFERENCES person (id) ON DELETE CASCADE ON UPDATE CASCADE, address INTEGER REFERENCES address (id) ON DELETE CASCADE ON UPDATE CASCADE);
INSERT INTO person_address (person, address) VALUES (11, 1);
INSERT INTO person_address (person, address) VALUES (12, 1);
INSERT INTO person_address (person, address) VALUES (9, 2);
INSERT INTO person_address (person, address) VALUES (10, 2);
INSERT INTO person_address (person, address) VALUES (45, 3);
INSERT INTO person_address (person, address) VALUES (46, 3);
INSERT INTO person_address (person, address) VALUES (7, 4);
INSERT INTO person_address (person, address) VALUES (8, 4);
INSERT INTO person_address (person, address) VALUES (54, 5);
INSERT INTO person_address (person, address) VALUES (55, 5);
INSERT INTO person_address (person, address) VALUES (50, 6);
INSERT INTO person_address (person, address) VALUES (51, 6);
INSERT INTO person_address (person, address) VALUES (16, 7);
INSERT INTO person_address (person, address) VALUES (17, 7);
INSERT INTO person_address (person, address) VALUES (56, 8);
INSERT INTO person_address (person, address) VALUES (57, 8);
INSERT INTO person_address (person, address) VALUES (58, 9);
INSERT INTO person_address (person, address) VALUES (59, 9);
INSERT INTO person_address (person, address) VALUES (28, 10);
INSERT INTO person_address (person, address) VALUES (29, 10);
INSERT INTO person_address (person, address) VALUES (24, 11);
INSERT INTO person_address (person, address) VALUES (25, 11);
INSERT INTO person_address (person, address) VALUES (34, 12);
INSERT INTO person_address (person, address) VALUES (35, 12);
INSERT INTO person_address (person, address) VALUES (20, 13);
INSERT INTO person_address (person, address) VALUES (21, 13);
INSERT INTO person_address (person, address) VALUES (39, 14);
INSERT INTO person_address (person, address) VALUES (40, 14);

-- Table: person_email
DROP TABLE IF EXISTS person_email;
CREATE TABLE person_email (person INTEGER REFERENCES person (id) ON DELETE CASCADE ON UPDATE CASCADE, email INTEGER REFERENCES email (id) ON DELETE CASCADE ON UPDATE CASCADE);
INSERT INTO person_email (person, email) VALUES (22, 1);
INSERT INTO person_email (person, email) VALUES (23, 2);
INSERT INTO person_email (person, email) VALUES (12, 4);
INSERT INTO person_email (person, email) VALUES (10, 5);
INSERT INTO person_email (person, email) VALUES (46, 6);
INSERT INTO person_email (person, email) VALUES (7, 7);
INSERT INTO person_email (person, email) VALUES (29, 8);
INSERT INTO person_email (person, email) VALUES (25, 9);
INSERT INTO person_email (person, email) VALUES (35, 10);
INSERT INTO person_email (person, email) VALUES (55, 11);
INSERT INTO person_email (person, email) VALUES (51, 12);
INSERT INTO person_email (person, email) VALUES (17, 13);
INSERT INTO person_email (person, email) VALUES (57, 14);
INSERT INTO person_email (person, email) VALUES (59, 15);
INSERT INTO person_email (person, email) VALUES (20, 17);
INSERT INTO person_email (person, email) VALUES (58, 16);
INSERT INTO person_email (person, email) VALUES (40, 18);

-- Table: person_phone
DROP TABLE IF EXISTS person_phone;
CREATE TABLE person_phone (person INTEGER REFERENCES person (id) ON DELETE CASCADE ON UPDATE CASCADE, phone INTEGER REFERENCES phone (id) ON DELETE CASCADE ON UPDATE CASCADE);
INSERT INTO person_phone (person, phone) VALUES (21, 1);
INSERT INTO person_phone (person, phone) VALUES (22, 2);
INSERT INTO person_phone (person, phone) VALUES (34, 3);
INSERT INTO person_phone (person, phone) VALUES (12, 4);
INSERT INTO person_phone (person, phone) VALUES (10, 5);
INSERT INTO person_phone (person, phone) VALUES (46, 6);
INSERT INTO person_phone (person, phone) VALUES (7, 7);
INSERT INTO person_phone (person, phone) VALUES (8, 7);
INSERT INTO person_phone (person, phone) VALUES (55, 9);
INSERT INTO person_phone (person, phone) VALUES (51, 10);
INSERT INTO person_phone (person, phone) VALUES (17, 11);
INSERT INTO person_phone (person, phone) VALUES (57, 12);
INSERT INTO person_phone (person, phone) VALUES (59, 13);
INSERT INTO person_phone (person, phone) VALUES (58, 14);
INSERT INTO person_phone (person, phone) VALUES (59, 15);
INSERT INTO person_phone (person, phone) VALUES (29, 16);
INSERT INTO person_phone (person, phone) VALUES (25, 17);
INSERT INTO person_phone (person, phone) VALUES (35, 18);
INSERT INTO person_phone (person, phone) VALUES (20, 19);
INSERT INTO person_phone (person, phone) VALUES (40, 20);
INSERT INTO person_phone (person, phone) VALUES (40, 21);

-- Table: phone
DROP TABLE IF EXISTS phone;
CREATE TABLE phone (id INTEGER PRIMARY KEY AUTOINCREMENT, number STRING, unlisted INTEGER, note STRING);
INSERT INTO phone (id, number, unlisted, note) VALUES (1, 5412632221, 1, NULL);
INSERT INTO phone (id, number, unlisted, note) VALUES (2, 5412631071, NULL, NULL);
INSERT INTO phone (id, number, unlisted, note) VALUES (3, 2088743006, NULL, NULL);
INSERT INTO phone (id, number, unlisted, note) VALUES (4, 3075752090, NULL, NULL);
INSERT INTO phone (id, number, unlisted, note) VALUES (5, 5412632321, NULL, NULL);
INSERT INTO phone (id, number, unlisted, note) VALUES (6, 5418055060, NULL, NULL);
INSERT INTO phone (id, number, unlisted, note) VALUES (7, 5414263060, NULL, 'home');
INSERT INTO phone (id, number, unlisted, note) VALUES (8, 5413980397, NULL, 'cell');
INSERT INTO phone (id, number, unlisted, note) VALUES (9, 5413988208, NULL, NULL);
INSERT INTO phone (id, number, unlisted, note) VALUES (10, 5413980252, NULL, NULL);
INSERT INTO phone (id, number, unlisted, note) VALUES (11, 5413988093, NULL, NULL);
INSERT INTO phone (id, number, unlisted, note) VALUES (12, 2083100587, NULL, NULL);
INSERT INTO phone (id, number, unlisted, note) VALUES (13, 5414320410, NULL, NULL);
INSERT INTO phone (id, number, unlisted, note) VALUES (14, 5412632218, NULL, NULL);
INSERT INTO phone (id, number, unlisted, note) VALUES (15, 5412632219, NULL, NULL);
INSERT INTO phone (id, number, unlisted, note) VALUES (16, 5412632374, NULL, NULL);
INSERT INTO phone (id, number, unlisted, note) VALUES (17, 5413981618, NULL, NULL);
INSERT INTO phone (id, number, unlisted, note) VALUES (18, 2086691599, NULL, NULL);
INSERT INTO phone (id, number, unlisted, note) VALUES (19, 5412632870, NULL, NULL);
INSERT INTO phone (id, number, unlisted, note) VALUES (20, 5413982144, NULL, 'cell');
INSERT INTO phone (id, number, unlisted, note) VALUES (21, 5413981816, NULL, 'home');

-- Table: program
DROP TABLE IF EXISTS program;
CREATE TABLE program (id INTEGER PRIMARY KEY AUTOINCREMENT, name STRING UNIQUE, schedule STRING, start_age INTEGER);
INSERT INTO program (id, name, schedule, start_age) VALUES (1, 'Grammar School', 'Tuesday mornings', 4);
INSERT INTO program (id, name, schedule, start_age) VALUES (2, '4th-6th Grade', 'Tuesday afternoons', 9);
INSERT INTO program (id, name, schedule, start_age) VALUES (3, '7th-9th Grade', 'All day Tuesday', 12);
INSERT INTO program (id, name, schedule, start_age) VALUES (4, '10th-12th Grade', 'All day Tuesday', 15);
INSERT INTO program (id, name, schedule, start_age) VALUES (6, 'Graduate', NULL, 18);
INSERT INTO program (id, name, schedule, start_age) VALUES (7, 'Sibling School', 'Tuesday afternoons', 4);

-- Table: program_grades
DROP TABLE IF EXISTS program_grades;
CREATE TABLE program_grades (id INTEGER PRIMARY KEY AUTOINCREMENT, program REFERENCES program (id) ON DELETE CASCADE ON UPDATE CASCADE, lowest_grade INTEGER, highest_grade INTEGER);
INSERT INTO program_grades (id, program, lowest_grade, highest_grade) VALUES (1, 1, 0, 6);
INSERT INTO program_grades (id, program, lowest_grade, highest_grade) VALUES (2, 2, 4, 6);
INSERT INTO program_grades (id, program, lowest_grade, highest_grade) VALUES (3, 3, 7, 9);
INSERT INTO program_grades (id, program, lowest_grade, highest_grade) VALUES (4, 4, 10, 12);
INSERT INTO program_grades (id, program, lowest_grade, highest_grade) VALUES (5, 7, 0, 3);

-- Table: region
DROP TABLE IF EXISTS region;
CREATE TABLE region (location INTEGER REFERENCES location (id) ON DELETE CASCADE ON UPDATE CASCADE NOT NULL, region INTEGER REFERENCES location (id) ON DELETE RESTRICT ON UPDATE RESTRICT NOT NULL, UNIQUE (location, region));
INSERT INTO region (location, region) VALUES (2, 3);
INSERT INTO region (location, region) VALUES (1, 3);
INSERT INTO region (location, region) VALUES (8, 3);
INSERT INTO region (location, region) VALUES (7, 3);
INSERT INTO region (location, region) VALUES (6, 3);
INSERT INTO region (location, region) VALUES (5, 3);
INSERT INTO region (location, region) VALUES (4, 3);
INSERT INTO region (location, region) VALUES (3, 9);
INSERT INTO region (location, region) VALUES (1, 9);
INSERT INTO region (location, region) VALUES (2, 9);
INSERT INTO region (location, region) VALUES (4, 9);
INSERT INTO region (location, region) VALUES (5, 9);
INSERT INTO region (location, region) VALUES (6, 9);
INSERT INTO region (location, region) VALUES (7, 9);
INSERT INTO region (location, region) VALUES (8, 9);
INSERT INTO region (location, region) VALUES (11, 10);
INSERT INTO region (location, region) VALUES (12, 10);
INSERT INTO region (location, region) VALUES (13, 10);
INSERT INTO region (location, region) VALUES (14, 10);
INSERT INTO region (location, region) VALUES (15, 10);
INSERT INTO region (location, region) VALUES (16, 10);
INSERT INTO region (location, region) VALUES (11, 9);
INSERT INTO region (location, region) VALUES (12, 9);
INSERT INTO region (location, region) VALUES (13, 9);
INSERT INTO region (location, region) VALUES (14, 9);
INSERT INTO region (location, region) VALUES (15, 9);
INSERT INTO region (location, region) VALUES (16, 9);
INSERT INTO region (location, region) VALUES (10, 9);
INSERT INTO region (location, region) VALUES (18, 9);
INSERT INTO region (location, region) VALUES (17, 9);
INSERT INTO region (location, region) VALUES (21, 22);
INSERT INTO region (location, region) VALUES (20, 9);

-- Table: resource
DROP TABLE IF EXISTS resource;
CREATE TABLE resource (id INTEGER PRIMARY KEY AUTOINCREMENT, name STRING NOT NULL, version STRING, volume STRING, note STRING, region INTEGER REFERENCES location (id) ON DELETE CASCADE ON UPDATE CASCADE, UNIQUE (name, version, volume));
INSERT INTO resource (id, name, version, volume, note, region) VALUES (1, 'Story of the World (Vol 1)', NULL, 1, 'used every year', 24);
INSERT INTO resource (id, name, version, volume, note, region) VALUES (2, 'Story of the World (Vol 2)', NULL, 2, 'used every year', 24);
INSERT INTO resource (id, name, version, volume, note, region) VALUES (3, 'Just So Stories', NULL, NULL, NULL, 23);
INSERT INTO resource (id, name, version, volume, note, region) VALUES (4, 'Sweet and Sour: Tales from China', NULL, NULL, NULL, NULL);
INSERT INTO resource (id, name, version, volume, note, region) VALUES (5, 'Tales of Ancient Egypt', NULL, NULL, NULL, NULL);
INSERT INTO resource (id, name, version, volume, note, region) VALUES (6, 'The Golden Goblet', NULL, NULL, NULL, NULL);
INSERT INTO resource (id, name, version, volume, note, region) VALUES (7, 'Where the Mountain Meets the Moon', NULL, NULL, NULL, NULL);
INSERT INTO resource (id, name, version, volume, note, region) VALUES (8, 'Young Fu of the Upper Yangtze', NULL, NULL, NULL, NULL);
INSERT INTO resource (id, name, version, volume, note, region) VALUES (9, 'The Book of Virtues', NULL, NULL, NULL, NULL);
INSERT INTO resource (id, name, version, volume, note, region) VALUES (10, 'Seven Daughters and Seven Sons', NULL, NULL, NULL, NULL);
INSERT INTO resource (id, name, version, volume, note, region) VALUES (11, 'Inside Out and Back Again', NULL, NULL, NULL, NULL);
INSERT INTO resource (id, name, version, volume, note, region) VALUES (12, 'The Kite Fighters', NULL, NULL, NULL, NULL);
INSERT INTO resource (id, name, version, volume, note, region) VALUES (13, 'Heart of a Samurai', NULL, NULL, NULL, NULL);
INSERT INTO resource (id, name, version, volume, note, region) VALUES (14, 'Breaking Stalin’s Nose', NULL, NULL, NULL, NULL);
INSERT INTO resource (id, name, version, volume, note, region) VALUES (15, 'The Endless Steppe', NULL, NULL, NULL, NULL);
INSERT INTO resource (id, name, version, volume, note, region) VALUES (16, 'Daughter of the Mountains', NULL, NULL, NULL, NULL);
INSERT INTO resource (id, name, version, volume, note, region) VALUES (17, 'Around the World in 80 Days', NULL, NULL, NULL, NULL);
INSERT INTO resource (id, name, version, volume, note, region) VALUES (18, 'Red Sand, Blue Sky', NULL, NULL, NULL, NULL);
INSERT INTO resource (id, name, version, volume, note, region) VALUES (19, 'Story of the World (Vol 3)', NULL, 3, 'used every year', NULL);
INSERT INTO resource (id, name, version, volume, note, region) VALUES (20, 'Story of the World (Vol 4)', NULL, 4, 'used every year', NULL);
INSERT INTO resource (id, name, version, volume, note, region) VALUES (21, 'History of the World Map by Map', NULL, NULL, NULL, NULL);
INSERT INTO resource (id, name, version, volume, note, region) VALUES (22, 'Amy Carmichael: Rescuer of Precious Gems', NULL, NULL, NULL, NULL);
INSERT INTO resource (id, name, version, volume, note, region) VALUES (23, 'David Livingstone: Africa''s Trailblazer', NULL, NULL, NULL, NULL);
INSERT INTO resource (id, name, version, volume, note, region) VALUES (24, 'The Complete Works of Count Tolstoy: Volume XII', NULL, NULL, 'also in the Book of Virtues', NULL);
INSERT INTO resource (id, name, version, volume, note, region) VALUES (25, 'Story of the World, Test and Answer Key (Vol 1)', NULL, 1, 'used every year', NULL);
INSERT INTO resource (id, name, version, volume, note, region) VALUES (26, 'Story of the World, Test and Answer Key (Vol 2)', NULL, 2, 'used every year', NULL);
INSERT INTO resource (id, name, version, volume, note, region) VALUES (27, 'Story of the World, Test and Answer Key (Vol 3)', NULL, 3, 'used every year', NULL);
INSERT INTO resource (id, name, version, volume, note, region) VALUES (28, 'Story of the World, Test and Answer Key (Vol 4)', NULL, 4, 'used every year', NULL);
INSERT INTO resource (id, name, version, volume, note, region) VALUES (29, 'Exploring Creation with Physical Science (2nd Edition)', 2, NULL, NULL, NULL);
INSERT INTO resource (id, name, version, volume, note, region) VALUES (30, 'The Roar on the Other Side: A Guide for Student Poets', NULL, NULL, NULL, NULL);
INSERT INTO resource (id, name, version, volume, note, region) VALUES (31, 'The Magician''s Nephew', NULL, NULL, NULL, NULL);
INSERT INTO resource (id, name, version, volume, note, region) VALUES (32, 'The Horse and His Boy', NULL, NULL, NULL, NULL);
INSERT INTO resource (id, name, version, volume, note, region) VALUES (33, 'Anansi the Spider Stories', NULL, NULL, NULL, NULL);
INSERT INTO resource (id, name, version, volume, note, region) VALUES (34, 'Omnibus I', 3, NULL, 'prefer 3rd edition (Wilson & Fischer)', NULL);
INSERT INTO resource (id, name, version, volume, note, region) VALUES (35, 'Omnibus II', 3, NULL, 'prefer 3rd edition (Wilson & Fischer)', NULL);
INSERT INTO resource (id, name, version, volume, note, region) VALUES (36, 'Omnibus III', 3, NULL, 'prefer 3rd edition (Wilson & Fischer)', NULL);
INSERT INTO resource (id, name, version, volume, note, region) VALUES (37, 'Exploring Creation with Physical Science - Solutions and Tests (2nd Edition)', 2, NULL, NULL, NULL);
INSERT INTO resource (id, name, version, volume, note, region) VALUES (38, 'God King: A Story in the Days of King Hezekiah', NULL, NULL, NULL, NULL);
INSERT INTO resource (id, name, version, volume, note, region) VALUES (39, 'The Lost Tools of Writing - Level 1', NULL, NULL, 'prefer the complete set w/ teacher guide but DVDs are unnecessary', NULL);

-- Table: resource_acquisition
DROP TABLE IF EXISTS resource_acquisition;
CREATE TABLE resource_acquisition (id INTEGER PRIMARY KEY AUTOINCREMENT, resource INTEGER REFERENCES resource (id) ON DELETE CASCADE ON UPDATE CASCADE, type INTEGER REFERENCES resource_type (id) ON DELETE CASCADE ON UPDATE CASCADE, source INTEGER REFERENCES resource_source (id) ON DELETE CASCADE ON UPDATE CASCADE, url STRING, cost_cents INTEGER, pages INTEGER, listening_hours INTEGER, note STRING);
INSERT INTO resource_acquisition (id, resource, type, source, url, cost_cents, pages, listening_hours, note) VALUES (1, 3, 4, 2, 'https://www.gutenberg.org/ebooks/32488', NULL, NULL, NULL, NULL);
INSERT INTO resource_acquisition (id, resource, type, source, url, cost_cents, pages, listening_hours, note) VALUES (4, 3, 2, 1, 'https://www.amazon.com/Illustrated-Just-So-Stories/dp/149730170X/', NULL, NULL, NULL, 'paperbacks on Amazon seem to be notoriously bad quality / cheap');
INSERT INTO resource_acquisition (id, resource, type, source, url, cost_cents, pages, listening_hours, note) VALUES (5, 3, 5, 4, 'https://librivox.org/just-so-stories-ver-6-by-rudyard-kipling/', NULL, NULL, 3, 'there are several librivox recordings; this is just one');
INSERT INTO resource_acquisition (id, resource, type, source, url, cost_cents, pages, listening_hours, note) VALUES (6, 3, 5, 5, 'https://www.amazon.com/Just-So-Stories/dp/B01E7I34EY/
', NULL, NULL, 3, NULL);
INSERT INTO resource_acquisition (id, resource, type, source, url, cost_cents, pages, listening_hours, note) VALUES (7, 4, 2, 1, 'https://www.amazon.com/Sweet-Sour-Tales-Yao-Wen-Li/dp/0618752455/', NULL, NULL, NULL, NULL);
INSERT INTO resource_acquisition (id, resource, type, source, url, cost_cents, pages, listening_hours, note) VALUES (10, 5, 2, 1, 'https://www.amazon.com/Tales-Ancient-Egypt-Puffin-Classics/dp/014133259X/', NULL, NULL, NULL, NULL);
INSERT INTO resource_acquisition (id, resource, type, source, url, cost_cents, pages, listening_hours, note) VALUES (11, 6, 2, 1, 'https://www.amazon.com/Golden-Goblet-Newbery-Library-Puffin/dp/0140303359/', NULL, NULL, NULL, NULL);
INSERT INTO resource_acquisition (id, resource, type, source, url, cost_cents, pages, listening_hours, note) VALUES (12, 6, 5, 5, 'https://www.amazon.com/The-Golden-Goblet/dp/B008RNZY4O/', NULL, NULL, NULL, NULL);
INSERT INTO resource_acquisition (id, resource, type, source, url, cost_cents, pages, listening_hours, note) VALUES (15, 7, 2, 1, 'https://www.amazon.com/Where-Mountain-Meets-Moon-Grace/dp/0316038636/', NULL, NULL, NULL, NULL);
INSERT INTO resource_acquisition (id, resource, type, source, url, cost_cents, pages, listening_hours, note) VALUES (16, 7, 5, 5, 'https://www.amazon.com/Where-Mountain-Meets-Moon/dp/B003CN7DYI/', NULL, NULL, NULL, NULL);
INSERT INTO resource_acquisition (id, resource, type, source, url, cost_cents, pages, listening_hours, note) VALUES (17, 9, 2, 1, 'https://www.amazon.com/Book-Virtues-Treasury-Great-Stories/dp/0671683063/', NULL, NULL, NULL, NULL);
INSERT INTO resource_acquisition (id, resource, type, source, url, cost_cents, pages, listening_hours, note) VALUES (18, 8, 2, 1, 'https://www.amazon.com/Young-Upper-Yangtze-Elizabeth-Foreman/dp/0312380070/', NULL, NULL, NULL, NULL);
INSERT INTO resource_acquisition (id, resource, type, source, url, cost_cents, pages, listening_hours, note) VALUES (19, 10, 2, 1, 'https://www.amazon.com/Seven-Daughters-Sons-Barbara-Cohen/dp/0688135633/', NULL, NULL, NULL, NULL);
INSERT INTO resource_acquisition (id, resource, type, source, url, cost_cents, pages, listening_hours, note) VALUES (20, 11, 2, 1, 'https://www.amazon.com/Inside-Out-Back-Again-Thanhha/dp/0061962791/', NULL, NULL, NULL, NULL);
INSERT INTO resource_acquisition (id, resource, type, source, url, cost_cents, pages, listening_hours, note) VALUES (21, 12, 2, 1, 'https://www.amazon.com/Kite-Fighters-Linda-Sue-Park/dp/054732863X/', NULL, NULL, NULL, NULL);
INSERT INTO resource_acquisition (id, resource, type, source, url, cost_cents, pages, listening_hours, note) VALUES (22, 13, 2, 1, 'https://www.amazon.com/Heart-Samurai-Margi-Preus/dp/1419702009/', NULL, NULL, NULL, NULL);
INSERT INTO resource_acquisition (id, resource, type, source, url, cost_cents, pages, listening_hours, note) VALUES (23, 14, 2, 1, 'https://www.amazon.com/Breaking-Stalins-Nose-Eugene-Yelchin/dp/1250034108/', NULL, NULL, NULL, NULL);
INSERT INTO resource_acquisition (id, resource, type, source, url, cost_cents, pages, listening_hours, note) VALUES (24, 15, 2, 1, 'https://www.amazon.com/Endless-Steppe-Growing-Up-Siberia/dp/006440577X/', NULL, NULL, NULL, NULL);
INSERT INTO resource_acquisition (id, resource, type, source, url, cost_cents, pages, listening_hours, note) VALUES (25, 16, 2, 1, 'https://www.amazon.com/Daughter-Mountains-Newbery-Library-Puffin/dp/0140363351/', NULL, NULL, NULL, NULL);
INSERT INTO resource_acquisition (id, resource, type, source, url, cost_cents, pages, listening_hours, note) VALUES (26, 17, 2, 1, 'https://www.amazon.com/Around-World-Days-Jules-Verne/dp/1514683687/', NULL, NULL, NULL, NULL);
INSERT INTO resource_acquisition (id, resource, type, source, url, cost_cents, pages, listening_hours, note) VALUES (27, 18, 2, 1, 'https://www.amazon.com/Red-Sand-Blue-Girls-First/dp/1558612785/', NULL, NULL, NULL, NULL);
INSERT INTO resource_acquisition (id, resource, type, source, url, cost_cents, pages, listening_hours, note) VALUES (31, 1, 2, 1, 'https://www.amazon.com/Story-World-History-Classical-Earliest-dp-1933339004/dp/1933339004/', NULL, NULL, NULL, NULL);
INSERT INTO resource_acquisition (id, resource, type, source, url, cost_cents, pages, listening_hours, note) VALUES (32, 2, 2, 1, 'https://www.amazon.com/Story-World-History-Classical-Renaissance/dp/1933339098/', NULL, NULL, NULL, NULL);
INSERT INTO resource_acquisition (id, resource, type, source, url, cost_cents, pages, listening_hours, note) VALUES (33, 19, 2, 1, 'https://www.amazon.com/History-Classical-Child-Elizabeth-Forty-Niners-dp-1945841443/dp/1945841443/', NULL, NULL, NULL, NULL);
INSERT INTO resource_acquisition (id, resource, type, source, url, cost_cents, pages, listening_hours, note) VALUES (34, 20, 2, 1, 'https://www.amazon.com/Story-World-History-Classical-Victorias-ebook/dp/B00U75KJ9U/', NULL, NULL, NULL, NULL);
INSERT INTO resource_acquisition (id, resource, type, source, url, cost_cents, pages, listening_hours, note) VALUES (35, 3, 2, 7, 'https://www.ebay.com/sch/i.html?_nkw=Just+So+Stories', NULL, NULL, NULL, NULL);
INSERT INTO resource_acquisition (id, resource, type, source, url, cost_cents, pages, listening_hours, note) VALUES (36, 4, 2, 7, 'https://www.ebay.com/sch/i.html?_nkw=Sweet+Sour+Tales+from+China', NULL, NULL, NULL, NULL);
INSERT INTO resource_acquisition (id, resource, type, source, url, cost_cents, pages, listening_hours, note) VALUES (37, 5, 2, 7, 'https://www.ebay.com/sch/i.html?_nkw=Tales+of+Ancient+Egypt', NULL, NULL, NULL, NULL);
INSERT INTO resource_acquisition (id, resource, type, source, url, cost_cents, pages, listening_hours, note) VALUES (38, 6, 2, 7, 'https://www.ebay.com/sch/i.html?_nkw=The+Golden+Goblet', NULL, NULL, NULL, NULL);
INSERT INTO resource_acquisition (id, resource, type, source, url, cost_cents, pages, listening_hours, note) VALUES (39, 7, 2, 7, 'https://www.ebay.com/sch/i.html?_nkw=Where+the+Mountain+Meets+the+Moon', NULL, NULL, NULL, NULL);
INSERT INTO resource_acquisition (id, resource, type, source, url, cost_cents, pages, listening_hours, note) VALUES (40, 8, 2, 7, 'https://www.ebay.com/sch/i.html?_nkw=Young+Fu+of+the+Upper+Yangtze', NULL, NULL, NULL, NULL);
INSERT INTO resource_acquisition (id, resource, type, source, url, cost_cents, pages, listening_hours, note) VALUES (41, 9, 2, 7, 'https://www.ebay.com/sch/i.html?_nkw=The+Book+of+Virtues', NULL, NULL, NULL, NULL);
INSERT INTO resource_acquisition (id, resource, type, source, url, cost_cents, pages, listening_hours, note) VALUES (42, 10, 2, 7, 'https://www.ebay.com/sch/i.html?_nkw=Seven+Daughters+and+Seven+Sons', NULL, NULL, NULL, NULL);
INSERT INTO resource_acquisition (id, resource, type, source, url, cost_cents, pages, listening_hours, note) VALUES (43, 11, 2, 7, 'https://www.ebay.com/sch/i.html?_nkw=Inside+Out+and+Back+Again', NULL, NULL, NULL, NULL);
INSERT INTO resource_acquisition (id, resource, type, source, url, cost_cents, pages, listening_hours, note) VALUES (44, 11, 5, 5, 'https://www.amazon.com/Inside-Out-and-Back-Again-audiobook/dp/B00729S3DI/', NULL, NULL, NULL, NULL);
INSERT INTO resource_acquisition (id, resource, type, source, url, cost_cents, pages, listening_hours, note) VALUES (45, 12, 2, 7, 'https://www.ebay.com/sch/i.html?_nkw=The+Kite+Fighters', NULL, NULL, NULL, NULL);
INSERT INTO resource_acquisition (id, resource, type, source, url, cost_cents, pages, listening_hours, note) VALUES (46, 12, 5, 5, 'amazon.com/The-Kite-Fighters-Linda-Sue-Park-audiobook/dp/B00QL3GDC4/', NULL, NULL, NULL, NULL);
INSERT INTO resource_acquisition (id, resource, type, source, url, cost_cents, pages, listening_hours, note) VALUES (47, 13, 2, 7, 'https://www.ebay.com/sch/i.html?_nkw=Heart+of+a+Samurai', NULL, NULL, NULL, NULL);
INSERT INTO resource_acquisition (id, resource, type, source, url, cost_cents, pages, listening_hours, note) VALUES (48, 13, 5, 5, 'https://www.amazon.com/Heart-of-Samurai-Margi-Preus-audiobook/dp/B005EEZ8QS/', NULL, NULL, NULL, NULL);
INSERT INTO resource_acquisition (id, resource, type, source, url, cost_cents, pages, listening_hours, note) VALUES (49, 14, 2, 7, 'https://www.ebay.com/sch/i.html?_nkw=Breaking+Stalin+Nose', NULL, NULL, NULL, NULL);
INSERT INTO resource_acquisition (id, resource, type, source, url, cost_cents, pages, listening_hours, note) VALUES (50, 14, 5, 5, 'https://www.amazon.com/Breaking-Stalins-Nose-audiobook/dp/B0083TGLNA/', NULL, NULL, NULL, NULL);
INSERT INTO resource_acquisition (id, resource, type, source, url, cost_cents, pages, listening_hours, note) VALUES (51, 15, 2, 7, 'https://www.ebay.com/sch/i.html?_nkw=The+Endless+Steppe', NULL, NULL, NULL, NULL);
INSERT INTO resource_acquisition (id, resource, type, source, url, cost_cents, pages, listening_hours, note) VALUES (52, 15, 5, 5, 'https://www.amazon.com/The-Endless-Steppe-Esther-Hautzig-audiobook/dp/B001JK65UE/', NULL, NULL, NULL, NULL);
INSERT INTO resource_acquisition (id, resource, type, source, url, cost_cents, pages, listening_hours, note) VALUES (53, 16, 2, 7, 'https://www.ebay.com/sch/i.html?_nkw=Daughter+of+the+Mountains', NULL, NULL, NULL, NULL);
INSERT INTO resource_acquisition (id, resource, type, source, url, cost_cents, pages, listening_hours, note) VALUES (54, 16, 5, 5, 'https://www.amazon.com/Daughter-of-the-Mountains/dp/B07BF6RH49/', NULL, NULL, NULL, NULL);
INSERT INTO resource_acquisition (id, resource, type, source, url, cost_cents, pages, listening_hours, note) VALUES (55, 17, 2, 7, 'https://www.ebay.com/sch/i.html?_nkw=Around+the+World+in+80+Days', NULL, NULL, NULL, NULL);
INSERT INTO resource_acquisition (id, resource, type, source, url, cost_cents, pages, listening_hours, note) VALUES (56, 17, 5, 5, 'https://www.amazon.com/Around-World-80-Days/dp/B088P8TPJR/', NULL, NULL, NULL, NULL);
INSERT INTO resource_acquisition (id, resource, type, source, url, cost_cents, pages, listening_hours, note) VALUES (57, 18, 2, 7, 'https://www.ebay.com/sch/i.html?_nkw=Red+Sand+Blue+Sky', NULL, NULL, NULL, NULL);
INSERT INTO resource_acquisition (id, resource, type, source, url, cost_cents, pages, listening_hours, note) VALUES (58, 20, 2, 7, 'https://www.ebay.com/sch/i.html?_nkw=Story+of+the+World+4', NULL, NULL, NULL, NULL);
INSERT INTO resource_acquisition (id, resource, type, source, url, cost_cents, pages, listening_hours, note) VALUES (59, 19, 2, 7, 'https://www.ebay.com/sch/i.html?_nkw=Story+of+the+World+3', NULL, NULL, NULL, NULL);
INSERT INTO resource_acquisition (id, resource, type, source, url, cost_cents, pages, listening_hours, note) VALUES (60, 2, 2, 7, 'https://www.ebay.com/sch/i.html?_nkw=Story+of+the+World+2', NULL, NULL, NULL, NULL);
INSERT INTO resource_acquisition (id, resource, type, source, url, cost_cents, pages, listening_hours, note) VALUES (61, 1, 2, 7, 'https://www.ebay.com/sch/i.html?_nkw=Story+of+the+World+1', NULL, NULL, NULL, NULL);
INSERT INTO resource_acquisition (id, resource, type, source, url, cost_cents, pages, listening_hours, note) VALUES (62, 21, 2, 1, 'https://www.amazon.com/History-World-Map-DK/dp/1465475850/', NULL, NULL, NULL, NULL);
INSERT INTO resource_acquisition (id, resource, type, source, url, cost_cents, pages, listening_hours, note) VALUES (63, 21, 2, 7, 'https://www.ebay.com/sch/i.html?_nkw=History+of+the+World+Map+by+Map', NULL, NULL, NULL, NULL);
INSERT INTO resource_acquisition (id, resource, type, source, url, cost_cents, pages, listening_hours, note) VALUES (64, 22, 2, 1, 'https://www.amazon.com/Amy-Carmichael-Rescuer-Precious-Christian/dp/1576580180/', NULL, NULL, NULL, NULL);
INSERT INTO resource_acquisition (id, resource, type, source, url, cost_cents, pages, listening_hours, note) VALUES (65, 22, 2, 7, 'https://www.ebay.com/sch/i.html?_nkw=Amy+Carmichael+Rescuer+of+Precious+Gems', NULL, NULL, NULL, NULL);
INSERT INTO resource_acquisition (id, resource, type, source, url, cost_cents, pages, listening_hours, note) VALUES (66, 22, 5, 5, 'https://www.amazon.com/Amy-Carmichael-audiobook/dp/B00HEY2DVY/', NULL, NULL, NULL, NULL);
INSERT INTO resource_acquisition (id, resource, type, source, url, cost_cents, pages, listening_hours, note) VALUES (67, 23, 2, 1, 'https://www.amazon.com/David-Livingstone-Africas-Trailblazer-Christian/dp/1576581535/', NULL, NULL, NULL, NULL);
INSERT INTO resource_acquisition (id, resource, type, source, url, cost_cents, pages, listening_hours, note) VALUES (68, 23, 5, 5, 'https://www.amazon.com/David-Livingstone-audiobook/dp/B00K6R1PQ0/', NULL, NULL, NULL, NULL);
INSERT INTO resource_acquisition (id, resource, type, source, url, cost_cents, pages, listening_hours, note) VALUES (69, 24, 2, 1, 'https://www.amazon.com/Complete-Works-Count-Tolstoy-XII/dp/1500215058/', NULL, NULL, NULL, NULL);
INSERT INTO resource_acquisition (id, resource, type, source, url, cost_cents, pages, listening_hours, note) VALUES (70, 24, 2, 7, 'https://www.ebay.com/sch/i.html?_nkw=The+Complete+Works+of+Count+Tolstoy+XII', NULL, NULL, NULL, NULL);
INSERT INTO resource_acquisition (id, resource, type, source, url, cost_cents, pages, listening_hours, note) VALUES (71, 24, 4, 2, 'http://www.gutenberg.org/files/38025/38025-h/38025-h.htm', NULL, NULL, NULL, NULL);
INSERT INTO resource_acquisition (id, resource, type, source, url, cost_cents, pages, listening_hours, note) VALUES (72, 1, 2, 3, 'https://www.christianbook.com/the-story-of-the-world-volume/susan-bauer/pd/612997', NULL, NULL, NULL, 'entire set, but paperback');
INSERT INTO resource_acquisition (id, resource, type, source, url, cost_cents, pages, listening_hours, note) VALUES (73, 1, 2, 1, 'https://www.amazon.com/Story-World-Text-Bundle-Paperback/dp/1945841761', NULL, NULL, NULL, 'entire set, but paperback');
INSERT INTO resource_acquisition (id, resource, type, source, url, cost_cents, pages, listening_hours, note) VALUES (74, 2, 2, 3, 'https://www.christianbook.com/the-story-of-the-world-volume/susan-bauer/pd/612997', NULL, NULL, NULL, 'entire set, but paperback');
INSERT INTO resource_acquisition (id, resource, type, source, url, cost_cents, pages, listening_hours, note) VALUES (75, 19, 2, 3, 'https://www.christianbook.com/the-story-of-the-world-volume/susan-bauer/pd/612997', NULL, NULL, NULL, 'entire set, but paperback');
INSERT INTO resource_acquisition (id, resource, type, source, url, cost_cents, pages, listening_hours, note) VALUES (76, 20, 2, 3, 'https://www.christianbook.com/the-story-of-the-world-volume/susan-bauer/pd/612997', NULL, NULL, NULL, 'entire set, but paperback');
INSERT INTO resource_acquisition (id, resource, type, source, url, cost_cents, pages, listening_hours, note) VALUES (77, 2, 2, 1, 'https://www.amazon.com/Story-World-Text-Bundle-Paperback/dp/1945841761', NULL, NULL, NULL, 'entire set, but paperback');
INSERT INTO resource_acquisition (id, resource, type, source, url, cost_cents, pages, listening_hours, note) VALUES (78, 19, 2, 1, 'https://www.amazon.com/Story-World-Text-Bundle-Paperback/dp/1945841761', NULL, NULL, NULL, 'entire set, but paperback');
INSERT INTO resource_acquisition (id, resource, type, source, url, cost_cents, pages, listening_hours, note) VALUES (79, 20, 2, 1, 'https://www.amazon.com/Story-World-Text-Bundle-Paperback/dp/1945841761', NULL, NULL, NULL, 'entire set, but paperback');
INSERT INTO resource_acquisition (id, resource, type, source, url, cost_cents, pages, listening_hours, note) VALUES (80, 1, 2, 3, 'https://www.christianbook.com/hardcover-ancient-times-story-world/susan-bauer/9781933339016/pd/339012', NULL, NULL, NULL, NULL);
INSERT INTO resource_acquisition (id, resource, type, source, url, cost_cents, pages, listening_hours, note) VALUES (81, 2, 2, 3, 'https://www.christianbook.com/hardcover-vol-2-middle-story-world/9781933339108/pd/339108', NULL, NULL, NULL, NULL);
INSERT INTO resource_acquisition (id, resource, type, source, url, cost_cents, pages, listening_hours, note) VALUES (82, 19, 2, 3, 'https://www.christianbook.com/hardcover-early-modern-times-story-world/susan-bauer/9780972860307/pd/860304', NULL, NULL, NULL, NULL);
INSERT INTO resource_acquisition (id, resource, type, source, url, cost_cents, pages, listening_hours, note) VALUES (83, 20, 2, 3, 'https://www.christianbook.com/hardcover-vol-4-modern-story-world/susan-bauer/9780972860345/pd/860347', NULL, NULL, NULL, NULL);
INSERT INTO resource_acquisition (id, resource, type, source, url, cost_cents, pages, listening_hours, note) VALUES (84, 25, 2, 1, 'https://www.amazon.com/Story-World-History-Classical-Ancient/dp/1933339217/', NULL, NULL, NULL, NULL);
INSERT INTO resource_acquisition (id, resource, type, source, url, cost_cents, pages, listening_hours, note) VALUES (85, 26, 2, 1, 'https://www.amazon.com/Story-World-History-Classical-Middle/dp/1933339209/', NULL, NULL, NULL, NULL);
INSERT INTO resource_acquisition (id, resource, type, source, url, cost_cents, pages, listening_hours, note) VALUES (86, 27, 2, 1, 'https://www.amazon.com/Story-World-History-Classical-Modern/dp/1933339225/', NULL, NULL, NULL, NULL);
INSERT INTO resource_acquisition (id, resource, type, source, url, cost_cents, pages, listening_hours, note) VALUES (88, 25, 2, 3, 'https://www.christianbook.com/vol-1-ancient-times-story-world/9781933339214/pd/339214', NULL, NULL, NULL, NULL);
INSERT INTO resource_acquisition (id, resource, type, source, url, cost_cents, pages, listening_hours, note) VALUES (89, 26, 2, 3, 'https://www.christianbook.com/vol-2-middle-ages-story-world/9781933339207/pd/412838', NULL, NULL, NULL, NULL);
INSERT INTO resource_acquisition (id, resource, type, source, url, cost_cents, pages, listening_hours, note) VALUES (90, 27, 2, 3, 'https://www.christianbook.com/early-modern-times-story-world/9781933339221/pd/412833', NULL, NULL, NULL, NULL);
INSERT INTO resource_acquisition (id, resource, type, source, url, cost_cents, pages, listening_hours, note) VALUES (91, 28, 2, 3, 'https://www.christianbook.com/book-vol-4-modern-story-world/9781933339023/pd/86037X', NULL, NULL, NULL, NULL);
INSERT INTO resource_acquisition (id, resource, type, source, url, cost_cents, pages, listening_hours, note) VALUES (92, 29, 2, 3, 'https://www.christianbook.com/apologia-exploring-creation-physical-science-basic/jay-wile/pd/336402', NULL, NULL, NULL, 'This is the set, including "Solutions and Tests"');
INSERT INTO resource_acquisition (id, resource, type, source, url, cost_cents, pages, listening_hours, note) VALUES (93, 29, 2, 1, 'https://www.amazon.com/gp/offer-listing/193201277X/', NULL, NULL, NULL, NULL);
INSERT INTO resource_acquisition (id, resource, type, source, url, cost_cents, pages, listening_hours, note) VALUES (94, 30, 2, 1, 'https://www.amazon.com/Roar-Other-Side-Guide-Student/dp/1885767668', NULL, NULL, NULL, NULL);
INSERT INTO resource_acquisition (id, resource, type, source, url, cost_cents, pages, listening_hours, note) VALUES (95, 30, 2, 3, 'https://www.christianbook.com/roar-other-side-guide-student-poets/suzanne-clark/9781885767660/pd/67668', NULL, NULL, NULL, NULL);
INSERT INTO resource_acquisition (id, resource, type, source, url, cost_cents, pages, listening_hours, note) VALUES (96, 30, 2, 7, 'https://www.ebay.com/sch/i.html?_nkw=the+roar+on+the+other+side', NULL, NULL, NULL, NULL);
INSERT INTO resource_acquisition (id, resource, type, source, url, cost_cents, pages, listening_hours, note) VALUES (97, 29, 2, 7, 'https://www.ebay.com/sch/i.html?_nkw=Exploring+Creation+with+physical+science', NULL, NULL, NULL, 'Some of these are sets, including "Solutions and Tests"');
INSERT INTO resource_acquisition (id, resource, type, source, url, cost_cents, pages, listening_hours, note) VALUES (98, 31, 2, 1, 'https://www.amazon.com/Magicians-Nephew-C-S-Lewis/dp/0064405052/', NULL, NULL, NULL, NULL);
INSERT INTO resource_acquisition (id, resource, type, source, url, cost_cents, pages, listening_hours, note) VALUES (99, 31, 2, 7, 'https://www.ebay.com/sch/i.html?_nkw=magicians+nephew', NULL, NULL, NULL, NULL);
INSERT INTO resource_acquisition (id, resource, type, source, url, cost_cents, pages, listening_hours, note) VALUES (100, 31, 5, 5, 'https://www.amazon.com/The-Magicians-Nephew-C-S-Lewis-audiobook/dp/B0009NS99C/', NULL, NULL, NULL, NULL);
INSERT INTO resource_acquisition (id, resource, type, source, url, cost_cents, pages, listening_hours, note) VALUES (101, 31, 4, 1, 'https://www.amazon.com/Magicians-Nephew-C-S-Lewis-ebook/dp/B085BVG548/', NULL, NULL, NULL, NULL);
INSERT INTO resource_acquisition (id, resource, type, source, url, cost_cents, pages, listening_hours, note) VALUES (102, 31, 2, 3, 'https://www.christianbook.com/the-chronicles-narnia-magicians-nephew-softcover/c-s-lewis/9780064471107/pd/44230', NULL, NULL, NULL, NULL);
INSERT INTO resource_acquisition (id, resource, type, source, url, cost_cents, pages, listening_hours, note) VALUES (103, 32, 4, 1, 'https://www.amazon.com/Horse-His-Chronicles-Narnia-Book-ebook/dp/B001I45UFM/', NULL, NULL, NULL, NULL);
INSERT INTO resource_acquisition (id, resource, type, source, url, cost_cents, pages, listening_hours, note) VALUES (104, 32, 5, 5, 'https://www.amazon.com/The-Horse-and-His-Boy-audiobook/dp/B0009NS992/', NULL, NULL, NULL, NULL);
INSERT INTO resource_acquisition (id, resource, type, source, url, cost_cents, pages, listening_hours, note) VALUES (105, 32, 2, 1, 'https://www.amazon.com/Horse-His-Boy-C-Lewis/dp/0064471063/', NULL, NULL, NULL, NULL);
INSERT INTO resource_acquisition (id, resource, type, source, url, cost_cents, pages, listening_hours, note) VALUES (106, 32, 2, 3, 'https://www.christianbook.com/chronicles-narnia-horse-his-boy-softcover/c-s-lewis/9780064471060/pd/44200', NULL, NULL, NULL, NULL);
INSERT INTO resource_acquisition (id, resource, type, source, url, cost_cents, pages, listening_hours, note) VALUES (107, 32, 5, 3, 'https://www.christianbook.com/horse-his-boy-radio-theatre-cds/c-s-lewis/9781624053603/pd/053603', NULL, NULL, NULL, NULL);
INSERT INTO resource_acquisition (id, resource, type, source, url, cost_cents, pages, listening_hours, note) VALUES (108, 33, 2, 1, 'https://www.amazon.com/Anansi-Jamaican-stories-Spider-God/dp/9492355175/', NULL, NULL, NULL, NULL);
INSERT INTO resource_acquisition (id, resource, type, source, url, cost_cents, pages, listening_hours, note) VALUES (109, 33, 4, 1, 'https://www.amazon.com/Anansi-Jamaican-stories-Spider-God-ebook/dp/B087QSZN8L/', NULL, NULL, NULL, NULL);
INSERT INTO resource_acquisition (id, resource, type, source, url, cost_cents, pages, listening_hours, note) VALUES (110, 33, 2, 7, 'https://www.ebay.com/sch/i.html?_nkw=Anansi+the+Spider+Stories', NULL, NULL, NULL, NULL);
INSERT INTO resource_acquisition (id, resource, type, source, url, cost_cents, pages, listening_hours, note) VALUES (111, 34, 2, 7, 'https://www.ebay.com/sch/i.html?_nkw=omnibus+1+classical+civilizations', NULL, NULL, NULL, NULL);
INSERT INTO resource_acquisition (id, resource, type, source, url, cost_cents, pages, listening_hours, note) VALUES (112, 34, 2, 1, 'https://www.amazon.com/s?k=omnibus+1+classical+civilizations', NULL, NULL, NULL, NULL);
INSERT INTO resource_acquisition (id, resource, type, source, url, cost_cents, pages, listening_hours, note) VALUES (113, 35, 2, 1, 'https://www.amazon.com/s?k=omnibus+II+church+fathers', NULL, NULL, NULL, NULL);
INSERT INTO resource_acquisition (id, resource, type, source, url, cost_cents, pages, listening_hours, note) VALUES (114, 35, 2, 7, 'https://www.ebay.com/sch/i.html?_nkw=omnibus+II+church+fathers', NULL, NULL, NULL, NULL);
INSERT INTO resource_acquisition (id, resource, type, source, url, cost_cents, pages, listening_hours, note) VALUES (115, 37, 2, 1, 'https://www.amazon.com/Solutions-Exploring-Creation-Physical-Science-dp-1932012788/dp/1932012788/', NULL, NULL, NULL, NULL);
INSERT INTO resource_acquisition (id, resource, type, source, url, cost_cents, pages, listening_hours, note) VALUES (116, 37, 2, 3, 'https://www.christianbook.com/exploring-creation-physical-solutions-2nd-edition/jay-wile/9781932012781/pd/338402', NULL, NULL, NULL, NULL);
INSERT INTO resource_acquisition (id, resource, type, source, url, cost_cents, pages, listening_hours, note) VALUES (117, 29, 2, 3, 'https://www.christianbook.com/exploring-creation-physical-textbook-2nd-edition/jay-wile/9781932012774/pd/337402', NULL, NULL, NULL, NULL);
INSERT INTO resource_acquisition (id, resource, type, source, url, cost_cents, pages, listening_hours, note) VALUES (118, 38, 2, 1, 'https://www.amazon.com/God-King-Hezekiah-History-Library/dp/1883937736/', NULL, NULL, NULL, NULL);
INSERT INTO resource_acquisition (id, resource, type, source, url, cost_cents, pages, listening_hours, note) VALUES (119, 38, 4, 1, 'https://www.amazon.com/God-King-Joanne-Williamson-ebook/dp/B002RAQLFO/', NULL, NULL, NULL, NULL);
INSERT INTO resource_acquisition (id, resource, type, source, url, cost_cents, pages, listening_hours, note) VALUES (120, 38, 2, 7, 'https://www.ebay.com/sch/i.html?_nkw=God+King+days+of+Hezekiah', NULL, NULL, NULL, NULL);
INSERT INTO resource_acquisition (id, resource, type, source, url, cost_cents, pages, listening_hours, note) VALUES (121, 39, 2, 7, 'https://www.ebay.com/sch/i.html?_nkw=lost+tools+of+writing+level+1', NULL, NULL, NULL, NULL);

-- Table: resource_details
DROP TABLE IF EXISTS resource_details;
CREATE TABLE resource_details (id INTEGER PRIMARY KEY AUTOINCREMENT, resource INTEGER REFERENCES resource (id) ON DELETE CASCADE ON UPDATE CASCADE, author STRING);

-- Table: resource_source
DROP TABLE IF EXISTS resource_source;
CREATE TABLE resource_source (id INTEGER PRIMARY KEY AUTOINCREMENT, name STRING, logo STRING);
INSERT INTO resource_source (id, name, logo) VALUES (1, 'Amazon', 'amazon-tiny.png');
INSERT INTO resource_source (id, name, logo) VALUES (2, 'Gutenberg', 'gutenberg-tiny.png');
INSERT INTO resource_source (id, name, logo) VALUES (3, 'Christianbook', 'christianbook-tiny.png');
INSERT INTO resource_source (id, name, logo) VALUES (4, 'Librivox', 'librivox-tiny.png');
INSERT INTO resource_source (id, name, logo) VALUES (5, 'Audible', 'audible-tiny.png');
INSERT INTO resource_source (id, name, logo) VALUES (6, 'Web', NULL);
INSERT INTO resource_source (id, name, logo) VALUES (7, 'Ebay', 'ebay-tiny.png');

-- Table: resource_type
DROP TABLE IF EXISTS resource_type;
CREATE TABLE resource_type (id INTEGER PRIMARY KEY AUTOINCREMENT, name STRING UNIQUE);
INSERT INTO resource_type (id, name) VALUES (2, 'traditional book');
INSERT INTO resource_type (id, name) VALUES (4, 'ebook');
INSERT INTO resource_type (id, name) VALUES (5, 'audiobook');
INSERT INTO resource_type (id, name) VALUES (7, 'web page');

-- Table: resource_use
DROP TABLE IF EXISTS resource_use;
CREATE TABLE resource_use (id INTEGER PRIMARY KEY AUTOINCREMENT, subject INTEGER REFERENCES subject (id) ON DELETE CASCADE ON UPDATE CASCADE, resource INTEGER REFERENCES resource (id) ON DELETE CASCADE ON UPDATE CASCADE, cw_first INTEGER REFERENCES cycle_week (id) ON DELETE CASCADE ON UPDATE CASCADE, cw_last INTEGER REFERENCES cycle_week (id) ON DELETE CASCADE ON UPDATE CASCADE, program INTEGER REFERENCES program (id) ON DELETE CASCADE ON UPDATE CASCADE, grade INTEGER, pages STRING, chapters STRING, optional BOOLEAN);
INSERT INTO resource_use (id, subject, resource, cw_first, cw_last, program, grade, pages, chapters, optional) VALUES (1, 8, 3, 197, 1, 3, NULL, NULL, NULL, NULL);
INSERT INTO resource_use (id, subject, resource, cw_first, cw_last, program, grade, pages, chapters, optional) VALUES (2, 8, 4, 197, 4, 3, NULL, NULL, NULL, NULL);
INSERT INTO resource_use (id, subject, resource, cw_first, cw_last, program, grade, pages, chapters, optional) VALUES (3, 8, 5, 197, 4, 3, NULL, NULL, NULL, 1);
INSERT INTO resource_use (id, subject, resource, cw_first, cw_last, program, grade, pages, chapters, optional) VALUES (4, 8, 6, 1, 7, 3, NULL, NULL, NULL, 1);
INSERT INTO resource_use (id, subject, resource, cw_first, cw_last, program, grade, pages, chapters, optional) VALUES (5, 8, 7, 5, 10, 3, NULL, NULL, NULL, NULL);
INSERT INTO resource_use (id, subject, resource, cw_first, cw_last, program, grade, pages, chapters, optional) VALUES (6, 8, 8, 5, 10, 3, NULL, NULL, NULL, 1);
INSERT INTO resource_use (id, subject, resource, cw_first, cw_last, program, grade, pages, chapters, optional) VALUES (7, 8, 9, 5, 5, 3, NULL, NULL, NULL, NULL);
INSERT INTO resource_use (id, subject, resource, cw_first, cw_last, program, grade, pages, chapters, optional) VALUES (8, 8, 10, 1, 7, 3, NULL, NULL, NULL, 1);
INSERT INTO resource_use (id, subject, resource, cw_first, cw_last, program, grade, pages, chapters, optional) VALUES (9, 8, 11, 11, 16, 3, NULL, NULL, NULL, NULL);
INSERT INTO resource_use (id, subject, resource, cw_first, cw_last, program, grade, pages, chapters, optional) VALUES (10, 8, 12, 11, 16, 3, NULL, NULL, NULL, 1);
INSERT INTO resource_use (id, subject, resource, cw_first, cw_last, program, grade, pages, chapters, optional) VALUES (11, 8, 13, 14, 19, 3, NULL, NULL, NULL, NULL);
INSERT INTO resource_use (id, subject, resource, cw_first, cw_last, program, grade, pages, chapters, optional) VALUES (12, 8, 14, 20, 24, 3, NULL, NULL, NULL, NULL);
INSERT INTO resource_use (id, subject, resource, cw_first, cw_last, program, grade, pages, chapters, optional) VALUES (13, 8, 15, 20, 24, 3, NULL, NULL, NULL, 1);
INSERT INTO resource_use (id, subject, resource, cw_first, cw_last, program, grade, pages, chapters, optional) VALUES (14, 8, 16, 8, 13, 3, NULL, NULL, NULL, NULL);
INSERT INTO resource_use (id, subject, resource, cw_first, cw_last, program, grade, pages, chapters, optional) VALUES (15, 8, 17, 23, 28, 3, NULL, NULL, NULL, 1);
INSERT INTO resource_use (id, subject, resource, cw_first, cw_last, program, grade, pages, chapters, optional) VALUES (16, 8, 18, 23, 28, 3, NULL, NULL, NULL, NULL);
INSERT INTO resource_use (id, subject, resource, cw_first, cw_last, program, grade, pages, chapters, optional) VALUES (20, 2, 1, 169, 179, 3, NULL, NULL, NULL, 0);
INSERT INTO resource_use (id, subject, resource, cw_first, cw_last, program, grade, pages, chapters, optional) VALUES (21, 2, 2, 179, 187, 3, NULL, NULL, NULL, 0);
INSERT INTO resource_use (id, subject, resource, cw_first, cw_last, program, grade, pages, chapters, optional) VALUES (22, 2, 19, 187, 192, 3, NULL, NULL, NULL, 0);
INSERT INTO resource_use (id, subject, resource, cw_first, cw_last, program, grade, pages, chapters, optional) VALUES (23, 2, 20, 192, 196, 3, NULL, NULL, NULL, 0);
INSERT INTO resource_use (id, subject, resource, cw_first, cw_last, program, grade, pages, chapters, optional) VALUES (24, 8, 22, 8, 13, 3, NULL, NULL, NULL, 1);
INSERT INTO resource_use (id, subject, resource, cw_first, cw_last, program, grade, pages, chapters, optional) VALUES (25, 8, 23, 23, 28, 3, NULL, NULL, NULL, NULL);
INSERT INTO resource_use (id, subject, resource, cw_first, cw_last, program, grade, pages, chapters, optional) VALUES (26, 8, 24, 17, 22, 3, NULL, NULL, NULL, NULL);
INSERT INTO resource_use (id, subject, resource, cw_first, cw_last, program, grade, pages, chapters, optional) VALUES (27, 2, 25, 169, 179, 3, NULL, NULL, NULL, 0);
INSERT INTO resource_use (id, subject, resource, cw_first, cw_last, program, grade, pages, chapters, optional) VALUES (28, 2, 26, 179, 187, 3, NULL, NULL, NULL, 0);
INSERT INTO resource_use (id, subject, resource, cw_first, cw_last, program, grade, pages, chapters, optional) VALUES (29, 2, 27, 187, 192, 3, NULL, NULL, NULL, 0);
INSERT INTO resource_use (id, subject, resource, cw_first, cw_last, program, grade, pages, chapters, optional) VALUES (30, 2, 28, 192, 196, 3, NULL, NULL, NULL, 0);
INSERT INTO resource_use (id, subject, resource, cw_first, cw_last, program, grade, pages, chapters, optional) VALUES (31, 5, 29, 169, 196, 3, NULL, NULL, NULL, NULL);
INSERT INTO resource_use (id, subject, resource, cw_first, cw_last, program, grade, pages, chapters, optional) VALUES (32, 9, 30, 169, 180, 3, NULL, NULL, NULL, NULL);
INSERT INTO resource_use (id, subject, resource, cw_first, cw_last, program, grade, pages, chapters, optional) VALUES (33, 2, 21, 169, 196, 3, NULL, NULL, NULL, 1);
INSERT INTO resource_use (id, subject, resource, cw_first, cw_last, program, grade, pages, chapters, optional) VALUES (34, 8, 31, 197, 1, 3, NULL, NULL, NULL, 1);
INSERT INTO resource_use (id, subject, resource, cw_first, cw_last, program, grade, pages, chapters, optional) VALUES (35, 8, 32, 197, 1, 3, NULL, NULL, NULL, 1);
INSERT INTO resource_use (id, subject, resource, cw_first, cw_last, program, grade, pages, chapters, optional) VALUES (36, 8, 33, 197, 1, 3, NULL, NULL, NULL, 1);
INSERT INTO resource_use (id, subject, resource, cw_first, cw_last, program, grade, pages, chapters, optional) VALUES (37, 2, 34, 203, 203, 3, NULL, NULL, NULL, 1);
INSERT INTO resource_use (id, subject, resource, cw_first, cw_last, program, grade, pages, chapters, optional) VALUES (38, 2, 35, 203, 203, 3, NULL, NULL, NULL, 1);
INSERT INTO resource_use (id, subject, resource, cw_first, cw_last, program, grade, pages, chapters, optional) VALUES (39, 5, 37, 169, 196, 3, NULL, NULL, NULL, 1);
INSERT INTO resource_use (id, subject, resource, cw_first, cw_last, program, grade, pages, chapters, optional) VALUES (40, 8, 38, 1, 7, 3, NULL, NULL, NULL, NULL);
INSERT INTO resource_use (id, subject, resource, cw_first, cw_last, program, grade, pages, chapters, optional) VALUES (41, 8, 39, 169, 196, 3, NULL, NULL, NULL, NULL);

-- Table: role
DROP TABLE IF EXISTS role;
CREATE TABLE role (id INTEGER PRIMARY KEY AUTOINCREMENT, name STRING UNIQUE);
INSERT INTO role (id, name) VALUES (1, 'student');
INSERT INTO role (id, name) VALUES (2, 'admin');
INSERT INTO role (id, name) VALUES (3, 'tutor');
INSERT INTO role (id, name) VALUES (4, 'coordinator');

-- Table: science
DROP TABLE IF EXISTS science;
CREATE TABLE science (id INTEGER PRIMARY KEY AUTOINCREMENT, cw INTEGER REFERENCES cycle_week (id) ON DELETE RESTRICT ON UPDATE CASCADE NOT NULL, prompt STRING UNIQUE NOT NULL, answer STRING NOT NULL, note STRING);
INSERT INTO science (id, cw, prompt, answer, note) VALUES (1, 3, 'mass', 'the amount of matter (substance) in an object, usually measured in grams (g) or pound-mass (lbm)', NULL);
INSERT INTO science (id, cw, prompt, answer, note) VALUES (2, 4, 'weight', 'the force of gravity on a mass, usually measured in Newtons (N) or pound-force (lbf)', 'A given mass will weigh *more* on earth than on the moon, since the earth''s gravitaional force is greater than, e.g., that of the moon.');
INSERT INTO science (id, cw, prompt, answer, note) VALUES (3, 1, 'atom', 'the smallest unit of matter of a chemical element', 'The Periodic Table of Elements details chemical elements.');
INSERT INTO science (id, cw, prompt, answer, note) VALUES (4, 2, 'molecule', 'matter that consists of two or more atoms held together by chemical bonds', NULL);
INSERT INTO science (id, cw, prompt, answer, note) VALUES (5, 5, 'chemical solution', 'a chemical mixture; a solvent is the substance in which a solute is dissolved', 'Mixtures are commonly (but not necessarily) liquid.');
INSERT INTO science (id, cw, prompt, answer, note) VALUES (6, 6, 'water cycle', 'the cycle in which water enters the atmosphere through evaporation and transpiration, forms clouds through condensation, and falls as rain and snow, called precipitation', 'The water cycle is also known as the hydrologic cycle.');
INSERT INTO science (id, cw, prompt, answer, note) VALUES (7, 7, 'atmospheric layers', 'troposphere, stratosphere, mesosphere, thermosphere, and exosphere', 'The troposphere, stratosphere, and mesosphere are grouped into "the homosphere", and the thermosphere and exosphere are grouped into "the heterosphere".');
INSERT INTO science (id, cw, prompt, answer, note) VALUES (8, 8, 'layers of the earth', 'core, mantle, and crust', 'The core is broken into the "inner core" and "outer core"; the mantle includes the asthenosphere, and the crust includes the lithosphere.');
INSERT INTO science (id, cw, prompt, answer, note) VALUES (9, 9, 'kinds of rock', 'sedimentary, igneous, and metamorphic', 'Rocks are made up of minerals, and minerals are crystalline structures made of distinctive (atomic) elements.');
INSERT INTO science (id, cw, prompt, answer, note) VALUES (10, 10, 'types of clouds', 'cumulus, cirrus, stratus, lenticular', 'Clouds form in the homosphere (troposphere, stratosphere, and mesosphere).  Using "alto-" and "-nimbus" modifiers, as well as combinations (like "cirrocumulus") are common approaches to further classifying clouds. These are all Latin terms: Cumulus = "heap", "pile" ("accumulate"). Cirrus = "ringlet", "curling lock of hair". Stratus = "layer" ("strategy"). Lenticular = "lens-shaped" or "lentil-shaped". Nimbus = "dark cloud".');
INSERT INTO science (id, cw, prompt, answer, note) VALUES (11, 11, 'velocity', 'the speed and direction of an object in motion; speed is usually measured in meters per second', 'Miles per hour and many other units can apply here. A "vector" is a quantity that has both magnitude and direction components, such as velocity.');
INSERT INTO science (id, cw, prompt, answer, note) VALUES (12, 12, 'acceleration', 'the rate of change in velocity, usually measured in meters per second per second', 'Meters per second per second can also be written meters per second-squared, but meters per second per second is easier to visualize.  If a car is accelerating at 3 m/s/s, then it is increasing in speed by 3 m/s every second ("per second").');
INSERT INTO science (id, cw, prompt, answer, note) VALUES (13, 13, 'force', 'an interaction which can change the velocity of an object; force = mass x acceleration (F = ma), usually measured in Newtons', NULL);
INSERT INTO science (id, cw, prompt, answer, note) VALUES (14, 14, 'momentum', 'the product of an object''s mass and its velocity (p = mv), usually measured in kilogram-meters per second', 'Momentum = mass times velocity.');

-- Table: science_grammar_audio
DROP TABLE IF EXISTS science_grammar_audio;
CREATE TABLE science_grammar_audio (science INTEGER REFERENCES science (id) ON DELETE CASCADE ON UPDATE CASCADE, audio INTEGER REFERENCES grammar_audio (id) ON DELETE CASCADE ON UPDATE CASCADE);
INSERT INTO science_grammar_audio (science, audio) VALUES (3, 7);
INSERT INTO science_grammar_audio (science, audio) VALUES (4, 8);
INSERT INTO science_grammar_audio (science, audio) VALUES (1, 9);

-- Table: subject
DROP TABLE IF EXISTS subject;
CREATE TABLE subject (id INTEGER PRIMARY KEY AUTOINCREMENT, name strig UNIQUE);
INSERT INTO subject (id, name) VALUES (0, 'All');
INSERT INTO subject (id, name) VALUES (1, 'Timeline');
INSERT INTO subject (id, name) VALUES (2, 'History');
INSERT INTO subject (id, name) VALUES (3, 'Geography');
INSERT INTO subject (id, name) VALUES (4, 'Math');
INSERT INTO subject (id, name) VALUES (5, 'Science');
INSERT INTO subject (id, name) VALUES (6, 'English');
INSERT INTO subject (id, name) VALUES (7, 'Latin');
INSERT INTO subject (id, name) VALUES (8, 'Literature');
INSERT INTO subject (id, name) VALUES (9, 'Poetry');

-- Table: test_event_sequence_answer
DROP TABLE IF EXISTS test_event_sequence_answer;
CREATE TABLE test_event_sequence_answer (id INTEGER PRIMARY KEY AUTOINCREMENT, target INTEGER REFERENCES test_event_sequence_target (id) ON DELETE CASCADE ON UPDATE CASCADE, chosen_answer INTEGER REFERENCES event (id) ON DELETE CASCADE ON UPDATE CASCADE);

-- Table: test_event_sequence_incorrect_option
DROP TABLE IF EXISTS test_event_sequence_incorrect_option;
CREATE TABLE test_event_sequence_incorrect_option (id INTEGER PRIMARY KEY AUTOINCREMENT, target INTEGER REFERENCES test_event_sequence_target (id) ON DELETE CASCADE ON UPDATE CASCADE, incorrect_option INTEGER REFERENCES event (id) ON DELETE CASCADE ON UPDATE CASCADE);

-- Table: test_event_sequence_target
DROP TABLE IF EXISTS test_event_sequence_target;
CREATE TABLE test_event_sequence_target (id INTEGER PRIMARY KEY AUTOINCREMENT, event INTEGER REFERENCES event (id) ON DELETE CASCADE ON UPDATE CASCADE NOT NULL, correct_answer INTEGER REFERENCES event (id) ON DELETE CASCADE ON UPDATE CASCADE NOT NULL);

-- Table: test_event_sequence_target_threshold
DROP TABLE IF EXISTS test_event_sequence_target_threshold;
CREATE TABLE test_event_sequence_target_threshold (id INTEGER PRIMARY KEY AUTOINCREMENT, user INTEGER REFERENCES user (id) ON DELETE CASCADE ON UPDATE CASCADE UNIQUE, threshold INTEGER);

-- Table: test_event_sequence_user_answer
DROP TABLE IF EXISTS test_event_sequence_user_answer;
CREATE TABLE test_event_sequence_user_answer (id INTEGER PRIMARY KEY AUTOINCREMENT, user INTEGER REFERENCES user (id) ON DELETE CASCADE ON UPDATE CASCADE, chosen_answer INTEGER REFERENCES test_event_sequence_answer (id) ON DELETE CASCADE ON UPDATE CASCADE);

-- Table: user
DROP TABLE IF EXISTS user;
CREATE TABLE user (id INTEGER PRIMARY KEY AUTOINCREMENT, username STRING UNIQUE, password STRING, salt STRING, person INTEGER REFERENCES person (id) ON DELETE CASCADE ON UPDATE CASCADE);
INSERT INTO user (id, username, password, salt, person) VALUES (1, 'jmcaine', NULL, NULL, NULL);

-- Table: user_role
DROP TABLE IF EXISTS user_role;
CREATE TABLE user_role (user INTEGER REFERENCES user (id) ON DELETE CASCADE ON UPDATE CASCADE, role INTEGER REFERENCES role (id) ON DELETE RESTRICT ON UPDATE CASCADE);
INSERT INTO user_role (user, role) VALUES (1, 1);
INSERT INTO user_role (user, role) VALUES (1, 2);
INSERT INTO user_role (user, role) VALUES (1, 3);
INSERT INTO user_role (user, role) VALUES (1, 4);

-- Table: vocabulary
DROP TABLE IF EXISTS vocabulary;
CREATE TABLE vocabulary (id INTEGER PRIMARY KEY AUTOINCREMENT, cw INTEGER REFERENCES cycle_week (id) ON DELETE RESTRICT ON UPDATE CASCADE NOT NULL, word STRING NOT NULL UNIQUE, pos INTEGER REFERENCES part_of_speech (id) ON DELETE RESTRICT ON UPDATE CASCADE NOT NULL, definition STRING NOT NULL, root STRING);
INSERT INTO vocabulary (id, cw, word, pos, definition, root) VALUES (1, 1, 'amicable', 3, 'friendly', 'amīcus, amīcī (friend)');
INSERT INTO vocabulary (id, cw, word, pos, definition, root) VALUES (2, 1, 'benevolent', 3, 'kind, compassionate', 'bene (well, best) + velle (to wish)');
INSERT INTO vocabulary (id, cw, word, pos, definition, root) VALUES (3, 1, 'sagacious
', 3, 'wise', 'sagax, sagac- (wise)');
INSERT INTO vocabulary (id, cw, word, pos, definition, root) VALUES (4, 1, 'paternal', 3, 'fatherly', 'pater, patris (father)');
INSERT INTO vocabulary (id, cw, word, pos, definition, root) VALUES (5, 1, 'maternal', 3, 'motherly', 'māter, mātris (mother)');
INSERT INTO vocabulary (id, cw, word, pos, definition, root) VALUES (6, 1, 'fraternal', 3, 'brotherly', 'frāter, frātris (brother)');
INSERT INTO vocabulary (id, cw, word, pos, definition, root) VALUES (7, 2, 'lucid', 3, 'clear, understandable', 'lūx, lūcis (light)');
INSERT INTO vocabulary (id, cw, word, pos, definition, root) VALUES (8, 2, 'omnipresent', 3, 'everywhere', 'omnis, e (all, every)');
INSERT INTO vocabulary (id, cw, word, pos, definition, root) VALUES (9, 2, 'elaborate', 3, 'detailed, complicated, embellished', 'labor, labōris (effort, toil, labor)');
INSERT INTO vocabulary (id, cw, word, pos, definition, root) VALUES (10, 2, 'veritable', 3, 'true, indisputable', 'vēritās, vēritātis (truth)');
INSERT INTO vocabulary (id, cw, word, pos, definition, root) VALUES (11, 2, 'virtuous', 3, 'honorable, principled', 'virtūs, virtūtis (virtue, courage)');
INSERT INTO vocabulary (id, cw, word, pos, definition, root) VALUES (12, 2, 'vociferous', 3, 'noisy, outspoken', 'vōx, vōcis (voice, cry)');
INSERT INTO vocabulary (id, cw, word, pos, definition, root) VALUES (13, 5, 'conundrum', 1, 'difficult problem', '');
INSERT INTO vocabulary (id, cw, word, pos, definition, root) VALUES (14, 5, 'compromise', 1, 'bargain, settlement', '');
INSERT INTO vocabulary (id, cw, word, pos, definition, root) VALUES (15, 5, 'conformist', 1, 'follower, team-player', '');
INSERT INTO vocabulary (id, cw, word, pos, definition, root) VALUES (16, 5, 'diplomacy', 1, 'art of political relationship', '');
INSERT INTO vocabulary (id, cw, word, pos, definition, root) VALUES (17, 5, 'digression', 1, 'detour from main point', '');
INSERT INTO vocabulary (id, cw, word, pos, definition, root) VALUES (18, 5, 'demagogue', 1, 'populist leader', '');
INSERT INTO vocabulary (id, cw, word, pos, definition, root) VALUES (19, 6, 'abate', 4, 'become less', 'ab (away) + battere (to batter, beat away)');
INSERT INTO vocabulary (id, cw, word, pos, definition, root) VALUES (20, 6, 'abdicate', 4, 'give up (throne), give away', 'ab (away) + dicare (decree, declare)');
INSERT INTO vocabulary (id, cw, word, pos, definition, root) VALUES (21, 6, 'abstain (from)', 4, 'don’t participate (in)', 'ab (away) + tenere (to hold)');
INSERT INTO vocabulary (id, cw, word, pos, definition, root) VALUES (22, 6, 'allure', 4, 'draw toward, attract', 'ad (to/toward) + trahere (to drag, pull)');
INSERT INTO vocabulary (id, cw, word, pos, definition, root) VALUES (23, 6, 'assist', 4, 'help, support', 'ad (to/toward) + sistere (to stand firmly)');
INSERT INTO vocabulary (id, cw, word, pos, definition, root) VALUES (24, 6, 'accomplish', 4, 'achieve, finish, fulfill', 'ad (to) + complere (complete)');
INSERT INTO vocabulary (id, cw, word, pos, definition, root) VALUES (25, 8, 'pacific', 3, 'peaceful, calm', 'pāx, pācis (peace)');
INSERT INTO vocabulary (id, cw, word, pos, definition, root) VALUES (26, 8, 'clamorous', 3, 'loud, vociferous', 'clāmor, clāmōris (shout, shouting)');
INSERT INTO vocabulary (id, cw, word, pos, definition, root) VALUES (27, 8, 'advent', 1, 'arrival, coming', 'adventus (arrival, coming)');
INSERT INTO vocabulary (id, cw, word, pos, definition, root) VALUES (28, 8, 'voyage', 1, 'journey, excursion', 'via (way, road)');
INSERT INTO vocabulary (id, cw, word, pos, definition, root) VALUES (29, 8, 'vitality', 1, 'fullness of life', 'vita (life)');
INSERT INTO vocabulary (id, cw, word, pos, definition, root) VALUES (30, 8, 'itinerary', 1, 'planned route, journey, agenda', 'iter, itineris (journey, march, route)');
INSERT INTO vocabulary (id, cw, word, pos, definition, root) VALUES (31, 9, 'principle', 1, 'ethical foundation, first value', 'prīnceps, prīncipis (chief, primary leader)');
INSERT INTO vocabulary (id, cw, word, pos, definition, root) VALUES (32, 9, 'principal', 1, 'chief, primary leader', 'prīnceps, prīncipis (chief, primary leader)');
INSERT INTO vocabulary (id, cw, word, pos, definition, root) VALUES (33, 9, 'fidelity', 1, 'loyalty, devotion', 'fidēs, fideī (faith, faithfulness)');
INSERT INTO vocabulary (id, cw, word, pos, definition, root) VALUES (34, 9, 'fortitude', 1, 'courage, perseverance, strength', 'fortis, e (brave, strong)');
INSERT INTO vocabulary (id, cw, word, pos, definition, root) VALUES (35, 9, 'difficulty', 1, 'adversity, hardship', 'difficilis, e (difficult)');
INSERT INTO vocabulary (id, cw, word, pos, definition, root) VALUES (36, 9, 'facilitate (v)', 4, 'make easy, coordinate', 'facilis, e (easy)');
INSERT INTO vocabulary (id, cw, word, pos, definition, root) VALUES (37, 12, 'camaraderie', 1, 'friendship, companionship', '');
INSERT INTO vocabulary (id, cw, word, pos, definition, root) VALUES (38, 12, 'colleague', 1, 'co-worker, companion, teammate', '');
INSERT INTO vocabulary (id, cw, word, pos, definition, root) VALUES (39, 12, 'significance', 1, 'importance, relevance, gravity', '');
INSERT INTO vocabulary (id, cw, word, pos, definition, root) VALUES (40, 12, 'tension', 1, 'strain, pull, stretch', '');
INSERT INTO vocabulary (id, cw, word, pos, definition, root) VALUES (41, 12, 'compression', 1, 'stress, squeeze, pressure', '');
INSERT INTO vocabulary (id, cw, word, pos, definition, root) VALUES (42, 12, 'investigation', 1, 'quest for truth or explanation', '');
INSERT INTO vocabulary (id, cw, word, pos, definition, root) VALUES (43, 12, 'diagram', 1, 'information picture', '');
INSERT INTO vocabulary (id, cw, word, pos, definition, root) VALUES (44, 9, 'nomenclature', 1, 'system of names, taxonomy', 'nōmen, nōminis (name)');
INSERT INTO vocabulary (id, cw, word, pos, definition, root) VALUES (45, 13, 'capacious', 3, 'roomy, ample', 'capax, capac- (capable)');
INSERT INTO vocabulary (id, cw, word, pos, definition, root) VALUES (46, 13, 'condescending', 3, 'arrogant, haughty', 'scandere (to climb)');
INSERT INTO vocabulary (id, cw, word, pos, definition, root) VALUES (47, 13, 'deleterious', 3, 'harmful, destructive, unhealthy', 'delere (blotted out, deleted)');
INSERT INTO vocabulary (id, cw, word, pos, definition, root) VALUES (48, 13, 'diligent', 3, 'persevering carefully', 'diligere (love, take delight in)');
INSERT INTO vocabulary (id, cw, word, pos, definition, root) VALUES (49, 13, 'exemplary', 3, 'excellent, admirable', 'exemplum (imitation, sample)');
INSERT INTO vocabulary (id, cw, word, pos, definition, root) VALUES (50, 13, 'florid', 3, 'elaborately ornamented', 'flos, flor- (flower)');
INSERT INTO vocabulary (id, cw, word, pos, definition, root) VALUES (51, 13, 'fortuitous', 3, 'lucky, fortunate', 'forte (by chance)');

COMMIT TRANSACTION;
PRAGMA foreign_keys = on;
