--
-- File generated with SQLiteStudio v3.2.1 on Mon Dec 14 20:22:27 2020
--
-- Text encoding used: UTF-8
--
PRAGMA foreign_keys = off;
BEGIN TRANSACTION;

-- Table: academic_year
DROP TABLE IF EXISTS academic_year;
CREATE TABLE academic_year (id INTEGER PRIMARY KEY AUTOINCREMENT, name STRING);
INSERT INTO academic_year (id, name) VALUES (1, '2020-21');

-- Table: address
DROP TABLE IF EXISTS address;
CREATE TABLE address (id INTEGER PRIMARY KEY AUTOINCREMENT, po_box STRING, street_1 STRING, street_2 STRING, city STRING, state STRING, postal_code STRING, country STRING, note STRING, unlisted INTEGER);
INSERT INTO address (id, po_box, street_1, street_2, city, state, postal_code, country, note, unlisted) VALUES (1, NULL, '505 East Main St.', NULL, 'Enterprise', 'OR', 97828, NULL, NULL, NULL);
INSERT INTO address (id, po_box, street_1, street_2, city, state, postal_code, country, note, unlisted) VALUES (2, NULL, '306 SE 2nd St.', NULL, 'Enterprise', 'OR', 97828, NULL, NULL, NULL);
INSERT INTO address (id, po_box, street_1, street_2, city, state, postal_code, country, note, unlisted) VALUES (3, NULL, '301 SE 5th St.', NULL, 'Enterprise', 'OR', 97828, NULL, NULL, NULL);
INSERT INTO address (id, po_box, street_1, street_2, city, state, postal_code, country, note, unlisted) VALUES (4, NULL, '1202 Sagewood St.', NULL, 'Enterprise', 'OR', 97828, NULL, NULL, NULL);
INSERT INTO address (id, po_box, street_1, street_2, city, state, postal_code, country, note, unlisted) VALUES (5, NULL, '207 SE 2nd St.', NULL, 'Enterprise', 'OR', 97828, NULL, NULL, NULL);
INSERT INTO address (id, po_box, street_1, street_2, city, state, postal_code, country, note, unlisted) VALUES (6, NULL, '213 SW Broadmore St.', NULL, 'Enterprise', 'OR', 97828, NULL, NULL, NULL);
INSERT INTO address (id, po_box, street_1, street_2, city, state, postal_code, country, note, unlisted) VALUES (7, NULL, '79054 Hartshorn Rd.', NULL, 'Imnaha', 'OR', 97842, NULL, NULL, NULL);
INSERT INTO address (id, po_box, street_1, street_2, city, state, postal_code, country, note, unlisted) VALUES (8, NULL, '81733 Reavis Ln.', NULL, 'Enterprise', 'OR', 97828, NULL, NULL, NULL);
INSERT INTO address (id, po_box, street_1, street_2, city, state, postal_code, country, note, unlisted) VALUES (9, NULL, '62401 Edgewater Rd.', NULL, 'Joseph', 'OR', 97846, NULL, NULL, NULL);
INSERT INTO address (id, po_box, street_1, street_2, city, state, postal_code, country, note, unlisted) VALUES (10, NULL, '200 E. Greenwood St.', NULL, 'Enterprise', 'OR', 97828, NULL, NULL, NULL);
INSERT INTO address (id, po_box, street_1, street_2, city, state, postal_code, country, note, unlisted) VALUES (11, NULL, '1200 Highland Ave.', NULL, 'Enterprise', 'OR', 97828, NULL, NULL, NULL);
INSERT INTO address (id, po_box, street_1, street_2, city, state, postal_code, country, note, unlisted) VALUES (12, NULL, '205 E. Grant St.', NULL, 'Enterprise', 'OR', 97828, NULL, NULL, NULL);
INSERT INTO address (id, po_box, street_1, street_2, city, state, postal_code, country, note, unlisted) VALUES (13, NULL, '205 E. Greenwood St.', NULL, 'Enterprise', 'OR', 97828, NULL, NULL, NULL);
INSERT INTO address (id, po_box, street_1, street_2, city, state, postal_code, country, note, unlisted) VALUES (14, NULL, '66205 Getting Rd.', NULL, 'Enterprise', 'OR', 97828, NULL, NULL, NULL);
INSERT INTO address (id, po_box, street_1, street_2, city, state, postal_code, country, note, unlisted) VALUES (15, NULL, '65189 Hurricane Creek Rd.', NULL, 'Enterprise', 'OR', 97828, NULL, NULL, NULL);

-- Table: assignment
DROP TABLE IF EXISTS assignment;
CREATE TABLE assignment (id INTEGER PRIMARY KEY AUTOINCREMENT, resource INTEGER REFERENCES resource (id) ON DELETE RESTRICT ON UPDATE CASCADE, subject INTEGER REFERENCES subject (id) ON DELETE RESTRICT ON UPDATE CASCADE, program INTEGER REFERENCES program (id) ON DELETE RESTRICT ON UPDATE CASCADE, grade_first INTEGER, grade_last INTEGER, cw_first INTEGER REFERENCES cycle_week (id) ON DELETE RESTRICT ON UPDATE CASCADE, cw_last INTEGER REFERENCES cycle_week (id) ON DELETE RESTRICT ON UPDATE CASCADE, pages STRING, chapters STRING, items STRING, instruction INTEGER REFERENCES instructions (id) ON DELETE CASCADE ON UPDATE CASCADE, "order" INTEGER, optional INTEGER DEFAULT (0));
INSERT INTO assignment (id, resource, subject, program, grade_first, grade_last, cw_first, cw_last, pages, chapters, items, instruction, "order", optional) VALUES (1, 39, 8, 3, NULL, NULL, 2, 2, NULL, NULL, 'your favorite summer reading', 30, 5, 0);
INSERT INTO assignment (id, resource, subject, program, grade_first, grade_last, cw_first, cw_last, pages, chapters, items, instruction, "order", optional) VALUES (2, 39, 8, 3, 7, 7, 2, 2, NULL, NULL, 10, 31, 20, 0);
INSERT INTO assignment (id, resource, subject, program, grade_first, grade_last, cw_first, cw_last, pages, chapters, items, instruction, "order", optional) VALUES (3, 39, 8, 3, 8, 9, 2, 2, NULL, NULL, 15, 33, 30, 0);
INSERT INTO assignment (id, resource, subject, program, grade_first, grade_last, cw_first, cw_last, pages, chapters, items, instruction, "order", optional) VALUES (5, 39, 8, 3, 8, 9, 2, 2, NULL, NULL, NULL, 32, 31, 0);
INSERT INTO assignment (id, resource, subject, program, grade_first, grade_last, cw_first, cw_last, pages, chapters, items, instruction, "order", optional) VALUES (7, 39, 8, 3, 9, 9, 2, 2, NULL, NULL, NULL, 34, 40, 0);
INSERT INTO assignment (id, resource, subject, program, grade_first, grade_last, cw_first, cw_last, pages, chapters, items, instruction, "order", optional) VALUES (8, 38, 8, 3, NULL, NULL, 2, 2, NULL, NULL, NULL, 1, 50, 0);
INSERT INTO assignment (id, resource, subject, program, grade_first, grade_last, cw_first, cw_last, pages, chapters, items, instruction, "order", optional) VALUES (9, 39, 8, 3, 7, 7, 3, 3, NULL, NULL, NULL, 35, 5, 0);
INSERT INTO assignment (id, resource, subject, program, grade_first, grade_last, cw_first, cw_last, pages, chapters, items, instruction, "order", optional) VALUES (10, 39, 8, 3, NULL, NULL, 3, 3, NULL, NULL, NULL, 41, 30, 0);
INSERT INTO assignment (id, resource, subject, program, grade_first, grade_last, cw_first, cw_last, pages, chapters, items, instruction, "order", optional) VALUES (11, 39, 8, 3, 8, 8, 3, 3, NULL, NULL, NULL, 37, 10, 0);
INSERT INTO assignment (id, resource, subject, program, grade_first, grade_last, cw_first, cw_last, pages, chapters, items, instruction, "order", optional) VALUES (12, 39, 8, 3, 8, 8, 3, 3, NULL, NULL, NULL, 38, 11, 0);
INSERT INTO assignment (id, resource, subject, program, grade_first, grade_last, cw_first, cw_last, pages, chapters, items, instruction, "order", optional) VALUES (13, 39, 8, 3, 9, 9, 3, 3, NULL, NULL, NULL, 37, 20, 0);
INSERT INTO assignment (id, resource, subject, program, grade_first, grade_last, cw_first, cw_last, pages, chapters, items, instruction, "order", optional) VALUES (14, 39, 8, 3, 9, 9, 3, 3, NULL, NULL, NULL, 39, 21, 0);
INSERT INTO assignment (id, resource, subject, program, grade_first, grade_last, cw_first, cw_last, pages, chapters, items, instruction, "order", optional) VALUES (15, 39, 8, 3, 9, 9, 3, 3, NULL, NULL, NULL, 40, 22, 0);
INSERT INTO assignment (id, resource, subject, program, grade_first, grade_last, cw_first, cw_last, pages, chapters, items, instruction, "order", optional) VALUES (16, 39, 8, 3, 7, 7, 4, 4, NULL, NULL, NULL, 42, 5, 0);
INSERT INTO assignment (id, resource, subject, program, grade_first, grade_last, cw_first, cw_last, pages, chapters, items, instruction, "order", optional) VALUES (17, 39, 8, 3, NULL, NULL, 4, 4, NULL, NULL, NULL, 47, 30, 0);
INSERT INTO assignment (id, resource, subject, program, grade_first, grade_last, cw_first, cw_last, pages, chapters, items, instruction, "order", optional) VALUES (18, 39, 8, 3, 8, 9, 4, 4, NULL, NULL, NULL, 43, 10, 0);
INSERT INTO assignment (id, resource, subject, program, grade_first, grade_last, cw_first, cw_last, pages, chapters, items, instruction, "order", optional) VALUES (19, 39, 8, 3, 8, 8, 4, 4, NULL, NULL, NULL, 44, 6, 0);
INSERT INTO assignment (id, resource, subject, program, grade_first, grade_last, cw_first, cw_last, pages, chapters, items, instruction, "order", optional) VALUES (21, 39, 8, 3, 9, 9, 4, 4, NULL, NULL, NULL, 45, 20, 0);
INSERT INTO assignment (id, resource, subject, program, grade_first, grade_last, cw_first, cw_last, pages, chapters, items, instruction, "order", optional) VALUES (22, 39, 8, 3, 9, 9, 4, 4, NULL, NULL, NULL, 46, 7, 0);
INSERT INTO assignment (id, resource, subject, program, grade_first, grade_last, cw_first, cw_last, pages, chapters, items, instruction, "order", optional) VALUES (23, 29, 5, 3, NULL, NULL, 1, 1, '1-7, 17-20', 1, '', 78, 1, 0);
INSERT INTO assignment (id, resource, subject, program, grade_first, grade_last, cw_first, cw_last, pages, chapters, items, instruction, "order", optional) VALUES (24, 29, 5, 3, NULL, NULL, 1, 1, NULL, NULL, 1.3, 79, 3, 0);
INSERT INTO assignment (id, resource, subject, program, grade_first, grade_last, cw_first, cw_last, pages, chapters, items, instruction, "order", optional) VALUES (25, 29, 5, 3, NULL, NULL, 1, 1, NULL, NULL, '1.1, 1.2, 1.9, 1.10', 74, 4, 0);
INSERT INTO assignment (id, resource, subject, program, grade_first, grade_last, cw_first, cw_last, pages, chapters, items, instruction, "order", optional) VALUES (27, 29, 5, 3, NULL, NULL, 1, 1, NULL, 1, NULL, 75, 5, 0);
INSERT INTO assignment (id, resource, subject, program, grade_first, grade_last, cw_first, cw_last, pages, chapters, items, instruction, "order", optional) VALUES (28, 29, 5, 3, NULL, NULL, 2, 2, NULL, 2, NULL, 72, 1, 0);
INSERT INTO assignment (id, resource, subject, program, grade_first, grade_last, cw_first, cw_last, pages, chapters, items, instruction, "order", optional) VALUES (29, 29, 5, 3, NULL, NULL, 2, 2, NULL, NULL, '2.1, 2.2', 73, 2, 0);
INSERT INTO assignment (id, resource, subject, program, grade_first, grade_last, cw_first, cw_last, pages, chapters, items, instruction, "order", optional) VALUES (30, 29, 5, 3, NULL, NULL, 2, 2, NULL, NULL, '2.1-2.11', 74, 3, 0);
INSERT INTO assignment (id, resource, subject, program, grade_first, grade_last, cw_first, cw_last, pages, chapters, items, instruction, "order", optional) VALUES (32, 29, 5, 3, NULL, NULL, 2, 2, NULL, 2, NULL, 75, 4, 0);
INSERT INTO assignment (id, resource, subject, program, grade_first, grade_last, cw_first, cw_last, pages, chapters, items, instruction, "order", optional) VALUES (33, 29, 5, 3, NULL, NULL, 3, 3, NULL, 3, NULL, 72, 1, 0);
INSERT INTO assignment (id, resource, subject, program, grade_first, grade_last, cw_first, cw_last, pages, chapters, items, instruction, "order", optional) VALUES (34, 29, 5, 3, NULL, NULL, 3, 3, NULL, NULL, 3.1, 76, 2, 0);
INSERT INTO assignment (id, resource, subject, program, grade_first, grade_last, cw_first, cw_last, pages, chapters, items, instruction, "order", optional) VALUES (35, 29, 5, 3, NULL, NULL, 3, 3, NULL, NULL, '3.1-3.11', 74, 3, 0);
INSERT INTO assignment (id, resource, subject, program, grade_first, grade_last, cw_first, cw_last, pages, chapters, items, instruction, "order", optional) VALUES (36, 29, 5, 3, NULL, NULL, 3, 3, NULL, 3, NULL, 75, 4, 0);
INSERT INTO assignment (id, resource, subject, program, grade_first, grade_last, cw_first, cw_last, pages, chapters, items, instruction, "order", optional) VALUES (37, 29, 5, 3, NULL, NULL, 4, 4, '81-97', 4, '(Stop at “Water''s Cohesion”)', 77, 1, 0);
INSERT INTO assignment (id, resource, subject, program, grade_first, grade_last, cw_first, cw_last, pages, chapters, items, instruction, "order", optional) VALUES (38, 29, 5, 3, NULL, NULL, 4, 4, NULL, NULL, '4.2, 4.3, 4.4', 73, 2, 0);
INSERT INTO assignment (id, resource, subject, program, grade_first, grade_last, cw_first, cw_last, pages, chapters, items, instruction, "order", optional) VALUES (39, 29, 5, 3, NULL, NULL, 4, 4, NULL, NULL, '4.1-4.11', 74, 3, 0);
INSERT INTO assignment (id, resource, subject, program, grade_first, grade_last, cw_first, cw_last, pages, chapters, items, instruction, "order", optional) VALUES (40, 1, 2, 3, 7, 9, 197, 197, NULL, '1-5, 8-9', NULL, 12, 10, 0);
INSERT INTO assignment (id, resource, subject, program, grade_first, grade_last, cw_first, cw_last, pages, chapters, items, instruction, "order", optional) VALUES (42, 21, 2, 3, 7, 8, 197, 197, '30-37', NULL, NULL, 13, 20, 1);
INSERT INTO assignment (id, resource, subject, program, grade_first, grade_last, cw_first, cw_last, pages, chapters, items, instruction, "order", optional) VALUES (43, 41, 2, 3, 7, 9, 1, 1, NULL, NULL, NULL, 14, 2, 0);
INSERT INTO assignment (id, resource, subject, program, grade_first, grade_last, cw_first, cw_last, pages, chapters, items, instruction, "order", optional) VALUES (44, 34, 2, 3, 7, 9, 197, 197, NULL, '"Genesis" and "Gilgamesh"', NULL, 15, 30, 1);
INSERT INTO assignment (id, resource, subject, program, grade_first, grade_last, cw_first, cw_last, pages, chapters, items, instruction, "order", optional) VALUES (45, 30, 9, 3, 7, 9, 197, 1, '', '1-2', NULL, 10, 1, 0);
INSERT INTO assignment (id, resource, subject, program, grade_first, grade_last, cw_first, cw_last, pages, chapters, items, instruction, "order", optional) VALUES (46, 40, 2, 3, 7, 9, 197, 197, NULL, 'Genesis 1-11', NULL, 11, 1, 0);
INSERT INTO assignment (id, resource, subject, program, grade_first, grade_last, cw_first, cw_last, pages, chapters, items, instruction, "order", optional) VALUES (47, 21, 2, 3, 9, 9, 197, 197, '30-37', NULL, NULL, 13, 20, 0);
INSERT INTO assignment (id, resource, subject, program, grade_first, grade_last, cw_first, cw_last, pages, chapters, items, instruction, "order", optional) VALUES (48, 41, 2, 3, 7, 9, 1, 1, NULL, NULL, NULL, 17, 1, 0);
INSERT INTO assignment (id, resource, subject, program, grade_first, grade_last, cw_first, cw_last, pages, chapters, items, instruction, "order", optional) VALUES (49, 25, 2, 3, 7, 9, 1, 1, NULL, '1-5, 8-9', NULL, 18, 10, 0);
INSERT INTO assignment (id, resource, subject, program, grade_first, grade_last, cw_first, cw_last, pages, chapters, items, instruction, "order", optional) VALUES (51, 41, 2, 3, 7, 9, 2, 2, NULL, NULL, NULL, 19, 1, 0);
INSERT INTO assignment (id, resource, subject, program, grade_first, grade_last, cw_first, cw_last, pages, chapters, items, instruction, "order", optional) VALUES (52, 34, 2, 3, 7, 9, 1, 1, NULL, '"Genesis" and "Gilgamesh"', NULL, 20, 40, 1);
INSERT INTO assignment (id, resource, subject, program, grade_first, grade_last, cw_first, cw_last, pages, chapters, items, instruction, "order", optional) VALUES (54, 1, 2, 3, 7, 9, 3, 3, NULL, '6-7, 10-15', NULL, 12, 10, 0);
INSERT INTO assignment (id, resource, subject, program, grade_first, grade_last, cw_first, cw_last, pages, chapters, items, instruction, "order", optional) VALUES (55, 42, 2, 3, 7, 9, 1, 1, NULL, '1-3', NULL, 22, 20, 0);
INSERT INTO assignment (id, resource, subject, program, grade_first, grade_last, cw_first, cw_last, pages, chapters, items, instruction, "order", optional) VALUES (56, 42, 2, 3, 7, 9, 2, 2, NULL, '1-3', NULL, 23, 10, 0);
INSERT INTO assignment (id, resource, subject, program, grade_first, grade_last, cw_first, cw_last, pages, chapters, items, instruction, "order", optional) VALUES (57, 40, 2, 3, 7, 9, 3, 3, NULL, 'Genesis 11-15; Psalm 40', NULL, 11, 1, 0);
INSERT INTO assignment (id, resource, subject, program, grade_first, grade_last, cw_first, cw_last, pages, chapters, items, instruction, "order", optional) VALUES (58, 21, 2, 3, 7, 8, 3, 3, '40-45', NULL, NULL, 13, 20, 1);
INSERT INTO assignment (id, resource, subject, program, grade_first, grade_last, cw_first, cw_last, pages, chapters, items, instruction, "order", optional) VALUES (59, 21, 2, 3, 9, 9, 3, 3, '40-45', NULL, NULL, 13, 20, 0);
INSERT INTO assignment (id, resource, subject, program, grade_first, grade_last, cw_first, cw_last, pages, chapters, items, instruction, "order", optional) VALUES (60, 34, 2, 3, 7, 9, 3, 3, NULL, '"Exodus", "Code of Hammurabi", and "First and Second Samuel"', NULL, 15, 40, 1);
INSERT INTO assignment (id, resource, subject, program, grade_first, grade_last, cw_first, cw_last, pages, chapters, items, instruction, "order", optional) VALUES (61, 41, 2, 3, 7, 9, 3, 3, NULL, NULL, NULL, 26, 13, 1);
INSERT INTO assignment (id, resource, subject, program, grade_first, grade_last, cw_first, cw_last, pages, chapters, items, instruction, "order", optional) VALUES (62, 41, 2, 3, 7, 9, 4, 4, NULL, NULL, NULL, 14, 1, 0);
INSERT INTO assignment (id, resource, subject, program, grade_first, grade_last, cw_first, cw_last, pages, chapters, items, instruction, "order", optional) VALUES (63, 25, 2, 3, 7, 9, 4, 4, NULL, '6-7, 10-15', NULL, 18, 10, 0);
INSERT INTO assignment (id, resource, subject, program, grade_first, grade_last, cw_first, cw_last, pages, chapters, items, instruction, "order", optional) VALUES (64, 42, 2, 3, 7, 9, 4, 4, NULL, '4-6', NULL, 22, 20, 0);
INSERT INTO assignment (id, resource, subject, program, grade_first, grade_last, cw_first, cw_last, pages, chapters, items, instruction, "order", optional) VALUES (65, 34, 2, 3, 7, 9, 4, 4, NULL, '"Exodus", "Code of Hammurabi", and "First and Second Samuel"', NULL, 20, 40, 1);
INSERT INTO assignment (id, resource, subject, program, grade_first, grade_last, cw_first, cw_last, pages, chapters, items, instruction, "order", optional) VALUES (66, 41, 2, 3, 7, 9, 4, 4, NULL, NULL, NULL, 25, 2, 0);
INSERT INTO assignment (id, resource, subject, program, grade_first, grade_last, cw_first, cw_last, pages, chapters, items, instruction, "order", optional) VALUES (67, 40, 2, 3, 7, 9, 4, 4, NULL, 'Jeremiah 31:31-34; Romans 2', NULL, 2, 3, 0);
INSERT INTO assignment (id, resource, subject, program, grade_first, grade_last, cw_first, cw_last, pages, chapters, items, instruction, "order", optional) VALUES (68, 41, 2, 3, 7, 9, 5, 5, NULL, NULL, NULL, 19, 1, 0);
INSERT INTO assignment (id, resource, subject, program, grade_first, grade_last, cw_first, cw_last, pages, chapters, items, instruction, "order", optional) VALUES (69, 42, 2, 3, 7, 9, 5, 5, NULL, '4-6', NULL, 23, 10, 0);
INSERT INTO assignment (id, resource, subject, program, grade_first, grade_last, cw_first, cw_last, pages, chapters, items, instruction, "order", optional) VALUES (70, 40, 2, 3, 7, 9, 6, 6, NULL, '2 Kings 15:17-21, 2 Chronicles 32:1-22, Nahum 3 (especially note verse 18, and note: the Assyrian capital of Nineveh fell after just 3 months of battle in 612 BC.), Ezekiel 31:16, Ezra, Nehemiah [optional], Isaiah 44, Daniel 5, 6', NULL, 11, 1, 0);
INSERT INTO assignment (id, resource, subject, program, grade_first, grade_last, cw_first, cw_last, pages, chapters, items, instruction, "order", optional) VALUES (71, 1, 2, 3, 7, 9, 6, 6, NULL, '16-17, 21, 25, 30-33', NULL, 12, 10, 0);
INSERT INTO assignment (id, resource, subject, program, grade_first, grade_last, cw_first, cw_last, pages, chapters, items, instruction, "order", optional) VALUES (72, 21, 2, 3, 7, 8, 6, 6, '48-51, 60-61, 70-77, and optionally 82-85', NULL, NULL, 13, 20, 1);
INSERT INTO assignment (id, resource, subject, program, grade_first, grade_last, cw_first, cw_last, pages, chapters, items, instruction, "order", optional) VALUES (73, 21, 2, 3, 9, 9, 6, 6, '48-51, 60-61, 70-77, and optionally 82-85', NULL, NULL, 13, 20, 0);
INSERT INTO assignment (id, resource, subject, program, grade_first, grade_last, cw_first, cw_last, pages, chapters, items, instruction, "order", optional) VALUES (74, 41, 2, 3, 7, 9, 7, 7, NULL, NULL, NULL, 27, 30, 1);
INSERT INTO assignment (id, resource, subject, program, grade_first, grade_last, cw_first, cw_last, pages, chapters, items, instruction, "order", optional) VALUES (75, 34, 2, 3, 7, 9, 6, 6, NULL, '"<a href="http://classics.mit.edu/Herodotus/history.html" target="_blank">Histories [Herodotus]</a>" and "First and Second Kings"', NULL, 15, 40, 1);
INSERT INTO assignment (id, resource, subject, program, grade_first, grade_last, cw_first, cw_last, pages, chapters, items, instruction, "order", optional) VALUES (76, 41, 2, 3, 7, 9, 7, 7, NULL, NULL, NULL, 14, 1, 0);
INSERT INTO assignment (id, resource, subject, program, grade_first, grade_last, cw_first, cw_last, pages, chapters, items, instruction, "order", optional) VALUES (77, 25, 2, 3, 7, 9, 7, 7, NULL, '16-17, 21, 25, 30-33', NULL, 18, 10, 0);
INSERT INTO assignment (id, resource, subject, program, grade_first, grade_last, cw_first, cw_last, pages, chapters, items, instruction, "order", optional) VALUES (78, 42, 2, 3, 7, 9, 7, 7, NULL, '7-9', NULL, 22, 20, 0);
INSERT INTO assignment (id, resource, subject, program, grade_first, grade_last, cw_first, cw_last, pages, chapters, items, instruction, "order", optional) VALUES (79, 34, 2, 3, 7, 9, 7, 7, NULL, '"<a href="http://classics.mit.edu/Herodotus/history.html" target="_blank">Histories [Herodotus]</a>" and "First and Second Kings"', NULL, 20, 40, 1);
INSERT INTO assignment (id, resource, subject, program, grade_first, grade_last, cw_first, cw_last, pages, chapters, items, instruction, "order", optional) VALUES (80, 41, 2, 3, 7, 9, 8, 8, NULL, NULL, NULL, 19, 1, 0);
INSERT INTO assignment (id, resource, subject, program, grade_first, grade_last, cw_first, cw_last, pages, chapters, items, instruction, "order", optional) VALUES (81, 42, 2, 3, 7, 9, 8, 8, NULL, '7-9', NULL, 23, 10, 0);
INSERT INTO assignment (id, resource, subject, program, grade_first, grade_last, cw_first, cw_last, pages, chapters, items, instruction, "order", optional) VALUES (82, 40, 2, 3, 7, 9, 9, 9, NULL, 'Matthew 1-2, Luke 1:26-2:52, Luke 23-24, Mark 15-16:8, 1 Peter 1', NULL, 11, 1, 0);
INSERT INTO assignment (id, resource, subject, program, grade_first, grade_last, cw_first, cw_last, pages, chapters, items, instruction, "order", optional) VALUES (83, 1, 2, 3, 7, 9, 9, 9, NULL, '36-40', NULL, 12, 10, 0);
INSERT INTO assignment (id, resource, subject, program, grade_first, grade_last, cw_first, cw_last, pages, chapters, items, instruction, "order", optional) VALUES (84, 21, 2, 3, 7, 8, 9, 9, '86-87', NULL, NULL, 13, 20, 1);
INSERT INTO assignment (id, resource, subject, program, grade_first, grade_last, cw_first, cw_last, pages, chapters, items, instruction, "order", optional) VALUES (85, 21, 2, 3, 9, 9, 9, 9, '86-87', NULL, NULL, 13, 20, 0);
INSERT INTO assignment (id, resource, subject, program, grade_first, grade_last, cw_first, cw_last, pages, chapters, items, instruction, "order", optional) VALUES (86, 34, 2, 3, 7, 9, 9, 9, NULL, '"Luke and Acts" and "Plutarch’s Lives" and/or "Theban Trilogy"', NULL, 15, 40, 1);
INSERT INTO assignment (id, resource, subject, program, grade_first, grade_last, cw_first, cw_last, pages, chapters, items, instruction, "order", optional) VALUES (87, 41, 2, 3, 7, 9, 10, 10, NULL, NULL, NULL, 14, 1, NULL);
INSERT INTO assignment (id, resource, subject, program, grade_first, grade_last, cw_first, cw_last, pages, chapters, items, instruction, "order", optional) VALUES (88, 25, 2, 3, 7, 9, 10, 10, NULL, '36-40', NULL, 18, 10, 0);
INSERT INTO assignment (id, resource, subject, program, grade_first, grade_last, cw_first, cw_last, pages, chapters, items, instruction, "order", optional) VALUES (89, 42, 2, 3, 7, 9, 10, 10, NULL, '10-12', NULL, 22, 20, 0);
INSERT INTO assignment (id, resource, subject, program, grade_first, grade_last, cw_first, cw_last, pages, chapters, items, instruction, "order", optional) VALUES (90, 40, 2, 3, 7, 9, 10, 10, NULL, 'the Book of Acts', NULL, 28, 30, 0);
INSERT INTO assignment (id, resource, subject, program, grade_first, grade_last, cw_first, cw_last, pages, chapters, items, instruction, "order", optional) VALUES (91, 34, 2, 3, 7, 9, 10, 10, NULL, '"Luke and Acts" and "Plutarch’s Lives" and/or "Theban Trilogy"', NULL, 20, 40, 1);
INSERT INTO assignment (id, resource, subject, program, grade_first, grade_last, cw_first, cw_last, pages, chapters, items, instruction, "order", optional) VALUES (92, 41, 2, 3, 7, 9, 11, 11, NULL, NULL, NULL, 19, 1, 0);
INSERT INTO assignment (id, resource, subject, program, grade_first, grade_last, cw_first, cw_last, pages, chapters, items, instruction, "order", optional) VALUES (93, 42, 2, 3, 7, 9, 11, 11, NULL, '10-12', NULL, 23, 10, 0);
INSERT INTO assignment (id, resource, subject, program, grade_first, grade_last, cw_first, cw_last, pages, chapters, items, instruction, "order", optional) VALUES (94, 3, 8, 3, NULL, NULL, 197, 197, NULL, NULL, NULL, 29, 1, 1);
INSERT INTO assignment (id, resource, subject, program, grade_first, grade_last, cw_first, cw_last, pages, chapters, items, instruction, "order", optional) VALUES (95, 4, 8, 3, NULL, NULL, 197, 197, NULL, NULL, NULL, 2, 10, 0);
INSERT INTO assignment (id, resource, subject, program, grade_first, grade_last, cw_first, cw_last, pages, chapters, items, instruction, "order", optional) VALUES (96, 5, 8, 3, NULL, NULL, 197, 197, NULL, NULL, NULL, 29, 11, 1);
INSERT INTO assignment (id, resource, subject, program, grade_first, grade_last, cw_first, cw_last, pages, chapters, items, instruction, "order", optional) VALUES (97, 33, 8, 3, NULL, NULL, 197, 197, NULL, NULL, NULL, 29, 2, 1);
INSERT INTO assignment (id, resource, subject, program, grade_first, grade_last, cw_first, cw_last, pages, chapters, items, instruction, "order", optional) VALUES (98, 31, 8, 3, NULL, NULL, 197, 197, NULL, NULL, NULL, 29, 3, 1);
INSERT INTO assignment (id, resource, subject, program, grade_first, grade_last, cw_first, cw_last, pages, chapters, items, instruction, "order", optional) VALUES (99, 32, 8, 3, NULL, NULL, 197, 197, NULL, NULL, NULL, 29, 4, 1);
INSERT INTO assignment (id, resource, subject, program, grade_first, grade_last, cw_first, cw_last, pages, chapters, items, instruction, "order", optional) VALUES (100, 43, 8, 3, NULL, NULL, 197, 197, NULL, NULL, NULL, 29, 5, 1);
INSERT INTO assignment (id, resource, subject, program, grade_first, grade_last, cw_first, cw_last, pages, chapters, items, instruction, "order", optional) VALUES (101, 10, 8, 3, NULL, NULL, 2, 2, NULL, NULL, NULL, 1, 160, 1);
INSERT INTO assignment (id, resource, subject, program, grade_first, grade_last, cw_first, cw_last, pages, chapters, items, instruction, "order", optional) VALUES (102, 4, 8, 3, NULL, NULL, 1, 1, NULL, NULL, NULL, 7, 120, 0);
INSERT INTO assignment (id, resource, subject, program, grade_first, grade_last, cw_first, cw_last, pages, chapters, items, instruction, "order", optional) VALUES (103, 5, 8, 3, NULL, NULL, 1, 1, NULL, NULL, NULL, 7, 121, 1);
INSERT INTO assignment (id, resource, subject, program, grade_first, grade_last, cw_first, cw_last, pages, chapters, items, instruction, "order", optional) VALUES (105, 38, 8, 3, NULL, NULL, 3, 3, NULL, NULL, NULL, 2, 150, 0);
INSERT INTO assignment (id, resource, subject, program, grade_first, grade_last, cw_first, cw_last, pages, chapters, items, instruction, "order", optional) VALUES (106, 10, 8, 3, NULL, NULL, 3, 3, NULL, NULL, NULL, 2, 160, 1);
INSERT INTO assignment (id, resource, subject, program, grade_first, grade_last, cw_first, cw_last, pages, chapters, items, instruction, "order", optional) VALUES (107, 38, 8, 3, NULL, NULL, 4, 4, NULL, NULL, NULL, 7, 150, 0);
INSERT INTO assignment (id, resource, subject, program, grade_first, grade_last, cw_first, cw_last, pages, chapters, items, instruction, "order", optional) VALUES (108, 10, 8, 3, NULL, NULL, 4, 4, NULL, NULL, NULL, 7, 160, 1);
INSERT INTO assignment (id, resource, subject, program, grade_first, grade_last, cw_first, cw_last, pages, chapters, items, instruction, "order", optional) VALUES (109, 6, 8, 3, NULL, NULL, 2, 2, NULL, NULL, NULL, 1, 170, 1);
INSERT INTO assignment (id, resource, subject, program, grade_first, grade_last, cw_first, cw_last, pages, chapters, items, instruction, "order", optional) VALUES (110, 6, 8, 3, NULL, NULL, 3, 3, NULL, NULL, NULL, 2, 180, 1);
INSERT INTO assignment (id, resource, subject, program, grade_first, grade_last, cw_first, cw_last, pages, chapters, items, instruction, "order", optional) VALUES (111, 6, 8, 3, NULL, NULL, 4, 4, NULL, NULL, NULL, 7, 170, 1);
INSERT INTO assignment (id, resource, subject, program, grade_first, grade_last, cw_first, cw_last, pages, chapters, items, instruction, "order", optional) VALUES (112, 7, 8, 3, NULL, NULL, 5, 5, NULL, NULL, NULL, 1, 160, 0);
INSERT INTO assignment (id, resource, subject, program, grade_first, grade_last, cw_first, cw_last, pages, chapters, items, instruction, "order", optional) VALUES (113, 7, 8, 3, NULL, NULL, 6, 6, NULL, NULL, NULL, 2, 160, 0);
INSERT INTO assignment (id, resource, subject, program, grade_first, grade_last, cw_first, cw_last, pages, chapters, items, instruction, "order", optional) VALUES (114, 7, 8, 3, NULL, NULL, 7, 7, NULL, NULL, NULL, 7, 160, 0);
INSERT INTO assignment (id, resource, subject, program, grade_first, grade_last, cw_first, cw_last, pages, chapters, items, instruction, "order", optional) VALUES (115, 8, 8, 3, NULL, NULL, 5, 5, NULL, NULL, NULL, 1, 170, 1);
INSERT INTO assignment (id, resource, subject, program, grade_first, grade_last, cw_first, cw_last, pages, chapters, items, instruction, "order", optional) VALUES (116, 8, 8, 3, NULL, NULL, 6, 6, NULL, NULL, NULL, 2, 170, 1);
INSERT INTO assignment (id, resource, subject, program, grade_first, grade_last, cw_first, cw_last, pages, chapters, items, instruction, "order", optional) VALUES (117, 8, 8, 3, NULL, NULL, 7, 7, NULL, NULL, NULL, 7, 170, 1);
INSERT INTO assignment (id, resource, subject, program, grade_first, grade_last, cw_first, cw_last, pages, chapters, items, instruction, "order", optional) VALUES (118, 16, 8, 3, NULL, NULL, 8, 8, NULL, NULL, NULL, 1, 160, 0);
INSERT INTO assignment (id, resource, subject, program, grade_first, grade_last, cw_first, cw_last, pages, chapters, items, instruction, "order", optional) VALUES (119, 16, 8, 3, NULL, NULL, 9, 9, NULL, NULL, NULL, 2, 160, 0);
INSERT INTO assignment (id, resource, subject, program, grade_first, grade_last, cw_first, cw_last, pages, chapters, items, instruction, "order", optional) VALUES (120, 16, 8, 3, NULL, NULL, 10, 10, NULL, NULL, NULL, 7, 160, 0);
INSERT INTO assignment (id, resource, subject, program, grade_first, grade_last, cw_first, cw_last, pages, chapters, items, instruction, "order", optional) VALUES (121, 22, 8, 3, NULL, NULL, 8, 8, NULL, NULL, NULL, 1, 170, 1);
INSERT INTO assignment (id, resource, subject, program, grade_first, grade_last, cw_first, cw_last, pages, chapters, items, instruction, "order", optional) VALUES (122, 22, 8, 3, NULL, NULL, 9, 9, NULL, NULL, NULL, 2, 170, 1);
INSERT INTO assignment (id, resource, subject, program, grade_first, grade_last, cw_first, cw_last, pages, chapters, items, instruction, "order", optional) VALUES (123, 22, 8, 3, NULL, NULL, 10, 10, NULL, NULL, NULL, 7, 170, 1);
INSERT INTO assignment (id, resource, subject, program, grade_first, grade_last, cw_first, cw_last, pages, chapters, items, instruction, "order", optional) VALUES (124, 11, 8, 3, NULL, NULL, 11, 11, NULL, NULL, NULL, 1, 160, 0);
INSERT INTO assignment (id, resource, subject, program, grade_first, grade_last, cw_first, cw_last, pages, chapters, items, instruction, "order", optional) VALUES (125, 11, 8, 3, NULL, NULL, 12, 12, NULL, NULL, NULL, 2, 160, 0);
INSERT INTO assignment (id, resource, subject, program, grade_first, grade_last, cw_first, cw_last, pages, chapters, items, instruction, "order", optional) VALUES (126, 11, 8, 3, NULL, NULL, 13, 13, NULL, NULL, NULL, 7, 160, 0);
INSERT INTO assignment (id, resource, subject, program, grade_first, grade_last, cw_first, cw_last, pages, chapters, items, instruction, "order", optional) VALUES (127, 12, 8, 3, NULL, NULL, 11, 11, NULL, NULL, NULL, 1, 170, 1);
INSERT INTO assignment (id, resource, subject, program, grade_first, grade_last, cw_first, cw_last, pages, chapters, items, instruction, "order", optional) VALUES (128, 12, 8, 3, NULL, NULL, 12, 12, NULL, NULL, NULL, 2, 170, 1);
INSERT INTO assignment (id, resource, subject, program, grade_first, grade_last, cw_first, cw_last, pages, chapters, items, instruction, "order", optional) VALUES (129, 12, 8, 3, NULL, NULL, 13, 13, NULL, NULL, NULL, 7, 170, 1);
INSERT INTO assignment (id, resource, subject, program, grade_first, grade_last, cw_first, cw_last, pages, chapters, items, instruction, "order", optional) VALUES (130, 13, 8, 3, NULL, NULL, 14, 14, NULL, NULL, NULL, 1, 160, 0);
INSERT INTO assignment (id, resource, subject, program, grade_first, grade_last, cw_first, cw_last, pages, chapters, items, instruction, "order", optional) VALUES (131, 13, 8, 3, NULL, NULL, 15, 15, NULL, NULL, NULL, 2, 160, 0);
INSERT INTO assignment (id, resource, subject, program, grade_first, grade_last, cw_first, cw_last, pages, chapters, items, instruction, "order", optional) VALUES (132, 13, 8, 3, NULL, NULL, 16, 16, NULL, NULL, NULL, 7, 160, 0);
INSERT INTO assignment (id, resource, subject, program, grade_first, grade_last, cw_first, cw_last, pages, chapters, items, instruction, "order", optional) VALUES (133, 24, 8, 3, NULL, NULL, 17, 17, NULL, NULL, NULL, 1, 160, 0);
INSERT INTO assignment (id, resource, subject, program, grade_first, grade_last, cw_first, cw_last, pages, chapters, items, instruction, "order", optional) VALUES (134, 24, 8, 3, NULL, NULL, 18, 18, NULL, NULL, NULL, 2, 160, 0);
INSERT INTO assignment (id, resource, subject, program, grade_first, grade_last, cw_first, cw_last, pages, chapters, items, instruction, "order", optional) VALUES (135, 24, 8, 3, NULL, NULL, 19, 19, NULL, NULL, NULL, 7, 160, 0);
INSERT INTO assignment (id, resource, subject, program, grade_first, grade_last, cw_first, cw_last, pages, chapters, items, instruction, "order", optional) VALUES (136, 14, 8, 3, NULL, NULL, 20, 20, NULL, NULL, NULL, 1, 160, 0);
INSERT INTO assignment (id, resource, subject, program, grade_first, grade_last, cw_first, cw_last, pages, chapters, items, instruction, "order", optional) VALUES (137, 14, 8, 3, NULL, NULL, 21, 21, NULL, NULL, NULL, 2, 160, 0);
INSERT INTO assignment (id, resource, subject, program, grade_first, grade_last, cw_first, cw_last, pages, chapters, items, instruction, "order", optional) VALUES (138, 14, 8, 3, NULL, NULL, 22, 22, NULL, NULL, NULL, 7, 160, 0);
INSERT INTO assignment (id, resource, subject, program, grade_first, grade_last, cw_first, cw_last, pages, chapters, items, instruction, "order", optional) VALUES (139, 15, 8, 3, NULL, NULL, 20, 20, NULL, NULL, NULL, 1, 170, 1);
INSERT INTO assignment (id, resource, subject, program, grade_first, grade_last, cw_first, cw_last, pages, chapters, items, instruction, "order", optional) VALUES (140, 15, 8, 3, NULL, NULL, 21, 21, NULL, NULL, NULL, 2, 170, 1);
INSERT INTO assignment (id, resource, subject, program, grade_first, grade_last, cw_first, cw_last, pages, chapters, items, instruction, "order", optional) VALUES (141, 15, 8, 3, NULL, NULL, 22, 22, NULL, NULL, NULL, 7, 170, 1);
INSERT INTO assignment (id, resource, subject, program, grade_first, grade_last, cw_first, cw_last, pages, chapters, items, instruction, "order", optional) VALUES (142, 23, 8, 3, NULL, NULL, 23, 23, NULL, NULL, NULL, 1, 160, 0);
INSERT INTO assignment (id, resource, subject, program, grade_first, grade_last, cw_first, cw_last, pages, chapters, items, instruction, "order", optional) VALUES (143, 23, 8, 3, NULL, NULL, 24, 24, NULL, NULL, NULL, 2, 160, 0);
INSERT INTO assignment (id, resource, subject, program, grade_first, grade_last, cw_first, cw_last, pages, chapters, items, instruction, "order", optional) VALUES (144, 23, 8, 3, NULL, NULL, 25, 25, NULL, NULL, NULL, 7, 160, 0);
INSERT INTO assignment (id, resource, subject, program, grade_first, grade_last, cw_first, cw_last, pages, chapters, items, instruction, "order", optional) VALUES (145, 18, 8, 3, NULL, NULL, 23, 23, NULL, NULL, NULL, 1, 170, 0);
INSERT INTO assignment (id, resource, subject, program, grade_first, grade_last, cw_first, cw_last, pages, chapters, items, instruction, "order", optional) VALUES (146, 18, 8, 3, NULL, NULL, 24, 24, NULL, NULL, NULL, 2, 170, 0);
INSERT INTO assignment (id, resource, subject, program, grade_first, grade_last, cw_first, cw_last, pages, chapters, items, instruction, "order", optional) VALUES (147, 18, 8, 3, NULL, NULL, 25, 25, NULL, NULL, NULL, 7, 170, 0);
INSERT INTO assignment (id, resource, subject, program, grade_first, grade_last, cw_first, cw_last, pages, chapters, items, instruction, "order", optional) VALUES (148, 17, 8, 3, NULL, NULL, 26, 26, NULL, NULL, NULL, 1, 180, 1);
INSERT INTO assignment (id, resource, subject, program, grade_first, grade_last, cw_first, cw_last, pages, chapters, items, instruction, "order", optional) VALUES (149, 17, 8, 3, NULL, NULL, 27, 27, NULL, NULL, NULL, 2, 180, 1);
INSERT INTO assignment (id, resource, subject, program, grade_first, grade_last, cw_first, cw_last, pages, chapters, items, instruction, "order", optional) VALUES (150, 17, 8, 3, NULL, NULL, 28, 28, NULL, NULL, NULL, 7, 180, 1);
INSERT INTO assignment (id, resource, subject, program, grade_first, grade_last, cw_first, cw_last, pages, chapters, items, instruction, "order", optional) VALUES (159, 39, 8, 3, NULL, NULL, 5, 5, NULL, NULL, '"The God King", "Seven Daughters and Seven Sons", and/or "The Golden Goblet"', 30, 5, 0);
INSERT INTO assignment (id, resource, subject, program, grade_first, grade_last, cw_first, cw_last, pages, chapters, items, instruction, "order", optional) VALUES (160, 39, 8, 3, 7, 8, 5, 5, NULL, NULL, 15, 33, 10, 0);
INSERT INTO assignment (id, resource, subject, program, grade_first, grade_last, cw_first, cw_last, pages, chapters, items, instruction, "order", optional) VALUES (161, 39, 8, 3, NULL, NULL, 5, 5, NULL, NULL, NULL, 32, 20, 0);
INSERT INTO assignment (id, resource, subject, program, grade_first, grade_last, cw_first, cw_last, pages, chapters, items, instruction, "order", optional) VALUES (162, 39, 8, 3, 8, 9, 5, 5, NULL, NULL, NULL, 34, 30, 0);
INSERT INTO assignment (id, resource, subject, program, grade_first, grade_last, cw_first, cw_last, pages, chapters, items, instruction, "order", optional) VALUES (163, 39, 8, 3, 9, 9, 5, 5, NULL, NULL, 20, 33, 11, 0);
INSERT INTO assignment (id, resource, subject, program, grade_first, grade_last, cw_first, cw_last, pages, chapters, items, instruction, "order", optional) VALUES (164, 39, 8, 3, 9, 9, 5, 5, NULL, NULL, NULL, 48, 40, 0);
INSERT INTO assignment (id, resource, subject, program, grade_first, grade_last, cw_first, cw_last, pages, chapters, items, instruction, "order", optional) VALUES (165, 39, 8, 3, NULL, NULL, 6, 6, NULL, NULL, NULL, 37, 5, 0);
INSERT INTO assignment (id, resource, subject, program, grade_first, grade_last, cw_first, cw_last, pages, chapters, items, instruction, "order", optional) VALUES (166, 39, 8, 3, 7, 7, 6, 6, NULL, NULL, NULL, 38, 10, 0);
INSERT INTO assignment (id, resource, subject, program, grade_first, grade_last, cw_first, cw_last, pages, chapters, items, instruction, "order", optional) VALUES (167, 39, 8, 3, 8, 9, 6, 6, NULL, NULL, NULL, 39, 20, 0);
INSERT INTO assignment (id, resource, subject, program, grade_first, grade_last, cw_first, cw_last, pages, chapters, items, instruction, "order", optional) VALUES (168, 39, 8, 3, 8, 8, 6, 6, NULL, NULL, NULL, 40, 21, 0);
INSERT INTO assignment (id, resource, subject, program, grade_first, grade_last, cw_first, cw_last, pages, chapters, items, instruction, "order", optional) VALUES (169, 39, 8, 3, 9, 9, 6, 6, NULL, NULL, NULL, 49, 31, 0);
INSERT INTO assignment (id, resource, subject, program, grade_first, grade_last, cw_first, cw_last, pages, chapters, items, instruction, "order", optional) VALUES (170, 39, 8, 3, 9, 9, 6, 6, NULL, NULL, NULL, 50, 32, 0);
INSERT INTO assignment (id, resource, subject, program, grade_first, grade_last, cw_first, cw_last, pages, chapters, items, instruction, "order", optional) VALUES (172, 39, 8, 3, 8, 8, 6, 6, NULL, NULL, NULL, 52, 22, 0);
INSERT INTO assignment (id, resource, subject, program, grade_first, grade_last, cw_first, cw_last, pages, chapters, items, instruction, "order", optional) VALUES (173, 39, 8, 3, 9, 9, 3, 3, NULL, NULL, NULL, 52, 23, 0);
INSERT INTO assignment (id, resource, subject, program, grade_first, grade_last, cw_first, cw_last, pages, chapters, items, instruction, "order", optional) VALUES (174, 39, 8, 3, NULL, NULL, 6, 6, NULL, NULL, NULL, 41, 50, 0);
INSERT INTO assignment (id, resource, subject, program, grade_first, grade_last, cw_first, cw_last, pages, chapters, items, instruction, "order", optional) VALUES (175, 39, 8, 3, 7, 7, 3, 3, NULL, NULL, NULL, 54, 6, 0);
INSERT INTO assignment (id, resource, subject, program, grade_first, grade_last, cw_first, cw_last, pages, chapters, items, instruction, "order", optional) VALUES (176, 39, 8, 3, 8, 8, 3, 3, NULL, NULL, NULL, 53, 12, 0);
INSERT INTO assignment (id, resource, subject, program, grade_first, grade_last, cw_first, cw_last, pages, chapters, items, instruction, "order", optional) VALUES (177, 39, 8, 3, 7, 7, 6, 6, NULL, NULL, NULL, 53, 11, 0);
INSERT INTO assignment (id, resource, subject, program, grade_first, grade_last, cw_first, cw_last, pages, chapters, items, instruction, "order", optional) VALUES (178, 39, 8, 3, NULL, NULL, 6, 7, NULL, NULL, '"The God King", "Seven Daughters and Seven Sons", and/or "The Golden Goblet"', 55, 4, 0);
INSERT INTO assignment (id, resource, subject, program, grade_first, grade_last, cw_first, cw_last, pages, chapters, items, instruction, "order", optional) VALUES (179, 39, 8, 3, 7, 7, 7, 7, NULL, NULL, NULL, 44, 10, 0);
INSERT INTO assignment (id, resource, subject, program, grade_first, grade_last, cw_first, cw_last, pages, chapters, items, instruction, "order", optional) VALUES (180, 39, 8, 3, NULL, NULL, 7, 7, NULL, NULL, NULL, 43, 31, 0);
INSERT INTO assignment (id, resource, subject, program, grade_first, grade_last, cw_first, cw_last, pages, chapters, items, instruction, "order", optional) VALUES (181, 39, 8, 3, 8, 8, 7, 7, NULL, NULL, NULL, 46, 20, 0);
INSERT INTO assignment (id, resource, subject, program, grade_first, grade_last, cw_first, cw_last, pages, chapters, items, instruction, "order", optional) VALUES (182, 39, 8, 3, 8, 9, 7, 7, NULL, NULL, NULL, 45, 32, 0);
INSERT INTO assignment (id, resource, subject, program, grade_first, grade_last, cw_first, cw_last, pages, chapters, items, instruction, "order", optional) VALUES (183, 39, 8, 3, 9, 9, 6, 6, NULL, NULL, NULL, 51, 33, 0);
INSERT INTO assignment (id, resource, subject, program, grade_first, grade_last, cw_first, cw_last, pages, chapters, items, instruction, "order", optional) VALUES (184, 39, 8, 3, 9, 9, 7, 7, NULL, NULL, NULL, 57, 30, 0);
INSERT INTO assignment (id, resource, subject, program, grade_first, grade_last, cw_first, cw_last, pages, chapters, items, instruction, "order", optional) VALUES (185, 39, 8, 3, 9, 9, 7, 7, NULL, NULL, NULL, 56, 33, 0);
INSERT INTO assignment (id, resource, subject, program, grade_first, grade_last, cw_first, cw_last, pages, chapters, items, instruction, "order", optional) VALUES (186, 39, 8, 3, NULL, NULL, 7, 7, NULL, NULL, NULL, 47, 50, 0);
INSERT INTO assignment (id, resource, subject, program, grade_first, grade_last, cw_first, cw_last, pages, chapters, items, instruction, "order", optional) VALUES (187, 39, 8, 3, NULL, NULL, 8, 8, NULL, NULL, '"Where the Mountain Meets the Moon" or "Young Fu of the Upper Yangtze"', 30, 4, 0);
INSERT INTO assignment (id, resource, subject, program, grade_first, grade_last, cw_first, cw_last, pages, chapters, items, instruction, "order", optional) VALUES (188, 39, 8, 3, 7, 7, 8, 8, NULL, NULL, 15, 33, 10, 0);
INSERT INTO assignment (id, resource, subject, program, grade_first, grade_last, cw_first, cw_last, pages, chapters, items, instruction, "order", optional) VALUES (189, 39, 8, 3, 8, 9, 8, 8, NULL, NULL, 20, 33, 20, 0);
INSERT INTO assignment (id, resource, subject, program, grade_first, grade_last, cw_first, cw_last, pages, chapters, items, instruction, "order", optional) VALUES (190, 39, 8, 3, 7, 8, 8, 8, NULL, NULL, NULL, 32, 21, 0);
INSERT INTO assignment (id, resource, subject, program, grade_first, grade_last, cw_first, cw_last, pages, chapters, items, instruction, "order", optional) VALUES (191, 39, 8, 3, 7, 8, 8, 8, NULL, NULL, NULL, 34, 22, 0);
INSERT INTO assignment (id, resource, subject, program, grade_first, grade_last, cw_first, cw_last, pages, chapters, items, instruction, "order", optional) VALUES (192, 39, 8, 3, 8, 8, 8, 8, NULL, NULL, NULL, 48, 23, 0);
INSERT INTO assignment (id, resource, subject, program, grade_first, grade_last, cw_first, cw_last, pages, chapters, items, instruction, "order", optional) VALUES (193, 39, 8, 3, 9, 9, 8, 8, NULL, NULL, NULL, 58, 31, 0);
INSERT INTO assignment (id, resource, subject, program, grade_first, grade_last, cw_first, cw_last, pages, chapters, items, instruction, "order", optional) VALUES (194, 39, 8, 3, NULL, NULL, 9, 10, NULL, NULL, '"Where the Mountain Meets the Moon" or "Young Fu of the Upper Yangtze"', 55, 4, 0);
INSERT INTO assignment (id, resource, subject, program, grade_first, grade_last, cw_first, cw_last, pages, chapters, items, instruction, "order", optional) VALUES (195, 39, 8, 3, NULL, NULL, 9, 9, NULL, NULL, NULL, 37, 5, 0);
INSERT INTO assignment (id, resource, subject, program, grade_first, grade_last, cw_first, cw_last, pages, chapters, items, instruction, "order", optional) VALUES (196, 39, 8, 3, NULL, NULL, 9, 9, NULL, NULL, NULL, 39, 6, 0);
INSERT INTO assignment (id, resource, subject, program, grade_first, grade_last, cw_first, cw_last, pages, chapters, items, instruction, "order", optional) VALUES (197, 39, 8, 3, 7, 7, 9, 9, NULL, NULL, NULL, 40, 10, 0);
INSERT INTO assignment (id, resource, subject, program, grade_first, grade_last, cw_first, cw_last, pages, chapters, items, instruction, "order", optional) VALUES (198, 39, 8, 3, 7, 7, 9, 9, NULL, NULL, NULL, 52, 11, 0);
INSERT INTO assignment (id, resource, subject, program, grade_first, grade_last, cw_first, cw_last, pages, chapters, items, instruction, "order", optional) VALUES (199, 39, 8, 3, 8, 9, 9, 9, NULL, NULL, NULL, 49, 20, 0);
INSERT INTO assignment (id, resource, subject, program, grade_first, grade_last, cw_first, cw_last, pages, chapters, items, instruction, "order", optional) VALUES (200, 39, 8, 3, 8, 8, 9, 9, NULL, NULL, NULL, 50, 21, 0);
INSERT INTO assignment (id, resource, subject, program, grade_first, grade_last, cw_first, cw_last, pages, chapters, items, instruction, "order", optional) VALUES (201, 39, 8, 3, 8, 8, 9, 9, NULL, NULL, NULL, 51, 22, 0);
INSERT INTO assignment (id, resource, subject, program, grade_first, grade_last, cw_first, cw_last, pages, chapters, items, instruction, "order", optional) VALUES (202, 39, 8, 3, 9, 9, 9, 9, NULL, NULL, NULL, 59, 30, 0);
INSERT INTO assignment (id, resource, subject, program, grade_first, grade_last, cw_first, cw_last, pages, chapters, items, instruction, "order", optional) VALUES (203, 39, 8, 3, 9, 9, 9, 9, NULL, NULL, NULL, 60, 31, 0);
INSERT INTO assignment (id, resource, subject, program, grade_first, grade_last, cw_first, cw_last, pages, chapters, items, instruction, "order", optional) VALUES (204, 39, 8, 3, 9, 9, 9, 9, NULL, NULL, NULL, 61, 32, 0);
INSERT INTO assignment (id, resource, subject, program, grade_first, grade_last, cw_first, cw_last, pages, chapters, items, instruction, "order", optional) VALUES (205, 39, 8, 3, NULL, NULL, 9, 9, NULL, NULL, NULL, 41, 40, 0);
INSERT INTO assignment (id, resource, subject, program, grade_first, grade_last, cw_first, cw_last, pages, chapters, items, instruction, "order", optional) VALUES (206, 39, 8, 3, 7, 7, 10, 10, NULL, NULL, NULL, 46, 10, 0);
INSERT INTO assignment (id, resource, subject, program, grade_first, grade_last, cw_first, cw_last, pages, chapters, items, instruction, "order", optional) VALUES (207, 39, 8, 3, 8, 8, 10, 10, NULL, NULL, NULL, 57, 20, 0);
INSERT INTO assignment (id, resource, subject, program, grade_first, grade_last, cw_first, cw_last, pages, chapters, items, instruction, "order", optional) VALUES (208, 39, 8, 3, 9, 9, 10, 10, NULL, NULL, NULL, 63, 30, 0);
INSERT INTO assignment (id, resource, subject, program, grade_first, grade_last, cw_first, cw_last, pages, chapters, items, instruction, "order", optional) VALUES (209, 39, 8, 3, 7, 8, 10, 10, NULL, NULL, NULL, 43, 31, 0);
INSERT INTO assignment (id, resource, subject, program, grade_first, grade_last, cw_first, cw_last, pages, chapters, items, instruction, "order", optional) VALUES (210, 39, 8, 3, 7, 8, 10, 10, NULL, NULL, NULL, 45, 32, 0);
INSERT INTO assignment (id, resource, subject, program, grade_first, grade_last, cw_first, cw_last, pages, chapters, items, instruction, "order", optional) VALUES (211, 39, 8, 3, 8, 8, 10, 10, NULL, NULL, NULL, 56, 33, 0);
INSERT INTO assignment (id, resource, subject, program, grade_first, grade_last, cw_first, cw_last, pages, chapters, items, instruction, "order", optional) VALUES (212, 39, 8, 3, 9, 9, 10, 10, NULL, NULL, NULL, 64, 41, 0);
INSERT INTO assignment (id, resource, subject, program, grade_first, grade_last, cw_first, cw_last, pages, chapters, items, instruction, "order", optional) VALUES (213, 39, 8, 3, NULL, NULL, 10, 10, NULL, NULL, NULL, 47, 45, 0);
INSERT INTO assignment (id, resource, subject, program, grade_first, grade_last, cw_first, cw_last, pages, chapters, items, instruction, "order", optional) VALUES (214, 39, 8, 3, NULL, NULL, 11, 11, NULL, NULL, '"Daughter of the Mountains" or "Amy Carmichael: Rescuer of Precious Gems"', 30, 4, 0);
INSERT INTO assignment (id, resource, subject, program, grade_first, grade_last, cw_first, cw_last, pages, chapters, items, instruction, "order", optional) VALUES (215, 39, 8, 3, NULL, NULL, 11, 11, NULL, NULL, 20, 33, 5, 0);
INSERT INTO assignment (id, resource, subject, program, grade_first, grade_last, cw_first, cw_last, pages, chapters, items, instruction, "order", optional) VALUES (216, 39, 8, 3, 7, 7, 11, 11, NULL, NULL, NULL, 32, 10, 0);
INSERT INTO assignment (id, resource, subject, program, grade_first, grade_last, cw_first, cw_last, pages, chapters, items, instruction, "order", optional) VALUES (217, 39, 8, 3, 7, 7, 11, 11, NULL, NULL, NULL, 34, 11, 0);
INSERT INTO assignment (id, resource, subject, program, grade_first, grade_last, cw_first, cw_last, pages, chapters, items, instruction, "order", optional) VALUES (218, 39, 8, 3, 7, 7, 11, 11, NULL, NULL, NULL, 48, 12, 0);
INSERT INTO assignment (id, resource, subject, program, grade_first, grade_last, cw_first, cw_last, pages, chapters, items, instruction, "order", optional) VALUES (219, 39, 8, 3, 8, 8, 11, 11, NULL, NULL, NULL, 65, 20, 0);
INSERT INTO assignment (id, resource, subject, program, grade_first, grade_last, cw_first, cw_last, pages, chapters, items, instruction, "order", optional) VALUES (220, 39, 8, 3, 8, 8, 11, 11, NULL, NULL, NULL, 58, 21, 0);
INSERT INTO assignment (id, resource, subject, program, grade_first, grade_last, cw_first, cw_last, pages, chapters, items, instruction, "order", optional) VALUES (221, 39, 8, 3, 9, 9, 8, 8, NULL, NULL, NULL, 65, 30, 0);
INSERT INTO assignment (id, resource, subject, program, grade_first, grade_last, cw_first, cw_last, pages, chapters, items, instruction, "order", optional) VALUES (222, 39, 8, 3, 9, 9, 11, 11, NULL, NULL, NULL, 66, 30, 0);
INSERT INTO assignment (id, resource, subject, program, grade_first, grade_last, cw_first, cw_last, pages, chapters, items, instruction, "order", optional) VALUES (223, 39, 8, 3, 9, 9, 11, 11, NULL, NULL, NULL, 67, 31, 0);
INSERT INTO assignment (id, resource, subject, program, grade_first, grade_last, cw_first, cw_last, pages, chapters, items, instruction, "order", optional) VALUES (224, 39, 8, 3, NULL, NULL, 12, 12, NULL, NULL, NULL, 37, 4, 0);
INSERT INTO assignment (id, resource, subject, program, grade_first, grade_last, cw_first, cw_last, pages, chapters, items, instruction, "order", optional) VALUES (225, 39, 8, 3, 7, 8, 12, 12, NULL, NULL, NULL, 39, 10, 0);
INSERT INTO assignment (id, resource, subject, program, grade_first, grade_last, cw_first, cw_last, pages, chapters, items, instruction, "order", optional) VALUES (226, 39, 8, 3, 7, 8, 12, 12, NULL, NULL, NULL, 49, 11, 0);
INSERT INTO assignment (id, resource, subject, program, grade_first, grade_last, cw_first, cw_last, pages, chapters, items, instruction, "order", optional) VALUES (227, 39, 8, 3, 7, 7, 12, 12, NULL, NULL, NULL, 50, 12, 0);
INSERT INTO assignment (id, resource, subject, program, grade_first, grade_last, cw_first, cw_last, pages, chapters, items, instruction, "order", optional) VALUES (228, 39, 8, 3, 7, 7, 12, 12, NULL, NULL, NULL, 51, 13, 0);
INSERT INTO assignment (id, resource, subject, program, grade_first, grade_last, cw_first, cw_last, pages, chapters, items, instruction, "order", optional) VALUES (229, 39, 8, 3, 8, 8, 12, 12, NULL, NULL, NULL, 59, 20, NULL);
INSERT INTO assignment (id, resource, subject, program, grade_first, grade_last, cw_first, cw_last, pages, chapters, items, instruction, "order", optional) VALUES (230, 39, 8, 3, 8, 8, 12, 12, NULL, NULL, NULL, 60, 21, 0);
INSERT INTO assignment (id, resource, subject, program, grade_first, grade_last, cw_first, cw_last, pages, chapters, items, instruction, "order", optional) VALUES (231, 39, 8, 3, 8, 8, 12, 12, NULL, NULL, NULL, 61, 22, 0);
INSERT INTO assignment (id, resource, subject, program, grade_first, grade_last, cw_first, cw_last, pages, chapters, items, instruction, "order", optional) VALUES (232, 39, 8, 3, 9, 9, 12, 12, NULL, NULL, NULL, 62, 30, NULL);
INSERT INTO assignment (id, resource, subject, program, grade_first, grade_last, cw_first, cw_last, pages, chapters, items, instruction, "order", optional) VALUES (233, 39, 8, 3, 9, 9, 12, 12, NULL, NULL, NULL, 68, 31, 0);
INSERT INTO assignment (id, resource, subject, program, grade_first, grade_last, cw_first, cw_last, pages, chapters, items, instruction, "order", optional) VALUES (234, 39, 8, 3, 9, 9, 12, 12, NULL, NULL, NULL, 69, 32, 0);
INSERT INTO assignment (id, resource, subject, program, grade_first, grade_last, cw_first, cw_last, pages, chapters, items, instruction, "order", optional) VALUES (235, 39, 8, 3, 9, 9, 12, 12, NULL, NULL, NULL, 70, 33, 0);
INSERT INTO assignment (id, resource, subject, program, grade_first, grade_last, cw_first, cw_last, pages, chapters, items, instruction, "order", optional) VALUES (236, 39, 8, 3, NULL, NULL, 12, 12, NULL, NULL, NULL, 41, 40, 0);
INSERT INTO assignment (id, resource, subject, program, grade_first, grade_last, cw_first, cw_last, pages, chapters, items, instruction, "order", optional) VALUES (237, 39, 8, 3, 9, 9, 10, 10, NULL, NULL, NULL, 71, 40, 0);
INSERT INTO assignment (id, resource, subject, program, grade_first, grade_last, cw_first, cw_last, pages, chapters, items, instruction, "order", optional) VALUES (238, 29, 5, 3, NULL, NULL, 5, 5, '97-103', 4, NULL, 78, 1, 0);
INSERT INTO assignment (id, resource, subject, program, grade_first, grade_last, cw_first, cw_last, pages, chapters, items, instruction, "order", optional) VALUES (239, 29, 5, 3, NULL, NULL, 5, 5, NULL, NULL, 4.6, 76, 2, 0);
INSERT INTO assignment (id, resource, subject, program, grade_first, grade_last, cw_first, cw_last, pages, chapters, items, instruction, "order", optional) VALUES (240, 29, 5, 3, NULL, NULL, 5, 5, NULL, NULL, 4.12, 74, 3, 0);
INSERT INTO assignment (id, resource, subject, program, grade_first, grade_last, cw_first, cw_last, pages, chapters, items, instruction, "order", optional) VALUES (241, 29, 5, 3, NULL, NULL, 5, 5, NULL, 4, NULL, 75, 4, 0);
INSERT INTO assignment (id, resource, subject, program, grade_first, grade_last, cw_first, cw_last, pages, chapters, items, instruction, "order", optional) VALUES (242, 29, 5, 3, NULL, NULL, 6, 6, '105-120', 5, '(Stop at "Ground Water and Soil Moisture")', 77, 1, 0);
INSERT INTO assignment (id, resource, subject, program, grade_first, grade_last, cw_first, cw_last, pages, chapters, items, instruction, "order", optional) VALUES (243, 29, 5, 3, NULL, NULL, 6, 6, NULL, NULL, '5.1-5.7', 74, 2, 0);
INSERT INTO assignment (id, resource, subject, program, grade_first, grade_last, cw_first, cw_last, pages, chapters, items, instruction, "order", optional) VALUES (244, 29, 5, 3, NULL, NULL, 7, 7, '120-127', 5, NULL, 78, 1, 0);
INSERT INTO assignment (id, resource, subject, program, grade_first, grade_last, cw_first, cw_last, pages, chapters, items, instruction, "order", optional) VALUES (245, 29, 5, 3, NULL, NULL, 7, 7, NULL, NULL, '5.8-5.10', 74, 2, 0);
INSERT INTO assignment (id, resource, subject, program, grade_first, grade_last, cw_first, cw_last, pages, chapters, items, instruction, "order", optional) VALUES (246, 29, 5, 3, NULL, NULL, 7, 7, NULL, 5, NULL, 75, 3, 0);
INSERT INTO assignment (id, resource, subject, program, grade_first, grade_last, cw_first, cw_last, pages, chapters, items, instruction, "order", optional) VALUES (247, 29, 5, 3, NULL, NULL, 8, 8, '130-138', 6, NULL, 78, 1, 0);
INSERT INTO assignment (id, resource, subject, program, grade_first, grade_last, cw_first, cw_last, pages, chapters, items, instruction, "order", optional) VALUES (248, 29, 5, 3, NULL, NULL, 8, 8, NULL, NULL, 6.2, 76, 2, 0);
INSERT INTO assignment (id, resource, subject, program, grade_first, grade_last, cw_first, cw_last, pages, chapters, items, instruction, "order", optional) VALUES (249, 29, 5, 3, NULL, NULL, 8, 8, NULL, NULL, '6.1-6.3', 74, 3, 0);
INSERT INTO assignment (id, resource, subject, program, grade_first, grade_last, cw_first, cw_last, pages, chapters, items, instruction, "order", optional) VALUES (250, 29, 5, 3, NULL, NULL, 9, 9, '139-153', 6, NULL, 78, 1, 0);
INSERT INTO assignment (id, resource, subject, program, grade_first, grade_last, cw_first, cw_last, pages, chapters, items, instruction, "order", optional) VALUES (251, 29, 5, 3, NULL, NULL, 9, 9, NULL, NULL, 6.4, 76, 2, 0);
INSERT INTO assignment (id, resource, subject, program, grade_first, grade_last, cw_first, cw_last, pages, chapters, items, instruction, "order", optional) VALUES (252, 29, 5, 3, NULL, NULL, 9, 9, NULL, NULL, '6.4-6.10', 74, 3, 0);
INSERT INTO assignment (id, resource, subject, program, grade_first, grade_last, cw_first, cw_last, pages, chapters, items, instruction, "order", optional) VALUES (253, 29, 5, 3, NULL, NULL, 9, 9, NULL, 6, NULL, 75, 4, 0);
INSERT INTO assignment (id, resource, subject, program, grade_first, grade_last, cw_first, cw_last, pages, chapters, items, instruction, "order", optional) VALUES (254, 29, 5, 3, NULL, NULL, 10, 10, NULL, 7, NULL, 72, 1, 0);
INSERT INTO assignment (id, resource, subject, program, grade_first, grade_last, cw_first, cw_last, pages, chapters, items, instruction, "order", optional) VALUES (255, 29, 5, 3, NULL, NULL, 10, 10, NULL, NULL, '7.1-7.10', 74, 2, 0);
INSERT INTO assignment (id, resource, subject, program, grade_first, grade_last, cw_first, cw_last, pages, chapters, items, instruction, "order", optional) VALUES (256, 29, 5, 3, NULL, NULL, 10, 10, NULL, NULL, 7.1, 79, 3, 0);
INSERT INTO assignment (id, resource, subject, program, grade_first, grade_last, cw_first, cw_last, pages, chapters, items, instruction, "order", optional) VALUES (257, 29, 5, 3, NULL, NULL, 10, 10, NULL, 7, NULL, 75, 4, 0);
INSERT INTO assignment (id, resource, subject, program, grade_first, grade_last, cw_first, cw_last, pages, chapters, items, instruction, "order", optional) VALUES (258, 29, 5, 3, NULL, NULL, 197, 197, 'iv-vi', NULL, NULL, 80, 1, 0);
INSERT INTO assignment (id, resource, subject, program, grade_first, grade_last, cw_first, cw_last, pages, chapters, items, instruction, "order", optional) VALUES (259, 29, 5, 3, NULL, NULL, 197, 197, '7-17', NULL, 'Measurement and Units', 81, 2, 0);
INSERT INTO assignment (id, resource, subject, program, grade_first, grade_last, cw_first, cw_last, pages, chapters, items, instruction, "order", optional) VALUES (260, 29, 5, 3, NULL, NULL, 1, 1, NULL, NULL, 1.2, 79, 2, 0);
INSERT INTO assignment (id, resource, subject, program, grade_first, grade_last, cw_first, cw_last, pages, chapters, items, instruction, "order", optional) VALUES (261, 29, 5, 3, NULL, NULL, 197, 197, NULL, NULL, '1.3-1.8', 74, 4, 0);
INSERT INTO assignment (id, resource, subject, program, grade_first, grade_last, cw_first, cw_last, pages, chapters, items, instruction, "order", optional) VALUES (262, 29, 5, 3, NULL, NULL, 197, 197, NULL, NULL, NULL, 83, 5, 0);
INSERT INTO assignment (id, resource, subject, program, grade_first, grade_last, cw_first, cw_last, pages, chapters, items, instruction, "order", optional) VALUES (263, 37, 5, 3, NULL, NULL, 1, 28, NULL, NULL, NULL, 84, 100, 0);
INSERT INTO assignment (id, resource, subject, program, grade_first, grade_last, cw_first, cw_last, pages, chapters, items, instruction, "order", optional) VALUES (264, 2, 2, 3, 7, 9, 9, 9, NULL, '4, 5', NULL, 12, 11, 0);
INSERT INTO assignment (id, resource, subject, program, grade_first, grade_last, cw_first, cw_last, pages, chapters, items, instruction, "order", optional) VALUES (265, 2, 2, 3, 7, 9, 12, 12, NULL, '6-10, 12, 17-18, 20-24', NULL, 12, 10, 0);
INSERT INTO assignment (id, resource, subject, program, grade_first, grade_last, cw_first, cw_last, pages, chapters, items, instruction, "order", optional) VALUES (266, 2, 2, 3, 7, 9, 15, 15, NULL, '29, 30', NULL, 12, 10, 0);
INSERT INTO assignment (id, resource, subject, program, grade_first, grade_last, cw_first, cw_last, pages, chapters, items, instruction, "order", optional) VALUES (267, 19, 2, 3, 7, 9, 15, 15, NULL, '5, 8, 10, 11, 17-20', NULL, 12, 11, 0);
INSERT INTO assignment (id, resource, subject, program, grade_first, grade_last, cw_first, cw_last, pages, chapters, items, instruction, "order", optional) VALUES (268, 19, 2, 3, 7, 9, 18, 18, NULL, '24, 28, 36, 37, 39, 41', NULL, 12, 10, 0);
INSERT INTO assignment (id, resource, subject, program, grade_first, grade_last, cw_first, cw_last, pages, chapters, items, instruction, "order", optional) VALUES (270, 20, 2, 3, 7, 9, 24, 24, NULL, '22 (pp. 237-242), 24 (pp. 257-260), 25, 29 (pp. 323-327), 30, 31 (pp. 339-343), 32, 33, 34 (pp.379-383), 37, 39, 41 (pp.455-458), 42', NULL, 12, 10, 0);
INSERT INTO assignment (id, resource, subject, program, grade_first, grade_last, cw_first, cw_last, pages, chapters, items, instruction, "order", optional) VALUES (271, 26, 2, 3, 7, 9, 10, 10, NULL, '4, 5', NULL, 18, 11, 0);
INSERT INTO assignment (id, resource, subject, program, grade_first, grade_last, cw_first, cw_last, pages, chapters, items, instruction, "order", optional) VALUES (272, 26, 2, 3, 7, 9, 13, 13, NULL, '6-10, 12, 17-18, 20-24', NULL, 18, 10, 0);
INSERT INTO assignment (id, resource, subject, program, grade_first, grade_last, cw_first, cw_last, pages, chapters, items, instruction, "order", optional) VALUES (273, 26, 2, 3, 7, 9, 16, 16, NULL, '29, 30', NULL, 18, 10, 0);
INSERT INTO assignment (id, resource, subject, program, grade_first, grade_last, cw_first, cw_last, pages, chapters, items, instruction, "order", optional) VALUES (274, 27, 2, 3, 7, 9, 16, 16, NULL, '5, 8, 10, 11, 17-20', NULL, 18, 11, 0);
INSERT INTO assignment (id, resource, subject, program, grade_first, grade_last, cw_first, cw_last, pages, chapters, items, instruction, "order", optional) VALUES (275, 27, 2, 3, 7, 9, 19, 19, NULL, '24, 28, 36, 37, 39, 41', NULL, 18, 10, 0);
INSERT INTO assignment (id, resource, subject, program, grade_first, grade_last, cw_first, cw_last, pages, chapters, items, instruction, "order", optional) VALUES (276, 20, 2, 3, 7, 9, 21, 21, NULL, '2, 3, 4 (pp. 41-46), 8 (pp.86-90), 10 (pp. 107-111), 11, 12 (pp. 127-133), 13 (pp. 139-144), 14, 15 (pp. 157-161), 17-19', NULL, 12, 10, 0);
INSERT INTO assignment (id, resource, subject, program, grade_first, grade_last, cw_first, cw_last, pages, chapters, items, instruction, "order", optional) VALUES (277, 28, 2, 3, 7, 9, 25, 25, NULL, '22 (pp. 237-242), 24 (pp. 257-260), 25, 29 (pp. 323-327), 30, 31 (pp. 339-343), 32, 33, 34 (pp.379-383), 37, 39, 41 (pp.455-458), 42', NULL, 18, 10, 0);
INSERT INTO assignment (id, resource, subject, program, grade_first, grade_last, cw_first, cw_last, pages, chapters, items, instruction, "order", optional) VALUES (278, 28, 2, 3, 7, 9, 22, 22, NULL, '2, 3, 4 (pp. 41-46), 8 (pp.86-90), 10 (pp. 107-111), 11, 12 (pp. 127-133), 13 (pp. 139-144), 14, 15 (pp. 157-161), 17-19', NULL, 18, 10, 0);
INSERT INTO assignment (id, resource, subject, program, grade_first, grade_last, cw_first, cw_last, pages, chapters, items, instruction, "order", optional) VALUES (279, 42, 2, 3, 7, 9, 197, 197, NULL, NULL, NULL, 86, 11, 0);
INSERT INTO assignment (id, resource, subject, program, grade_first, grade_last, cw_first, cw_last, pages, chapters, items, instruction, "order", optional) VALUES (280, 42, 2, 3, 7, 9, 3, 3, NULL, NULL, NULL, 86, 11, 0);
INSERT INTO assignment (id, resource, subject, program, grade_first, grade_last, cw_first, cw_last, pages, chapters, items, instruction, "order", optional) VALUES (281, 42, 2, 3, 7, 9, 6, 6, NULL, NULL, NULL, 86, 11, 0);
INSERT INTO assignment (id, resource, subject, program, grade_first, grade_last, cw_first, cw_last, pages, chapters, items, instruction, "order", optional) VALUES (282, 42, 2, 3, 7, 9, 9, 9, NULL, NULL, NULL, 86, 12, 0);
INSERT INTO assignment (id, resource, subject, program, grade_first, grade_last, cw_first, cw_last, pages, chapters, items, instruction, "order", optional) VALUES (283, 42, 2, 3, 7, 9, 12, 12, NULL, NULL, NULL, 86, 11, 0);
INSERT INTO assignment (id, resource, subject, program, grade_first, grade_last, cw_first, cw_last, pages, chapters, items, instruction, "order", optional) VALUES (284, 42, 2, 3, 7, 9, 15, 15, NULL, NULL, NULL, 86, 12, 0);
INSERT INTO assignment (id, resource, subject, program, grade_first, grade_last, cw_first, cw_last, pages, chapters, items, instruction, "order", optional) VALUES (285, 42, 2, 3, 7, 9, 18, 18, NULL, NULL, NULL, 86, 11, 0);
INSERT INTO assignment (id, resource, subject, program, grade_first, grade_last, cw_first, cw_last, pages, chapters, items, instruction, "order", optional) VALUES (286, 42, 2, 3, 7, 9, 21, 21, NULL, NULL, NULL, 86, 11, 0);
INSERT INTO assignment (id, resource, subject, program, grade_first, grade_last, cw_first, cw_last, pages, chapters, items, instruction, "order", optional) VALUES (287, 42, 2, 3, 7, 9, 24, 24, NULL, NULL, NULL, 86, 11, 0);
INSERT INTO assignment (id, resource, subject, program, grade_first, grade_last, cw_first, cw_last, pages, chapters, items, instruction, "order", optional) VALUES (288, 41, 2, 3, 7, 9, 197, 197, NULL, NULL, NULL, 87, 12, 0);
INSERT INTO assignment (id, resource, subject, program, grade_first, grade_last, cw_first, cw_last, pages, chapters, items, instruction, "order", optional) VALUES (289, 41, 2, 3, 7, 9, 3, 3, NULL, NULL, NULL, 87, 12, 0);
INSERT INTO assignment (id, resource, subject, program, grade_first, grade_last, cw_first, cw_last, pages, chapters, items, instruction, "order", optional) VALUES (290, 41, 2, 3, 7, 9, 6, 6, NULL, NULL, NULL, 87, 12, 0);
INSERT INTO assignment (id, resource, subject, program, grade_first, grade_last, cw_first, cw_last, pages, chapters, items, instruction, "order", optional) VALUES (291, 41, 2, 3, 7, 9, 9, 9, NULL, NULL, NULL, 87, 13, 0);
INSERT INTO assignment (id, resource, subject, program, grade_first, grade_last, cw_first, cw_last, pages, chapters, items, instruction, "order", optional) VALUES (292, 41, 2, 3, 7, 9, 12, 12, NULL, NULL, NULL, 87, 12, 0);
INSERT INTO assignment (id, resource, subject, program, grade_first, grade_last, cw_first, cw_last, pages, chapters, items, instruction, "order", optional) VALUES (293, 41, 2, 3, 7, 9, 15, 15, NULL, NULL, NULL, 87, 13, 0);
INSERT INTO assignment (id, resource, subject, program, grade_first, grade_last, cw_first, cw_last, pages, chapters, items, instruction, "order", optional) VALUES (294, 41, 2, 3, 7, 9, 18, 18, NULL, NULL, NULL, 87, 12, 0);
INSERT INTO assignment (id, resource, subject, program, grade_first, grade_last, cw_first, cw_last, pages, chapters, items, instruction, "order", optional) VALUES (295, 41, 2, 3, 7, 9, 21, 21, NULL, NULL, NULL, 87, 12, 0);
INSERT INTO assignment (id, resource, subject, program, grade_first, grade_last, cw_first, cw_last, pages, chapters, items, instruction, "order", optional) VALUES (296, 41, 2, 3, 7, 9, 24, 24, NULL, NULL, NULL, 87, 12, 0);
INSERT INTO assignment (id, resource, subject, program, grade_first, grade_last, cw_first, cw_last, pages, chapters, items, instruction, "order", optional) VALUES (298, 26, 2, 3, 7, 9, 13, 13, NULL, NULL, NULL, 14, 1, NULL);
INSERT INTO assignment (id, resource, subject, program, grade_first, grade_last, cw_first, cw_last, pages, chapters, items, instruction, "order", optional) VALUES (299, 26, 2, 3, 7, 9, 13, 13, NULL, '13-15', NULL, 22, 20, NULL);
INSERT INTO assignment (id, resource, subject, program, grade_first, grade_last, cw_first, cw_last, pages, chapters, items, instruction, "order", optional) VALUES (300, 26, 2, 3, 7, 9, 16, 16, NULL, NULL, NULL, 14, 1, NULL);
INSERT INTO assignment (id, resource, subject, program, grade_first, grade_last, cw_first, cw_last, pages, chapters, items, instruction, "order", optional) VALUES (301, 26, 2, 3, 7, 9, 16, 16, NULL, '16-18', NULL, 22, 20, 0);
INSERT INTO assignment (id, resource, subject, program, grade_first, grade_last, cw_first, cw_last, pages, chapters, items, instruction, "order", optional) VALUES (302, 26, 2, 3, 7, 9, 19, 19, NULL, NULL, NULL, 14, 1, 0);
INSERT INTO assignment (id, resource, subject, program, grade_first, grade_last, cw_first, cw_last, pages, chapters, items, instruction, "order", optional) VALUES (303, 26, 2, 3, 7, 9, 19, 19, NULL, '19-21', NULL, 22, 20, 0);
INSERT INTO assignment (id, resource, subject, program, grade_first, grade_last, cw_first, cw_last, pages, chapters, items, instruction, "order", optional) VALUES (304, 26, 2, 3, 7, 9, 22, 22, NULL, NULL, NULL, 14, 1, 0);
INSERT INTO assignment (id, resource, subject, program, grade_first, grade_last, cw_first, cw_last, pages, chapters, items, instruction, "order", optional) VALUES (305, 26, 2, 3, 7, 9, 22, 22, NULL, '22-24', NULL, 22, 20, 0);
INSERT INTO assignment (id, resource, subject, program, grade_first, grade_last, cw_first, cw_last, pages, chapters, items, instruction, "order", optional) VALUES (306, 26, 2, 3, 7, 9, 25, 25, NULL, NULL, NULL, 14, 1, 0);
INSERT INTO assignment (id, resource, subject, program, grade_first, grade_last, cw_first, cw_last, pages, chapters, items, instruction, "order", optional) VALUES (307, 26, 2, 3, 7, 9, 25, 25, NULL, '25-28', NULL, 22, 20, 0);
INSERT INTO assignment (id, resource, subject, program, grade_first, grade_last, cw_first, cw_last, pages, chapters, items, instruction, "order", optional) VALUES (308, 41, 2, 3, 7, 9, 14, 14, NULL, NULL, NULL, 19, 1, 0);
INSERT INTO assignment (id, resource, subject, program, grade_first, grade_last, cw_first, cw_last, pages, chapters, items, instruction, "order", optional) VALUES (309, 41, 2, 3, 7, 9, 17, 17, NULL, NULL, NULL, 19, 1, 0);
INSERT INTO assignment (id, resource, subject, program, grade_first, grade_last, cw_first, cw_last, pages, chapters, items, instruction, "order", optional) VALUES (310, 41, 2, 3, 7, 9, 20, 20, NULL, NULL, NULL, 19, 1, 0);
INSERT INTO assignment (id, resource, subject, program, grade_first, grade_last, cw_first, cw_last, pages, chapters, items, instruction, "order", optional) VALUES (311, 41, 2, 3, 7, 9, 23, 23, NULL, NULL, NULL, 19, 1, 0);
INSERT INTO assignment (id, resource, subject, program, grade_first, grade_last, cw_first, cw_last, pages, chapters, items, instruction, "order", optional) VALUES (312, 41, 2, 3, 7, 9, 26, 26, NULL, NULL, NULL, 19, 1, 0);
INSERT INTO assignment (id, resource, subject, program, grade_first, grade_last, cw_first, cw_last, pages, chapters, items, instruction, "order", optional) VALUES (318, 41, 2, 3, 7, 9, 14, 14, NULL, NULL, NULL, 23, 1, 0);
INSERT INTO assignment (id, resource, subject, program, grade_first, grade_last, cw_first, cw_last, pages, chapters, items, instruction, "order", optional) VALUES (319, 41, 2, 3, 7, 9, 17, 17, NULL, NULL, NULL, 23, 1, 0);
INSERT INTO assignment (id, resource, subject, program, grade_first, grade_last, cw_first, cw_last, pages, chapters, items, instruction, "order", optional) VALUES (320, 41, 2, 3, 7, 9, 20, 20, NULL, NULL, NULL, 23, 1, 0);
INSERT INTO assignment (id, resource, subject, program, grade_first, grade_last, cw_first, cw_last, pages, chapters, items, instruction, "order", optional) VALUES (321, 41, 2, 3, 7, 9, 23, 23, NULL, NULL, NULL, 23, 1, 0);
INSERT INTO assignment (id, resource, subject, program, grade_first, grade_last, cw_first, cw_last, pages, chapters, items, instruction, "order", optional) VALUES (322, 41, 2, 3, 7, 9, 26, 26, NULL, NULL, NULL, 23, 1, 0);
INSERT INTO assignment (id, resource, subject, program, grade_first, grade_last, cw_first, cw_last, pages, chapters, items, instruction, "order", optional) VALUES (323, 30, 9, 3, 7, 9, 1, 1, '119-120', 11, 'Wed', 88, 1, 0);
INSERT INTO assignment (id, resource, subject, program, grade_first, grade_last, cw_first, cw_last, pages, chapters, items, instruction, "order", optional) VALUES (324, 30, 9, 3, 7, 9, 1, 1, NULL, 1, 'Thur', 90, 3, 0);
INSERT INTO assignment (id, resource, subject, program, grade_first, grade_last, cw_first, cw_last, pages, chapters, items, instruction, "order", optional) VALUES (325, 30, 9, 3, 7, 9, 1, 1, NULL, NULL, NULL, 91, 4, 0);
INSERT INTO assignment (id, resource, subject, program, grade_first, grade_last, cw_first, cw_last, pages, chapters, items, instruction, "order", optional) VALUES (326, 30, 9, 3, 7, 9, 1, 1, NULL, 2, 'Fri', 90, 5, 0);
INSERT INTO assignment (id, resource, subject, program, grade_first, grade_last, cw_first, cw_last, pages, chapters, items, instruction, "order", optional) VALUES (327, 30, 9, 3, 7, 9, 1, 1, NULL, NULL, NULL, 93, 6, 0);
INSERT INTO assignment (id, resource, subject, program, grade_first, grade_last, cw_first, cw_last, pages, chapters, items, instruction, "order", optional) VALUES (328, 30, 9, 3, 7, 9, 1, 1, NULL, NULL, NULL, 89, 2, 0);
INSERT INTO assignment (id, resource, subject, program, grade_first, grade_last, cw_first, cw_last, pages, chapters, items, instruction, "order", optional) VALUES (329, 30, 9, 3, 7, 9, 1, 1, NULL, 3, 'Mon', 94, 7, 0);
INSERT INTO assignment (id, resource, subject, program, grade_first, grade_last, cw_first, cw_last, pages, chapters, items, instruction, "order", optional) VALUES (330, 30, 9, 3, 7, 9, 2, 2, '120-122', 11, 'Wed', 88, 1, 0);
INSERT INTO assignment (id, resource, subject, program, grade_first, grade_last, cw_first, cw_last, pages, chapters, items, instruction, "order", optional) VALUES (331, 30, 9, 3, 7, 9, 2, 2, NULL, NULL, NULL, 95, 3, 0);
INSERT INTO assignment (id, resource, subject, program, grade_first, grade_last, cw_first, cw_last, pages, chapters, items, instruction, "order", optional) VALUES (332, 30, 9, 3, 7, 9, 2, 2, NULL, NULL, NULL, 96, 4, 0);
INSERT INTO assignment (id, resource, subject, program, grade_first, grade_last, cw_first, cw_last, pages, chapters, items, instruction, "order", optional) VALUES (333, 30, 9, 3, 7, 9, 2, 2, NULL, NULL, 'Wed', 97, 2, 0);
INSERT INTO assignment (id, resource, subject, program, grade_first, grade_last, cw_first, cw_last, pages, chapters, items, instruction, "order", optional) VALUES (334, 30, 9, 3, 7, 9, 2, 2, NULL, NULL, NULL, 98, 5, 0);
INSERT INTO assignment (id, resource, subject, program, grade_first, grade_last, cw_first, cw_last, pages, chapters, items, instruction, "order", optional) VALUES (335, 30, 9, 3, 7, 9, 2, 2, NULL, NULL, NULL, 99, 6, 0);
INSERT INTO assignment (id, resource, subject, program, grade_first, grade_last, cw_first, cw_last, pages, chapters, items, instruction, "order", optional) VALUES (336, 30, 9, 3, 7, 9, 2, 2, NULL, 4, 'Mon', 94, 7, 0);
INSERT INTO assignment (id, resource, subject, program, grade_first, grade_last, cw_first, cw_last, pages, chapters, items, instruction, "order", optional) VALUES (337, 30, 9, 3, 7, 9, 3, 3, '43-45', NULL, 'Wed', 105, 1, 0);
INSERT INTO assignment (id, resource, subject, program, grade_first, grade_last, cw_first, cw_last, pages, chapters, items, instruction, "order", optional) VALUES (338, 30, 9, 3, 7, 9, 3, 3, NULL, NULL, NULL, 101, 2, 0);
INSERT INTO assignment (id, resource, subject, program, grade_first, grade_last, cw_first, cw_last, pages, chapters, items, instruction, "order", optional) VALUES (339, 30, 9, 3, 7, 9, 3, 3, '45-47', NULL, 'Thur', 105, 3, 0);
INSERT INTO assignment (id, resource, subject, program, grade_first, grade_last, cw_first, cw_last, pages, chapters, items, instruction, "order", optional) VALUES (340, 30, 9, 3, 7, 9, 3, 3, NULL, NULL, NULL, 103, 4, 0);
INSERT INTO assignment (id, resource, subject, program, grade_first, grade_last, cw_first, cw_last, pages, chapters, items, instruction, "order", optional) VALUES (341, 30, 9, 3, 7, 9, 3, 3, NULL, NULL, NULL, 104, 5, 0);
INSERT INTO assignment (id, resource, subject, program, grade_first, grade_last, cw_first, cw_last, pages, chapters, items, instruction, "order", optional) VALUES (342, 30, 9, 3, 7, 9, 3, 3, NULL, 5, 'Mon', 94, 6, 0);
INSERT INTO assignment (id, resource, subject, program, grade_first, grade_last, cw_first, cw_last, pages, chapters, items, instruction, "order", optional) VALUES (343, 30, 9, 3, 7, 9, 4, 4, '53-57', NULL, 'Wed', 105, 1, 0);
INSERT INTO assignment (id, resource, subject, program, grade_first, grade_last, cw_first, cw_last, pages, chapters, items, instruction, "order", optional) VALUES (344, 30, 9, 3, 7, 9, 4, 4, NULL, NULL, NULL, 106, 2, 0);
INSERT INTO assignment (id, resource, subject, program, grade_first, grade_last, cw_first, cw_last, pages, chapters, items, instruction, "order", optional) VALUES (345, 30, 9, 3, 7, 9, 4, 4, '57-61', NULL, 'Thur', 105, 3, 0);
INSERT INTO assignment (id, resource, subject, program, grade_first, grade_last, cw_first, cw_last, pages, chapters, items, instruction, "order", optional) VALUES (346, 30, 9, 3, 7, 9, 4, 4, NULL, NULL, NULL, 107, 4, 0);
INSERT INTO assignment (id, resource, subject, program, grade_first, grade_last, cw_first, cw_last, pages, chapters, items, instruction, "order", optional) VALUES (347, 30, 9, 3, 7, 9, 4, 4, NULL, NULL, NULL, 108, 5, 0);
INSERT INTO assignment (id, resource, subject, program, grade_first, grade_last, cw_first, cw_last, pages, chapters, items, instruction, "order", optional) VALUES (348, 30, 9, 3, 7, 9, 4, 4, NULL, 6, 'Mon', 94, 6, 0);
INSERT INTO assignment (id, resource, subject, program, grade_first, grade_last, cw_first, cw_last, pages, chapters, items, instruction, "order", optional) VALUES (349, 30, 9, 3, 7, 9, 5, 5, '63-66', NULL, 'Wed', 105, 1, 0);
INSERT INTO assignment (id, resource, subject, program, grade_first, grade_last, cw_first, cw_last, pages, chapters, items, instruction, "order", optional) VALUES (350, 30, 9, 3, 7, 9, 5, 5, NULL, NULL, NULL, 109, 2, 0);
INSERT INTO assignment (id, resource, subject, program, grade_first, grade_last, cw_first, cw_last, pages, chapters, items, instruction, "order", optional) VALUES (351, 30, 9, 3, 7, 9, 5, 5, '66-69', NULL, 'Thur', 105, 3, 0);
INSERT INTO assignment (id, resource, subject, program, grade_first, grade_last, cw_first, cw_last, pages, chapters, items, instruction, "order", optional) VALUES (352, 30, 9, 3, 7, 9, 5, 5, NULL, NULL, NULL, 111, 4, 0);
INSERT INTO assignment (id, resource, subject, program, grade_first, grade_last, cw_first, cw_last, pages, chapters, items, instruction, "order", optional) VALUES (353, 30, 9, 3, 7, 9, 5, 5, NULL, NULL, NULL, 110, 5, 0);
INSERT INTO assignment (id, resource, subject, program, grade_first, grade_last, cw_first, cw_last, pages, chapters, items, instruction, "order", optional) VALUES (354, 30, 9, 3, 7, 9, 6, 6, '71-73', NULL, 'Wed', 105, 1, 0);
INSERT INTO assignment (id, resource, subject, program, grade_first, grade_last, cw_first, cw_last, pages, chapters, items, instruction, "order", optional) VALUES (355, 30, 9, 3, 7, 9, 6, 6, NULL, NULL, NULL, 112, 2, 0);
INSERT INTO assignment (id, resource, subject, program, grade_first, grade_last, cw_first, cw_last, pages, chapters, items, instruction, "order", optional) VALUES (356, 30, 9, 3, 7, 9, 6, 6, '73-75', NULL, 'Thur', 105, 3, 0);
INSERT INTO assignment (id, resource, subject, program, grade_first, grade_last, cw_first, cw_last, pages, chapters, items, instruction, "order", optional) VALUES (357, 30, 9, 3, 7, 9, 6, 6, NULL, NULL, NULL, 113, 4, 0);
INSERT INTO assignment (id, resource, subject, program, grade_first, grade_last, cw_first, cw_last, pages, chapters, items, instruction, "order", optional) VALUES (358, 30, 9, 3, 7, 9, 6, 6, '76-80', NULL, 'Fri', 105, 5, 0);
INSERT INTO assignment (id, resource, subject, program, grade_first, grade_last, cw_first, cw_last, pages, chapters, items, instruction, "order", optional) VALUES (359, 30, 9, 3, 7, 9, 6, 6, NULL, 8, 'Mon', 94, 6, 0);
INSERT INTO assignment (id, resource, subject, program, grade_first, grade_last, cw_first, cw_last, pages, chapters, items, instruction, "order", optional) VALUES (360, 30, 9, 3, 7, 9, 5, 5, NULL, 7, 'Mon', 94, 6, 0);
INSERT INTO assignment (id, resource, subject, program, grade_first, grade_last, cw_first, cw_last, pages, chapters, items, instruction, "order", optional) VALUES (361, 30, 9, 3, 7, 9, 7, 7, '81-85', NULL, 'Wed', 105, 1, 0);
INSERT INTO assignment (id, resource, subject, program, grade_first, grade_last, cw_first, cw_last, pages, chapters, items, instruction, "order", optional) VALUES (362, 30, 9, 3, 7, 9, 7, 7, NULL, NULL, NULL, 114, 2, 0);
INSERT INTO assignment (id, resource, subject, program, grade_first, grade_last, cw_first, cw_last, pages, chapters, items, instruction, "order", optional) VALUES (363, 30, 9, 3, 7, 9, 7, 7, '85-90', NULL, 'Thur', 105, 3, 0);
INSERT INTO assignment (id, resource, subject, program, grade_first, grade_last, cw_first, cw_last, pages, chapters, items, instruction, "order", optional) VALUES (364, 30, 9, 3, 7, 9, 7, 7, NULL, NULL, NULL, 115, 4, 0);
INSERT INTO assignment (id, resource, subject, program, grade_first, grade_last, cw_first, cw_last, pages, chapters, items, instruction, "order", optional) VALUES (365, 30, 9, 3, 7, 9, 7, 7, '90-97', NULL, 'Fri', 105, 5, 0);
INSERT INTO assignment (id, resource, subject, program, grade_first, grade_last, cw_first, cw_last, pages, chapters, items, instruction, "order", optional) VALUES (366, 30, 9, 3, 7, 9, 8, 8, '99-106', NULL, 'Wed', 105, 1, 0);
INSERT INTO assignment (id, resource, subject, program, grade_first, grade_last, cw_first, cw_last, pages, chapters, items, instruction, "order", optional) VALUES (367, 30, 9, 3, 7, 9, 7, 7, NULL, 9, 'Mon', 94, 6, 0);
INSERT INTO assignment (id, resource, subject, program, grade_first, grade_last, cw_first, cw_last, pages, chapters, items, instruction, "order", optional) VALUES (368, 30, 9, 3, 7, 9, 8, 8, NULL, NULL, NULL, 116, 2, 0);
INSERT INTO assignment (id, resource, subject, program, grade_first, grade_last, cw_first, cw_last, pages, chapters, items, instruction, "order", optional) VALUES (369, 30, 9, 3, 7, 9, 8, 8, '106-110', NULL, 'Thur', 105, 3, 0);
INSERT INTO assignment (id, resource, subject, program, grade_first, grade_last, cw_first, cw_last, pages, chapters, items, instruction, "order", optional) VALUES (370, 30, 9, 3, 7, 9, 8, 8, NULL, NULL, NULL, 117, 4, 0);
INSERT INTO assignment (id, resource, subject, program, grade_first, grade_last, cw_first, cw_last, pages, chapters, items, instruction, "order", optional) VALUES (371, 30, 9, 3, 7, 9, 8, 8, NULL, NULL, NULL, 118, 5, 0);
INSERT INTO assignment (id, resource, subject, program, grade_first, grade_last, cw_first, cw_last, pages, chapters, items, instruction, "order", optional) VALUES (372, 30, 9, 3, 7, 9, 8, 8, NULL, 10, 'Mon', 94, 6, 0);
INSERT INTO assignment (id, resource, subject, program, grade_first, grade_last, cw_first, cw_last, pages, chapters, items, instruction, "order", optional) VALUES (373, 30, 9, 3, 7, 9, 8, 8, NULL, NULL, NULL, 119, 7, 0);
INSERT INTO assignment (id, resource, subject, program, grade_first, grade_last, cw_first, cw_last, pages, chapters, items, instruction, "order", optional) VALUES (374, 30, 9, 3, 7, 9, 9, 9, '113-117', NULL, 'Wed', 105, 1, 0);
INSERT INTO assignment (id, resource, subject, program, grade_first, grade_last, cw_first, cw_last, pages, chapters, items, instruction, "order", optional) VALUES (375, 30, 9, 3, 7, 9, 9, 9, NULL, NULL, NULL, 120, 2, 0);
INSERT INTO assignment (id, resource, subject, program, grade_first, grade_last, cw_first, cw_last, pages, chapters, items, instruction, "order", optional) VALUES (376, 30, 9, 3, 7, 9, 9, 9, NULL, NULL, NULL, 121, 3, 0);
INSERT INTO assignment (id, resource, subject, program, grade_first, grade_last, cw_first, cw_last, pages, chapters, items, instruction, "order", optional) VALUES (377, 30, 9, 3, 7, 9, 9, 9, NULL, NULL, NULL, 122, 4, 0);
INSERT INTO assignment (id, resource, subject, program, grade_first, grade_last, cw_first, cw_last, pages, chapters, items, instruction, "order", optional) VALUES (378, 30, 9, 3, 7, 9, 10, 10, NULL, NULL, NULL, 123, 2, 0);
INSERT INTO assignment (id, resource, subject, program, grade_first, grade_last, cw_first, cw_last, pages, chapters, items, instruction, "order", optional) VALUES (379, 30, 9, 3, 7, 9, 9, 9, NULL, 11, 'Mon', 94, 5, 0);
INSERT INTO assignment (id, resource, subject, program, grade_first, grade_last, cw_first, cw_last, pages, chapters, items, instruction, "order", optional) VALUES (380, 30, 9, 3, 7, 9, 10, 10, '119-126', NULL, 'Wed', 105, 1, 0);
INSERT INTO assignment (id, resource, subject, program, grade_first, grade_last, cw_first, cw_last, pages, chapters, items, instruction, "order", optional) VALUES (381, 30, 9, 3, 7, 9, 10, 10, '126-133', NULL, 'Thur', 105, 3, 0);
INSERT INTO assignment (id, resource, subject, program, grade_first, grade_last, cw_first, cw_last, pages, chapters, items, instruction, "order", optional) VALUES (382, 30, 9, 3, 7, 9, 10, 10, NULL, NULL, NULL, 125, 5, 0);
INSERT INTO assignment (id, resource, subject, program, grade_first, grade_last, cw_first, cw_last, pages, chapters, items, instruction, "order", optional) VALUES (383, 30, 9, 3, 7, 9, 10, 10, NULL, NULL, NULL, 126, 6, 0);
INSERT INTO assignment (id, resource, subject, program, grade_first, grade_last, cw_first, cw_last, pages, chapters, items, instruction, "order", optional) VALUES (384, 30, 9, 3, 7, 9, 11, 11, NULL, NULL, 'Wed', 127, 1, 0);
INSERT INTO assignment (id, resource, subject, program, grade_first, grade_last, cw_first, cw_last, pages, chapters, items, instruction, "order", optional) VALUES (385, 30, 9, 3, 7, 9, 10, 10, NULL, NULL, NULL, 124, 4, 0);
INSERT INTO assignment (id, resource, subject, program, grade_first, grade_last, cw_first, cw_last, pages, chapters, items, instruction, "order", optional) VALUES (386, 30, 9, 3, 7, 9, 11, 11, NULL, NULL, 'Thur', 127, 2, 0);
INSERT INTO assignment (id, resource, subject, program, grade_first, grade_last, cw_first, cw_last, pages, chapters, items, instruction, "order", optional) VALUES (387, 30, 9, 3, 7, 9, 11, 11, NULL, NULL, 'Fri', 127, 3, 0);
INSERT INTO assignment (id, resource, subject, program, grade_first, grade_last, cw_first, cw_last, pages, chapters, items, instruction, "order", optional) VALUES (388, 30, 9, 3, 7, 9, 11, 11, NULL, NULL, 'Fri', 128, 4, 0);
INSERT INTO assignment (id, resource, subject, program, grade_first, grade_last, cw_first, cw_last, pages, chapters, items, instruction, "order", optional) VALUES (389, 44, 4, 3, 7, 9, 197, 197, NULL, '1-4', NULL, 129, 1, 0);
INSERT INTO assignment (id, resource, subject, program, grade_first, grade_last, cw_first, cw_last, pages, chapters, items, instruction, "order", optional) VALUES (390, 44, 4, 3, 7, 9, 1, 1, NULL, '5-8', NULL, 129, 1, 0);
INSERT INTO assignment (id, resource, subject, program, grade_first, grade_last, cw_first, cw_last, pages, chapters, items, instruction, "order", optional) VALUES (391, 44, 4, 3, 7, 9, 2, 2, NULL, '9-12', NULL, 129, 1, 0);
INSERT INTO assignment (id, resource, subject, program, grade_first, grade_last, cw_first, cw_last, pages, chapters, items, instruction, "order", optional) VALUES (392, 44, 4, 3, 7, 9, 3, 3, NULL, '13-16', NULL, 129, 1, 0);
INSERT INTO assignment (id, resource, subject, program, grade_first, grade_last, cw_first, cw_last, pages, chapters, items, instruction, "order", optional) VALUES (393, 44, 4, 3, 7, 9, 4, 4, NULL, '17-20', NULL, 129, 1, 0);
INSERT INTO assignment (id, resource, subject, program, grade_first, grade_last, cw_first, cw_last, pages, chapters, items, instruction, "order", optional) VALUES (394, 44, 4, 3, 7, 9, 5, 5, NULL, '18-24', NULL, 129, 1, 0);
INSERT INTO assignment (id, resource, subject, program, grade_first, grade_last, cw_first, cw_last, pages, chapters, items, instruction, "order", optional) VALUES (395, 44, 4, 3, 7, 9, 6, 6, NULL, '25-28', NULL, 129, 1, 0);
INSERT INTO assignment (id, resource, subject, program, grade_first, grade_last, cw_first, cw_last, pages, chapters, items, instruction, "order", optional) VALUES (396, 44, 4, 3, 7, 9, 7, 7, NULL, '29-32', NULL, 129, 1, 0);
INSERT INTO assignment (id, resource, subject, program, grade_first, grade_last, cw_first, cw_last, pages, chapters, items, instruction, "order", optional) VALUES (397, 44, 4, 3, 7, 9, 8, 8, NULL, '33-36', NULL, 129, 1, 0);
INSERT INTO assignment (id, resource, subject, program, grade_first, grade_last, cw_first, cw_last, pages, chapters, items, instruction, "order", optional) VALUES (398, 44, 4, 3, 7, 9, 9, 9, NULL, '37-40', NULL, 129, 1, 0);
INSERT INTO assignment (id, resource, subject, program, grade_first, grade_last, cw_first, cw_last, pages, chapters, items, instruction, "order", optional) VALUES (399, 44, 4, 3, 7, 9, 10, 10, NULL, '41-44', NULL, 129, 1, 0);
INSERT INTO assignment (id, resource, subject, program, grade_first, grade_last, cw_first, cw_last, pages, chapters, items, instruction, "order", optional) VALUES (400, 44, 4, 3, 7, 9, 11, 11, NULL, '45-48', NULL, 129, 1, 0);
INSERT INTO assignment (id, resource, subject, program, grade_first, grade_last, cw_first, cw_last, pages, chapters, items, instruction, "order", optional) VALUES (401, 44, 4, 3, 7, 9, 12, 12, NULL, '49-56', NULL, 129, 1, 0);
INSERT INTO assignment (id, resource, subject, program, grade_first, grade_last, cw_first, cw_last, pages, chapters, items, instruction, "order", optional) VALUES (402, 44, 4, 3, 7, 9, 13, 13, NULL, '57-60', NULL, 129, 1, 0);
INSERT INTO assignment (id, resource, subject, program, grade_first, grade_last, cw_first, cw_last, pages, chapters, items, instruction, "order", optional) VALUES (403, 44, 4, 3, 7, 9, 14, 14, NULL, '61-64', NULL, 129, 1, 0);
INSERT INTO assignment (id, resource, subject, program, grade_first, grade_last, cw_first, cw_last, pages, chapters, items, instruction, "order", optional) VALUES (404, 44, 4, 3, 7, 9, 15, 15, NULL, '65-68', NULL, 129, 1, 0);
INSERT INTO assignment (id, resource, subject, program, grade_first, grade_last, cw_first, cw_last, pages, chapters, items, instruction, "order", optional) VALUES (405, 44, 4, 3, 7, 9, 16, 16, NULL, '69-72', NULL, 129, 1, 0);
INSERT INTO assignment (id, resource, subject, program, grade_first, grade_last, cw_first, cw_last, pages, chapters, items, instruction, "order", optional) VALUES (406, 44, 4, 3, 7, 9, 17, 17, NULL, '73-76', NULL, 129, 1, 0);
INSERT INTO assignment (id, resource, subject, program, grade_first, grade_last, cw_first, cw_last, pages, chapters, items, instruction, "order", optional) VALUES (407, 44, 4, 3, 7, 9, 18, 18, NULL, '77-80', NULL, 129, 1, 0);
INSERT INTO assignment (id, resource, subject, program, grade_first, grade_last, cw_first, cw_last, pages, chapters, items, instruction, "order", optional) VALUES (408, 44, 4, 3, 7, 9, 19, 19, NULL, '81-84', NULL, 129, 1, 0);
INSERT INTO assignment (id, resource, subject, program, grade_first, grade_last, cw_first, cw_last, pages, chapters, items, instruction, "order", optional) VALUES (409, 44, 4, 3, 7, 9, 20, 20, NULL, '85-88', NULL, 129, 1, 0);
INSERT INTO assignment (id, resource, subject, program, grade_first, grade_last, cw_first, cw_last, pages, chapters, items, instruction, "order", optional) VALUES (410, 44, 4, 3, 7, 9, 21, 21, NULL, '89-92', NULL, 129, 1, 0);
INSERT INTO assignment (id, resource, subject, program, grade_first, grade_last, cw_first, cw_last, pages, chapters, items, instruction, "order", optional) VALUES (411, 44, 4, 3, 7, 9, 22, 22, NULL, '93-96', NULL, 129, 1, 0);
INSERT INTO assignment (id, resource, subject, program, grade_first, grade_last, cw_first, cw_last, pages, chapters, items, instruction, "order", optional) VALUES (412, 44, 4, 3, 7, 9, 23, 23, NULL, '97-100', NULL, 129, 1, 0);
INSERT INTO assignment (id, resource, subject, program, grade_first, grade_last, cw_first, cw_last, pages, chapters, items, instruction, "order", optional) VALUES (413, 44, 4, 3, 7, 9, 24, 24, NULL, '101-104', NULL, 129, 1, 0);
INSERT INTO assignment (id, resource, subject, program, grade_first, grade_last, cw_first, cw_last, pages, chapters, items, instruction, "order", optional) VALUES (414, 44, 4, 3, 7, 9, 25, 25, NULL, '105-108', NULL, 129, 1, 0);
INSERT INTO assignment (id, resource, subject, program, grade_first, grade_last, cw_first, cw_last, pages, chapters, items, instruction, "order", optional) VALUES (415, 44, 4, 3, 7, 9, 26, 26, NULL, '109-112', NULL, 129, 1, 0);
INSERT INTO assignment (id, resource, subject, program, grade_first, grade_last, cw_first, cw_last, pages, chapters, items, instruction, "order", optional) VALUES (416, 44, 4, 3, 7, 9, 27, 27, NULL, '113-116', NULL, 129, 1, 0);
INSERT INTO assignment (id, resource, subject, program, grade_first, grade_last, cw_first, cw_last, pages, chapters, items, instruction, "order", optional) VALUES (417, 44, 4, 3, 7, 9, 28, 28, NULL, '117-120', NULL, 129, 1, 0);
INSERT INTO assignment (id, resource, subject, program, grade_first, grade_last, cw_first, cw_last, pages, chapters, items, instruction, "order", optional) VALUES (418, 45, 7, 3, 7, 7, 197, 197, '8-13', NULL, NULL, 13, 1, 0);
INSERT INTO assignment (id, resource, subject, program, grade_first, grade_last, cw_first, cw_last, pages, chapters, items, instruction, "order", optional) VALUES (419, 45, 7, 3, 7, 7, 1, 1, NULL, NULL, NULL, 131, 1, 0);
INSERT INTO assignment (id, resource, subject, program, grade_first, grade_last, cw_first, cw_last, pages, chapters, items, instruction, "order", optional) VALUES (420, 45, 7, 3, 7, 7, 1, 1, NULL, 1, NULL, 132, 2, 0);
INSERT INTO assignment (id, resource, subject, program, grade_first, grade_last, cw_first, cw_last, pages, chapters, items, instruction, "order", optional) VALUES (421, 45, 7, 3, 7, 7, 24, 24, NULL, 11, NULL, 139, 1, 0);
INSERT INTO assignment (id, resource, subject, program, grade_first, grade_last, cw_first, cw_last, pages, chapters, items, instruction, "order", optional) VALUES (422, 45, 7, 3, 7, 7, 2, 2, NULL, 2, NULL, 130, 1, 0);
INSERT INTO assignment (id, resource, subject, program, grade_first, grade_last, cw_first, cw_last, pages, chapters, items, instruction, "order", optional) VALUES (423, 45, 7, 3, 7, 7, 3, 3, NULL, 2, NULL, 132, 1, 0);
INSERT INTO assignment (id, resource, subject, program, grade_first, grade_last, cw_first, cw_last, pages, chapters, items, instruction, "order", optional) VALUES (424, 45, 7, 3, 7, 7, 4, 4, NULL, 3, NULL, 130, 1, 0);
INSERT INTO assignment (id, resource, subject, program, grade_first, grade_last, cw_first, cw_last, pages, chapters, items, instruction, "order", optional) VALUES (425, 45, 7, 3, 7, 7, 5, 5, NULL, 3, NULL, 132, 1, 0);
INSERT INTO assignment (id, resource, subject, program, grade_first, grade_last, cw_first, cw_last, pages, chapters, items, instruction, "order", optional) VALUES (426, 45, 7, 3, 7, 7, 6, 6, NULL, NULL, NULL, 133, 1, 0);
INSERT INTO assignment (id, resource, subject, program, grade_first, grade_last, cw_first, cw_last, pages, chapters, items, instruction, "order", optional) VALUES (427, 45, 7, 3, 7, 7, 7, 7, NULL, 4, NULL, 130, 1, 0);
INSERT INTO assignment (id, resource, subject, program, grade_first, grade_last, cw_first, cw_last, pages, chapters, items, instruction, "order", optional) VALUES (428, 45, 7, 3, 7, 7, 8, 8, NULL, 4, NULL, 132, 1, 0);
INSERT INTO assignment (id, resource, subject, program, grade_first, grade_last, cw_first, cw_last, pages, chapters, items, instruction, "order", optional) VALUES (429, 45, 7, 3, 7, 7, 9, 9, NULL, 5, NULL, 130, 1, 0);
INSERT INTO assignment (id, resource, subject, program, grade_first, grade_last, cw_first, cw_last, pages, chapters, items, instruction, "order", optional) VALUES (430, 45, 7, 3, 7, 7, 10, 10, NULL, 5, NULL, 132, 1, 0);
INSERT INTO assignment (id, resource, subject, program, grade_first, grade_last, cw_first, cw_last, pages, chapters, items, instruction, "order", optional) VALUES (431, 45, 7, 3, 7, 7, 11, 11, NULL, 6, NULL, 130, 1, 0);
INSERT INTO assignment (id, resource, subject, program, grade_first, grade_last, cw_first, cw_last, pages, chapters, items, instruction, "order", optional) VALUES (432, 45, 7, 3, 7, 7, 12, 12, NULL, 6, NULL, 132, 1, 0);
INSERT INTO assignment (id, resource, subject, program, grade_first, grade_last, cw_first, cw_last, pages, chapters, items, instruction, "order", optional) VALUES (433, 45, 7, 3, 7, 7, 13, 13, NULL, NULL, NULL, 133, 1, 0);
INSERT INTO assignment (id, resource, subject, program, grade_first, grade_last, cw_first, cw_last, pages, chapters, items, instruction, "order", optional) VALUES (434, 45, 7, 3, 7, 7, 14, 14, NULL, 7, NULL, 130, 1, 0);
INSERT INTO assignment (id, resource, subject, program, grade_first, grade_last, cw_first, cw_last, pages, chapters, items, instruction, "order", optional) VALUES (435, 45, 7, 3, 7, 7, 15, 15, NULL, 7, NULL, 132, 1, 0);
INSERT INTO assignment (id, resource, subject, program, grade_first, grade_last, cw_first, cw_last, pages, chapters, items, instruction, "order", optional) VALUES (436, 45, 7, 3, 7, 7, 16, 16, NULL, 8, NULL, 130, 1, 0);
INSERT INTO assignment (id, resource, subject, program, grade_first, grade_last, cw_first, cw_last, pages, chapters, items, instruction, "order", optional) VALUES (437, 45, 7, 3, 7, 7, 17, 17, NULL, 8, NULL, 132, 1, 0);
INSERT INTO assignment (id, resource, subject, program, grade_first, grade_last, cw_first, cw_last, pages, chapters, items, instruction, "order", optional) VALUES (438, 45, 7, 3, 7, 7, 18, 18, NULL, 9, NULL, 130, 1, 0);
INSERT INTO assignment (id, resource, subject, program, grade_first, grade_last, cw_first, cw_last, pages, chapters, items, instruction, "order", optional) VALUES (439, 45, 7, 3, 7, 7, 19, 19, NULL, 9, NULL, 132, 1, 0);
INSERT INTO assignment (id, resource, subject, program, grade_first, grade_last, cw_first, cw_last, pages, chapters, items, instruction, "order", optional) VALUES (440, 45, 7, 3, 7, 7, 20, 20, NULL, NULL, NULL, 133, 1, 0);
INSERT INTO assignment (id, resource, subject, program, grade_first, grade_last, cw_first, cw_last, pages, chapters, items, instruction, "order", optional) VALUES (441, 45, 7, 3, 7, 7, 21, 21, NULL, 10, NULL, 130, 1, 0);
INSERT INTO assignment (id, resource, subject, program, grade_first, grade_last, cw_first, cw_last, pages, chapters, items, instruction, "order", optional) VALUES (442, 45, 7, 3, 7, 7, 22, 22, NULL, 10, NULL, 132, 1, 0);
INSERT INTO assignment (id, resource, subject, program, grade_first, grade_last, cw_first, cw_last, pages, chapters, items, instruction, "order", optional) VALUES (443, 45, 7, 3, 7, 7, 23, 23, NULL, 11, NULL, 130, 1, 0);
INSERT INTO assignment (id, resource, subject, program, grade_first, grade_last, cw_first, cw_last, pages, chapters, items, instruction, "order", optional) VALUES (444, 45, 7, 3, 7, 7, 25, 25, NULL, 11, NULL, 132, 1, 0);
INSERT INTO assignment (id, resource, subject, program, grade_first, grade_last, cw_first, cw_last, pages, chapters, items, instruction, "order", optional) VALUES (445, 45, 7, 3, 7, 7, 26, 26, NULL, 12, NULL, 130, 1, 0);
INSERT INTO assignment (id, resource, subject, program, grade_first, grade_last, cw_first, cw_last, pages, chapters, items, instruction, "order", optional) VALUES (446, 45, 7, 3, 7, 7, 28, 28, NULL, 12, NULL, 132, 1, 0);
INSERT INTO assignment (id, resource, subject, program, grade_first, grade_last, cw_first, cw_last, pages, chapters, items, instruction, "order", optional) VALUES (447, 45, 7, 3, 7, 7, 28, 28, NULL, NULL, NULL, 133, 1, 0);
INSERT INTO assignment (id, resource, subject, program, grade_first, grade_last, cw_first, cw_last, pages, chapters, items, instruction, "order", optional) VALUES (448, 45, 7, 3, 8, 9, 197, 197, '174-177', NULL, NULL, 136, 1, 0);
INSERT INTO assignment (id, resource, subject, program, grade_first, grade_last, cw_first, cw_last, pages, chapters, items, instruction, "order", optional) VALUES (449, 46, 7, 3, 8, 9, 1, 1, NULL, 13, NULL, 130, 2, 0);
INSERT INTO assignment (id, resource, subject, program, grade_first, grade_last, cw_first, cw_last, pages, chapters, items, instruction, "order", optional) VALUES (451, 46, 7, 3, 8, 9, 2, 2, NULL, 13, NULL, 139, 2, 0);
INSERT INTO assignment (id, resource, subject, program, grade_first, grade_last, cw_first, cw_last, pages, chapters, items, instruction, "order", optional) VALUES (452, 46, 7, 3, 8, 9, 3, 3, NULL, 13, NULL, 139, 3, 0);
INSERT INTO assignment (id, resource, subject, program, grade_first, grade_last, cw_first, cw_last, pages, chapters, items, instruction, "order", optional) VALUES (453, 46, 7, 3, 8, 9, 5, 5, NULL, 14, NULL, 130, 1, 0);
INSERT INTO assignment (id, resource, subject, program, grade_first, grade_last, cw_first, cw_last, pages, chapters, items, instruction, "order", optional) VALUES (454, 46, 7, 3, 8, 9, 6, 6, NULL, 14, NULL, 139, 1, 0);
INSERT INTO assignment (id, resource, subject, program, grade_first, grade_last, cw_first, cw_last, pages, chapters, items, instruction, "order", optional) VALUES (455, 46, 7, 3, 8, 9, 7, 7, NULL, 14, NULL, 132, 1, 0);
INSERT INTO assignment (id, resource, subject, program, grade_first, grade_last, cw_first, cw_last, pages, chapters, items, instruction, "order", optional) VALUES (456, 46, 7, 3, 8, 9, 8, 8, NULL, NULL, NULL, 133, 1, 0);
INSERT INTO assignment (id, resource, subject, program, grade_first, grade_last, cw_first, cw_last, pages, chapters, items, instruction, "order", optional) VALUES (457, 46, 7, 3, 8, 9, 9, 9, NULL, 15, NULL, 130, 1, 0);
INSERT INTO assignment (id, resource, subject, program, grade_first, grade_last, cw_first, cw_last, pages, chapters, items, instruction, "order", optional) VALUES (458, 46, 7, 3, 8, 9, 10, 10, NULL, 15, NULL, 139, 1, 0);
INSERT INTO assignment (id, resource, subject, program, grade_first, grade_last, cw_first, cw_last, pages, chapters, items, instruction, "order", optional) VALUES (459, 46, 7, 3, 8, 9, 11, 11, NULL, 15, NULL, 132, 1, 0);
INSERT INTO assignment (id, resource, subject, program, grade_first, grade_last, cw_first, cw_last, pages, chapters, items, instruction, "order", optional) VALUES (460, 45, 7, 3, 8, 9, 197, 197, NULL, NULL, NULL, 137, 2, 0);
INSERT INTO assignment (id, resource, subject, program, grade_first, grade_last, cw_first, cw_last, pages, chapters, items, instruction, "order", optional) VALUES (461, 45, 7, 3, 8, 9, 197, 197, NULL, NULL, NULL, 138, 3, 0);
INSERT INTO assignment (id, resource, subject, program, grade_first, grade_last, cw_first, cw_last, pages, chapters, items, instruction, "order", optional) VALUES (462, 46, 7, 3, 8, 9, 12, 12, NULL, 16, NULL, 130, 1, 0);
INSERT INTO assignment (id, resource, subject, program, grade_first, grade_last, cw_first, cw_last, pages, chapters, items, instruction, "order", optional) VALUES (463, 46, 7, 3, 8, 9, 13, 13, NULL, 16, NULL, 139, 1, 0);
INSERT INTO assignment (id, resource, subject, program, grade_first, grade_last, cw_first, cw_last, pages, chapters, items, instruction, "order", optional) VALUES (464, 46, 7, 3, 8, 9, 14, 14, NULL, 16, NULL, 132, 1, 0);
INSERT INTO assignment (id, resource, subject, program, grade_first, grade_last, cw_first, cw_last, pages, chapters, items, instruction, "order", optional) VALUES (465, 46, 7, 3, 8, 9, 15, 15, NULL, NULL, NULL, 133, 1, 0);
INSERT INTO assignment (id, resource, subject, program, grade_first, grade_last, cw_first, cw_last, pages, chapters, items, instruction, "order", optional) VALUES (466, 46, 7, 3, 8, 9, 16, 16, NULL, 17, NULL, 130, 1, 0);
INSERT INTO assignment (id, resource, subject, program, grade_first, grade_last, cw_first, cw_last, pages, chapters, items, instruction, "order", optional) VALUES (468, 46, 7, 3, 8, 9, 17, 17, NULL, 17, NULL, 132, 1, 0);
INSERT INTO assignment (id, resource, subject, program, grade_first, grade_last, cw_first, cw_last, pages, chapters, items, instruction, "order", optional) VALUES (469, 46, 7, 3, 8, 9, 18, 18, NULL, 18, NULL, 130, 1, 0);
INSERT INTO assignment (id, resource, subject, program, grade_first, grade_last, cw_first, cw_last, pages, chapters, items, instruction, "order", optional) VALUES (470, 46, 7, 3, 8, 9, 19, 19, NULL, 18, NULL, 139, 1, 0);
INSERT INTO assignment (id, resource, subject, program, grade_first, grade_last, cw_first, cw_last, pages, chapters, items, instruction, "order", optional) VALUES (471, 46, 7, 3, 8, 9, 20, 20, NULL, 18, NULL, 132, 1, 0);
INSERT INTO assignment (id, resource, subject, program, grade_first, grade_last, cw_first, cw_last, pages, chapters, items, instruction, "order", optional) VALUES (472, 45, 7, 3, 8, 9, 1, 1, NULL, NULL, NULL, 133, 1, 0);
INSERT INTO assignment (id, resource, subject, program, grade_first, grade_last, cw_first, cw_last, pages, chapters, items, instruction, "order", optional) VALUES (473, 45, 7, 3, 8, 9, 2, 2, NULL, NULL, NULL, 133, 1, 0);
INSERT INTO assignment (id, resource, subject, program, grade_first, grade_last, cw_first, cw_last, pages, chapters, items, instruction, "order", optional) VALUES (474, 45, 7, 3, 8, 9, 3, 3, NULL, NULL, NULL, 133, 1, 0);
INSERT INTO assignment (id, resource, subject, program, grade_first, grade_last, cw_first, cw_last, pages, chapters, items, instruction, "order", optional) VALUES (475, 46, 7, 3, 8, 9, 22, 22, NULL, 19, NULL, 130, 1, 0);
INSERT INTO assignment (id, resource, subject, program, grade_first, grade_last, cw_first, cw_last, pages, chapters, items, instruction, "order", optional) VALUES (476, 46, 7, 3, 8, 9, 23, 23, NULL, 19, NULL, 139, 1, 0);
INSERT INTO assignment (id, resource, subject, program, grade_first, grade_last, cw_first, cw_last, pages, chapters, items, instruction, "order", optional) VALUES (477, 46, 7, 3, 8, 9, 24, 24, NULL, 19, NULL, 132, 1, 0);
INSERT INTO assignment (id, resource, subject, program, grade_first, grade_last, cw_first, cw_last, pages, chapters, items, instruction, "order", optional) VALUES (478, 46, 7, 3, 8, 9, 21, 21, NULL, NULL, NULL, 133, 1, 0);
INSERT INTO assignment (id, resource, subject, program, grade_first, grade_last, cw_first, cw_last, pages, chapters, items, instruction, "order", optional) VALUES (479, 46, 7, 3, 8, 9, 25, 25, NULL, 20, NULL, 130, 1, 0);
INSERT INTO assignment (id, resource, subject, program, grade_first, grade_last, cw_first, cw_last, pages, chapters, items, instruction, "order", optional) VALUES (480, 46, 7, 3, 8, 9, 26, 26, NULL, 20, NULL, 139, 1, 0);
INSERT INTO assignment (id, resource, subject, program, grade_first, grade_last, cw_first, cw_last, pages, chapters, items, instruction, "order", optional) VALUES (481, 46, 7, 3, 8, 9, 27, 27, NULL, 20, NULL, 132, 1, 0);
INSERT INTO assignment (id, resource, subject, program, grade_first, grade_last, cw_first, cw_last, pages, chapters, items, instruction, "order", optional) VALUES (482, 46, 7, 3, 8, 9, 28, 28, NULL, NULL, NULL, 133, 1, 0);
INSERT INTO assignment (id, resource, subject, program, grade_first, grade_last, cw_first, cw_last, pages, chapters, items, instruction, "order", optional) VALUES (483, 29, 5, 3, NULL, NULL, 11, 11, NULL, 8, NULL, 72, 1, 0);
INSERT INTO assignment (id, resource, subject, program, grade_first, grade_last, cw_first, cw_last, pages, chapters, items, instruction, "order", optional) VALUES (484, 29, 5, 3, NULL, NULL, 11, 11, NULL, NULL, 8.2, 79, 2, 0);
INSERT INTO assignment (id, resource, subject, program, grade_first, grade_last, cw_first, cw_last, pages, chapters, items, instruction, "order", optional) VALUES (485, 29, 5, 3, NULL, NULL, 11, 11, NULL, NULL, '8.1-8.10', 74, 3, 0);
INSERT INTO assignment (id, resource, subject, program, grade_first, grade_last, cw_first, cw_last, pages, chapters, items, instruction, "order", optional) VALUES (486, 29, 5, 3, NULL, NULL, 11, 11, NULL, 8, NULL, 75, 4, 0);
INSERT INTO assignment (id, resource, subject, program, grade_first, grade_last, cw_first, cw_last, pages, chapters, items, instruction, "order", optional) VALUES (487, 45, 7, 3, 8, 9, 4, 4, NULL, NULL, NULL, 133, 1, 0);
INSERT INTO assignment (id, resource, subject, program, grade_first, grade_last, cw_first, cw_last, pages, chapters, items, instruction, "order", optional) VALUES (488, 46, 7, 3, 8, 9, 4, 4, NULL, 13, NULL, 132, 3, 0);
INSERT INTO assignment (id, resource, subject, program, grade_first, grade_last, cw_first, cw_last, pages, chapters, items, instruction, "order", optional) VALUES (489, 45, 7, 3, 7, 7, 29, 29, NULL, 1, NULL, 140, 3, 0);
INSERT INTO assignment (id, resource, subject, program, grade_first, grade_last, cw_first, cw_last, pages, chapters, items, instruction, "order", optional) VALUES (490, 45, 7, 3, 7, 7, 29, 29, NULL, 1, NULL, 141, 4, 0);
INSERT INTO assignment (id, resource, subject, program, grade_first, grade_last, cw_first, cw_last, pages, chapters, items, instruction, "order", optional) VALUES (491, 45, 7, 3, 7, 7, 29, 29, NULL, 1, NULL, 142, 5, 0);
INSERT INTO assignment (id, resource, subject, program, grade_first, grade_last, cw_first, cw_last, pages, chapters, items, instruction, "order", optional) VALUES (492, 45, 7, 3, 7, 7, 29, 29, NULL, 1, NULL, 143, 6, 0);
INSERT INTO assignment (id, resource, subject, program, grade_first, grade_last, cw_first, cw_last, pages, chapters, items, instruction, "order", optional) VALUES (493, 45, 7, 3, 7, 7, 27, 27, NULL, 12, NULL, 139, 1, 0);
INSERT INTO assignment (id, resource, subject, program, grade_first, grade_last, cw_first, cw_last, pages, chapters, items, instruction, "order", optional) VALUES (494, 45, 7, 3, 7, 9, 197, 28, NULL, NULL, NULL, 144, 20, 0);
INSERT INTO assignment (id, resource, subject, program, grade_first, grade_last, cw_first, cw_last, pages, chapters, items, instruction, "order", optional) VALUES (495, 29, 5, 3, NULL, NULL, 9, 9, NULL, NULL, NULL, 145, 10, 1);

-- Table: child_guardian
DROP TABLE IF EXISTS child_guardian;
CREATE TABLE child_guardian (id INTEGER PRIMARY KEY AUTOINCREMENT, child INTEGER REFERENCES person (id) ON DELETE CASCADE ON UPDATE CASCADE, guardian INTEGER REFERENCES person (id) ON DELETE CASCADE ON UPDATE CASCADE, note STRING);
INSERT INTO child_guardian (id, child, guardian, note) VALUES (1, 1, 7, NULL);
INSERT INTO child_guardian (id, child, guardian, note) VALUES (2, 1, 8, NULL);
INSERT INTO child_guardian (id, child, guardian, note) VALUES (3, 2, 7, NULL);
INSERT INTO child_guardian (id, child, guardian, note) VALUES (4, 2, 8, NULL);
INSERT INTO child_guardian (id, child, guardian, note) VALUES (5, 3, 7, NULL);
INSERT INTO child_guardian (id, child, guardian, note) VALUES (6, 3, 8, NULL);
INSERT INTO child_guardian (id, child, guardian, note) VALUES (7, 13, 11, NULL);
INSERT INTO child_guardian (id, child, guardian, note) VALUES (8, 14, 11, NULL);
INSERT INTO child_guardian (id, child, guardian, note) VALUES (9, 15, 11, NULL);
INSERT INTO child_guardian (id, child, guardian, note) VALUES (10, 13, 12, NULL);
INSERT INTO child_guardian (id, child, guardian, note) VALUES (11, 14, 12, NULL);
INSERT INTO child_guardian (id, child, guardian, note) VALUES (12, 15, 12, NULL);
INSERT INTO child_guardian (id, child, guardian, note) VALUES (13, 18, 16, NULL);
INSERT INTO child_guardian (id, child, guardian, note) VALUES (14, 19, 16, NULL);
INSERT INTO child_guardian (id, child, guardian, note) VALUES (15, 18, 17, NULL);
INSERT INTO child_guardian (id, child, guardian, note) VALUES (16, 19, 17, NULL);
INSERT INTO child_guardian (id, child, guardian, note) VALUES (17, 22, 20, NULL);
INSERT INTO child_guardian (id, child, guardian, note) VALUES (18, 23, 20, NULL);
INSERT INTO child_guardian (id, child, guardian, note) VALUES (19, 22, 21, NULL);
INSERT INTO child_guardian (id, child, guardian, note) VALUES (20, 23, 21, NULL);
INSERT INTO child_guardian (id, child, guardian, note) VALUES (21, 26, 24, NULL);
INSERT INTO child_guardian (id, child, guardian, note) VALUES (22, 26, 25, NULL);
INSERT INTO child_guardian (id, child, guardian, note) VALUES (23, 27, 24, NULL);
INSERT INTO child_guardian (id, child, guardian, note) VALUES (24, 27, 25, NULL);
INSERT INTO child_guardian (id, child, guardian, note) VALUES (25, 30, 28, NULL);
INSERT INTO child_guardian (id, child, guardian, note) VALUES (26, 30, 29, NULL);
INSERT INTO child_guardian (id, child, guardian, note) VALUES (27, 31, 28, NULL);
INSERT INTO child_guardian (id, child, guardian, note) VALUES (28, 31, 29, NULL);
INSERT INTO child_guardian (id, child, guardian, note) VALUES (29, 32, 28, NULL);
INSERT INTO child_guardian (id, child, guardian, note) VALUES (30, 32, 29, NULL);
INSERT INTO child_guardian (id, child, guardian, note) VALUES (31, 33, 28, NULL);
INSERT INTO child_guardian (id, child, guardian, note) VALUES (32, 33, 29, NULL);
INSERT INTO child_guardian (id, child, guardian, note) VALUES (33, 36, 34, NULL);
INSERT INTO child_guardian (id, child, guardian, note) VALUES (34, 36, 35, NULL);
INSERT INTO child_guardian (id, child, guardian, note) VALUES (35, 37, 34, NULL);
INSERT INTO child_guardian (id, child, guardian, note) VALUES (36, 37, 35, NULL);
INSERT INTO child_guardian (id, child, guardian, note) VALUES (37, 38, 34, NULL);
INSERT INTO child_guardian (id, child, guardian, note) VALUES (38, 38, 35, NULL);
INSERT INTO child_guardian (id, child, guardian, note) VALUES (39, 41, 39, NULL);
INSERT INTO child_guardian (id, child, guardian, note) VALUES (40, 41, 40, NULL);
INSERT INTO child_guardian (id, child, guardian, note) VALUES (41, 42, 39, NULL);
INSERT INTO child_guardian (id, child, guardian, note) VALUES (42, 42, 40, NULL);
INSERT INTO child_guardian (id, child, guardian, note) VALUES (43, 43, 39, NULL);
INSERT INTO child_guardian (id, child, guardian, note) VALUES (44, 43, 40, NULL);
INSERT INTO child_guardian (id, child, guardian, note) VALUES (45, 44, 39, NULL);
INSERT INTO child_guardian (id, child, guardian, note) VALUES (46, 44, 40, NULL);
INSERT INTO child_guardian (id, child, guardian, note) VALUES (47, 47, 45, NULL);
INSERT INTO child_guardian (id, child, guardian, note) VALUES (48, 47, 46, NULL);
INSERT INTO child_guardian (id, child, guardian, note) VALUES (49, 48, 45, NULL);
INSERT INTO child_guardian (id, child, guardian, note) VALUES (50, 48, 46, NULL);
INSERT INTO child_guardian (id, child, guardian, note) VALUES (51, 49, 45, NULL);
INSERT INTO child_guardian (id, child, guardian, note) VALUES (52, 49, 46, NULL);
INSERT INTO child_guardian (id, child, guardian, note) VALUES (53, 52, 50, NULL);
INSERT INTO child_guardian (id, child, guardian, note) VALUES (54, 52, 51, NULL);
INSERT INTO child_guardian (id, child, guardian, note) VALUES (55, 53, 50, NULL);
INSERT INTO child_guardian (id, child, guardian, note) VALUES (56, 53, 51, NULL);
INSERT INTO child_guardian (id, child, guardian, note) VALUES (57, 60, 54, NULL);
INSERT INTO child_guardian (id, child, guardian, note) VALUES (58, 60, 55, NULL);
INSERT INTO child_guardian (id, child, guardian, note) VALUES (59, 61, 54, NULL);
INSERT INTO child_guardian (id, child, guardian, note) VALUES (60, 61, 55, NULL);
INSERT INTO child_guardian (id, child, guardian, note) VALUES (61, 62, 54, NULL);
INSERT INTO child_guardian (id, child, guardian, note) VALUES (62, 62, 55, NULL);
INSERT INTO child_guardian (id, child, guardian, note) VALUES (63, 63, 54, NULL);
INSERT INTO child_guardian (id, child, guardian, note) VALUES (64, 63, 55, NULL);
INSERT INTO child_guardian (id, child, guardian, note) VALUES (65, 64, 54, NULL);
INSERT INTO child_guardian (id, child, guardian, note) VALUES (66, 64, 55, NULL);
INSERT INTO child_guardian (id, child, guardian, note) VALUES (67, 4, 9, NULL);
INSERT INTO child_guardian (id, child, guardian, note) VALUES (68, 4, 10, NULL);
INSERT INTO child_guardian (id, child, guardian, note) VALUES (69, 5, 9, NULL);
INSERT INTO child_guardian (id, child, guardian, note) VALUES (70, 5, 10, NULL);
INSERT INTO child_guardian (id, child, guardian, note) VALUES (71, 6, 9, NULL);
INSERT INTO child_guardian (id, child, guardian, note) VALUES (72, 6, 10, NULL);
INSERT INTO child_guardian (id, child, guardian, note) VALUES (73, 65, 58, NULL);
INSERT INTO child_guardian (id, child, guardian, note) VALUES (74, 65, 59, NULL);
INSERT INTO child_guardian (id, child, guardian, note) VALUES (75, 66, 58, NULL);
INSERT INTO child_guardian (id, child, guardian, note) VALUES (76, 66, 59, NULL);
INSERT INTO child_guardian (id, child, guardian, note) VALUES (77, 67, 58, NULL);
INSERT INTO child_guardian (id, child, guardian, note) VALUES (78, 67, 59, NULL);
INSERT INTO child_guardian (id, child, guardian, note) VALUES (79, 68, 56, NULL);
INSERT INTO child_guardian (id, child, guardian, note) VALUES (80, 68, 57, NULL);
INSERT INTO child_guardian (id, child, guardian, note) VALUES (81, 69, 56, NULL);
INSERT INTO child_guardian (id, child, guardian, note) VALUES (82, 69, 57, NULL);
INSERT INTO child_guardian (id, child, guardian, note) VALUES (83, 70, 56, NULL);
INSERT INTO child_guardian (id, child, guardian, note) VALUES (84, 70, 57, NULL);
INSERT INTO child_guardian (id, child, guardian, note) VALUES (85, 73, 72, NULL);
INSERT INTO child_guardian (id, child, guardian, note) VALUES (86, 73, 74, NULL);

-- Table: context
DROP TABLE IF EXISTS context;
CREATE TABLE context (id INTEGER PRIMARY KEY AUTOINCREMENT, name STRING UNIQUE);
INSERT INTO context (id, name) VALUES (1, 'Grammar');
INSERT INTO context (id, name) VALUES (2, '4th-6th');
INSERT INTO context (id, name) VALUES (3, '7th-9th');
INSERT INTO context (id, name) VALUES (4, '10th-12th');
INSERT INTO context (id, name) VALUES (5, 'All');

-- Table: cost
DROP TABLE IF EXISTS cost;
CREATE TABLE cost (id INTEGER PRIMARY KEY AUTOINCREMENT, academic_year INTEGER REFERENCES academic_year (id) ON DELETE CASCADE ON UPDATE CASCADE, name STRING, amount INTEGER, due STRING, program INTEGER REFERENCES program (id) ON DELETE CASCADE ON UPDATE CASCADE, per_student INTEGER);
INSERT INTO cost (id, academic_year, name, amount, due, program, per_student) VALUES (1, 1, 'registration', 5000, 'June 5', NULL, NULL);
INSERT INTO cost (id, academic_year, name, amount, due, program, per_student) VALUES (2, 1, 'supply fee', 3500, NULL, 1, 1);
INSERT INTO cost (id, academic_year, name, amount, due, program, per_student) VALUES (3, 1, 'supply fee', 3500, NULL, 2, 1);
INSERT INTO cost (id, academic_year, name, amount, due, program, per_student) VALUES (4, 1, 'supply fee', 5000, NULL, 3, 1);
INSERT INTO cost (id, academic_year, name, amount, due, program, per_student) VALUES (5, 1, 'supply fee', 5000, NULL, 4, 1);
INSERT INTO cost (id, academic_year, name, amount, due, program, per_student) VALUES (6, 1, 'facility fee', 3500, NULL, NULL, 1);
INSERT INTO cost (id, academic_year, name, amount, due, program, per_student) VALUES (7, 1, 'tuition', 25000, NULL, 1, 1);
INSERT INTO cost (id, academic_year, name, amount, due, program, per_student) VALUES (8, 1, 'tuition', 20000, NULL, 2, 1);
INSERT INTO cost (id, academic_year, name, amount, due, program, per_student) VALUES (9, 1, 'tuition', 75000, NULL, 3, 1);
INSERT INTO cost (id, academic_year, name, amount, due, program, per_student) VALUES (10, 1, 'training fund', 10000, NULL, 3, 1);

-- Table: cycle
DROP TABLE IF EXISTS cycle;
CREATE TABLE cycle (id INTEGER PRIMARY KEY AUTOINCREMENT, name STRING, description STRING);
INSERT INTO cycle (id, name, description) VALUES (1, 'C-1', 'AAA (Africa, Asia, Australia)');
INSERT INTO cycle (id, name, description) VALUES (2, 'C-2', 'Europe');
INSERT INTO cycle (id, name, description) VALUES (3, 'C-3', 'Americas (North & South America), Antarctica');
INSERT INTO cycle (id, name, description) VALUES (4, 'All', 'World');

-- Table: cycle_week
DROP TABLE IF EXISTS cycle_week;
CREATE TABLE cycle_week (id INTEGER PRIMARY KEY AUTOINCREMENT, cycle INTEGER REFERENCES cycle (id) ON DELETE CASCADE ON UPDATE CASCADE, week INTEGER NOT NULL CHECK (week >= 0 and week < 29), level INTEGER NOT NULL DEFAULT (1), UNIQUE (cycle, week, level));
INSERT INTO cycle_week (id, cycle, week, level) VALUES (1, 1, 1, 1);
INSERT INTO cycle_week (id, cycle, week, level) VALUES (2, 1, 2, 1);
INSERT INTO cycle_week (id, cycle, week, level) VALUES (3, 1, 3, 1);
INSERT INTO cycle_week (id, cycle, week, level) VALUES (4, 1, 4, 1);
INSERT INTO cycle_week (id, cycle, week, level) VALUES (5, 1, 5, 1);
INSERT INTO cycle_week (id, cycle, week, level) VALUES (6, 1, 6, 1);
INSERT INTO cycle_week (id, cycle, week, level) VALUES (7, 1, 7, 1);
INSERT INTO cycle_week (id, cycle, week, level) VALUES (8, 1, 8, 1);
INSERT INTO cycle_week (id, cycle, week, level) VALUES (9, 1, 9, 1);
INSERT INTO cycle_week (id, cycle, week, level) VALUES (10, 1, 10, 1);
INSERT INTO cycle_week (id, cycle, week, level) VALUES (11, 1, 11, 1);
INSERT INTO cycle_week (id, cycle, week, level) VALUES (12, 1, 12, 1);
INSERT INTO cycle_week (id, cycle, week, level) VALUES (13, 1, 13, 1);
INSERT INTO cycle_week (id, cycle, week, level) VALUES (14, 1, 14, 1);
INSERT INTO cycle_week (id, cycle, week, level) VALUES (15, 1, 15, 1);
INSERT INTO cycle_week (id, cycle, week, level) VALUES (16, 1, 16, 1);
INSERT INTO cycle_week (id, cycle, week, level) VALUES (17, 1, 17, 1);
INSERT INTO cycle_week (id, cycle, week, level) VALUES (18, 1, 18, 1);
INSERT INTO cycle_week (id, cycle, week, level) VALUES (19, 1, 19, 1);
INSERT INTO cycle_week (id, cycle, week, level) VALUES (20, 1, 20, 1);
INSERT INTO cycle_week (id, cycle, week, level) VALUES (21, 1, 21, 1);
INSERT INTO cycle_week (id, cycle, week, level) VALUES (22, 1, 22, 1);
INSERT INTO cycle_week (id, cycle, week, level) VALUES (23, 1, 23, 1);
INSERT INTO cycle_week (id, cycle, week, level) VALUES (24, 1, 24, 1);
INSERT INTO cycle_week (id, cycle, week, level) VALUES (25, 1, 25, 1);
INSERT INTO cycle_week (id, cycle, week, level) VALUES (26, 1, 26, 1);
INSERT INTO cycle_week (id, cycle, week, level) VALUES (27, 1, 27, 1);
INSERT INTO cycle_week (id, cycle, week, level) VALUES (28, 1, 28, 1);
INSERT INTO cycle_week (id, cycle, week, level) VALUES (29, 2, 1, 1);
INSERT INTO cycle_week (id, cycle, week, level) VALUES (30, 2, 2, 1);
INSERT INTO cycle_week (id, cycle, week, level) VALUES (31, 2, 3, 1);
INSERT INTO cycle_week (id, cycle, week, level) VALUES (32, 2, 4, 1);
INSERT INTO cycle_week (id, cycle, week, level) VALUES (33, 2, 5, 1);
INSERT INTO cycle_week (id, cycle, week, level) VALUES (34, 2, 6, 1);
INSERT INTO cycle_week (id, cycle, week, level) VALUES (35, 2, 7, 1);
INSERT INTO cycle_week (id, cycle, week, level) VALUES (36, 2, 8, 1);
INSERT INTO cycle_week (id, cycle, week, level) VALUES (37, 2, 9, 1);
INSERT INTO cycle_week (id, cycle, week, level) VALUES (38, 2, 10, 1);
INSERT INTO cycle_week (id, cycle, week, level) VALUES (39, 2, 11, 1);
INSERT INTO cycle_week (id, cycle, week, level) VALUES (40, 2, 12, 1);
INSERT INTO cycle_week (id, cycle, week, level) VALUES (41, 2, 13, 1);
INSERT INTO cycle_week (id, cycle, week, level) VALUES (42, 2, 14, 1);
INSERT INTO cycle_week (id, cycle, week, level) VALUES (43, 2, 15, 1);
INSERT INTO cycle_week (id, cycle, week, level) VALUES (44, 2, 16, 1);
INSERT INTO cycle_week (id, cycle, week, level) VALUES (45, 2, 17, 1);
INSERT INTO cycle_week (id, cycle, week, level) VALUES (46, 2, 18, 1);
INSERT INTO cycle_week (id, cycle, week, level) VALUES (47, 2, 19, 1);
INSERT INTO cycle_week (id, cycle, week, level) VALUES (48, 2, 20, 1);
INSERT INTO cycle_week (id, cycle, week, level) VALUES (49, 2, 21, 1);
INSERT INTO cycle_week (id, cycle, week, level) VALUES (50, 2, 22, 1);
INSERT INTO cycle_week (id, cycle, week, level) VALUES (51, 2, 23, 1);
INSERT INTO cycle_week (id, cycle, week, level) VALUES (52, 2, 24, 1);
INSERT INTO cycle_week (id, cycle, week, level) VALUES (53, 2, 25, 1);
INSERT INTO cycle_week (id, cycle, week, level) VALUES (54, 2, 26, 1);
INSERT INTO cycle_week (id, cycle, week, level) VALUES (55, 2, 27, 1);
INSERT INTO cycle_week (id, cycle, week, level) VALUES (56, 2, 28, 1);
INSERT INTO cycle_week (id, cycle, week, level) VALUES (57, 3, 1, 1);
INSERT INTO cycle_week (id, cycle, week, level) VALUES (58, 3, 2, 1);
INSERT INTO cycle_week (id, cycle, week, level) VALUES (59, 3, 3, 1);
INSERT INTO cycle_week (id, cycle, week, level) VALUES (60, 3, 4, 1);
INSERT INTO cycle_week (id, cycle, week, level) VALUES (61, 3, 5, 1);
INSERT INTO cycle_week (id, cycle, week, level) VALUES (62, 3, 6, 1);
INSERT INTO cycle_week (id, cycle, week, level) VALUES (63, 3, 7, 1);
INSERT INTO cycle_week (id, cycle, week, level) VALUES (64, 3, 8, 1);
INSERT INTO cycle_week (id, cycle, week, level) VALUES (65, 3, 9, 1);
INSERT INTO cycle_week (id, cycle, week, level) VALUES (66, 3, 10, 1);
INSERT INTO cycle_week (id, cycle, week, level) VALUES (67, 3, 11, 1);
INSERT INTO cycle_week (id, cycle, week, level) VALUES (68, 3, 12, 1);
INSERT INTO cycle_week (id, cycle, week, level) VALUES (69, 3, 13, 1);
INSERT INTO cycle_week (id, cycle, week, level) VALUES (70, 3, 14, 1);
INSERT INTO cycle_week (id, cycle, week, level) VALUES (71, 3, 15, 1);
INSERT INTO cycle_week (id, cycle, week, level) VALUES (72, 3, 16, 1);
INSERT INTO cycle_week (id, cycle, week, level) VALUES (73, 3, 17, 1);
INSERT INTO cycle_week (id, cycle, week, level) VALUES (74, 3, 18, 1);
INSERT INTO cycle_week (id, cycle, week, level) VALUES (75, 3, 19, 1);
INSERT INTO cycle_week (id, cycle, week, level) VALUES (76, 3, 20, 1);
INSERT INTO cycle_week (id, cycle, week, level) VALUES (77, 3, 21, 1);
INSERT INTO cycle_week (id, cycle, week, level) VALUES (78, 3, 22, 1);
INSERT INTO cycle_week (id, cycle, week, level) VALUES (79, 3, 23, 1);
INSERT INTO cycle_week (id, cycle, week, level) VALUES (80, 3, 24, 1);
INSERT INTO cycle_week (id, cycle, week, level) VALUES (81, 3, 25, 1);
INSERT INTO cycle_week (id, cycle, week, level) VALUES (82, 3, 26, 1);
INSERT INTO cycle_week (id, cycle, week, level) VALUES (83, 3, 27, 1);
INSERT INTO cycle_week (id, cycle, week, level) VALUES (84, 3, 28, 1);
INSERT INTO cycle_week (id, cycle, week, level) VALUES (85, 1, 1, 2);
INSERT INTO cycle_week (id, cycle, week, level) VALUES (86, 1, 2, 2);
INSERT INTO cycle_week (id, cycle, week, level) VALUES (87, 1, 3, 2);
INSERT INTO cycle_week (id, cycle, week, level) VALUES (88, 1, 4, 2);
INSERT INTO cycle_week (id, cycle, week, level) VALUES (89, 1, 5, 2);
INSERT INTO cycle_week (id, cycle, week, level) VALUES (90, 1, 6, 2);
INSERT INTO cycle_week (id, cycle, week, level) VALUES (91, 1, 7, 2);
INSERT INTO cycle_week (id, cycle, week, level) VALUES (92, 1, 8, 2);
INSERT INTO cycle_week (id, cycle, week, level) VALUES (93, 1, 9, 2);
INSERT INTO cycle_week (id, cycle, week, level) VALUES (94, 1, 10, 2);
INSERT INTO cycle_week (id, cycle, week, level) VALUES (95, 1, 11, 2);
INSERT INTO cycle_week (id, cycle, week, level) VALUES (96, 1, 12, 2);
INSERT INTO cycle_week (id, cycle, week, level) VALUES (97, 1, 13, 2);
INSERT INTO cycle_week (id, cycle, week, level) VALUES (98, 1, 14, 2);
INSERT INTO cycle_week (id, cycle, week, level) VALUES (99, 1, 15, 2);
INSERT INTO cycle_week (id, cycle, week, level) VALUES (100, 1, 16, 2);
INSERT INTO cycle_week (id, cycle, week, level) VALUES (101, 1, 17, 2);
INSERT INTO cycle_week (id, cycle, week, level) VALUES (102, 1, 18, 2);
INSERT INTO cycle_week (id, cycle, week, level) VALUES (103, 1, 19, 2);
INSERT INTO cycle_week (id, cycle, week, level) VALUES (104, 1, 20, 2);
INSERT INTO cycle_week (id, cycle, week, level) VALUES (105, 1, 21, 2);
INSERT INTO cycle_week (id, cycle, week, level) VALUES (106, 1, 22, 2);
INSERT INTO cycle_week (id, cycle, week, level) VALUES (107, 1, 23, 2);
INSERT INTO cycle_week (id, cycle, week, level) VALUES (108, 1, 24, 2);
INSERT INTO cycle_week (id, cycle, week, level) VALUES (109, 1, 25, 2);
INSERT INTO cycle_week (id, cycle, week, level) VALUES (110, 1, 26, 2);
INSERT INTO cycle_week (id, cycle, week, level) VALUES (111, 1, 27, 2);
INSERT INTO cycle_week (id, cycle, week, level) VALUES (112, 1, 28, 2);
INSERT INTO cycle_week (id, cycle, week, level) VALUES (113, 2, 1, 2);
INSERT INTO cycle_week (id, cycle, week, level) VALUES (114, 2, 2, 2);
INSERT INTO cycle_week (id, cycle, week, level) VALUES (115, 2, 3, 2);
INSERT INTO cycle_week (id, cycle, week, level) VALUES (116, 2, 4, 2);
INSERT INTO cycle_week (id, cycle, week, level) VALUES (117, 2, 5, 2);
INSERT INTO cycle_week (id, cycle, week, level) VALUES (118, 2, 6, 2);
INSERT INTO cycle_week (id, cycle, week, level) VALUES (119, 2, 7, 2);
INSERT INTO cycle_week (id, cycle, week, level) VALUES (120, 2, 8, 2);
INSERT INTO cycle_week (id, cycle, week, level) VALUES (121, 2, 9, 2);
INSERT INTO cycle_week (id, cycle, week, level) VALUES (122, 2, 10, 2);
INSERT INTO cycle_week (id, cycle, week, level) VALUES (123, 2, 11, 2);
INSERT INTO cycle_week (id, cycle, week, level) VALUES (124, 2, 12, 2);
INSERT INTO cycle_week (id, cycle, week, level) VALUES (125, 2, 13, 2);
INSERT INTO cycle_week (id, cycle, week, level) VALUES (126, 2, 14, 2);
INSERT INTO cycle_week (id, cycle, week, level) VALUES (127, 2, 15, 2);
INSERT INTO cycle_week (id, cycle, week, level) VALUES (128, 2, 16, 2);
INSERT INTO cycle_week (id, cycle, week, level) VALUES (129, 2, 17, 2);
INSERT INTO cycle_week (id, cycle, week, level) VALUES (130, 2, 18, 2);
INSERT INTO cycle_week (id, cycle, week, level) VALUES (131, 2, 19, 2);
INSERT INTO cycle_week (id, cycle, week, level) VALUES (132, 2, 20, 2);
INSERT INTO cycle_week (id, cycle, week, level) VALUES (133, 2, 21, 2);
INSERT INTO cycle_week (id, cycle, week, level) VALUES (134, 2, 22, 2);
INSERT INTO cycle_week (id, cycle, week, level) VALUES (135, 2, 23, 2);
INSERT INTO cycle_week (id, cycle, week, level) VALUES (136, 2, 24, 2);
INSERT INTO cycle_week (id, cycle, week, level) VALUES (137, 2, 25, 2);
INSERT INTO cycle_week (id, cycle, week, level) VALUES (138, 2, 26, 2);
INSERT INTO cycle_week (id, cycle, week, level) VALUES (139, 2, 27, 2);
INSERT INTO cycle_week (id, cycle, week, level) VALUES (140, 2, 28, 2);
INSERT INTO cycle_week (id, cycle, week, level) VALUES (141, 3, 1, 2);
INSERT INTO cycle_week (id, cycle, week, level) VALUES (142, 3, 2, 2);
INSERT INTO cycle_week (id, cycle, week, level) VALUES (143, 3, 3, 2);
INSERT INTO cycle_week (id, cycle, week, level) VALUES (144, 3, 4, 2);
INSERT INTO cycle_week (id, cycle, week, level) VALUES (145, 3, 5, 2);
INSERT INTO cycle_week (id, cycle, week, level) VALUES (146, 3, 6, 2);
INSERT INTO cycle_week (id, cycle, week, level) VALUES (147, 3, 7, 2);
INSERT INTO cycle_week (id, cycle, week, level) VALUES (148, 3, 8, 2);
INSERT INTO cycle_week (id, cycle, week, level) VALUES (149, 3, 9, 2);
INSERT INTO cycle_week (id, cycle, week, level) VALUES (150, 3, 10, 2);
INSERT INTO cycle_week (id, cycle, week, level) VALUES (151, 3, 11, 2);
INSERT INTO cycle_week (id, cycle, week, level) VALUES (152, 3, 12, 2);
INSERT INTO cycle_week (id, cycle, week, level) VALUES (153, 3, 13, 2);
INSERT INTO cycle_week (id, cycle, week, level) VALUES (154, 3, 14, 2);
INSERT INTO cycle_week (id, cycle, week, level) VALUES (155, 3, 15, 2);
INSERT INTO cycle_week (id, cycle, week, level) VALUES (156, 3, 16, 2);
INSERT INTO cycle_week (id, cycle, week, level) VALUES (157, 3, 17, 2);
INSERT INTO cycle_week (id, cycle, week, level) VALUES (158, 3, 18, 2);
INSERT INTO cycle_week (id, cycle, week, level) VALUES (159, 3, 19, 2);
INSERT INTO cycle_week (id, cycle, week, level) VALUES (160, 3, 20, 2);
INSERT INTO cycle_week (id, cycle, week, level) VALUES (161, 3, 21, 2);
INSERT INTO cycle_week (id, cycle, week, level) VALUES (162, 3, 22, 2);
INSERT INTO cycle_week (id, cycle, week, level) VALUES (163, 3, 23, 2);
INSERT INTO cycle_week (id, cycle, week, level) VALUES (164, 3, 24, 2);
INSERT INTO cycle_week (id, cycle, week, level) VALUES (165, 3, 25, 2);
INSERT INTO cycle_week (id, cycle, week, level) VALUES (166, 3, 26, 2);
INSERT INTO cycle_week (id, cycle, week, level) VALUES (167, 3, 27, 2);
INSERT INTO cycle_week (id, cycle, week, level) VALUES (168, 3, 28, 2);
INSERT INTO cycle_week (id, cycle, week, level) VALUES (169, 4, 1, 1);
INSERT INTO cycle_week (id, cycle, week, level) VALUES (170, 4, 2, 1);
INSERT INTO cycle_week (id, cycle, week, level) VALUES (171, 4, 3, 1);
INSERT INTO cycle_week (id, cycle, week, level) VALUES (172, 4, 4, 1);
INSERT INTO cycle_week (id, cycle, week, level) VALUES (173, 4, 5, 1);
INSERT INTO cycle_week (id, cycle, week, level) VALUES (174, 4, 6, 1);
INSERT INTO cycle_week (id, cycle, week, level) VALUES (175, 4, 7, 1);
INSERT INTO cycle_week (id, cycle, week, level) VALUES (176, 4, 8, 1);
INSERT INTO cycle_week (id, cycle, week, level) VALUES (177, 4, 9, 1);
INSERT INTO cycle_week (id, cycle, week, level) VALUES (178, 4, 10, 1);
INSERT INTO cycle_week (id, cycle, week, level) VALUES (179, 4, 11, 1);
INSERT INTO cycle_week (id, cycle, week, level) VALUES (180, 4, 12, 1);
INSERT INTO cycle_week (id, cycle, week, level) VALUES (181, 4, 13, 1);
INSERT INTO cycle_week (id, cycle, week, level) VALUES (182, 4, 14, 1);
INSERT INTO cycle_week (id, cycle, week, level) VALUES (183, 4, 15, 1);
INSERT INTO cycle_week (id, cycle, week, level) VALUES (184, 4, 16, 1);
INSERT INTO cycle_week (id, cycle, week, level) VALUES (185, 4, 17, 1);
INSERT INTO cycle_week (id, cycle, week, level) VALUES (186, 4, 18, 1);
INSERT INTO cycle_week (id, cycle, week, level) VALUES (187, 4, 19, 1);
INSERT INTO cycle_week (id, cycle, week, level) VALUES (188, 4, 20, 1);
INSERT INTO cycle_week (id, cycle, week, level) VALUES (189, 4, 21, 1);
INSERT INTO cycle_week (id, cycle, week, level) VALUES (190, 4, 22, 1);
INSERT INTO cycle_week (id, cycle, week, level) VALUES (191, 4, 23, 1);
INSERT INTO cycle_week (id, cycle, week, level) VALUES (192, 4, 24, 1);
INSERT INTO cycle_week (id, cycle, week, level) VALUES (193, 4, 25, 1);
INSERT INTO cycle_week (id, cycle, week, level) VALUES (194, 4, 26, 1);
INSERT INTO cycle_week (id, cycle, week, level) VALUES (195, 4, 27, 1);
INSERT INTO cycle_week (id, cycle, week, level) VALUES (196, 4, 28, 1);
INSERT INTO cycle_week (id, cycle, week, level) VALUES (197, 1, 0, 1);
INSERT INTO cycle_week (id, cycle, week, level) VALUES (198, 1, 0, 2);
INSERT INTO cycle_week (id, cycle, week, level) VALUES (199, 2, 0, 1);
INSERT INTO cycle_week (id, cycle, week, level) VALUES (200, 2, 0, 2);
INSERT INTO cycle_week (id, cycle, week, level) VALUES (201, 3, 0, 1);
INSERT INTO cycle_week (id, cycle, week, level) VALUES (202, 3, 0, 2);
INSERT INTO cycle_week (id, cycle, week, level) VALUES (203, 4, 0, 1);
INSERT INTO cycle_week (id, cycle, week, level) VALUES (204, 4, 0, 2);
INSERT INTO cycle_week (id, cycle, week, level) VALUES (333, 4, 24, 3);
INSERT INTO cycle_week (id, cycle, week, level) VALUES (666, 4, 26, 3);
INSERT INTO cycle_week (id, cycle, week, level) VALUES (888, 4, 27, 3);
INSERT INTO cycle_week (id, cycle, week, level) VALUES (999, 4, 25, 3);

-- Table: detail
DROP TABLE IF EXISTS detail;
CREATE TABLE detail (id INTEGER PRIMARY KEY AUTOINCREMENT, title INTEGER REFERENCES detail_title (id) ON DELETE RESTRICT ON UPDATE CASCADE, detail STRING, url STRING, sequence INTEGER);
INSERT INTO detail (id, title, detail, url, sequence) VALUES (1, 1, 'Astronomy - star mapping, planet-awareness, zodiac', NULL, 1);
INSERT INTO detail (id, title, detail, url, sequence) VALUES (2, 2, 'Some suggest a c.4500 beginning, but we’re relying on (more confidently known) historical input that errs on the side of "younger".', NULL, NULL);
INSERT INTO detail (id, title, detail, url, sequence) VALUES (3, 3, 'ancient.eu', 'https://www.ancient.eu/sumer', 1);
INSERT INTO detail (id, title, detail, url, sequence) VALUES (4, 3, 'history.com', 'https://www.history.com/topics/ancient-middle-east/sumer', 2);
INSERT INTO detail (id, title, detail, url, sequence) VALUES (5, 3, 'wikipedia.org', 'https://en.wikipedia.org/wiki/Sumer', 3);
INSERT INTO detail (id, title, detail, url, sequence) VALUES (6, 1, 'Arithmetic - mixed radix (sexagesimal) number system', NULL, 2);
INSERT INTO detail (id, title, detail, url, sequence) VALUES (7, 1, 'Legal system - courts, jails, records', NULL, 3);
INSERT INTO detail (id, title, detail, url, sequence) VALUES (8, 1, 'Agriculture and irrigation', NULL, 4);
INSERT INTO detail (id, title, detail, url, sequence) VALUES (9, 1, 'Story - Sargon, Gilgamesh', NULL, 5);
INSERT INTO detail (id, title, detail, url, sequence) VALUES (10, 1, 'Polytheism - An, Enki, Enlil, Inanna, Ziggurats', NULL, 6);
INSERT INTO detail (id, title, detail, url, sequence) VALUES (11, 1, 'Uruk - first city in the world?', NULL, 7);
INSERT INTO detail (id, title, detail, url, sequence) VALUES (12, 1, 'Elam, Eridu, Sargon and the Akkadian Empire - first multi-national empire of the world', NULL, 8);
INSERT INTO detail (id, title, detail, url, sequence) VALUES (13, 1, 'Old Kingdom (c. 2700-2180 BC)', NULL, 1);
INSERT INTO detail (id, title, detail, url, sequence) VALUES (14, 1, 'Middle Kingdom (c. 2040-1786 BC)', NULL, 2);
INSERT INTO detail (id, title, detail, url, sequence) VALUES (15, 1, 'New Kingdom (c. 1570-1085 BC)', NULL, 3);
INSERT INTO detail (id, title, detail, url, sequence) VALUES (16, 2, 'Why not separate out Old, Middle, and New kingdom as three separate “events”?  This is very tempting, and would be “better” in many ways.  For these ancient civilizations, there’s sufficient evidence for dates like this (c.3100 BC) corresponding to early civilization, and it seems meaningful to treat the Sumerians, Egyptians, and Indus civilizations (and early Huang He River civilization?) similarly, identifying them by their early city-states and signs of civilization, even before their first “kingdoms”, “dynasties”, or “empires”.  But hereafter, we focus on pivotal events or kingdoms, getting away from the more nebulous history.  E.g., we might focus on the Hyksos role marking the end of the Middle Kingdom c.1700.  So, rather than naming the Old Kingdom as the first instance of Egyptians, coming in closer to 2700 BC, we’ll stick with 3100 BC.', NULL, 1);
INSERT INTO detail (id, title, detail, url, sequence) VALUES (17, 2, 'Yes, Egyptians are extant today. However, 331 BC is seen to mark the end of the ancient culture of Egypt, as distinctive, when Alexander the Great conquerors Egypt, after it had already fallen to the Persians a decade earlier. Subsequently, Egypt remained Egypt in name and culture, and has a vivid history, but typically as a conquest of an empire such as the Roman Empire (30 BCE-476 CE) and the Byzantine Empire (c. 527-646 CE).  Beware that the grandest pyramids and the office of “pharaoh” are associated with later, “New Kingdom” Egyptians, not those that date back to 3100 BC.
', NULL, 2);
INSERT INTO detail (id, title, detail, url, sequence) VALUES (18, 3, 'ancient.eu', 'https://www.ancient.eu/egypt/', 1);
INSERT INTO detail (id, title, detail, url, sequence) VALUES (19, 3, 'history.com', 'https://www.history.com/topics/ancient-history/ancient-egypt
', 2);
INSERT INTO detail (id, title, detail, url, sequence) VALUES (20, 3, 'wikipedia.org', 'https://en.wikipedia.org/wiki/Ancient_Egypt', 3);
INSERT INTO detail (id, title, detail, url, sequence) VALUES (21, 2, 'No end date is chosen because this region hosted many peoples.  Some, like the Persians, became more historically significant, and show up later in the timeline, so this “origins” event is useful.  Nomadic and early settlement dates could precede 3000 BC, but establishing this relies on more pre-history study than the written record.  Persians, in particular, were established by 1000 BC.', NULL, 1);
INSERT INTO detail (id, title, detail, url, sequence) VALUES (22, 3, 'ancient.eu', 'https://www..ancient.eu/Persia/', 1);
INSERT INTO detail (id, title, detail, url, sequence) VALUES (23, 3, 'wikipedia.org', 'https://en.wikipedia.org/wiki/Elam', 2);
INSERT INTO detail (id, title, detail, url, sequence) VALUES (24, 1, 'Oared nautical transportation', NULL, 1);
INSERT INTO detail (id, title, detail, url, sequence) VALUES (25, 1, '“Orientalizing” and Greek Art', NULL, 2);
INSERT INTO detail (id, title, detail, url, sequence) VALUES (26, 1, 'Re-opening of trade routes after Bronze Age collapse', NULL, 4);
INSERT INTO detail (id, title, detail, url, sequence) VALUES (27, 1, 'Influence on Greek constitutional government', NULL, 5);
INSERT INTO detail (id, title, detail, url, sequence) VALUES (28, 1, 'Mediterranean exploration beyond Straits of Gibraltar', NULL, 6);
INSERT INTO detail (id, title, detail, url, sequence) VALUES (29, 1, 'the Alphabet (origins)', NULL, 3);
INSERT INTO detail (id, title, detail, url, sequence) VALUES (30, 3, 'ancient.eu', 'https://www.ancient.eu/phoenicia/', 1);
INSERT INTO detail (id, title, detail, url, sequence) VALUES (31, 3, 'wikipedia.org', 'https://en.wikipedia.org/wiki/Phoenicia', 2);
INSERT INTO detail (id, title, detail, url, sequence) VALUES (32, 1, 'Mysterious (undeciphered) writing system', NULL, 1);
INSERT INTO detail (id, title, detail, url, sequence) VALUES (33, 1, 'Aryan invasion', NULL, 2);
INSERT INTO detail (id, title, detail, url, sequence) VALUES (34, 1, 'Advanced irrigation system', NULL, 3);
INSERT INTO detail (id, title, detail, url, sequence) VALUES (35, 3, 'ancient.eu', 'https://www.ancient.eu/Indus_Valley_Civilization/', 1);
INSERT INTO detail (id, title, detail, url, sequence) VALUES (36, 3, 'wikipedia.org', 'https://en.wikipedia.org/wiki/Indus_Valley_Civilisation', 2);
INSERT INTO detail (id, title, detail, url, sequence) VALUES (37, 4, '“Aegean civilization” is a broad term identifying civilizations around the Aegean sea, like Minoans and Mycenaeans', NULL, 1);
INSERT INTO detail (id, title, detail, url, sequence) VALUES (38, 3, 'ancient.eu', 'https://www.ancient.eu/amorite/
', 1);
INSERT INTO detail (id, title, detail, url, sequence) VALUES (39, 3, 'ancient.eu', 'https://www.ancient.eu/babylon/', 2);
INSERT INTO detail (id, title, detail, url, sequence) VALUES (40, 2, 'Yes, Israelites exist today. However, from the 800s BC when Israel began paying tributes to Assyria, through to the conquest of Israel by Assyria in 722 BC and the exile of Israel''s upper class, followed by the later conquest and exile of Judahites and the Babylonian captivity of 598-538 BC, we can say that Ancient Israel underwent major transformation through this period. Israel itself lost its distinctiveness through this transformation, intermarrying regionally and adopting regional religious (pagan) practices that eroded their identity. The Judahite contingent, on the other hand, remained distinctive, even through the ages to the present, really. However, since the region fell distinctively to Rome in 63 BC and was under the enduring conquests of other empires, like the Roman (63 BC-476 AD) and Byzantine (400s -636 AD) empires, marking 63 BC as the "end" of ancient Israel, at the latest, really, stands to reason.', NULL, NULL);
INSERT INTO detail (id, title, detail, url, sequence) VALUES (41, 1, 'The city of Babylon was founded by Sargon, or, at least Sargon built temples there.', NULL, 1);
INSERT INTO detail (id, title, detail, url, sequence) VALUES (42, 4, 'Hammurabi, emperor of first Babylonian Empire, was an Amorite.', NULL, 1);
INSERT INTO detail (id, title, detail, url, sequence) VALUES (43, 3, 'Ur, Abrahan''s origin', 'https://member.ancient.eu/ur/', 4);
INSERT INTO detail (id, title, detail, url, sequence) VALUES (44, 2, 'Yes, Assyrians exist today, but as a unified people, 609 marked a distinctive fall and integration with surrounding peoples diminished their particular Assyrian identity, as it existed previously.  The same can be said of most “Israelites”, though the Judahite contingent remained very distinctive and rooted in their heritage.', NULL, NULL);
INSERT INTO detail (id, title, detail, url, sequence) VALUES (45, 3, 'ancient.eu', 'https://www.ancient.eu/israel/', 3);
INSERT INTO detail (id, title, detail, url, sequence) VALUES (46, 3, 'biblegateway.com', 'https://www.biblegateway.com/resources/encyclopedia-of-the-bible/History-Israel', 1);
INSERT INTO detail (id, title, detail, url, sequence) VALUES (47, 3, 'Biblical Archaeological Society (and Review)', 'https://www.baslibrary.org/', 5);
INSERT INTO detail (id, title, detail, url, sequence) VALUES (48, 3, 'ancient.eu', 'https://www.ancient.eu/assyria/
', NULL);
INSERT INTO detail (id, title, detail, url, sequence) VALUES (49, 2, 'The first Babylonian empire might be considered to run until 1595 (when the Hittites sacked Babylonia), but after Hammurabi died, the scope and influence tremendously deteriorated.  The fame of the first Babylonian empire (or dynasty, counting kings before Hammurabi) is really wrapped up in Hammurabi alone.', NULL, NULL);
INSERT INTO detail (id, title, detail, url, sequence) VALUES (50, 3, 'ancient.eu - Hammurabi', 'https://www.ancient.eu/hammurabi/', 1);
INSERT INTO detail (id, title, detail, url, sequence) VALUES (51, 3, 'ancient.eu - Babylon', 'https://www.ancient.eu/babylon/', 2);
INSERT INTO detail (id, title, detail, url, sequence) VALUES (52, 3, 'wikipedia.org', 'https://en.wikipedia.org/wiki/Hammurabi', 3);
INSERT INTO detail (id, title, detail, url, sequence) VALUES (53, 1, 'Babylonian Dynasty leading to Hammurabi’s empire (1894-1795 BC)', NULL, 1);
INSERT INTO detail (id, title, detail, url, sequence) VALUES (54, 1, 'Code of Hammurabi', '', 2);
INSERT INTO detail (id, title, detail, url, sequence) VALUES (55, 1, 'Ashur and Ishtar and our celebration of  “Easter”? (MYTH: Ostara, the German pagan goddess is actually the name source)', NULL, 3);
INSERT INTO detail (id, title, detail, url, sequence) VALUES (56, 1, 'The three distinctive empires, and pre- and post-', NULL, 1);
INSERT INTO detail (id, title, detail, url, sequence) VALUES (57, 1, 'The challenge of deciphering their ancient cuneiform script in the 1850s', NULL, 2);
INSERT INTO detail (id, title, detail, url, sequence) VALUES (58, 1, 'Amorite King Hammurabi', NULL, 3);
INSERT INTO detail (id, title, detail, url, sequence) VALUES (59, 1, 'Shamshi Adad', NULL, 4);
INSERT INTO detail (id, title, detail, url, sequence) VALUES (60, 1, 'Sargon II', NULL, 5);
INSERT INTO detail (id, title, detail, url, sequence) VALUES (61, 1, 'Ashurbanipal II (and the Library of Ashurbanipal)', NULL, 6);
INSERT INTO detail (id, title, detail, url, sequence) VALUES (62, 4, '”Following the decline and rupture of the Assyrian empire, Babylon assumed supremacy in the region from 605-549 BCE. Babylon then fell to the Persians under Cyrus the Great who founded the Achaemenid Empire (549-330 BCE) which fell to Alexander the Great and, after his death, was part of the Seleucid Empire.” – ancient.eu', NULL, NULL);
INSERT INTO detail (id, title, detail, url, sequence) VALUES (63, 4, 'The Hyksos were likely Semitic, from Syria/Palestine, but are pretty mysterious in the historical record.  Note that the Nubians (Kush) were pushing on Egypt from the South (Upper Egypt) when the Hyksos were taking over the North (Lower Egypt).', NULL, NULL);
INSERT INTO detail (id, title, detail, url, sequence) VALUES (64, 3, 'ancient.eu - Egypt', 'https://www.ancient.eu/egypt/', 2);
INSERT INTO detail (id, title, detail, url, sequence) VALUES (65, 3, 'ancient.eu - Hyksos', 'https://www.ancient.eu/Hyksos/', 1);
INSERT INTO detail (id, title, detail, url, sequence) VALUES (66, 2, 'The Hittites likely date back farther than this, but evidence clarifying earlier dates is hard to find.  From the Bible we have that they were the descendants of Heth, son of Canaan, son of Ham, son of Noah.  The city of Hattusa was established around 2500, apparently, and the Hittites come on the scene in 1700, when they invade Hatti and Hattusa.  Since this is a clear start for them as a named people who will frequent the historic record thereafter, we’ll use the date 1700 BC.  Earlier inhabitants might be called "Anatolians".', NULL, NULL);
INSERT INTO detail (id, title, detail, url, sequence) VALUES (67, 3, 'ancient.eu - Hittite', 'https://www.ancient.eu/hittite/', 1);
INSERT INTO detail (id, title, detail, url, sequence) VALUES (68, 3, 'ancient.eu - Hattusa', 'https://www.ancient.eu/timeline/hattusa/', 2);
INSERT INTO detail (id, title, detail, url, sequence) VALUES (69, 2, 'Most scholars date Hinduism establishment to between 2300 BC and 1500 BC.  More precision does not seem possible at present.  The date 1700 has been chosen somewhat arbitrarily between these.  It is very likely that early elements of the Hindu faith predate 1700, but it is also likely that widespread followership and national identity were not elemental until closer to 1500 BC.  Still, this was very early Hinduism; the synthesis of “classical Hinduism” as we know it today dates to closer to 200 BC.', NULL, NULL);
INSERT INTO detail (id, title, detail, url, sequence) VALUES (70, 4, '[Why no grammar history sentences on Hinudism, Buddhism, etc.? The hope is to cover major world religions and their histories later, in high-school years; they have a place in history, but aren’t “events”, per say, that lend themselves well to history sentences.  (Indeed, neither is much of our “early civilization” history, but at least there’s a little more to grasp; e.g., what we might remember the ancient Egyptians for; early Hinduism and Buddhism are not only markedly different from modern derivatives, but attempts to codify them or put them into a sentence seem to fail to give students something helpful for later.  Rather, we leave the introduction of this history to the “story” (e.g., as read in SotW), and leave more treatment of topics like reincarnation for later.]', NULL, NULL);
INSERT INTO detail (id, title, detail, url, sequence) VALUES (71, 2, 'See https://en.wikipedia.org/wiki/Shang_dynasty#Absolute_chronology regarding dates', 'https://en.wikipedia.org/wiki/Shang_dynasty#Absolute_chronology', NULL);
INSERT INTO detail (id, title, detail, url, sequence) VALUES (72, 1, 'Great Wall', NULL, NULL);
INSERT INTO detail (id, title, detail, url, sequence) VALUES (73, 3, 'Geography link', 'http://www.yourchildlearns.com/china_history_geography.htm', 3);
INSERT INTO detail (id, title, detail, url, sequence) VALUES (74, 3, 'Another geography link', 'https://ancientchinesehistoryach.weebly.com/chinas-maps.html', 4);
INSERT INTO detail (id, title, detail, url, sequence) VALUES (75, 3, 'ancient.eu', 'https://www.ancient.eu/Shang_Dynasty/', 1);
INSERT INTO detail (id, title, detail, url, sequence) VALUES (76, 3, 'wikipedia.org', 'https://en.wikipedia.org/wiki/Shang_dynasty', 2);
INSERT INTO detail (id, title, detail, url, sequence) VALUES (77, 4, 'The term pharaoh comes from this period; they were just kings before.  This is the most famous period popularly known, and is rich with classic Egyptian character.', NULL, NULL);
INSERT INTO detail (id, title, detail, url, sequence) VALUES (78, 3, 'ancient.eu', 'https://www.ancient.eu/egypt/
', NULL);
INSERT INTO detail (id, title, detail, url, sequence) VALUES (79, 2, 'Many date possibilities exist; the two leading are the “early date” (1446 BC), or one of a couple of later date possibilities in the 13th century: 1290 BC or 1260 BC.  Other hypotheses exist, such as Egyptologist David Rohl’s, which dates the Exodus to c. 1650 BC, under the reign of king Dudimose I, but most scholars find Rohl’s arguments unconvincing.  From an archaeological perspective, the strongest evidence seems to point to a 13th-century Exodus (see the Biblical Archaeology Review May/June 2016 issue).', NULL, 1);
INSERT INTO detail (id, title, detail, url, sequence) VALUES (80, 3, 'Dating article', 'https://www.biblicalarchaeology.org/daily/biblical-topics/exodus/exodus-fact-or-fiction/', NULL);
INSERT INTO detail (id, title, detail, url, sequence) VALUES (81, 2, '(Note: Israel wandered 40 years in the Sinai Desert after the Exodus and Red Sea crossing.)', NULL, 2);
INSERT INTO detail (id, title, detail, url, sequence) VALUES (82, 2, 'Some date this in the 15th century, but see the note on “Moses and Israel’s Exodus”; if that event  is dated at 1290, then this event is necessarily 40 years later.', NULL, NULL);
INSERT INTO detail (id, title, detail, url, sequence) VALUES (83, 4, '[Note on word choice: Certainly, the term “conquer” could be used, at least in the time of Joshua, but since Israel did not completely conquer and subdue, but, rather, co-existed with other groups in the region, constantly fighting with them, “occupies” seems more accurate.]', NULL, NULL);
INSERT INTO detail (id, title, detail, url, sequence) VALUES (84, 2, 'The Trojan War culminated at 1334 BC according to Duris of Samos, 1250 BC according to Herodotus, and 1184 BC according to Eratosthenes.  Homer’s famous Epic about the Trojan War wouldn’t be written until the c. 800s BC, of course, after Greece came out of its dark age period.', NULL, NULL);
INSERT INTO detail (id, title, detail, url, sequence) VALUES (85, 3, 'ancient.eu - Maya', 'https://www.ancient.eu/Maya_Civilization/
', 1);
INSERT INTO detail (id, title, detail, url, sequence) VALUES (86, 3, 'wikipedia.org', 'https://en.wikipedia.org/wiki/Maya_civilization
', 3);
INSERT INTO detail (id, title, detail, url, sequence) VALUES (87, 3, 'ancient.eu - Olmec', 'https://www.ancient.eu/Olmec_Civilization/
', 2);
INSERT INTO detail (id, title, detail, url, sequence) VALUES (88, 2, 'Note that the Teotihuacan period is a separate timeline card (200-900 AD), because it’s known as the classic period of Mayan history.', NULL, NULL);
INSERT INTO detail (id, title, detail, url, sequence) VALUES (89, 4, 'Original “Linear B script” abandoned at the start of the Greek Dark Ages (which is why we have no written history of this era); at the end of the dark ages, the Phoenician alphabet was adopted (and adapted, introducing characters for vowel sounds), and eventually made into the widely-adopted ubiquitous Greek.', NULL, NULL);
INSERT INTO detail (id, title, detail, url, sequence) VALUES (90, 3, 'ancient.eu', 'https://www.ancient.eu/Greek_Dark_Age/
', NULL);
INSERT INTO detail (id, title, detail, url, sequence) VALUES (91, 3, 'wikipedia.org', 'https://en.wikipedia.org/wiki/Greek_Dark_Ages', NULL);
INSERT INTO detail (id, title, detail, url, sequence) VALUES (92, 4, 'Also often called “Israel’s Golden Age”, but since it was not really a kingdom before Saul, and it was no longer a single kingdom after Solomon (splitting into Judah in the South and Israel in the North), “United Kingdom” is more descriptive of the unique nature of this period.', NULL, NULL);
INSERT INTO detail (id, title, detail, url, sequence) VALUES (93, 3, 'ancient.eu', 'https://www.ancient.eu/israel/', NULL);
INSERT INTO detail (id, title, detail, url, sequence) VALUES (94, 2, 'Evidence of pre-kingdom Kushite people suggests history to 2500BC or earlier, but the known kingdom dates to 1069 BC.', NULL, NULL);
INSERT INTO detail (id, title, detail, url, sequence) VALUES (95, 3, 'ancient.eu', 'https://www.ancient.eu/Kush/', NULL);
INSERT INTO detail (id, title, detail, url, sequence) VALUES (96, 3, 'wikipedia.org', 'https://en.wikipedia.org/wiki/Kingdom_of_Kush', NULL);
INSERT INTO detail (id, title, detail, url, sequence) VALUES (97, 1, 'Read The Aeneid, by Virgil', NULL, NULL);
INSERT INTO detail (id, title, detail, url, sequence) VALUES (98, 4, '(According to Legend)', NULL, NULL);
INSERT INTO detail (id, title, detail, url, sequence) VALUES (99, 4, 'Assyria grew enormously large in this time frame, from Egypt (671 BC) and even as far south as Nubia, to the Zagros Mountains, and up to Anatolia in the North.  Assyria dominated most of the Levant, though Judah resisted.  It was so big under Ashurbanipal that when he died, it began to fall apart.  Ashurbanipal (668-627 BC) is famous for his great library at Nineveh; see “Babylon conquers Assyria….”', NULL, NULL);
INSERT INTO detail (id, title, detail, url, sequence) VALUES (100, 3, 'See how Judah stands alone in this map', 'https://www.ancient.eu/image/117/neo-assyrian-empire/', 1);
INSERT INTO detail (id, title, detail, url, sequence) VALUES (101, 1, 'Re: Ashurbanipal’s library - when Babylon sacked Nineveh, the flaming walls came down on the library and actually preserved this library by baking the clay tablet books hard and burying them to be excavated later.', NULL, NULL);
INSERT INTO detail (id, title, detail, url, sequence) VALUES (102, 2, 'Remaining Judahites continued to rebel; Nebuchadnezzar II then persisted until Judah was decimated in 582 and its population scattered.  The Babylonian Captivity stretched from 598-538 BC.', NULL, 1);
INSERT INTO detail (id, title, detail, url, sequence) VALUES (103, 4, 'The First Persian Empire, also known as the Achaemenid Empire, covered Mesopotamia, Egypt, and Indus Valley. Cyrus’ unique vision was for all under his reign to live in peaceful accord with others; they could worship and live as they wished; he exacted tribute from only some regions, not including Judah (see Isaiah 45).  He’s famous for letting Judahites return to Jerusalem and even gives them money to rebuild the temple.  Alexander the Great conquered Persia from 334-323 BC.', NULL, NULL);
INSERT INTO detail (id, title, detail, url, sequence) VALUES (104, 1, 'The Royal Road from Susa to Sardis and its postal system (praised by Herodutus)', NULL, 1);
INSERT INTO detail (id, title, detail, url, sequence) VALUES (105, 1, 'Persepolis', NULL, 2);
INSERT INTO detail (id, title, detail, url, sequence) VALUES (106, 1, 'The qanats (clean water aquafer wells)', NULL, 3);
INSERT INTO detail (id, title, detail, url, sequence) VALUES (107, 1, 'The yakhchal (refrigerator)', NULL, 4);
INSERT INTO detail (id, title, detail, url, sequence) VALUES (108, 1, 'The Pairi-daeza (“paradise”) gardens', NULL, 5);
INSERT INTO detail (id, title, detail, url, sequence) VALUES (109, 1, 'Darius I (Darius the Great)', NULL, 6);
INSERT INTO detail (id, title, detail, url, sequence) VALUES (110, 1, 'Xerxes I', NULL, 7);
INSERT INTO detail (id, title, detail, url, sequence) VALUES (111, 2, 'Note, see “Elamites & Aryan Tribes” re: dates of early Persian culture', NULL, NULL);
INSERT INTO detail (id, title, detail, url, sequence) VALUES (112, 1, 'Read II Chronicles, Ezra, and Nehemiah. Research the rebuid “opposition”, including “Israelites” (Samaritans).', NULL, NULL);
INSERT INTO detail (id, title, detail, url, sequence) VALUES (113, 3, 'ancient.eu', 'https://www.ancient.eu/Roman_Republic/', NULL);
INSERT INTO detail (id, title, detail, url, sequence) VALUES (114, 2, 'The existence of Lao-Tzu is only probable, and the date is imprecise.', NULL, NULL);
INSERT INTO detail (id, title, detail, url, sequence) VALUES (115, 4, 'The natural, universal “force” known as Tao, the similarities and differences wrt/ Confucianism (e.g. ignorance vs. education; but obedience and respect in common), …
', NULL, NULL);
INSERT INTO detail (id, title, detail, url, sequence) VALUES (116, 1, 'The founding of Alexandria in Egypt', NULL, 1);
INSERT INTO detail (id, title, detail, url, sequence) VALUES (117, 1, 'The causeway built to Tyre (and land connection from Tyre to Lebanon today)', NULL, 2);
INSERT INTO detail (id, title, detail, url, sequence) VALUES (118, 1, 'The long siege of Tyre, and Alexandar''s treatment of Tyre citizens once conquered', NULL, 3);
INSERT INTO detail (id, title, detail, url, sequence) VALUES (119, 1, 'The rise of Carthage', NULL, 4);
INSERT INTO detail (id, title, detail, url, sequence) VALUES (120, 1, 'The legacy of Alexander and Hellenism in Afghanistan, India, the Diadochi', NULL, 5);
INSERT INTO detail (id, title, detail, url, sequence) VALUES (121, 3, 'Hellenism in Afghanistan', 'https://youtu.be/b9mBLNOr8rw', 1);
INSERT INTO detail (id, title, detail, url, sequence) VALUES (122, 1, 'Alexandar''s (mysterious) death', NULL, 6);
INSERT INTO detail (id, title, detail, url, sequence) VALUES (123, 3, 'Ryan Reeves'' seminal lecture', 'https://www.youtube.com/watch?v=qzStS_NSs-s', 2);
INSERT INTO detail (id, title, detail, url, sequence) VALUES (124, 2, 'Reign: 336-323 BC', NULL, NULL);
INSERT INTO detail (id, title, detail, url, sequence) VALUES (125, 3, 'Watch', 'https://www.youtube.com/watch?v=qzStS_NSs-s', NULL);
INSERT INTO detail (id, title, detail, url, sequence) VALUES (126, 1, 'Jeremiah 31:31–34', NULL, NULL);
INSERT INTO detail (id, title, detail, url, sequence) VALUES (127, 2, 'From Olmec Civilization
Mayan people (Quiche, Yucatec, and others) continue to dwell in the area of their ancient heritage, even if the conquistador Alvarado quashed the last Mayan resistance in 1524, which marks the traditional end date of independent Mayan civilization.', NULL, NULL);
INSERT INTO detail (id, title, detail, url, sequence) VALUES (128, 1, 'Polycarp: apostled by John?', NULL, NULL);
INSERT INTO detail (id, title, detail, url, sequence) VALUES (129, 1, 'Polycarp: Gave soldiers refreshments as they came to collect him to kill him', NULL, NULL);
INSERT INTO detail (id, title, detail, url, sequence) VALUES (130, 1, 'Polycarp: Should Polycarp have been passive, as he was?  Is this not a manifestation of Roman Stoicism, too?', NULL, NULL);
INSERT INTO detail (id, title, detail, url, sequence) VALUES (131, 1, 'Polycarp: War against gnosticism', NULL, NULL);
INSERT INTO detail (id, title, detail, url, sequence) VALUES (132, 1, 'Polycarp: c. 160 AD martyred – burned free-standing', NULL, NULL);
INSERT INTO detail (id, title, detail, url, sequence) VALUES (133, 2, 'Babylonian captivity: 598-548 BC', NULL, 2);
INSERT INTO detail (id, title, detail, url, sequence) VALUES (134, 3, 'Britannica (article on historicity)', 'https://www.britannica.com/biography/Abraham/The-Genesis-narrative-in-the-light-of-recent-scholarship', 2);
INSERT INTO detail (id, title, detail, url, sequence) VALUES (135, 3, 'Code of Hammurabi', 'https://www.gotquestions.org/Moses-Hammurabi-code.html', 1);
INSERT INTO detail (id, title, detail, url, sequence) VALUES (136, 3, 'Near-east empire extent comparison', 'https://www.science.co.il/israel-history/Near-east-empires.php', 2);

-- Table: detail_title
DROP TABLE IF EXISTS detail_title;
CREATE TABLE detail_title (id INTEGER PRIMARY KEY AUTOINCREMENT, title STRING UNIQUE, sequence INTEGER);
INSERT INTO detail_title (id, title, sequence) VALUES (1, 'Research Ideas', 1);
INSERT INTO detail_title (id, title, sequence) VALUES (2, 'Date Notes', 4);
INSERT INTO detail_title (id, title, sequence) VALUES (3, 'Research URLs', 2);
INSERT INTO detail_title (id, title, sequence) VALUES (4, 'General Notes', 3);

-- Table: direction
DROP TABLE IF EXISTS direction;
CREATE TABLE direction (id INTEGER PRIMARY KEY, name TEXT NOT NULL UNIQUE);
INSERT INTO direction (id, name) VALUES (1, 'northeast');
INSERT INTO direction (id, name) VALUES (2, 'east');
INSERT INTO direction (id, name) VALUES (3, 'southeast');
INSERT INTO direction (id, name) VALUES (4, 'south');
INSERT INTO direction (id, name) VALUES (5, 'southwest');
INSERT INTO direction (id, name) VALUES (6, 'west');
INSERT INTO direction (id, name) VALUES (7, 'northwest');
INSERT INTO direction (id, name) VALUES (8, 'north');

-- Table: download
DROP TABLE IF EXISTS download;
CREATE TABLE download (id INTEGER PRIMARY KEY AUTOINCREMENT, path STRING, filename_suffix STRING);
INSERT INTO download (id, path, filename_suffix) VALUES (1, 'grammar_copywork', '_grammar_copywork.pdf');
INSERT INTO download (id, path, filename_suffix) VALUES (2, 'english_chart_copywork', '_english_chart_copywork.pdf');
INSERT INTO download (id, path, filename_suffix) VALUES (3, 'science', '_science_project_prep.pdf');
INSERT INTO download (id, path, filename_suffix) VALUES (4, 'art', '_art_rhythm_prep.pdf');
INSERT INTO download (id, path, filename_suffix) VALUES (5, 'art', '_art_rhythm_prep_class.pdf');
INSERT INTO download (id, path, filename_suffix) VALUES (6, 'art', 'Rhythm_Final_1_with_Mary_Lamb-all-balanced.mp3');
INSERT INTO download (id, path, filename_suffix) VALUES (7, 'art', 'Rhythm_Final_1_with_Mary_Lamb-all-drum-centric.mp3');
INSERT INTO download (id, path, filename_suffix) VALUES (8, 'art', 'Rhythm_Final_1_with_Mary_Lamb-all-clap-centric.mp3');
INSERT INTO download (id, path, filename_suffix) VALUES (9, 'art', 'Rhythm_Final_1_with_Mary_Lamb-all-clave-centric.mp3');
INSERT INTO download (id, path, filename_suffix) VALUES (10, 'art', 'Rhythm_Final_1_with_Mary_Lamb-all-cup-centric.mp3');
INSERT INTO download (id, path, filename_suffix) VALUES (11, 'art', 'Rhythm_Final_1.pdf');

-- Table: email
DROP TABLE IF EXISTS email;
CREATE TABLE email (id INTEGER PRIMARY KEY AUTOINCREMENT, address STRING, note STRING, unlisted INTEGER);
INSERT INTO email (id, address, note, unlisted) VALUES (1, 'casheah05@outlook.com', NULL, NULL);
INSERT INTO email (id, address, note, unlisted) VALUES (2, 'h9sheahan@outlook.com', NULL, NULL);
INSERT INTO email (id, address, note, unlisted) VALUES (4, 'boyd.tribe@gmail.com', NULL, NULL);
INSERT INTO email (id, address, note, unlisted) VALUES (5, 'branntribe@gmail.com', NULL, NULL);
INSERT INTO email (id, address, note, unlisted) VALUES (6, 'steinjjo@gmail.com', NULL, NULL);
INSERT INTO email (id, address, note, unlisted) VALUES (7, 'michael@michaelandkirsten.com', NULL, NULL);
INSERT INTO email (id, address, note, unlisted) VALUES (8, 'zac.cait@gmail.com', NULL, NULL);
INSERT INTO email (id, address, note, unlisted) VALUES (9, 'susanna.w.hurley@gmail.com', NULL, NULL);
INSERT INTO email (id, address, note, unlisted) VALUES (10, 'lena2150@hotmail.com', NULL, NULL);
INSERT INTO email (id, address, note, unlisted) VALUES (11, 'scottwmcd@hotmail.com', NULL, NULL);
INSERT INTO email (id, address, note, unlisted) VALUES (12, 'LBMiller2011@gmail.com', NULL, NULL);
INSERT INTO email (id, address, note, unlisted) VALUES (13, 'horsedr@gmail.com', NULL, NULL);
INSERT INTO email (id, address, note, unlisted) VALUES (14, 'julieboolie_76@hotmail.com', NULL, NULL);
INSERT INTO email (id, address, note, unlisted) VALUES (15, 'deyetteperry@yahoo.com', NULL, NULL);
INSERT INTO email (id, address, note, unlisted) VALUES (16, 'lou@ldperry.com', NULL, NULL);
INSERT INTO email (id, address, note, unlisted) VALUES (17, 'pesheahan@msn.com', NULL, NULL);
INSERT INTO email (id, address, note, unlisted) VALUES (18, 'jamie-m@hotmail.com', NULL, NULL);
INSERT INTO email (id, address, note, unlisted) VALUES (19, 'smileyqueen2122@yahoo.com', NULL, NULL);

-- Table: english
DROP TABLE IF EXISTS english;
CREATE TABLE english (id INTEGER PRIMARY KEY AUTOINCREMENT, cw INTEGER REFERENCES cycle_week (id) ON DELETE RESTRICT ON UPDATE CASCADE NOT NULL, run INTEGER, prompt_prefix STRING, prompt STRING UNIQUE NOT NULL, answer_prefix STRING, answer_verb STRING, a BOOLEAN NOT NULL DEFAULT (1), "is" BOOLEAN NOT NULL DEFAULT (1), are BOOLEAN NOT NULL DEFAULT (0), tee BOOLEAN, answer STRING NOT NULL, example STRING, advanced STRING, qr_key id REFERENCES qr_key (id) ON DELETE RESTRICT ON UPDATE CASCADE, lighter_bg BOOLEAN);
INSERT INTO english (id, cw, run, prompt_prefix, prompt, answer_prefix, answer_verb, a, "is", are, tee, answer, example, advanced, qr_key, lighter_bg) VALUES (1, 3, NULL, 'are the', 'parts of speech', 'the', 'are', 0, 0, 1, 0, 'noun, pronoun, adjective; verb, adverb; conjunction, preposition, interjection', NULL, NULL, 274, 1);
INSERT INTO english (id, cw, run, prompt_prefix, prompt, answer_prefix, answer_verb, a, "is", are, tee, answer, example, advanced, qr_key, lighter_bg) VALUES (2, 4, NULL, 'is a', 'noun', 'a', 'is', 1, 1, 0, 0, 'a word that names a person, place, thing, or idea', 'Mom, school, shoe, education, shark, beauty, flight', 'A noun may also name an animal, activity, quality, or action.', 275, 0);
INSERT INTO english (id, cw, run, prompt_prefix, prompt, answer_prefix, answer_verb, a, "is", are, tee, answer, example, advanced, qr_key, lighter_bg) VALUES (3, 7, NULL, 'is a', 'preposition', 'a', 'is', 1, 1, 0, 0, 'a word used to show a relationship to a noun or noun phrase, called the object of the preposition, that follows it', '"with" Jesus, "at" home, "over" my head', NULL, 276, 0);
INSERT INTO english (id, cw, run, prompt_prefix, prompt, answer_prefix, answer_verb, a, "is", are, tee, answer, example, advanced, qr_key, lighter_bg) VALUES (4, 22, NULL, 'is a', 'conjunction', 'a', 'is', 1, 1, 0, 0, 'a word that joins words, phrases, or clauses that are grammatically equal (such as two nouns, or two clauses)', 'Jack "and" Jill, praying "while" walking', 'FANBOYS (for, and, nor, but, or, yet, so) are coordinating conjunctions.  www.asia.wub (when, while, where, as, since, if, although, whereas, unless, because) are subordinating conjunctions.', 277, 0);
INSERT INTO english (id, cw, run, prompt_prefix, prompt, answer_prefix, answer_verb, a, "is", are, tee, answer, example, advanced, qr_key, lighter_bg) VALUES (5, 10, NULL, 'is a', 'pronoun', 'a', 'is', 1, 1, 0, 0, 'a word that takes the place of one or more nouns', 'it, they, them, whose, anybody, some', NULL, 278, 0);
INSERT INTO english (id, cw, run, prompt_prefix, prompt, answer_prefix, answer_verb, a, "is", are, tee, answer, example, advanced, qr_key, lighter_bg) VALUES (6, 10, NULL, 'is an', 'antecedent', 'an', 'is', 1, 1, 0, 0, 'the noun or nouns that a pronoun replaces', '"Pizza"? Is "it" gone?', NULL, 279, 0);
INSERT INTO english (id, cw, run, prompt_prefix, prompt, answer_prefix, answer_verb, a, "is", are, tee, answer, example, advanced, qr_key, lighter_bg) VALUES (7, 11, NULL, 'is an', 'adjective', 'an', 'is', 1, 1, 0, 0, 'a word that describes or modifies a noun or pronoun, answering the question "Which...?"', 'red, graceful, any, some', NULL, 280, 1);
INSERT INTO english (id, cw, run, prompt_prefix, prompt, answer_prefix, answer_verb, a, "is", are, tee, answer, example, advanced, qr_key, lighter_bg) VALUES (8, 14, NULL, 'are the', 'subjective pronouns', 'the', 'are', 0, 0, 1, 1, 'I, you, he / she / it; we, you, they', '', NULL, 281, 1);
INSERT INTO english (id, cw, run, prompt_prefix, prompt, answer_prefix, answer_verb, a, "is", are, tee, answer, example, advanced, qr_key, lighter_bg) VALUES (9, 14, NULL, 'are the', 'objective pronouns', 'the', 'are', 0, 0, 1, 1, 'me, you, him / her / it; us, you, them', '', NULL, 282, 1);
INSERT INTO english (id, cw, run, prompt_prefix, prompt, answer_prefix, answer_verb, a, "is", are, tee, answer, example, advanced, qr_key, lighter_bg) VALUES (10, 15, NULL, 'are the', 'possessive pronouns', 'the', 'are', 0, 0, 1, 1, 'mine, yours, his / hers / its; ours, yours, theirs', NULL, NULL, 283, 0);
INSERT INTO english (id, cw, run, prompt_prefix, prompt, answer_prefix, answer_verb, a, "is", are, tee, answer, example, advanced, qr_key, lighter_bg) VALUES (11, 15, NULL, 'are the', 'reflexive pronouns', 'the', 'are', 0, 0, 1, 1, 'myself, yourself, him/her/itself; ourselves, yourselves, themselves', NULL, NULL, 284, 0);
INSERT INTO english (id, cw, run, prompt_prefix, prompt, answer_prefix, answer_verb, a, "is", are, tee, answer, example, advanced, qr_key, lighter_bg) VALUES (12, 18, 2, 'are the', 'demonstrative pronouns', 'the', 'are', 0, 0, 1, 0, 'this, that, these, those', NULL, NULL, 285, 0);
INSERT INTO english (id, cw, run, prompt_prefix, prompt, answer_prefix, answer_verb, a, "is", are, tee, answer, example, advanced, qr_key, lighter_bg) VALUES (13, 19, NULL, 'are the', 'interrogative pronouns', 'the', 'are', 0, 0, 1, 0, 'who, whom, whose, which, what', '', 'and: whoever, whomever, whosever, whichever, whatever', 286, 1);
INSERT INTO english (id, cw, run, prompt_prefix, prompt, answer_prefix, answer_verb, a, "is", are, tee, answer, example, advanced, qr_key, lighter_bg) VALUES (14, 19, NULL, 'are the', 'relative pronouns', 'the', 'are', 0, 0, 1, 0, 'who, whom, whose, which, that', NULL, NULL, 287, 0);
INSERT INTO english (id, cw, run, prompt_prefix, prompt, answer_prefix, answer_verb, a, "is", are, tee, answer, example, advanced, qr_key, lighter_bg) VALUES (15, 18, 2, 'are some', 'indefinite pronouns', 'some', 'are', 0, 0, 1, 0, 'all, another, any, anybody, anyone, anything, both, each, either, enough, everybody, everyone, everything, few, fewer, less, little, many, more, most, much, neither, nobody, none, nothing, one, other, others, several, some, somebody, someone, something, such', NULL, NULL, 288, 1);

-- Table: enrollment
DROP TABLE IF EXISTS enrollment;
CREATE TABLE enrollment (id INTEGER PRIMARY KEY AUTOINCREMENT, student INTEGER REFERENCES person (id) ON DELETE CASCADE ON UPDATE CASCADE, grade INTEGER, program INTEGER REFERENCES program (id) ON DELETE RESTRICT ON UPDATE CASCADE, subject INTEGER REFERENCES subject (id) ON DELETE CASCADE ON UPDATE CASCADE, academic_year INTEGER REFERENCES academic_year (id) ON DELETE RESTRICT ON UPDATE CASCADE);
INSERT INTO enrollment (id, student, grade, program, subject, academic_year) VALUES (1, 1, 9, 3, 0, 1);
INSERT INTO enrollment (id, student, grade, program, subject, academic_year) VALUES (2, 2, 7, 3, 0, 1);
INSERT INTO enrollment (id, student, grade, program, subject, academic_year) VALUES (3, 3, 5, 2, 0, 1);
INSERT INTO enrollment (id, student, grade, program, subject, academic_year) VALUES (4, 4, 2, 1, 0, 1);
INSERT INTO enrollment (id, student, grade, program, subject, academic_year) VALUES (5, 5, 8, 3, 0, 1);
INSERT INTO enrollment (id, student, grade, program, subject, academic_year) VALUES (6, 6, 9, 3, 0, 1);
INSERT INTO enrollment (id, student, grade, program, subject, academic_year) VALUES (7, 13, 8, 3, 0, 1);
INSERT INTO enrollment (id, student, grade, program, subject, academic_year) VALUES (8, 14, 7, 3, 0, 1);
INSERT INTO enrollment (id, student, grade, program, subject, academic_year) VALUES (9, 15, 5, 2, 0, 1);
INSERT INTO enrollment (id, student, grade, program, subject, academic_year) VALUES (10, 18, 5, 2, 0, 1);
INSERT INTO enrollment (id, student, grade, program, subject, academic_year) VALUES (11, 19, 2, 1, 0, 1);
INSERT INTO enrollment (id, student, grade, program, subject, academic_year) VALUES (12, 22, 9, 3, 0, 1);
INSERT INTO enrollment (id, student, grade, program, subject, academic_year) VALUES (13, 23, 7, 3, 0, 1);
INSERT INTO enrollment (id, student, grade, program, subject, academic_year) VALUES (14, 26, 9, 3, 0, 1);
INSERT INTO enrollment (id, student, grade, program, subject, academic_year) VALUES (15, 27, 7, 3, 0, 1);
INSERT INTO enrollment (id, student, grade, program, subject, academic_year) VALUES (16, 30, 7, 3, 0, 1);
INSERT INTO enrollment (id, student, grade, program, subject, academic_year) VALUES (17, 31, 5, 2, 0, 1);
INSERT INTO enrollment (id, student, grade, program, subject, academic_year) VALUES (18, 32, 3, 1, 0, 1);
INSERT INTO enrollment (id, student, grade, program, subject, academic_year) VALUES (19, 33, 0, 1, 0, 1);
INSERT INTO enrollment (id, student, grade, program, subject, academic_year) VALUES (20, 36, 5, 2, 0, 1);
INSERT INTO enrollment (id, student, grade, program, subject, academic_year) VALUES (21, 37, 3, 1, 0, 1);
INSERT INTO enrollment (id, student, grade, program, subject, academic_year) VALUES (22, 38, 1, 1, 0, 1);
INSERT INTO enrollment (id, student, grade, program, subject, academic_year) VALUES (23, 41, 4, 2, 0, 1);
INSERT INTO enrollment (id, student, grade, program, subject, academic_year) VALUES (24, 42, 2, 1, 0, 1);
INSERT INTO enrollment (id, student, grade, program, subject, academic_year) VALUES (25, 43, 1, 1, 0, 1);
INSERT INTO enrollment (id, student, grade, program, subject, academic_year) VALUES (26, 44, 0, 1, 0, 1);
INSERT INTO enrollment (id, student, grade, program, subject, academic_year) VALUES (28, 48, 0, 1, 0, 1);
INSERT INTO enrollment (id, student, grade, program, subject, academic_year) VALUES (29, 52, 0, 1, 0, 1);
INSERT INTO enrollment (id, student, grade, program, subject, academic_year) VALUES (30, 60, 9, 3, 0, 1);
INSERT INTO enrollment (id, student, grade, program, subject, academic_year) VALUES (31, 61, 9, 3, 0, 1);
INSERT INTO enrollment (id, student, grade, program, subject, academic_year) VALUES (32, 62, 7, 3, 0, 1);
INSERT INTO enrollment (id, student, grade, program, subject, academic_year) VALUES (33, 63, 5, 2, 0, 1);
INSERT INTO enrollment (id, student, grade, program, subject, academic_year) VALUES (34, 64, 4, 1, 0, 1);
INSERT INTO enrollment (id, student, grade, program, subject, academic_year) VALUES (35, 47, 4, 1, 0, 1);
INSERT INTO enrollment (id, student, grade, program, subject, academic_year) VALUES (36, 3, 5, 1, 0, 1);
INSERT INTO enrollment (id, student, grade, program, subject, academic_year) VALUES (37, 31, 5, 1, 0, 1);
INSERT INTO enrollment (id, student, grade, program, subject, academic_year) VALUES (38, 36, 5, 1, 0, 1);
INSERT INTO enrollment (id, student, grade, program, subject, academic_year) VALUES (39, 18, 5, 1, 0, 1);
INSERT INTO enrollment (id, student, grade, program, subject, academic_year) VALUES (40, 41, 4, 1, 0, 1);
INSERT INTO enrollment (id, student, grade, program, subject, academic_year) VALUES (41, 63, 5, 1, 0, 1);
INSERT INTO enrollment (id, student, grade, program, subject, academic_year) VALUES (42, 65, 8, 3, 0, 1);
INSERT INTO enrollment (id, student, grade, program, subject, academic_year) VALUES (43, 66, 7, 3, 0, 1);
INSERT INTO enrollment (id, student, grade, program, subject, academic_year) VALUES (44, 67, 5, 2, 0, 1);
INSERT INTO enrollment (id, student, grade, program, subject, academic_year) VALUES (45, 67, 5, 1, 0, 1);
INSERT INTO enrollment (id, student, grade, program, subject, academic_year) VALUES (46, 69, 4, 1, 0, 1);
INSERT INTO enrollment (id, student, grade, program, subject, academic_year) VALUES (47, 69, 4, 2, 0, 1);
INSERT INTO enrollment (id, student, grade, program, subject, academic_year) VALUES (48, 68, 3, 1, 0, 1);
INSERT INTO enrollment (id, student, grade, program, subject, academic_year) VALUES (49, 70, 2, 1, 0, 1);
INSERT INTO enrollment (id, student, grade, program, subject, academic_year) VALUES (50, 73, 0, 1, 0, 1);

-- Table: enrollment_cost_DEPRECATE
DROP TABLE IF EXISTS enrollment_cost_DEPRECATE;
CREATE TABLE enrollment_cost_DEPRECATE (enrollment INTEGER REFERENCES enrollment (id) ON DELETE CASCADE ON UPDATE CASCADE, cost INTEGER REFERENCES cost (id) ON DELETE CASCADE ON UPDATE CASCADE);

-- Table: event
DROP TABLE IF EXISTS event;
CREATE TABLE event (id INTEGER PRIMARY KEY AUTOINCREMENT, run INTEGER, cw INTEGER REFERENCES cycle_week (id) ON DELETE RESTRICT ON UPDATE CASCADE, seq INTEGER NOT NULL, subseq INTEGER, cycle_focus INTEGER REFERENCES cycle (id) ON DELETE RESTRICT ON UPDATE CASCADE, region INTEGER REFERENCES location (id) ON DELETE CASCADE ON UPDATE CASCADE, name TEXT UNIQUE NOT NULL, short_name TEXT, short_sentence TEXT, primary_sentence TEXT, secondary_sentence TEXT, keywords STRING, start_circa BOOLEAN, start INTEGER, fake_start_date INTEGER, end_circa BOOLEAN, "end" INTEGER, tie TEXT, people_group BOOLEAN DEFAULT (0), the BOOLEAN DEFAULT (0), extent INTEGER REFERENCES extent (id) ON DELETE RESTRICT ON UPDATE CASCADE, period INTEGER REFERENCES event (id) ON DELETE RESTRICT ON UPDATE CASCADE, qr_key INTEGER REFERENCES qr_key (id) ON DELETE RESTRICT ON UPDATE CASCADE UNIQUE, lighter_bg BOOLEAN);
INSERT INTO event (id, run, cw, seq, subseq, cycle_focus, region, name, short_name, short_sentence, primary_sentence, secondary_sentence, keywords, start_circa, start, fake_start_date, end_circa, "end", tie, people_group, the, extent, period, qr_key, lighter_bg) VALUES (1, NULL, 169, 1, NULL, 1, 24, 'Creation', NULL, NULL, 'In six days God created the heavens and the earth. On day one He made light and separated it from darkness. On day two He set the sky above the earth''s surface. On day three He gathered the seas from the dry land and made vegetation grow. On day four He created the sun, moon, and stars. On day five He created water creatures and birds. And on day six He created land creatures and people.', NULL, NULL, NULL, NULL, -10010, NULL, NULL, NULL, 0, 0, NULL, NULL, 51, 1);
INSERT INTO event (id, run, cw, seq, subseq, cycle_focus, region, name, short_name, short_sentence, primary_sentence, secondary_sentence, keywords, start_circa, start, fake_start_date, end_circa, "end", tie, people_group, the, extent, period, qr_key, lighter_bg) VALUES (2, NULL, 169, 2, NULL, 1, 24, 'The Fall of Man', NULL, NULL, 'Adam and Eve ate the forbidden fruit in the garden of Eden, resulting in the fall of humanity.', NULL, 'Eden', NULL, NULL, -10009, NULL, NULL, NULL, 0, 0, NULL, NULL, 189, NULL);
INSERT INTO event (id, run, cw, seq, subseq, cycle_focus, region, name, short_name, short_sentence, primary_sentence, secondary_sentence, keywords, start_circa, start, fake_start_date, end_circa, "end", tie, people_group, the, extent, period, qr_key, lighter_bg) VALUES (3, NULL, 169, 3, NULL, 1, 24, 'The Flood', NULL, NULL, 'By faith, Noah obeyed God, built an ark, and saved his family from the great flood.', NULL, 'ark, Noah', NULL, NULL, -10008, NULL, NULL, NULL, 0, 0, NULL, NULL, 190, NULL);
INSERT INTO event (id, run, cw, seq, subseq, cycle_focus, region, name, short_name, short_sentence, primary_sentence, secondary_sentence, keywords, start_circa, start, fake_start_date, end_circa, "end", tie, people_group, the, extent, period, qr_key, lighter_bg) VALUES (4, NULL, 169, 4, NULL, 1, 3, 'Tower of Babel', NULL, NULL, 'Everyone settled in Shinar and proudly built a tower, but God scattered them abroad.', NULL, 'Shinar', NULL, NULL, -10007, NULL, NULL, NULL, 0, 0, NULL, NULL, 194, NULL);
INSERT INTO event (id, run, cw, seq, subseq, cycle_focus, region, name, short_name, short_sentence, primary_sentence, secondary_sentence, keywords, start_circa, start, fake_start_date, end_circa, "end", tie, people_group, the, extent, period, qr_key, lighter_bg) VALUES (5, NULL, 169, 5, NULL, 1, 3, 'Sumerians', NULL, NULL, 'Sumerians are famous for their ziggurats, wheeled transportation, invention of the abacus, and story of Gilgamesh.', 'They founded farming, trading, and cuneiform writing in Southern Mesopotamia.', 'ziggurats, abacus, Gilgamesh, cuneiform writing', 1, -4000, NULL, 1, -1700, NULL, 1, 0, 1, NULL, 185, NULL);
INSERT INTO event (id, run, cw, seq, subseq, cycle_focus, region, name, short_name, short_sentence, primary_sentence, secondary_sentence, keywords, start_circa, start, fake_start_date, end_circa, "end", tie, people_group, the, extent, period, qr_key, lighter_bg) VALUES (6, NULL, 169, 6, NULL, 1, 35, 'Egyptians', NULL, NULL, 'Ancient Egyptians are famous for their pyramids, hieroglyphic writing, and elaborate art.', 'They farmed along the Nile River and developed algebra, geometry, engineering, and building techniques.', 'pyramids, hieroglyphic writing', 1, -3100, NULL, 1, -500, NULL, 1, 0, 2, NULL, 63, NULL);
INSERT INTO event (id, run, cw, seq, subseq, cycle_focus, region, name, short_name, short_sentence, primary_sentence, secondary_sentence, keywords, start_circa, start, fake_start_date, end_circa, "end", tie, people_group, the, extent, period, qr_key, lighter_bg) VALUES (7, NULL, 169, 7, NULL, 1, 52, 'Elamites & Aryan Tribes', NULL, NULL, 'Elamites and many tribal groups like Medes, Parthians, and Persians wandered and settled the land southeast of Mesopotamia.', NULL, 'Medes, Parthians, Persians, Mesopotamia', 1, -3000, NULL, NULL, NULL, NULL, 1, 0, NULL, NULL, 64, NULL);
INSERT INTO event (id, run, cw, seq, subseq, cycle_focus, region, name, short_name, short_sentence, primary_sentence, secondary_sentence, keywords, start_circa, start, fake_start_date, end_circa, "end", tie, people_group, the, extent, period, qr_key, lighter_bg) VALUES (8, NULL, 170, 1, NULL, 1, 41, 'Phoenicians & Canaanites', NULL, NULL, 'Phoenicians were Eastern Mediterranean seafaring traders, ship-builders, and dye-makers.', NULL, 'seafaring traders, ship-builders, dye-makers', 1, -3000, NULL, 0, -539, NULL, 1, 0, NULL, NULL, 159, NULL);
INSERT INTO event (id, run, cw, seq, subseq, cycle_focus, region, name, short_name, short_sentence, primary_sentence, secondary_sentence, keywords, start_circa, start, fake_start_date, end_circa, "end", tie, people_group, the, extent, period, qr_key, lighter_bg) VALUES (9, NULL, 170, 2, NULL, 1, 23, 'Indus Valley Civilization', NULL, NULL, 'Ancient Indus Valley civilization was known for its baked brick houses, advanced water systems, and metallurgy.', NULL, 'baked brick houses', 1, -3000, NULL, 1, -1300, NULL, 1, 0, NULL, NULL, 95, NULL);
INSERT INTO event (id, run, cw, seq, subseq, cycle_focus, region, name, short_name, short_sentence, primary_sentence, secondary_sentence, keywords, start_circa, start, fake_start_date, end_circa, "end", tie, people_group, the, extent, period, qr_key, lighter_bg) VALUES (10, NULL, 170, 3, NULL, 2, 37, 'Minoans & Mycenaeans', NULL, NULL, 'The Minoans on Crete created great palaces and art. The Mycenaeans founded Greek civilization and legend.', NULL, 'Crete, Greek', 1, -2700, NULL, 1, -1100, NULL, 1, 0, NULL, NULL, 136, NULL);
INSERT INTO event (id, run, cw, seq, subseq, cycle_focus, region, name, short_name, short_sentence, primary_sentence, secondary_sentence, keywords, start_circa, start, fake_start_date, end_circa, "end", tie, people_group, the, extent, period, qr_key, lighter_bg) VALUES (11, NULL, 170, 4, NULL, 1, 50, 'Amorites', NULL, NULL, 'The Amorites were semi-nomadic people who dwelt from Mesopotamia to the Mediterranean.', NULL, 'Mesopotamia', 1, -2400, NULL, 1, -1600, NULL, 1, NULL, NULL, NULL, 13, NULL);
INSERT INTO event (id, run, cw, seq, subseq, cycle_focus, region, name, short_name, short_sentence, primary_sentence, secondary_sentence, keywords, start_circa, start, fake_start_date, end_circa, "end", tie, people_group, the, extent, period, qr_key, lighter_bg) VALUES (12, NULL, 170, 5, NULL, 1, 3, 'Akkadian Empire', NULL, NULL, 'The brief Akkadian Empire began with the legendary King Uruk and Sargon the Great, and fell to famine and invasion.', NULL, 'Akkad, Akkadian, Uruk, Sargon', 1, -2334, NULL, 1, -2150, NULL, 0, 0, NULL, NULL, 7, NULL);
INSERT INTO event (id, run, cw, seq, subseq, cycle_focus, region, name, short_name, short_sentence, primary_sentence, secondary_sentence, keywords, start_circa, start, fake_start_date, end_circa, "end", tie, people_group, the, extent, period, qr_key, lighter_bg) VALUES (13, NULL, 170, 6, NULL, 1, 41, 'Israelites', NULL, NULL, 'Israel began when God called Abram from Ur, in Sumer, to Canaan. Descendants of Isaac and Jacob became the tribes of Israel.', 'These tribes included Levi, Judah, Naphtali, Ephraim, and Benjamin.', 'Abraham, Ur, Sumer, Canaan, Isasc, Jacob, Levi, Judah, Naphtali, Ephraim, Benjamin', 1, -2100, NULL, 0, -63, NULL, 1, NULL, NULL, NULL, 102, NULL);
INSERT INTO event (id, run, cw, seq, subseq, cycle_focus, region, name, short_name, short_sentence, primary_sentence, secondary_sentence, keywords, start_circa, start, fake_start_date, end_circa, "end", tie, people_group, the, extent, period, qr_key, lighter_bg) VALUES (14, NULL, 170, 7, NULL, 1, 3, 'Assyrians', NULL, NULL, 'Ancient Assyrian merchants traded, became wealthy, and then engaged with the most powerful Mesopotamian empires for millennia.', NULL, 'Mesopotamia', 1, -1900, NULL, 0, -612, NULL, 1, NULL, NULL, NULL, 17, NULL);
INSERT INTO event (id, run, cw, seq, subseq, cycle_focus, region, name, short_name, short_sentence, primary_sentence, secondary_sentence, keywords, start_circa, start, fake_start_date, end_circa, "end", tie, people_group, the, extent, period, qr_key, lighter_bg) VALUES (15, NULL, 171, 1, NULL, 1, 3, 'Hammurabi''s Babylonian Empire', NULL, NULL, 'Hammurabi, who was an Amorite, united all of Mesopotamia into the first Babylonian Empire through diplomacy, war, and the Code of Hammurabi.', NULL, 'Amorite, Mesopotamia, Code', 1, -1795, NULL, 1, -1750, NULL, 0, NULL, NULL, NULL, 84, NULL);
INSERT INTO event (id, run, cw, seq, subseq, cycle_focus, region, name, short_name, short_sentence, primary_sentence, secondary_sentence, keywords, start_circa, start, fake_start_date, end_circa, "end", tie, people_group, the, extent, period, qr_key, lighter_bg) VALUES (16, NULL, 171, 2, NULL, 1, 35, 'Hyksos conquer Egypt', NULL, NULL, 'The Hyksos conquered Egypt, ending Egypt’s “Middle Kingdom”, known as the “Classical Age” of Egypt.', NULL, 'Middle Kingdom, Classical Age', 1, -1750, NULL, NULL, NULL, NULL, 0, NULL, NULL, NULL, 92, NULL);
INSERT INTO event (id, run, cw, seq, subseq, cycle_focus, region, name, short_name, short_sentence, primary_sentence, secondary_sentence, keywords, start_circa, start, fake_start_date, end_circa, "end", tie, people_group, the, extent, period, qr_key, lighter_bg) VALUES (17, NULL, 171, 3, NULL, 1, 26, 'Hittites', NULL, NULL, 'The Hittites, descendants of Noah''s son Ham, ruled Asia Minor and periodically conquered lands as far south as Mesopotamia and Egypt.', NULL, 'Ham, Asia Minor, Mesopotamia, Egypt', 1, -1700, NULL, 1, -1200, NULL, 1, NULL, NULL, NULL, 88, NULL);
INSERT INTO event (id, run, cw, seq, subseq, cycle_focus, region, name, short_name, short_sentence, primary_sentence, secondary_sentence, keywords, start_circa, start, fake_start_date, end_circa, "end", tie, people_group, the, extent, period, qr_key, lighter_bg) VALUES (18, NULL, 171, 4, NULL, 1, 23, 'Hinduism established', NULL, NULL, 'Hinduism is a variety of beliefs about the "Oneness" expressing itself in many forms. It evolved from ancient India and is represented in the Vedas, Upanishads, and Bhagavad Gita.', NULL, 'Oneness, India, Vedas, Upanishads, Bhagavad Gita', 1, -1700, NULL, NULL, NULL, NULL, NULL, NULL, NULL, NULL, 87, 1);
INSERT INTO event (id, run, cw, seq, subseq, cycle_focus, region, name, short_name, short_sentence, primary_sentence, secondary_sentence, keywords, start_circa, start, fake_start_date, end_circa, "end", tie, people_group, the, extent, period, qr_key, lighter_bg) VALUES (19, NULL, 171, 5, NULL, 1, 39, 'Shang Dynasty', NULL, NULL, 'The Shang Dynasty marked the origin of Chinese culture. Writing, bronze casting, and distinctive religious rituals and art emerged.', NULL, 'China', 1, -1600, NULL, NULL, -1046, NULL, NULL, NULL, NULL, NULL, 175, NULL);
INSERT INTO event (id, run, cw, seq, subseq, cycle_focus, region, name, short_name, short_sentence, primary_sentence, secondary_sentence, keywords, start_circa, start, fake_start_date, end_circa, "end", tie, people_group, the, extent, period, qr_key, lighter_bg) VALUES (20, NULL, 171, 6, NULL, 1, 35, '"New Kingdom" of Egypt', NULL, NULL, 'Egyptians drove out the Hyksos and Nubians under Ahmose I to begin a 500 year period of famous culture, pharaohs, and great pyramids.', NULL, 'Hyksos, Nubia, Ahmose, pharaohs, pyramids', 1, -1570, NULL, NULL, -1069, NULL, 0, NULL, NULL, NULL, 4, NULL);
INSERT INTO event (id, run, cw, seq, subseq, cycle_focus, region, name, short_name, short_sentence, primary_sentence, secondary_sentence, keywords, start_circa, start, fake_start_date, end_circa, "end", tie, people_group, the, extent, period, qr_key, lighter_bg) VALUES (21, NULL, 172, 1, NULL, 1, 41, 'Moses and Israel’s Exodus', NULL, NULL, 'Moses, an Israelite, was raised up under Pharaoh''s household until he fled to Midian, where God called him to participate in the Plagues and the freeing of Israel from Egypt.', NULL, 'Midian, plagues, Egypt', 1, -1290, NULL, NULL, NULL, NULL, 0, NULL, NULL, NULL, 140, NULL);
INSERT INTO event (id, run, cw, seq, subseq, cycle_focus, region, name, short_name, short_sentence, primary_sentence, secondary_sentence, keywords, start_circa, start, fake_start_date, end_circa, "end", tie, people_group, the, extent, period, qr_key, lighter_bg) VALUES (22, NULL, 172, 2, NULL, 1, 41, 'Israel occupies Canaan', NULL, NULL, 'Israel, led by Joshua, invaded Canaan lands after spending forty years in the Sinai desert following their Exodus from Egypt.', NULL, 'Joshua, Sinai, desert, exodus, Egypt', 1, -1250, NULL, NULL, NULL, NULL, NULL, NULL, NULL, NULL, 100, NULL);
INSERT INTO event (id, run, cw, seq, subseq, cycle_focus, region, name, short_name, short_sentence, primary_sentence, secondary_sentence, keywords, start_circa, start, fake_start_date, end_circa, "end", tie, people_group, the, extent, period, qr_key, lighter_bg) VALUES (23, NULL, 171, 7, NULL, 2, 37, 'Trojan War', NULL, NULL, 'The Trojan War, made famous in Homer’s Iliad, pitted the Mycenaean Greeks against the Hittites in ten years of war, ending in the epic siege of Troy.', NULL, 'Homer, Iliad, Mycenea, Greek, Hittite, Troy', 1, -1334, NULL, NULL, NULL, NULL, NULL, NULL, NULL, NULL, 195, NULL);
INSERT INTO event (id, run, cw, seq, subseq, cycle_focus, region, name, short_name, short_sentence, primary_sentence, secondary_sentence, keywords, start_circa, start, fake_start_date, end_circa, "end", tie, people_group, the, extent, period, qr_key, lighter_bg) VALUES (24, NULL, 172, 3, NULL, 3, 32, 'Mayan Olmec Civilization', NULL, NULL, 'Olmec Civilization, known for giant sculptures and vast architectures, was the first of the Mayan Civilizations.', NULL, NULL, 1, -1200, NULL, 1, -400, NULL, 1, NULL, NULL, NULL, 131, NULL);
INSERT INTO event (id, run, cw, seq, subseq, cycle_focus, region, name, short_name, short_sentence, primary_sentence, secondary_sentence, keywords, start_circa, start, fake_start_date, end_circa, "end", tie, people_group, the, extent, period, qr_key, lighter_bg) VALUES (25, NULL, 172, 4, NULL, 2, 37, 'Greek Dark Ages', NULL, NULL, 'The Greek Dark Ages began with the fall of the Mycenaean civilization, after which writing was abandoned, so we have no record of 300 years of Greek life.', NULL, 'Mycenae', 1, -1100, NULL, 1, -800, NULL, NULL, NULL, NULL, NULL, 80, NULL);
INSERT INTO event (id, run, cw, seq, subseq, cycle_focus, region, name, short_name, short_sentence, primary_sentence, secondary_sentence, keywords, start_circa, start, fake_start_date, end_circa, "end", tie, people_group, the, extent, period, qr_key, lighter_bg) VALUES (26, NULL, 172, 5, NULL, 1, 41, 'Israel''s United Kingdom', NULL, NULL, 'Israel’s united kingdom prospered under Kings Saul, David, and Solomon, following Israel’s early years under judges like Deborah, Gideon, Samson, and Samuel.', '', 'Saul, David, Solomon', 1, -1080, NULL, 1, -930, NULL, NULL, NULL, NULL, NULL, 101, NULL);
INSERT INTO event (id, run, cw, seq, subseq, cycle_focus, region, name, short_name, short_sentence, primary_sentence, secondary_sentence, keywords, start_circa, start, fake_start_date, end_circa, "end", tie, people_group, the, extent, period, qr_key, lighter_bg) VALUES (27, NULL, 172, 6, NULL, 1, 13, 'Kingdom of Kush', NULL, NULL, 'The Kush mined gold in Nubia, fueling trade and cultural interaction with Egyptians, which shaped the future civilizations of the region.', NULL, 'gold, Egypt', 1, -1070, NULL, 0, 350, NULL, NULL, NULL, NULL, NULL, 117, NULL);
INSERT INTO event (id, run, cw, seq, subseq, cycle_focus, region, name, short_name, short_sentence, primary_sentence, secondary_sentence, keywords, start_circa, start, fake_start_date, end_circa, "end", tie, people_group, the, extent, period, qr_key, lighter_bg) VALUES (28, NULL, 172, 7, NULL, 1, 41, 'Israel & Judah divide', NULL, NULL, 'Israel divided into two kingdoms after Solomon: Judah in the South, led by Solomon’s son Rehoboam, and Israel in the North, led by Jeroboam.', NULL, 'Judah, Solomon, Rehoboam, Israel, Jeroboam', 1, -930, NULL, NULL, NULL, NULL, NULL, NULL, NULL, NULL, 99, NULL);
INSERT INTO event (id, run, cw, seq, subseq, cycle_focus, region, name, short_name, short_sentence, primary_sentence, secondary_sentence, keywords, start_circa, start, fake_start_date, end_circa, "end", tie, people_group, the, extent, period, qr_key, lighter_bg) VALUES (29, NULL, 173, 2, NULL, 1, 41, 'Elijah faces prophets of Baal', NULL, NULL, 'Elijah built an altar to God, who lit the sacrifice, Himself, with heavenly fire, putting the prophets of Baal to shame.', NULL, NULL, 1, -870, NULL, 1, -850, NULL, NULL, NULL, NULL, NULL, 65, NULL);
INSERT INTO event (id, run, cw, seq, subseq, cycle_focus, region, name, short_name, short_sentence, primary_sentence, secondary_sentence, keywords, start_circa, start, fake_start_date, end_circa, "end", tie, people_group, the, extent, period, qr_key, lighter_bg) VALUES (30, NULL, 173, 3, NULL, 2, 37, 'Homer & Hesiod', NULL, NULL, 'Homer was the legendary Greek poet who wrote Odyssey and Iliad, tending to focus on heroes, virtue, and might.  His contemporary, Hesiod, focused on honesty and common work, by contrast.', NULL, 'Odyssey, Iliad, Greek', 1, -800, NULL, 1, -700, NULL, NULL, NULL, NULL, NULL, 89, NULL);
INSERT INTO event (id, run, cw, seq, subseq, cycle_focus, region, name, short_name, short_sentence, primary_sentence, secondary_sentence, keywords, start_circa, start, fake_start_date, end_circa, "end", tie, people_group, the, extent, period, qr_key, lighter_bg) VALUES (31, NULL, 173, 4, NULL, 2, 30, 'Romulus & Remus found Rome', NULL, NULL, 'Romulus and Remus, legendary twin founders of Rome, were allegedly sons of Mars, the god of war, and were raised by a wolf after they were abandoned by their uncle.', NULL, NULL, 1, -753, NULL, NULL, NULL, NULL, NULL, NULL, NULL, NULL, 169, 1);
INSERT INTO event (id, run, cw, seq, subseq, cycle_focus, region, name, short_name, short_sentence, primary_sentence, secondary_sentence, keywords, start_circa, start, fake_start_date, end_circa, "end", tie, people_group, the, extent, period, qr_key, lighter_bg) VALUES (32, NULL, 173, 1, NULL, 1, 50, 'Neo-Assyrian Empire', NULL, NULL, 'The Neo-Assyrian Empire dominated the Fertile Crescent and Egypt, and Sargon II conquered the northern kingdom of Israel, but Judah alone resisted.', 'Sargon II conquered Israel in 722 BC.  His son, Sennacherib, ruthlessly attacked and expanded, and claims to have bested Judah, but other sources, including the Bible, contradict that account. Ashurbanipal was the last great king of Assyria.', 'Sargon II, Israel, Judah', 0, -912, NULL, 0, -612, NULL, NULL, NULL, NULL, NULL, 146, NULL);
INSERT INTO event (id, run, cw, seq, subseq, cycle_focus, region, name, short_name, short_sentence, primary_sentence, secondary_sentence, keywords, start_circa, start, fake_start_date, end_circa, "end", tie, people_group, the, extent, period, qr_key, lighter_bg) VALUES (33, NULL, 173, 6, NULL, 1, 40, 'Jeremiah prophesies', NULL, NULL, 'Jeremiah prophesied Judah''s fall and the rise of the New Covenant in Jesus, in which God would write the law on our hearts.', NULL, NULL, 1, -627, NULL, 1, -582, NULL, NULL, NULL, NULL, NULL, 106, 1);
INSERT INTO event (id, run, cw, seq, subseq, cycle_focus, region, name, short_name, short_sentence, primary_sentence, secondary_sentence, keywords, start_circa, start, fake_start_date, end_circa, "end", tie, people_group, the, extent, period, qr_key, lighter_bg) VALUES (34, NULL, 173, 7, NULL, 1, 50, 'Babylon conquers Assyria', NULL, NULL, 'Babylon sacked Nineveh and quickly followed by destroying other Assyrian cities, wiping out Assyrian rule in a mere seven years.', NULL, NULL, 0, -612, NULL, 0, -605, NULL, NULL, NULL, NULL, NULL, 25, NULL);
INSERT INTO event (id, run, cw, seq, subseq, cycle_focus, region, name, short_name, short_sentence, primary_sentence, secondary_sentence, keywords, start_circa, start, fake_start_date, end_circa, "end", tie, people_group, the, extent, period, qr_key, lighter_bg) VALUES (35, NULL, 174, 1, NULL, 1, 33, 'Babylon sacks Jerusalem', NULL, NULL, 'Babylon, under Nebuchadnezzar II, sacked Jerusalem, destroyed the temple, and exiled Judahite leaders to Babylon.', NULL, 'Nebuchadnezzar II, temple, exile', 0, -598, NULL, 0, -582, NULL, NULL, NULL, NULL, NULL, 26, NULL);
INSERT INTO event (id, run, cw, seq, subseq, cycle_focus, region, name, short_name, short_sentence, primary_sentence, secondary_sentence, keywords, start_circa, start, fake_start_date, end_circa, "end", tie, people_group, the, extent, period, qr_key, lighter_bg) VALUES (36, NULL, 174, 2, NULL, 1, 49, 'Cyrus II & the First Persian Empire', 'Cyrus II', 'Cyrus the second and the First Persian Empire conquered the Babylonians and let the Jews return to Jerusalem.', 'Cyrus the Great led the First Persian Empire, conquering the Babylonians and others.  He’s famous for humanitarian technology, religious tolerance, and letting the Jews return to rebuild the temple.', 'Persia dominated the region under Cyrus, Darius, and Xerxes.', 'Babylon, temple, Jerusalem', 0, -550, NULL, 0, -530, NULL, NULL, NULL, NULL, NULL, 53, 1);
INSERT INTO event (id, run, cw, seq, subseq, cycle_focus, region, name, short_name, short_sentence, primary_sentence, secondary_sentence, keywords, start_circa, start, fake_start_date, end_circa, "end", tie, people_group, the, extent, period, qr_key, lighter_bg) VALUES (37, NULL, 173, 5, NULL, 1, 40, 'Isaiah prophesies', NULL, NULL, 'Isaiah prophesied against the deaf ears and meaningless sacrifices of God''s people, and predicted salvation and restoration.', NULL, NULL, 0, -750, NULL, 0, -695, NULL, NULL, NULL, NULL, NULL, 98, NULL);
INSERT INTO event (id, run, cw, seq, subseq, cycle_focus, region, name, short_name, short_sentence, primary_sentence, secondary_sentence, keywords, start_circa, start, fake_start_date, end_circa, "end", tie, people_group, the, extent, period, qr_key, lighter_bg) VALUES (38, NULL, 174, 3, NULL, 1, 33, 'Judahites return to Jerusalem', NULL, NULL, 'Judahites exiled by Nebuchadnezzar were allowed to return to Jerusalem under Cyrus and Darius, where they rebuilt a smaller version of the temple and city walls.', NULL, 'Nebuchadnezzar, Cyrus, Darius, temple, Persia', 0, -538, NULL, 0, -516, NULL, NULL, NULL, NULL, NULL, 112, NULL);
INSERT INTO event (id, run, cw, seq, subseq, cycle_focus, region, name, short_name, short_sentence, primary_sentence, secondary_sentence, keywords, start_circa, start, fake_start_date, end_circa, "end", tie, people_group, the, extent, period, qr_key, lighter_bg) VALUES (39, NULL, 174, 4, NULL, 2, 25, 'Roman Republic', NULL, NULL, 'The Roman Republic began when King Superbus was ousted and a senate was elected to lead the people, but numerous wars and civil crises plagued the Republic until Caesar and the Triumvirate nudged it into a dictatorship.', 'Romans defended themselves in the Samnite wars, forged peace with Senones, Etruscans, & Celts, eventually partook in the Punic Wars with Carthage.', 'patricians, plebians', 1, -510, NULL, 0, -44, NULL, NULL, NULL, NULL, NULL, 166, NULL);
INSERT INTO event (id, run, cw, seq, subseq, cycle_focus, region, name, short_name, short_sentence, primary_sentence, secondary_sentence, keywords, start_circa, start, fake_start_date, end_circa, "end", tie, people_group, the, extent, period, qr_key, lighter_bg) VALUES (40, NULL, 174, 5, NULL, 3, 32, 'Zapotec Civilization', NULL, NULL, 'The Zapotecs farmed and mined obsidian in the highlands, and traded with the Olmec, Teotihuacan, and other Mayan populations.', NULL, 'Olmec, Teotihuacan, Mayan', 1, -500, NULL, 1, 900, NULL, NULL, NULL, NULL, NULL, 207, 1);
INSERT INTO event (id, run, cw, seq, subseq, cycle_focus, region, name, short_name, short_sentence, primary_sentence, secondary_sentence, keywords, start_circa, start, fake_start_date, end_circa, "end", tie, people_group, the, extent, period, qr_key, lighter_bg) VALUES (41, NULL, 174, 6, NULL, 1, 39, 'Taoism, Confucianism, & Buddhism', NULL, NULL, 'Lau-Tsu founded Taoism, exalting simplicity & ignorance as the way of virtue. Confucius taught practical morality & ethics through obedience & respect. Siddhartha Gautama founded Buddhism on the Four Noble Truths & nirvana, emphasizing simplicity & meditation.', NULL, 'Lau-Tsu, virtue, Siddhartha Gautama, Four Noble Truths, nirvana', 1, -500, NULL, NULL, NULL, NULL, NULL, NULL, NULL, NULL, 186, NULL);
INSERT INTO event (id, run, cw, seq, subseq, cycle_focus, region, name, short_name, short_sentence, primary_sentence, secondary_sentence, keywords, start_circa, start, fake_start_date, end_circa, "end", tie, people_group, the, extent, period, qr_key, lighter_bg) VALUES (42, NULL, 174, 7, NULL, 2, 37, 'Golden Age of Greece', NULL, NULL, 'Greek statesmen, philosophers, poets, and heros like Pericles, Euripides, Socrates, and Plato established the Greek roots of Western culture for millenia to come.', NULL, 'Pericles, Euripides, Socrates, Plato', 0, -479, NULL, 0, -404, NULL, NULL, NULL, NULL, NULL, 78, NULL);
INSERT INTO event (id, run, cw, seq, subseq, cycle_focus, region, name, short_name, short_sentence, primary_sentence, secondary_sentence, keywords, start_circa, start, fake_start_date, end_circa, "end", tie, people_group, the, extent, period, qr_key, lighter_bg) VALUES (43, NULL, 175, 1, NULL, 2, 37, 'Peloponnesian War', NULL, NULL, 'The Peloponnesian War was fought between Athens, Sparta, and others over resources and Aegean power.', NULL, 'Athens, Sparta, Aegean, Mycenae', 0, -460, NULL, 0, -404, NULL, NULL, NULL, NULL, NULL, 156, NULL);
INSERT INTO event (id, run, cw, seq, subseq, cycle_focus, region, name, short_name, short_sentence, primary_sentence, secondary_sentence, keywords, start_circa, start, fake_start_date, end_circa, "end", tie, people_group, the, extent, period, qr_key, lighter_bg) VALUES (44, NULL, 175, 2, NULL, 1, 49, 'Alexander the Great conquers Persia', NULL, NULL, 'Alexander the Great conquered Persia, Egypt, Greece, and India. He’s famous for his mystic birth and his study under Aristotle, and for triggering the Hellenistic Period.', NULL, 'Egypt, Greece, India, Aristotle, Hellenistic', 0, -356, NULL, 0, -323, NULL, NULL, NULL, NULL, NULL, 9, NULL);
INSERT INTO event (id, run, cw, seq, subseq, cycle_focus, region, name, short_name, short_sentence, primary_sentence, secondary_sentence, keywords, start_circa, start, fake_start_date, end_circa, "end", tie, people_group, the, extent, period, qr_key, lighter_bg) VALUES (45, NULL, 175, 3, NULL, 2, 24, 'Hellenistic Period', NULL, NULL, 'The Hellenistic Period was 300 years of Greek culture explosion from Greece to India & Africa, through the empires of Antigonus, Seleucus, & Ptolemy. Aristotle, Archimedes, & Euclid were Hellenist headliners.', 'Wars of the Diadochi, Punic Wars, and Seleucid–Parthian Wars marked the Hellenistic Period.', NULL, 0, -323, NULL, 0, 31, NULL, NULL, NULL, NULL, NULL, 86, 1);
INSERT INTO event (id, run, cw, seq, subseq, cycle_focus, region, name, short_name, short_sentence, primary_sentence, secondary_sentence, keywords, start_circa, start, fake_start_date, end_circa, "end", tie, people_group, the, extent, period, qr_key, lighter_bg) VALUES (46, NULL, 175, 4, NULL, 1, 23, 'Mauryan Empire', NULL, NULL, 'The Mauryan Empire expanded into the void left by Alexandar the Great, broadening Buddhism''s influence and temporarily uniting India.', NULL, NULL, 0, -322, NULL, 0, -185, NULL, NULL, NULL, NULL, NULL, 130, NULL);
INSERT INTO event (id, run, cw, seq, subseq, cycle_focus, region, name, short_name, short_sentence, primary_sentence, secondary_sentence, keywords, start_circa, start, fake_start_date, end_circa, "end", tie, people_group, the, extent, period, qr_key, lighter_bg) VALUES (47, NULL, 175, 5, NULL, 2, 27, 'Punic Wars', NULL, NULL, 'The three Punic Wars were fought between ancient Carthage (Phoenicians, or Punics) and Rome, the weaker city whose trade was oppressed by the great Carthage.', 'Titanic commanders like Hannibal (Carthage) and Marcellus (Rome) clash, but regional early support for Rome and other factors lead to Rome''s final victory.', NULL, 0, -264, NULL, 0, -146, NULL, NULL, NULL, NULL, NULL, 161, NULL);
INSERT INTO event (id, run, cw, seq, subseq, cycle_focus, region, name, short_name, short_sentence, primary_sentence, secondary_sentence, keywords, start_circa, start, fake_start_date, end_circa, "end", tie, people_group, the, extent, period, qr_key, lighter_bg) VALUES (48, NULL, 175, 7, NULL, 2, 27, 'Rome conquers Greece', NULL, NULL, 'Rome conquered Greece at the Battle of Corinth immediately after defeating Carthage in the Punic Wars.', NULL, NULL, 0, -146, NULL, NULL, NULL, NULL, NULL, NULL, NULL, NULL, 168, NULL);
INSERT INTO event (id, run, cw, seq, subseq, cycle_focus, region, name, short_name, short_sentence, primary_sentence, secondary_sentence, keywords, start_circa, start, fake_start_date, end_circa, "end", tie, people_group, the, extent, period, qr_key, lighter_bg) VALUES (49, NULL, 176, 1, NULL, 2, 27, 'Julius Caesar', NULL, NULL, 'Julius Caesar rose to fame for his oratory and his military conquests in Spain and Gaul.  He came to power, reformed law and the calendar, and expanded Rome, but he was assassinated by his peers.', NULL, NULL, 0, -100, NULL, 0, -44, NULL, NULL, NULL, NULL, NULL, 113, NULL);
INSERT INTO event (id, run, cw, seq, subseq, cycle_focus, region, name, short_name, short_sentence, primary_sentence, secondary_sentence, keywords, start_circa, start, fake_start_date, end_circa, "end", tie, people_group, the, extent, period, qr_key, lighter_bg) VALUES (50, NULL, 176, 3, NULL, 2, 24, 'Augustus Caesar', NULL, NULL, 'Augustus (aka Octavian) violently rose to power and led the Roman Empire through a golden age of growth and prosperity.', 'He invigorated the economy, agriculture, ambitious building projects, laws to strengthen marriage and family, and the Pax Romana, and he supported the arts; the poet Virgil composed the epic Aeneid.', NULL, 0, -27, NULL, 0, 14, NULL, NULL, NULL, NULL, NULL, 23, NULL);
INSERT INTO event (id, run, cw, seq, subseq, cycle_focus, region, name, short_name, short_sentence, primary_sentence, secondary_sentence, keywords, start_circa, start, fake_start_date, end_circa, "end", tie, people_group, the, extent, period, qr_key, lighter_bg) VALUES (51, NULL, 176, 2, NULL, 1, 35, 'Queen Cleopatra', NULL, NULL, 'Queen Cleopatra was the last queen of the Ptolemaic Dynasty in Egypt before it fell to Rome.', NULL, NULL, 0, -69, NULL, 0, -30, NULL, NULL, NULL, NULL, NULL, 163, 1);
INSERT INTO event (id, run, cw, seq, subseq, cycle_focus, region, name, short_name, short_sentence, primary_sentence, secondary_sentence, keywords, start_circa, start, fake_start_date, end_circa, "end", tie, people_group, the, extent, period, qr_key, lighter_bg) VALUES (52, NULL, 176, 4, NULL, 2, 24, 'Pax Romana', NULL, NULL, 'Pax Romana means "Peace of Rome": a 200-year period of expansion and peace in the Empire.', NULL, NULL, 0, -27, NULL, 0, 180, NULL, NULL, NULL, NULL, NULL, 155, NULL);
INSERT INTO event (id, run, cw, seq, subseq, cycle_focus, region, name, short_name, short_sentence, primary_sentence, secondary_sentence, keywords, start_circa, start, fake_start_date, end_circa, "end", tie, people_group, the, extent, period, qr_key, lighter_bg) VALUES (53, NULL, 176, 5, NULL, 1, 33, 'Jerusalem''s temple rebuilt by Herod', NULL, NULL, 'Herod rebuilt the temple and Jerusalem''s city walls to appease the Jews, but he anxiously killed Jewish children when he heard that a prophesied king was born.', 'He also added amphitheaters, harbors, pools, and aqueducts to appease the Romans.', NULL, 0, -20, NULL, 0, -10, NULL, NULL, NULL, NULL, NULL, 108, 1);
INSERT INTO event (id, run, cw, seq, subseq, cycle_focus, region, name, short_name, short_sentence, primary_sentence, secondary_sentence, keywords, start_circa, start, fake_start_date, end_circa, "end", tie, people_group, the, extent, period, qr_key, lighter_bg) VALUES (54, NULL, 176, 6, NULL, 1, 34, 'Jesus, our Messiah', NULL, NULL, 'Jesus Christ is God''s only Son, our Lord, who was conceived by the Holy Spirit, born of the Virgin Mary, suffered under Pontius Pilate, was crucified, died, and was buried; he descended to the dead. On the third day he rose again; he ascended into heaven, he is seated at the right hand of the Father, and he will come to judge the living and the dead.', NULL, NULL, 1, -4, NULL, 1, 30, NULL, NULL, NULL, NULL, NULL, 109, 1);
INSERT INTO event (id, run, cw, seq, subseq, cycle_focus, region, name, short_name, short_sentence, primary_sentence, secondary_sentence, keywords, start_circa, start, fake_start_date, end_circa, "end", tie, people_group, the, extent, period, qr_key, lighter_bg) VALUES (55, NULL, 176, 7, NULL, 1, 24, 'Apostles begin the Great Commission', NULL, NULL, 'Jesus'' apostles and disciples engaged the Greko-Roman world with the Gospel of Christ.', NULL, NULL, 1, 35, NULL, NULL, NULL, NULL, NULL, NULL, NULL, NULL, 16, NULL);
INSERT INTO event (id, run, cw, seq, subseq, cycle_focus, region, name, short_name, short_sentence, primary_sentence, secondary_sentence, keywords, start_circa, start, fake_start_date, end_circa, "end", tie, people_group, the, extent, period, qr_key, lighter_bg) VALUES (56, NULL, 177, 1, NULL, 1, 27, 'Clement, Ignatius, & Polycarp', NULL, NULL, 'Clement of Rome emphasized restoration, Ignatius of Antioch refined church organization, and Polycarp of Smyrna defended orthodox teachings and refuted heresies.', NULL, NULL, 1, 35, NULL, 0, 155, NULL, NULL, NULL, NULL, NULL, 40, 1);
INSERT INTO event (id, run, cw, seq, subseq, cycle_focus, region, name, short_name, short_sentence, primary_sentence, secondary_sentence, keywords, start_circa, start, fake_start_date, end_circa, "end", tie, people_group, the, extent, period, qr_key, lighter_bg) VALUES (57, NULL, 177, 2, NULL, 1, 27, 'Didache authored by Church Fathers', NULL, NULL, 'The Didache is the earliest Christian catechism, treating fundamental doctrines and church organization.', NULL, NULL, 1, 50, NULL, NULL, NULL, NULL, NULL, NULL, NULL, NULL, 58, NULL);
INSERT INTO event (id, run, cw, seq, subseq, cycle_focus, region, name, short_name, short_sentence, primary_sentence, secondary_sentence, keywords, start_circa, start, fake_start_date, end_circa, "end", tie, people_group, the, extent, period, qr_key, lighter_bg) VALUES (58, NULL, 177, 3, NULL, 2, 30, 'Rome burns under Nero', NULL, NULL, 'Rome burned for nine days, razing two-thirds of the city. Nero accused the Christians, but evidence suggested that Nero himself ordered the burn.', NULL, NULL, 1, 64, NULL, NULL, NULL, NULL, NULL, NULL, NULL, NULL, 167, NULL);
INSERT INTO event (id, run, cw, seq, subseq, cycle_focus, region, name, short_name, short_sentence, primary_sentence, secondary_sentence, keywords, start_circa, start, fake_start_date, end_circa, "end", tie, people_group, the, extent, period, qr_key, lighter_bg) VALUES (59, 2, 177, 4, NULL, 1, 24, 'Persecuted church expands', 'Persecuted Church', NULL, 'The persecuted church expanded and grew vigorously despite the pressure of oppressive emperors like Nero and Trajan.', 'Many apostles and early church leaders were martyred.', NULL, 1, 64, NULL, 1, 313, NULL, NULL, NULL, NULL, NULL, 158, NULL);
INSERT INTO event (id, run, cw, seq, subseq, cycle_focus, region, name, short_name, short_sentence, primary_sentence, secondary_sentence, keywords, start_circa, start, fake_start_date, end_circa, "end", tie, people_group, the, extent, period, qr_key, lighter_bg) VALUES (60, NULL, 177, 5, NULL, 1, 33, 'Titus destroys Herod''s Temple', NULL, NULL, 'Titus destroyed Herod''s Temple and the city in the Siege of Jerusalem following the Jerusalem riots of 66 AD.', NULL, NULL, 0, 70, NULL, NULL, NULL, NULL, NULL, NULL, NULL, NULL, 193, NULL);
INSERT INTO event (id, run, cw, seq, subseq, cycle_focus, region, name, short_name, short_sentence, primary_sentence, secondary_sentence, keywords, start_circa, start, fake_start_date, end_circa, "end", tie, people_group, the, extent, period, qr_key, lighter_bg) VALUES (61, NULL, 177, 6, NULL, 1, 27, 'Martyr, Tertullian, & Origen', NULL, NULL, 'Martyr (100-165), Tertullian (155-220), & Origen (184-253) authored seminal Christian treatises and apologetics.', NULL, NULL, 0, 100, NULL, 0, 253, NULL, NULL, NULL, NULL, NULL, 128, NULL);
INSERT INTO event (id, run, cw, seq, subseq, cycle_focus, region, name, short_name, short_sentence, primary_sentence, secondary_sentence, keywords, start_circa, start, fake_start_date, end_circa, "end", tie, people_group, the, extent, period, qr_key, lighter_bg) VALUES (62, NULL, 177, 7, NULL, 3, 32, 'Teotihuacan Mayan Civilization', NULL, NULL, 'Teotihuacan, the "Place of the gods", was the largest and most influential ancient city in the Americas.', NULL, NULL, 1, 200, NULL, 1, 900, NULL, NULL, NULL, NULL, NULL, 187, NULL);
INSERT INTO event (id, run, cw, seq, subseq, cycle_focus, region, name, short_name, short_sentence, primary_sentence, secondary_sentence, keywords, start_circa, start, fake_start_date, end_circa, "end", tie, people_group, the, extent, period, qr_key, lighter_bg) VALUES (63, NULL, 178, 1, NULL, 1, 31, 'Bantu migration', NULL, NULL, 'The Bantu farmed along the Niger River, but migrated southeast, sewing their language and skill into over 500 different cultures.', NULL, NULL, 1, 200, NULL, 1, 500, NULL, NULL, NULL, NULL, NULL, 27, NULL);
INSERT INTO event (id, run, cw, seq, subseq, cycle_focus, region, name, short_name, short_sentence, primary_sentence, secondary_sentence, keywords, start_circa, start, fake_start_date, end_circa, "end", tie, people_group, the, extent, period, qr_key, lighter_bg) VALUES (64, NULL, 178, 2, NULL, 2, 27, 'Diocletian divides the Roman Empire', NULL, NULL, 'Diocletian divided the Roman Empire into a tetrarchy because it was too large to manage alone, and ordered the destruction of all churches & church texts because Christians would not confess the deity of the emperor.', 'Diocletian''s reforms apparently saved Rome from falling apart during the Third Century Crisis.', NULL, 0, 286, NULL, NULL, NULL, NULL, NULL, NULL, NULL, NULL, 59, NULL);
INSERT INTO event (id, run, cw, seq, subseq, cycle_focus, region, name, short_name, short_sentence, primary_sentence, secondary_sentence, keywords, start_circa, start, fake_start_date, end_circa, "end", tie, people_group, the, extent, period, qr_key, lighter_bg) VALUES (65, NULL, 178, 3, NULL, 2, 24, 'Constantine legalizes Christianity', NULL, NULL, 'Constantine reunited the Roman Empire, moved the capital to Constantinople, legalized Christianity, and summoned the Council of Nicea.', 'Constantine cleverly defeated Maxentius at the Battle of the Milvian Bridge and ascribed the win to Christ.', NULL, 0, 313, NULL, NULL, NULL, NULL, NULL, NULL, NULL, NULL, 45, NULL);
INSERT INTO event (id, run, cw, seq, subseq, cycle_focus, region, name, short_name, short_sentence, primary_sentence, secondary_sentence, keywords, start_circa, start, fake_start_date, end_circa, "end", tie, people_group, the, extent, period, qr_key, lighter_bg) VALUES (66, NULL, 178, 4, NULL, 1, 23, 'Gupta Empire', NULL, NULL, 'The Gupta Empire, from Chandragupta onward, was a period of growth and prosperity in science, art, and culture for 250 years, known as the "Golden Age" of India.', NULL, NULL, 1, 320, NULL, 1, 550, NULL, NULL, NULL, NULL, NULL, 82, 1);
INSERT INTO event (id, run, cw, seq, subseq, cycle_focus, region, name, short_name, short_sentence, primary_sentence, secondary_sentence, keywords, start_circa, start, fake_start_date, end_circa, "end", tie, people_group, the, extent, period, qr_key, lighter_bg) VALUES (67, 2, 178, 5, NULL, 1, 26, 'Council of Nicea', 'Council of Nicea', NULL, 'The Council of Nicea proclaimed that Jesus is God, and gave us the Nicean Creed.', 'The Council condemned Arianism by affirming the deity of Jesus.', NULL, 0, 325, NULL, NULL, NULL, NULL, NULL, NULL, NULL, NULL, 49, 1);
INSERT INTO event (id, run, cw, seq, subseq, cycle_focus, region, name, short_name, short_sentence, primary_sentence, secondary_sentence, keywords, start_circa, start, fake_start_date, end_circa, "end", tie, people_group, the, extent, period, qr_key, lighter_bg) VALUES (68, NULL, 178, 6, NULL, 1, 29, 'Augustine of Hippo', NULL, NULL, 'Augustine wrote "The City of God", "Confessions", and other works illuminating the doctrine of original sin and the essential grace of Christ.', NULL, NULL, 0, 354, NULL, 0, 430, NULL, NULL, NULL, NULL, NULL, 22, 1);
INSERT INTO event (id, run, cw, seq, subseq, cycle_focus, region, name, short_name, short_sentence, primary_sentence, secondary_sentence, keywords, start_circa, start, fake_start_date, end_circa, "end", tie, people_group, the, extent, period, qr_key, lighter_bg) VALUES (69, NULL, 179, 1, NULL, 2, 30, 'Jerome translates the Vulgate', 'Jerome''s Vulgate', NULL, 'Jerome translated Greek, Hebrew, & Aramaic manuscripts to Latin to create the Vulgate, which became the standard Bible translation for centuries.', NULL, NULL, 0, 382, NULL, 0, 405, NULL, NULL, NULL, NULL, NULL, 107, NULL);
INSERT INTO event (id, run, cw, seq, subseq, cycle_focus, region, name, short_name, short_sentence, primary_sentence, secondary_sentence, keywords, start_circa, start, fake_start_date, end_circa, "end", tie, people_group, the, extent, period, qr_key, lighter_bg) VALUES (70, NULL, 179, 2, NULL, 2, 30, 'Alaric & Visigoths sack Rome', 'Visigoths sack Rome', NULL, 'Aleric & his Visigoths attacked Roman territory with little success until they found it weak enough to seige the city thrice, finally sacking it.', NULL, NULL, 0, 410, NULL, NULL, NULL, NULL, NULL, NULL, NULL, NULL, 8, NULL);
INSERT INTO event (id, run, cw, seq, subseq, cycle_focus, region, name, short_name, short_sentence, primary_sentence, secondary_sentence, keywords, start_circa, start, fake_start_date, end_circa, "end", tie, people_group, the, extent, period, qr_key, lighter_bg) VALUES (71, 2, 179, 3, NULL, 1, 26, 'Council of Chalcedon', 'Council of Chalcedon', NULL, 'The Council of Chalcedon affirmed that Jesus is truly God and truly man; one person, two natures.', 'This led to the birth of Coptic Church in Alexandria.', NULL, 0, 451, NULL, NULL, NULL, NULL, NULL, NULL, NULL, NULL, 48, NULL);
INSERT INTO event (id, run, cw, seq, subseq, cycle_focus, region, name, short_name, short_sentence, primary_sentence, secondary_sentence, keywords, start_circa, start, fake_start_date, end_circa, "end", tie, people_group, the, extent, period, qr_key, lighter_bg) VALUES (72, NULL, 179, 4, NULL, 2, 22, 'Western Roman Empire falls to barbarians', 'Roman Empire falls', NULL, 'The Western Roman Empire fell under the opposition and gradual infiltration of Huns, Visigoths, Vandals, and other barbarians who effectively controlled Rome and ultimately abolished the Empire.', 'Romulus Augustulus, named after Romulus, the legendary founder of Rome, and Augustus, Rome''s first emperor, was the last Roman emperor.  When he was still a child emperor, he abdicated the crown to the barbarian chieftain Odoacer.', NULL, 1, 476, NULL, NULL, NULL, NULL, NULL, NULL, NULL, NULL, 203, 1);
INSERT INTO event (id, run, cw, seq, subseq, cycle_focus, region, name, short_name, short_sentence, primary_sentence, secondary_sentence, keywords, start_circa, start, fake_start_date, end_circa, "end", tie, people_group, the, extent, period, qr_key, lighter_bg) VALUES (73, NULL, 179, 5, NULL, 1, 28, 'Ghana Empire', 'Ghana Empire', NULL, 'The Ghana Empire thrived on trade in iron, copper, gold, and ivory until the Sosso Kingdom and Mali Empire overtook them.', NULL, NULL, 1, 500, NULL, 1, 1240, NULL, NULL, NULL, NULL, NULL, 77, 1);
INSERT INTO event (id, run, cw, seq, subseq, cycle_focus, region, name, short_name, short_sentence, primary_sentence, secondary_sentence, keywords, start_circa, start, fake_start_date, end_circa, "end", tie, people_group, the, extent, period, qr_key, lighter_bg) VALUES (74, NULL, 179, 6, NULL, 1, 27, 'Justinian rules the Byzantine Empire', 'Justinian', NULL, 'Justinian ruled the Byzantine Empire, attempted to retake Africa from the Vandals and Italy from the Goths, and ordered the rebuilding of the Hagia Sophia.', NULL, NULL, 0, 527, NULL, 0, 565, NULL, NULL, NULL, NULL, NULL, 114, 1);
INSERT INTO event (id, run, cw, seq, subseq, cycle_focus, region, name, short_name, short_sentence, primary_sentence, secondary_sentence, keywords, start_circa, start, fake_start_date, end_circa, "end", tie, people_group, the, extent, period, qr_key, lighter_bg) VALUES (75, NULL, 179, 7, NULL, 2, 25, 'Benedict expands Monasticism', 'Benedict & Monasticism', NULL, 'Benedict expanded monasticism with a simple focus on stability, fidelity, obedience, poverty, and chastity.', 'Western monasticism developed in response to the arrogance and corruption that grew up within the church after the legalization of Christianity.', NULL, 1, 529, NULL, NULL, NULL, NULL, NULL, NULL, NULL, NULL, 29, 1);
INSERT INTO event (id, run, cw, seq, subseq, cycle_focus, region, name, short_name, short_sentence, primary_sentence, secondary_sentence, keywords, start_circa, start, fake_start_date, end_circa, "end", tie, people_group, the, extent, period, qr_key, lighter_bg) VALUES (76, 2, 180, 1, NULL, 1, 36, 'Muhammad founds Islam', 'Muhammad', NULL, 'Muhammad founded Islam on the "oneness of Allah", and on submission to Allah in prayer, alms, fasting, and pilgrimage.', 'Muhammad founded Islam in Mecca, but fled to Medina and raided Mecca after gathering military support in Medina.', NULL, 0, 622, NULL, NULL, NULL, NULL, NULL, NULL, NULL, NULL, 141, NULL);
INSERT INTO event (id, run, cw, seq, subseq, cycle_focus, region, name, short_name, short_sentence, primary_sentence, secondary_sentence, keywords, start_circa, start, fake_start_date, end_circa, "end", tie, people_group, the, extent, period, qr_key, lighter_bg) VALUES (77, 2, 180, 2, NULL, 1, 36, 'Muslim Conquests & Islamic Golden Age', 'Muslim Conquests', NULL, 'Once established in Mecca and Medina, Muslims launched invasions into both the Persian and Byzantine Empires, and eventually dominated Egypt, Syria, Levant, Persia, North Africa, and Spain.', NULL, NULL, 1, 622, NULL, 1, 750, NULL, NULL, NULL, NULL, NULL, 142, 1);
INSERT INTO event (id, run, cw, seq, subseq, cycle_focus, region, name, short_name, short_sentence, primary_sentence, secondary_sentence, keywords, start_circa, start, fake_start_date, end_circa, "end", tie, people_group, the, extent, period, qr_key, lighter_bg) VALUES (78, 2, 180, 3, NULL, 1, 51, 'Kanem-Bornu Empires', 'Kanem-Bornu', NULL, 'The Kanem Empire emerged on the eastern shores of Lake Chad and expanded to the western shores in the 1390s, becoming the Bornu Empire.', 'Lake Chad marked the end of a camel caravan route, so it was a trade center for trans-Saharan travel.', NULL, 1, 700, NULL, 1, 1380, NULL, NULL, NULL, NULL, NULL, 115, NULL);
INSERT INTO event (id, run, cw, seq, subseq, cycle_focus, region, name, short_name, short_sentence, primary_sentence, secondary_sentence, keywords, start_circa, start, fake_start_date, end_circa, "end", tie, people_group, the, extent, period, qr_key, lighter_bg) VALUES (79, 3, 180, 4, NULL, 2, 43, 'Vikings raid & migrate', 'Vikings', NULL, 'The Vikings were Scandinavian seafarers who raided settlements throughout Europe and explored and migrated as far west as North America under Erik the Red.', NULL, NULL, 1, 793, NULL, 1, 1000, NULL, NULL, NULL, NULL, NULL, 199, 1);
INSERT INTO event (id, run, cw, seq, subseq, cycle_focus, region, name, short_name, short_sentence, primary_sentence, secondary_sentence, keywords, start_circa, start, fake_start_date, end_circa, "end", tie, people_group, the, extent, period, qr_key, lighter_bg) VALUES (80, 2, 180, 5, NULL, 1, 46, 'Heian Period', 'Heian Period', NULL, 'The Heian Period bore the Samurai to protect the feudal lords and saw the flourish of literature, art, and culture.', 'This was followed by the Kamakura period characterized by shogun-led warriors.', NULL, 0, 794, NULL, 0, 1185, NULL, NULL, NULL, NULL, NULL, 85, NULL);
INSERT INTO event (id, run, cw, seq, subseq, cycle_focus, region, name, short_name, short_sentence, primary_sentence, secondary_sentence, keywords, start_circa, start, fake_start_date, end_circa, "end", tie, people_group, the, extent, period, qr_key, lighter_bg) VALUES (81, 2, 180, 6, NULL, 2, 43, 'Charlemagne crowned Holy Roman Emperor', 'Charlemagne', NULL, 'Charlemagne was crowned Holy Roman Emperor by Pope Leo III after he reunited Europe for the first time since the fall of Rome.', 'Charlemagne''s grandfather, Charles Martel, established the Frankish influence in Europe with his victory in The Battle of Tours in 732.', NULL, 0, 800, NULL, NULL, NULL, NULL, 0, 0, NULL, NULL, 36, NULL);
INSERT INTO event (id, run, cw, seq, subseq, cycle_focus, region, name, short_name, short_sentence, primary_sentence, secondary_sentence, keywords, start_circa, start, fake_start_date, end_circa, "end", tie, people_group, the, extent, period, qr_key, lighter_bg) VALUES (82, 2, 180, 7, NULL, 2, 48, 'Alfred the Great unites England', 'Alfred the Great', NULL, 'Alfred the Great, king of Wessex, became king of Anglo-Saxons by defending Britain against Viking invaders.', 'He later became known as "the great" for this and for reforming military and legal code, seting up public schools, and translating Latin texts to English.', NULL, 1, 871, NULL, 0, 899, NULL, NULL, NULL, NULL, NULL, 10, NULL);
INSERT INTO event (id, run, cw, seq, subseq, cycle_focus, region, name, short_name, short_sentence, primary_sentence, secondary_sentence, keywords, start_circa, start, fake_start_date, end_circa, "end", tie, people_group, the, extent, period, qr_key, lighter_bg) VALUES (83, 2, 181, 1, NULL, 1, 44, 'Vladimir I rules the Rus', 'Vladimir I', NULL, 'Vladimir I ruled the Rus after conquering Kiev with Norse help.', 'Later, he was baptized and campaigned the entire region for Christianity, founding churches and living a life of charity.', NULL, 0, 958, NULL, 0, 1015, NULL, NULL, NULL, NULL, NULL, 200, NULL);
INSERT INTO event (id, run, cw, seq, subseq, cycle_focus, region, name, short_name, short_sentence, primary_sentence, secondary_sentence, keywords, start_circa, start, fake_start_date, end_circa, "end", tie, people_group, the, extent, period, qr_key, lighter_bg) VALUES (84, 2, 181, 2, NULL, 1, 26, 'Basil II & the Byzantine Empire', 'Basil II', NULL, 'Basil II and his private army of Vikings ruled the Byzantine Empire and expanded it to include Bulgaria, Greece, the Balkans, and Syria.', NULL, NULL, 0, 976, NULL, 0, 1025, NULL, NULL, NULL, NULL, NULL, 28, NULL);
INSERT INTO event (id, run, cw, seq, subseq, cycle_focus, region, name, short_name, short_sentence, primary_sentence, secondary_sentence, keywords, start_circa, start, fake_start_date, end_circa, "end", tie, people_group, the, extent, period, qr_key, lighter_bg) VALUES (85, 2, 181, 3, NULL, 1, 33, 'Church of the Holy Sepulchre destroyed', 'Holy Sepulchre destroyed', NULL, 'The Church of the Holy Sepulchre was destroyed by Caliph Al-Hakim, the "mad Caliph".  Other Jerusalem churches, synagogues, and precious scrolls were also destroyed.', 'Jerusalem was seiged in 1099', NULL, 0, 1009, NULL, NULL, NULL, NULL, NULL, NULL, NULL, NULL, 38, NULL);
INSERT INTO event (id, run, cw, seq, subseq, cycle_focus, region, name, short_name, short_sentence, primary_sentence, secondary_sentence, keywords, start_circa, start, fake_start_date, end_circa, "end", tie, people_group, the, extent, period, qr_key, lighter_bg) VALUES (86, 3, 181, 4, NULL, 3, 42, 'Cahokia & Mississippians', 'Mississippians', NULL, 'The Cahokia and other Mississippian Native American cultures farmed and hunted along Midwestern rivers and built giant earthen mounds.', NULL, NULL, 1, 1050, NULL, 0, 1521, NULL, NULL, NULL, NULL, NULL, 34, 1);
INSERT INTO event (id, run, cw, seq, subseq, cycle_focus, region, name, short_name, short_sentence, primary_sentence, secondary_sentence, keywords, start_circa, start, fake_start_date, end_circa, "end", tie, people_group, the, extent, period, qr_key, lighter_bg) VALUES (87, 2, 181, 5, NULL, 1, 27, 'Roman Catholic & Eastern Orthodox split', 'Catholic Orthodox split', NULL, 'Theological and organizational disputes between the Greek East and Latin West churches led to the great East-West Schism of 1054.', NULL, NULL, 0, 1054, NULL, NULL, NULL, NULL, NULL, NULL, NULL, NULL, 165, NULL);
INSERT INTO event (id, run, cw, seq, subseq, cycle_focus, region, name, short_name, short_sentence, primary_sentence, secondary_sentence, keywords, start_circa, start, fake_start_date, end_circa, "end", tie, people_group, the, extent, period, qr_key, lighter_bg) VALUES (88, 2, 181, 6, NULL, 2, 43, 'Norman Conquest & European feudalism', 'Norman Conquest', NULL, 'The Norman conquest by William the Conqueror brought French culture and language, Norman land ownership, and feudalism to England.', 'The death of King Harold in the Battle of Hastings marked the beginning of this Norman influence in England.', NULL, 0, 1066, NULL, 1, 1550, NULL, NULL, NULL, NULL, NULL, 148, NULL);
INSERT INTO event (id, run, cw, seq, subseq, cycle_focus, region, name, short_name, short_sentence, primary_sentence, secondary_sentence, keywords, start_circa, start, fake_start_date, end_circa, "end", tie, people_group, the, extent, period, qr_key, lighter_bg) VALUES (89, 3, 181, 7, NULL, 1, 36, 'Crusades', 'Crusades', NULL, 'The Crusades were a series of military campaigns launched in Jerusalem and the surrounding area to reclaim the Holy Land from Muslim powers.', 'Richard the Lionheart was a central commander in the Third Crusade, winning victories against Saladin, but not taking Jerusalem from him.', NULL, 0, 1095, NULL, 0, 1291, NULL, NULL, NULL, NULL, NULL, 52, NULL);
INSERT INTO event (id, run, cw, seq, subseq, cycle_focus, region, name, short_name, short_sentence, primary_sentence, secondary_sentence, keywords, start_circa, start, fake_start_date, end_circa, "end", tie, people_group, the, extent, period, qr_key, lighter_bg) VALUES (90, 2, 182, 1, NULL, 1, 31, 'Great Zimbabwe', 'Zimbabwe', NULL, 'Great Zimbabwe, the capital city of the kingdom of Zimbabwe, was known for the impressive granite monuments built by the Bantu-speaking Shona people.', NULL, NULL, 1, 1100, NULL, 1, 1550, NULL, NULL, NULL, NULL, NULL, 79, NULL);
INSERT INTO event (id, run, cw, seq, subseq, cycle_focus, region, name, short_name, short_sentence, primary_sentence, secondary_sentence, keywords, start_circa, start, fake_start_date, end_circa, "end", tie, people_group, the, extent, period, qr_key, lighter_bg) VALUES (91, 2, 182, 2, NULL, 3, 32, 'Aztec Civilization', 'Aztecs', NULL, 'Aztec civilization is known for its advanced agriculture, extraordinary architecture, and well-documented history.', 'This documented history includes their history of encounters with Europeans.', NULL, 1, 1100, NULL, 0, 1521, NULL, NULL, NULL, NULL, NULL, 24, NULL);
INSERT INTO event (id, run, cw, seq, subseq, cycle_focus, region, name, short_name, short_sentence, primary_sentence, secondary_sentence, keywords, start_circa, start, fake_start_date, end_circa, "end", tie, people_group, the, extent, period, qr_key, lighter_bg) VALUES (92, 3, 182, 3, NULL, 3, 45, 'Inca Civilization', 'Incas', NULL, 'Inca Civilization endured the harsh Andean mountain challenges, and are known for their agriculture, technology, and temples.', NULL, NULL, 1, 1100, NULL, 0, 1533, NULL, NULL, NULL, NULL, NULL, 93, NULL);
INSERT INTO event (id, run, cw, seq, subseq, cycle_focus, region, name, short_name, short_sentence, primary_sentence, secondary_sentence, keywords, start_circa, start, fake_start_date, end_circa, "end", tie, people_group, the, extent, period, qr_key, lighter_bg) VALUES (93, 3, 182, 4, NULL, 2, 25, 'Francis of Assisi & Thomas Aquinas', 'Francis & Thomas', NULL, 'Francis of Assisi (1181-1226) was a friar, deacon, and preacher with a special love for the Eucharist.  Thomas Aquinas (1225-1274) was a philosopher and theologian who identified with Aristotle and argued that reason is found in God.', NULL, NULL, 0, 1181, NULL, 0, 1274, NULL, NULL, NULL, NULL, NULL, 72, NULL);
INSERT INTO event (id, run, cw, seq, subseq, cycle_focus, region, name, short_name, short_sentence, primary_sentence, secondary_sentence, keywords, start_circa, start, fake_start_date, end_circa, "end", tie, people_group, the, extent, period, qr_key, lighter_bg) VALUES (94, 2, 182, 5, NULL, 1, 46, 'Shogunate Feudalism', 'Shogunates', NULL, 'Shogunate feudalism involved informal relationships between lords (shoguns) and vassals (samurai), including land exchanges for loyal protection.', NULL, NULL, 0, 1185, NULL, 0, 1868, NULL, NULL, NULL, NULL, NULL, 176, NULL);
INSERT INTO event (id, run, cw, seq, subseq, cycle_focus, region, name, short_name, short_sentence, primary_sentence, secondary_sentence, keywords, start_circa, start, fake_start_date, end_circa, "end", tie, people_group, the, extent, period, qr_key, lighter_bg) VALUES (95, 2, 182, 6, NULL, 1, 39, 'Genghis & Kublai Khan, & the Mongol Empire', 'Genghis Khan', NULL, 'Genghis and his grandson Kublai (the "Great") Kahn extended the Mongol Empire to include China and Western territories.', NULL, NULL, 0, 1206, NULL, 0, 1368, NULL, NULL, NULL, NULL, NULL, 76, NULL);
INSERT INTO event (id, run, cw, seq, subseq, cycle_focus, region, name, short_name, short_sentence, primary_sentence, secondary_sentence, keywords, start_circa, start, fake_start_date, end_circa, "end", tie, people_group, the, extent, period, qr_key, lighter_bg) VALUES (96, 2, 182, 7, NULL, 2, 48, 'Magna Carta', 'Magna Carta', NULL, 'The Magna Carta was an agreement that English King John was forced to endorse; it limited his power to take land and force steep taxes.', 'This established rule of law as a check on absolute monarchies.', NULL, 0, 1215, NULL, NULL, NULL, NULL, NULL, NULL, NULL, NULL, 125, NULL);
INSERT INTO event (id, run, cw, seq, subseq, cycle_focus, region, name, short_name, short_sentence, primary_sentence, secondary_sentence, keywords, start_circa, start, fake_start_date, end_circa, "end", tie, people_group, the, extent, period, qr_key, lighter_bg) VALUES (97, 2, 183, 1, NULL, 1, 28, 'Mali Empire', 'Mali Empire', NULL, 'The Mali Empire was the largest yet seen in Africa.  It was founded by Sundiata Keita whose centralized government, effective diplomacy, and well-trained army led to the success of the empire.', NULL, NULL, 0, 1240, NULL, 0, 1645, NULL, NULL, NULL, NULL, NULL, 126, NULL);
INSERT INTO event (id, run, cw, seq, subseq, cycle_focus, region, name, short_name, short_sentence, primary_sentence, secondary_sentence, keywords, start_circa, start, fake_start_date, end_circa, "end", tie, people_group, the, extent, period, qr_key, lighter_bg) VALUES (98, 2, 183, 2, NULL, 1, 27, 'Ottoman Empire', 'Ottoman Empire', NULL, 'The Ottoman Empire, of Turkish Muslim origin, gradually conquered much of the Mediterranean, Middle East, and Central Europe.', 'This Turkish-Persian state and caliphate was fueled by Sunni Islam ideology, but the Eastern Orthodox Church was supported and controlled by the Ottoman state.', NULL, 0, 1250, NULL, 0, 1923, NULL, NULL, NULL, NULL, NULL, 154, 1);
INSERT INTO event (id, run, cw, seq, subseq, cycle_focus, region, name, short_name, short_sentence, primary_sentence, secondary_sentence, keywords, start_circa, start, fake_start_date, end_circa, "end", tie, people_group, the, extent, period, qr_key, lighter_bg) VALUES (99, NULL, 175, 6, NULL, 1, 47, 'Qin Dynasty', NULL, NULL, 'The Qin ("Chin") dynasty finally unified China via ingenuity and legalism; this empire started the Great Wall of China and the Grand Canal.', 'This formative dynasty was very short; Shi Huangdi''s tomb is guarded by 8,000 warriors of the Terracotta Army, and the Han Dynasty took leadership in 202 BC.', NULL, 0, -221, NULL, 0, -206, NULL, NULL, NULL, NULL, NULL, 162, NULL);
INSERT INTO event (id, run, cw, seq, subseq, cycle_focus, region, name, short_name, short_sentence, primary_sentence, secondary_sentence, keywords, start_circa, start, fake_start_date, end_circa, "end", tie, people_group, the, extent, period, qr_key, lighter_bg) VALUES (100, NULL, 178, 7, NULL, 2, 44, 'Attila & the Huns drive Goths south', NULL, NULL, 'Attila and the Huns invaded Russia and drove west and south, conquering vast territories and driving migrations and the fall of the Roman Empire.', NULL, NULL, 1, 370, NULL, 1, 440, NULL, NULL, NULL, NULL, NULL, 20, 1);
INSERT INTO event (id, run, cw, seq, subseq, cycle_focus, region, name, short_name, short_sentence, primary_sentence, secondary_sentence, keywords, start_circa, start, fake_start_date, end_circa, "end", tie, people_group, the, extent, period, qr_key, lighter_bg) VALUES (101, 2, 183, 3, NULL, 1, 39, 'Marco Polo travels east', 'Marco Polo', NULL, 'Marco Polo traveled east from Venice to explore and trade along the Silk Road and throughout Asia.', 'He served as Kublai Khan''s foreign emissary and documented his adventures in his book, "The Travels of Marco Polo".', NULL, NULL, 1271, NULL, NULL, 1295, NULL, NULL, NULL, NULL, NULL, 127, NULL);
INSERT INTO event (id, run, cw, seq, subseq, cycle_focus, region, name, short_name, short_sentence, primary_sentence, secondary_sentence, keywords, start_circa, start, fake_start_date, end_circa, "end", tie, people_group, the, extent, period, qr_key, lighter_bg) VALUES (102, 2, 183, 4, NULL, 2, 133, 'Wars of Scottish Independence', 'Scottish Independence', NULL, 'The Wars of Scottish Independence, fought between Scotland and England, featured the famed William Wallace and Robert Bruce.', NULL, NULL, NULL, 1296, NULL, NULL, 1357, NULL, NULL, NULL, NULL, NULL, 202, NULL);
INSERT INTO event (id, run, cw, seq, subseq, cycle_focus, region, name, short_name, short_sentence, primary_sentence, secondary_sentence, keywords, start_circa, start, fake_start_date, end_circa, "end", tie, people_group, the, extent, period, qr_key, lighter_bg) VALUES (103, 3, 183, 5, NULL, 2, 43, 'Hundred Years War & Wars of the Roses', 'Hundred Years War', NULL, 'The Hundred Years War was a long series of battles fought between France and England for the right to rule France.  It was followed by the English civil wars known as the Wars of the Roses.', 'William Shakespeare''s plays Henry V and Henry VI feature the Battle of Agincourt, the Temple Church gardens, and other pivotal details of these formative English wars.  (Note that the Hundred Years War was neither 100 years long, nor a single war; nevertheless, this is what it''s called.)', NULL, NULL, 1337, NULL, NULL, 1453, NULL, NULL, NULL, NULL, NULL, 91, NULL);
INSERT INTO event (id, run, cw, seq, subseq, cycle_focus, region, name, short_name, short_sentence, primary_sentence, secondary_sentence, keywords, start_circa, start, fake_start_date, end_circa, "end", tie, people_group, the, extent, period, qr_key, lighter_bg) VALUES (104, 2, 183, 6, NULL, 2, 22, 'Bubonic Plague', 'Bubonic Plague', NULL, 'The Bubonic Plague, carried by fleas on rats during the Black Death, killed one half to one third of all Europeans.', 'The Bubonic Plague is also the menace of the Justinian plague of the Eastern Roman Empire and the "third epidemic" in Asia and India.', NULL, NULL, 1348, NULL, NULL, 1350, NULL, NULL, NULL, NULL, NULL, 31, NULL);
INSERT INTO event (id, run, cw, seq, subseq, cycle_focus, region, name, short_name, short_sentence, primary_sentence, secondary_sentence, keywords, start_circa, start, fake_start_date, end_circa, "end", tie, people_group, the, extent, period, qr_key, lighter_bg) VALUES (105, 2, 183, 7, NULL, 1, 47, 'Ming Dynasty', 'Ming Dynasty', NULL, 'The Ming Dynasty followed 90 years of Mongol rule and birthed Beijing and the Forbidden City.', 'Ming used forced labor to construct the sections of the Great Wall which are best-known and best-preserved today.  This period was known for rigid rule and giant army and navy.', NULL, NULL, 1368, NULL, NULL, 1644, NULL, NULL, NULL, NULL, NULL, 135, NULL);
INSERT INTO event (id, run, cw, seq, subseq, cycle_focus, region, name, short_name, short_sentence, primary_sentence, secondary_sentence, keywords, start_circa, start, fake_start_date, end_circa, "end", tie, people_group, the, extent, period, qr_key, lighter_bg) VALUES (106, 2, 184, 1, NULL, 1, 60, 'Kongo Kingdom & Swahili culture', 'Kongo Kingdom', NULL, 'Kongo Kingdom and Swahili culture developed rapidly from their Bantu tribe origins into agricultural and fishing communities with elaborate trade networks.', NULL, NULL, 1, 1390, NULL, NULL, 1857, NULL, NULL, NULL, NULL, NULL, 118, NULL);
INSERT INTO event (id, run, cw, seq, subseq, cycle_focus, region, name, short_name, short_sentence, primary_sentence, secondary_sentence, keywords, start_circa, start, fake_start_date, end_circa, "end", tie, people_group, the, extent, period, qr_key, lighter_bg) VALUES (108, 2, 184, 2, NULL, 2, 24, 'Prince Henry''s expeditions', 'Prince Henry', NULL, 'Prince Henry explored the coasts of Africa and the dependable trade winds that enabled future expeditions across the Atlantic.', 'Prince Henry had a group of devoted followers (explorers and cartographers), but there is debate over whether he actually founded the school of navigation in Sagres, Portugal.', NULL, NULL, 1418, NULL, NULL, 1456, NULL, NULL, NULL, NULL, NULL, 160, NULL);
INSERT INTO event (id, run, cw, seq, subseq, cycle_focus, region, name, short_name, short_sentence, primary_sentence, secondary_sentence, keywords, start_circa, start, fake_start_date, end_circa, "end", tie, people_group, the, extent, period, qr_key, lighter_bg) VALUES (109, 2, 184, 4, NULL, 1, 24, 'Atlantic slave trade', 'Atlantic slave trade', NULL, 'The Atlantic slave trade followed a triangular route that delivered Africans into bondage and great wealth into European and American hands.', NULL, NULL, NULL, 1441, NULL, NULL, 1888, NULL, NULL, NULL, NULL, NULL, 6, 1);
INSERT INTO event (id, run, cw, seq, subseq, cycle_focus, region, name, short_name, short_sentence, primary_sentence, secondary_sentence, keywords, start_circa, start, fake_start_date, end_circa, "end", tie, people_group, the, extent, period, qr_key, lighter_bg) VALUES (110, 2, 184, 5, NULL, 1, 26, 'Byzantine Empire falls', 'Byzantines fall', NULL, 'The Byzantine Empire fell to the Ottoman Turks in Constantinople after a 53-day siege by their giant army and "Bombard" cannons.', 'This marked the definitive end to the dwindling 1500-year-old Roman Empire, and Constantinople became Istanbul.', NULL, NULL, 1453, NULL, NULL, NULL, NULL, NULL, NULL, NULL, NULL, 32, 1);
INSERT INTO event (id, run, cw, seq, subseq, cycle_focus, region, name, short_name, short_sentence, primary_sentence, secondary_sentence, keywords, start_circa, start, fake_start_date, end_circa, "end", tie, people_group, the, extent, period, qr_key, lighter_bg) VALUES (111, 2, 184, 3, NULL, 2, 141, 'Gutenberg develops the printing press', 'Gutenberg''s Press', NULL, 'Gutenberg developed the printing press and printed about 180 copies of the Bible; he''d designed a moveable-type system that used metal letter-blocks rather than wood.', 'Gutenberg repurposed a winepress and invented his own ink that would adhere to metal rather than wood.  He was sued by his rich partner and stripped of all his equipment thirteen years before he died.', NULL, 1, 1440, NULL, NULL, 1455, NULL, NULL, NULL, NULL, NULL, 83, NULL);
INSERT INTO event (id, run, cw, seq, subseq, cycle_focus, region, name, short_name, short_sentence, primary_sentence, secondary_sentence, keywords, start_circa, start, fake_start_date, end_circa, "end", tie, people_group, the, extent, period, qr_key, lighter_bg) VALUES (112, 2, 185, 5, NULL, 1, 28, 'Songhai Empire defeats Mali', 'Songhai defeat Mali', NULL, 'The Songhai Empire defeated Mali once it had weakened after 100 years of rule, completing the Ghana-Mali-Songhai epoch.', NULL, NULL, 1, 1500, NULL, NULL, NULL, NULL, NULL, NULL, NULL, NULL, 178, NULL);
INSERT INTO event (id, run, cw, seq, subseq, cycle_focus, region, name, short_name, short_sentence, primary_sentence, secondary_sentence, keywords, start_circa, start, fake_start_date, end_circa, "end", tie, people_group, the, extent, period, qr_key, lighter_bg) VALUES (113, 2, 184, 6, NULL, 2, 135, 'Czar Ivan the Great rules Russia', 'Ivan the Great', NULL, 'Czar Ivan the Great ruled Russia for 43 years, tripling Russia''s territory, evicting the Mongols, and restoring Russian independence.', NULL, NULL, NULL, 1462, NULL, NULL, 1505, NULL, NULL, NULL, NULL, NULL, 54, NULL);
INSERT INTO event (id, run, cw, seq, subseq, cycle_focus, region, name, short_name, short_sentence, primary_sentence, secondary_sentence, keywords, start_circa, start, fake_start_date, end_circa, "end", tie, people_group, the, extent, period, qr_key, lighter_bg) VALUES (114, 2, 184, 7, NULL, 1, 46, 'Japan''s Civil War', 'Japan''s Civil War', NULL, 'Japan''s civil war period, known as the Sengoku Period, started with the collapse of the feudal system and samurai wars, and ended with the rise of the Tokugawa Shogunate.', NULL, NULL, NULL, 1467, NULL, NULL, 1615, NULL, NULL, NULL, NULL, NULL, 103, NULL);
INSERT INTO event (id, run, cw, seq, subseq, cycle_focus, region, name, short_name, short_sentence, primary_sentence, secondary_sentence, keywords, start_circa, start, fake_start_date, end_circa, "end", tie, people_group, the, extent, period, qr_key, lighter_bg) VALUES (115, 2, 185, 2, NULL, 2, 136, 'Spanish Inquisition', 'Spanish Inquisition', NULL, 'The Spanish Inquisition was instituted by Ferdinand and Isabella to identify heretics in the Catholic Church.', NULL, NULL, NULL, 1478, NULL, NULL, 1834, NULL, NULL, NULL, NULL, NULL, 180, NULL);
INSERT INTO event (id, run, cw, seq, subseq, cycle_focus, region, name, short_name, short_sentence, primary_sentence, secondary_sentence, keywords, start_circa, start, fake_start_date, end_circa, "end", tie, people_group, the, extent, period, qr_key, lighter_bg) VALUES (116, 2, 185, 3, NULL, 3, 137, 'Columbus sails to the Caribbean', 'Columbus sails', NULL, 'Columbus sailed to the Caribbean as commander of four voyages, the first of which involved the Niña, the Pinta, and the Santa Maria.  This initiated the Age of Discovery.', NULL, NULL, NULL, 1492, NULL, NULL, NULL, NULL, NULL, NULL, NULL, NULL, 41, NULL);
INSERT INTO event (id, run, cw, seq, subseq, cycle_focus, region, name, short_name, short_sentence, primary_sentence, secondary_sentence, keywords, start_circa, start, fake_start_date, end_circa, "end", tie, people_group, the, extent, period, qr_key, lighter_bg) VALUES (117, 3, 185, 4, NULL, 2, 24, 'Cabot, da Gama, & Vespucci explore', 'Age of Discovery', NULL, 'Cabot, de Gama, Vespucci, and others explored the Americas, Africa, and Asia, navigating the globe by ship in what we call the Age of Discovery.', NULL, NULL, NULL, 1497, NULL, 1, 1650, NULL, NULL, NULL, NULL, NULL, 33, NULL);
INSERT INTO event (id, run, cw, seq, subseq, cycle_focus, region, name, short_name, short_sentence, primary_sentence, secondary_sentence, keywords, start_circa, start, fake_start_date, end_circa, "end", tie, people_group, the, extent, period, qr_key, lighter_bg) VALUES (118, 2, 186, 1, NULL, 2, 22, 'Luther ignites the Protestant Reformation', 'Protestant Reformation', NULL, 'Luther ignited the Protestant Reformation by posting his 95 theses and provoking the Catholic response in the Edict of Worms.', 'Luther criticized the sale of indulgences, challenged the Pope''s authority, and promoted the reliance on Scripture (sola scriptura) and faith in God''s grace alone (sola fide).', NULL, NULL, 1517, NULL, NULL, NULL, NULL, NULL, NULL, NULL, NULL, 123, NULL);
INSERT INTO event (id, run, cw, seq, subseq, cycle_focus, region, name, short_name, short_sentence, primary_sentence, secondary_sentence, keywords, start_circa, start, fake_start_date, end_circa, "end", tie, people_group, the, extent, period, qr_key, lighter_bg) VALUES (119, 2, 186, 2, NULL, 2, 24, 'Magellan''s crew circumnavigates', 'Magellan''s crew', NULL, 'Magellan''s crew circumnavigated the globe in 3 years; they began with 5 ships and 270 men, but only 1 ship and 18 or 19 men survived the whole journey back to Spain.', NULL, NULL, NULL, 1519, NULL, NULL, 1522, NULL, NULL, NULL, NULL, NULL, 124, NULL);
INSERT INTO event (id, run, cw, seq, subseq, cycle_focus, region, name, short_name, short_sentence, primary_sentence, secondary_sentence, keywords, start_circa, start, fake_start_date, end_circa, "end", tie, people_group, the, extent, period, qr_key, lighter_bg) VALUES (120, 2, 186, 5, NULL, 2, 24, 'Sir Francis Drake & English naval dominance', 'Sir Francis Drake', NULL, 'Sir Francis Drake sparked English naval dominance, capturing and defeating Spanish ships and circling the globe in a single expedition.', NULL, NULL, NULL, 1577, NULL, NULL, 1588, NULL, NULL, NULL, NULL, NULL, 177, NULL);
INSERT INTO event (id, run, cw, seq, subseq, cycle_focus, region, name, short_name, short_sentence, primary_sentence, secondary_sentence, keywords, start_circa, start, fake_start_date, end_circa, "end", tie, people_group, the, extent, period, qr_key, lighter_bg) VALUES (121, 3, 185, 6, NULL, 3, 24, 'Conquistadors explore & conquer', 'Conquistadors', NULL, 'Conquistadors were explorers, soldiers, and knights from Spain and Portugal who explored and conquered in the Americas, Africa, and Asia.', NULL, NULL, NULL, 1500, NULL, NULL, 1600, NULL, NULL, NULL, NULL, NULL, 44, NULL);
INSERT INTO event (id, run, cw, seq, subseq, cycle_focus, region, name, short_name, short_sentence, primary_sentence, secondary_sentence, keywords, start_circa, start, fake_start_date, end_circa, "end", tie, people_group, the, extent, period, qr_key, lighter_bg) VALUES (122, 2, 186, 3, NULL, 2, 22, 'John Calvin joins the Reformation', 'John Calvin', NULL, 'John Calvin joined the Reformation in Geneva, authored the Institutes of the Christian Religion, and formulated the theological core that became Calvinism.', NULL, NULL, NULL, 1530, NULL, NULL, NULL, NULL, NULL, NULL, NULL, NULL, 111, NULL);
INSERT INTO event (id, run, cw, seq, subseq, cycle_focus, region, name, short_name, short_sentence, primary_sentence, secondary_sentence, keywords, start_circa, start, fake_start_date, end_circa, "end", tie, people_group, the, extent, period, qr_key, lighter_bg) VALUES (123, 2, 186, 4, NULL, 2, 25, 'Council of Trent & Counter-Reformation', 'Council of Trent', NULL, 'The Council of Trent was the 19th Council of the Catholic Church, and was instigated by the Protestant Reformation, which it denounced as heresy.', NULL, NULL, NULL, 1545, NULL, NULL, 1563, NULL, NULL, NULL, NULL, NULL, 50, NULL);
INSERT INTO event (id, run, cw, seq, subseq, cycle_focus, region, name, short_name, short_sentence, primary_sentence, secondary_sentence, keywords, start_circa, start, fake_start_date, end_circa, "end", tie, people_group, the, extent, period, qr_key, lighter_bg) VALUES (124, 2, 186, 7, NULL, 1, 46, 'Japan''s isolation policy', 'Japan''s isolation', NULL, 'Japan''s isolation policy, called Sakoku, severely restricted trade and travel with the rest of the world.', '... under the Tokugawa shogunate.', NULL, NULL, 1633, NULL, NULL, 1854, NULL, NULL, NULL, NULL, NULL, 104, 1);
INSERT INTO event (id, run, cw, seq, subseq, cycle_focus, region, name, short_name, short_sentence, primary_sentence, secondary_sentence, keywords, start_circa, start, fake_start_date, end_circa, "end", tie, people_group, the, extent, period, qr_key, lighter_bg) VALUES (125, 2, 186, 6, NULL, 3, 42, 'American colonization climax', 'American colonization', NULL, 'American colonization progressed rapidly, once started, and penetrated Florida, New Mexico, Mesoamerica, Virginia, New England, and others.', NULL, NULL, NULL, 1607, NULL, NULL, 1783, NULL, NULL, NULL, NULL, NULL, 149, NULL);
INSERT INTO event (id, run, cw, seq, subseq, cycle_focus, region, name, short_name, short_sentence, primary_sentence, secondary_sentence, keywords, start_circa, start, fake_start_date, end_circa, "end", tie, people_group, the, extent, period, qr_key, lighter_bg) VALUES (126, 2, 186, 7, 1, 1, 31, 'Dutch colonize South Africa', 'South African colonization', NULL, NULL, NULL, NULL, NULL, 1652, NULL, NULL, NULL, NULL, NULL, NULL, NULL, NULL, 62, NULL);
INSERT INTO event (id, run, cw, seq, subseq, cycle_focus, region, name, short_name, short_sentence, primary_sentence, secondary_sentence, keywords, start_circa, start, fake_start_date, end_circa, "end", tie, people_group, the, extent, period, qr_key, lighter_bg) VALUES (127, 3, 187, 1, NULL, 3, 42, 'Hudson''s Bay Company founded', 'Hudson''s Bay Company', NULL, 'Hudson''s Bay Company was founded as a fur-trading business, grew to control fur trade in North America, functioned as the regional government, gave rise to the "department store", and finally declined to the small, privately-owned company it is today.', NULL, NULL, NULL, 1670, NULL, NULL, NULL, NULL, NULL, NULL, NULL, NULL, 90, 1);
INSERT INTO event (id, run, cw, seq, subseq, cycle_focus, region, name, short_name, short_sentence, primary_sentence, secondary_sentence, keywords, start_circa, start, fake_start_date, end_circa, "end", tie, people_group, the, extent, period, qr_key, lighter_bg) VALUES (128, 2, 187, 2, NULL, 3, 24, 'First Great Awakening', 'First Great Awakening', NULL, 'The First Great Awakening penetrated Britain and the American colonies, reviving conviction and devotion to Christ as Lord and Savior.', 'Ministers like George Whitefield, John Wesley, and Jonathan Edwards are famous voices in the Awakening. (Note that the First Great Awakening was as significant in Europe as it was in North America, by some measures.)', NULL, NULL, 1734, NULL, NULL, 1750, NULL, NULL, NULL, NULL, NULL, 70, NULL);
INSERT INTO event (id, run, cw, seq, subseq, cycle_focus, region, name, short_name, short_sentence, primary_sentence, secondary_sentence, keywords, start_circa, start, fake_start_date, end_circa, "end", tie, people_group, the, extent, period, qr_key, lighter_bg) VALUES (129, 2, 187, 3, NULL, 2, 22, 'Seven Years'' War', 'Seven Years'' War', NULL, 'The Seven Years'' War involved many countries and alliances, including Prussia, Austria, Spain, Britain, and France, and was fought all over the world - in colonies as well as Europe. The war rebalanced the power of these countries worldwide.', NULL, NULL, NULL, 1756, NULL, NULL, 1763, NULL, NULL, NULL, NULL, NULL, 174, NULL);
INSERT INTO event (id, run, cw, seq, subseq, cycle_focus, region, name, short_name, short_sentence, primary_sentence, secondary_sentence, keywords, start_circa, start, fake_start_date, end_circa, "end", tie, people_group, the, extent, period, qr_key, lighter_bg) VALUES (130, 2, 187, 5, NULL, 2, 24, 'Captain James Cook''s maritime adventures', 'James Cook', NULL, 'Captain James Cook''s maritime adventures included map-making of Newfoundland, exploration of Hawaii and Australia, and circumnavigation of New Zealand.', NULL, NULL, NULL, 1769, NULL, NULL, 1779, NULL, NULL, NULL, NULL, NULL, 35, NULL);
INSERT INTO event (id, run, cw, seq, subseq, cycle_focus, region, name, short_name, short_sentence, primary_sentence, secondary_sentence, keywords, start_circa, start, fake_start_date, end_circa, "end", tie, people_group, the, extent, period, qr_key, lighter_bg) VALUES (131, 2, 187, 6, NULL, 3, 42, 'American Revolution', 'American Revolution', NULL, 'The American Revolution was inspired by democratic ideals as well as grievances against the British Crown.  It gave rise to the Great Experiment of the American Republic.', NULL, NULL, NULL, 1775, NULL, NULL, 1783, NULL, NULL, NULL, NULL, NULL, 12, NULL);
INSERT INTO event (id, run, cw, seq, subseq, cycle_focus, region, name, short_name, short_sentence, primary_sentence, secondary_sentence, keywords, start_circa, start, fake_start_date, end_circa, "end", tie, people_group, the, extent, period, qr_key, lighter_bg) VALUES (132, 2, 187, 7, NULL, 3, 140, 'Federalist Papers, US Constitution, & Bill of Rights', 'US Constitution', NULL, 'The Federalist Papers, US Constitution, and Bill of Rights are foundational documents that define the United States of America.', NULL, NULL, NULL, 1787, NULL, NULL, 1791, NULL, NULL, NULL, NULL, NULL, 68, NULL);
INSERT INTO event (id, run, cw, seq, subseq, cycle_focus, region, name, short_name, short_sentence, primary_sentence, secondary_sentence, keywords, start_circa, start, fake_start_date, end_circa, "end", tie, people_group, the, extent, period, qr_key, lighter_bg) VALUES (133, 2, 188, 1, NULL, 2, 139, 'French Revolution', 'French Revolution', NULL, 'The French Revolution, rooted in social unrest and anger toward aristocracy, aimed for "liberty, equality, and fraternity", and executed many in the "Reign of Terror" to achieve those aims.', 'Historic moments like the storming of the Bastille highlighted the distinction beteen good "citizens" or "patriots" and "counter-revolutionaries".  The principles of the Revolution became symbols for the Russian Revolution, the abolition of slavery, and universal suffrage.', NULL, NULL, 1789, NULL, NULL, 1799, NULL, NULL, NULL, NULL, NULL, 73, NULL);
INSERT INTO event (id, run, cw, seq, subseq, cycle_focus, region, name, short_name, short_sentence, primary_sentence, secondary_sentence, keywords, start_circa, start, fake_start_date, end_circa, "end", tie, people_group, the, extent, period, qr_key, lighter_bg) VALUES (134, 2, 188, 2, NULL, 3, 140, 'Second Great Awakening', 'Second Great Awakening', NULL, 'The Second Great Awakening began in Kentucky and Tennessee as Presbyterians, Methodists, and Baptists committed themselves to spiritual revival.', '(Note that the Second Great Awakening was distinctly more American in nature, where the First had a significant counterpart in Europe.)', NULL, NULL, 1790, NULL, NULL, 1840, NULL, NULL, NULL, NULL, NULL, 171, NULL);
INSERT INTO event (id, run, cw, seq, subseq, cycle_focus, region, name, short_name, short_sentence, primary_sentence, secondary_sentence, keywords, start_circa, start, fake_start_date, end_circa, "end", tie, people_group, the, extent, period, qr_key, lighter_bg) VALUES (135, 2, 188, 3, NULL, 1, 35, 'Rosetta Stone discovered', 'Rosetta Stone', NULL, 'The Rosetta Stone was discovered by Napoleon''s soldiers. On it were written Egyptian decrees in three different scripts, providing the key to deciphering hieroglyphics.', 'The Hellenistic decrees written Demotic and Greek were used to decipher the hieroglyphic code, finally providing the key to deciphering Egyptian hieroglyphics in general.', NULL, NULL, 1799, NULL, NULL, NULL, NULL, NULL, NULL, NULL, NULL, 170, NULL);
INSERT INTO event (id, run, cw, seq, subseq, cycle_focus, region, name, short_name, short_sentence, primary_sentence, secondary_sentence, keywords, start_circa, start, fake_start_date, end_circa, "end", tie, people_group, the, extent, period, qr_key, lighter_bg) VALUES (136, 2, 188, 4, NULL, 3, 140, 'Louisiana Purchase', 'Louisiana Purchase', NULL, 'The Louisiana Purchase was the U.S.''s fifteen million dollar payment to the French for 530 million acres of central North-American land.', NULL, NULL, NULL, 1803, NULL, NULL, NULL, NULL, NULL, NULL, NULL, NULL, 122, NULL);
INSERT INTO event (id, run, cw, seq, subseq, cycle_focus, region, name, short_name, short_sentence, primary_sentence, secondary_sentence, keywords, start_circa, start, fake_start_date, end_circa, "end", tie, people_group, the, extent, period, qr_key, lighter_bg) VALUES (137, 2, 188, 5, NULL, 1, 23, 'British East India Company rules India', 'British East India Company', NULL, 'The British East India Company began as trading posts in India, but became a network of commerce and power that ruled over India.', 'British colonial control of India leaned heavily on the British East India Company.', NULL, NULL, 1803, NULL, NULL, 1857, NULL, NULL, NULL, NULL, NULL, 30, NULL);
INSERT INTO event (id, run, cw, seq, subseq, cycle_focus, region, name, short_name, short_sentence, primary_sentence, secondary_sentence, keywords, start_circa, start, fake_start_date, end_circa, "end", tie, people_group, the, extent, period, qr_key, lighter_bg) VALUES (138, 2, 188, 6, NULL, 3, 42, 'Lewis & Clark Expedition', 'Lewis & Clark', NULL, 'The Lewis and Clark Expedition explored the newly-acquired U.S. territory between the Mississippi River and the Pacific Ocean.', 'Captain Meriwether Lewis and his friend Lieutenant William Clark led the select group of army and civilian volunteers on behalf of American political, scientific, and economic interests.', NULL, NULL, 1804, NULL, NULL, 1806, NULL, NULL, NULL, NULL, NULL, 121, NULL);
INSERT INTO event (id, run, cw, seq, subseq, cycle_focus, region, name, short_name, short_sentence, primary_sentence, secondary_sentence, keywords, start_circa, start, fake_start_date, end_circa, "end", tie, people_group, the, extent, period, qr_key, lighter_bg) VALUES (139, 2, 188, 7, NULL, 2, 22, 'Napoleon''s European conquests', 'Napoleon', NULL, 'Napoleon''s European conquests succeeded in establishing his huge empire in a mere decade, and are among the most controversial, celebrated, and studied, ever.', 'Fueled by the French Revolution, the emperor cleverly built this empire, but was then defeated and exiled to islands Elba and St. Helena.', NULL, NULL, 1804, NULL, NULL, 1821, NULL, NULL, NULL, NULL, NULL, 144, NULL);
INSERT INTO event (id, run, cw, seq, subseq, cycle_focus, region, name, short_name, short_sentence, primary_sentence, secondary_sentence, keywords, start_circa, start, fake_start_date, end_circa, "end", tie, people_group, the, extent, period, qr_key, lighter_bg) VALUES (140, NULL, 189, 1, NULL, NULL, NULL, 'South American Independence', 'South American Independence', NULL, NULL, NULL, NULL, NULL, 1808, NULL, NULL, 1830, NULL, NULL, NULL, NULL, NULL, 179, NULL);
INSERT INTO event (id, run, cw, seq, subseq, cycle_focus, region, name, short_name, short_sentence, primary_sentence, secondary_sentence, keywords, start_circa, start, fake_start_date, end_circa, "end", tie, people_group, the, extent, period, qr_key, lighter_bg) VALUES (141, NULL, 189, 2, NULL, NULL, NULL, 'War of 1812', 'War of 1812', NULL, NULL, NULL, NULL, NULL, 1812, NULL, NULL, 1814, NULL, NULL, NULL, NULL, NULL, 201, NULL);
INSERT INTO event (id, run, cw, seq, subseq, cycle_focus, region, name, short_name, short_sentence, primary_sentence, secondary_sentence, keywords, start_circa, start, fake_start_date, end_circa, "end", tie, people_group, the, extent, period, qr_key, lighter_bg) VALUES (142, NULL, 189, 3, NULL, NULL, NULL, 'Missouri Compromise', 'Missouri Compromise', NULL, NULL, NULL, NULL, NULL, 1820, NULL, NULL, NULL, NULL, NULL, NULL, NULL, NULL, 137, NULL);
INSERT INTO event (id, run, cw, seq, subseq, cycle_focus, region, name, short_name, short_sentence, primary_sentence, secondary_sentence, keywords, start_circa, start, fake_start_date, end_circa, "end", tie, people_group, the, extent, period, qr_key, lighter_bg) VALUES (143, NULL, 189, 5, NULL, NULL, NULL, 'America attracts immigrants', 'American immigrants', NULL, NULL, NULL, NULL, NULL, 1836, NULL, NULL, 1914, NULL, NULL, NULL, NULL, NULL, 11, NULL);
INSERT INTO event (id, run, cw, seq, subseq, cycle_focus, region, name, short_name, short_sentence, primary_sentence, secondary_sentence, keywords, start_circa, start, fake_start_date, end_circa, "end", tie, people_group, the, extent, period, qr_key, lighter_bg) VALUES (144, NULL, 189, 4, NULL, NULL, NULL, 'Monroe Doctrine', 'Monroe Doctrine', NULL, NULL, NULL, NULL, NULL, 1823, NULL, NULL, NULL, NULL, NULL, NULL, NULL, NULL, 139, NULL);
INSERT INTO event (id, run, cw, seq, subseq, cycle_focus, region, name, short_name, short_sentence, primary_sentence, secondary_sentence, keywords, start_circa, start, fake_start_date, end_circa, "end", tie, people_group, the, extent, period, qr_key, lighter_bg) VALUES (145, NULL, 189, 6, NULL, NULL, NULL, 'Cherokee Trail of Tears', 'Cherokee Trail of Tears', NULL, NULL, NULL, NULL, NULL, 1838, NULL, NULL, 1839, NULL, NULL, NULL, NULL, NULL, 37, NULL);
INSERT INTO event (id, run, cw, seq, subseq, cycle_focus, region, name, short_name, short_sentence, primary_sentence, secondary_sentence, keywords, start_circa, start, fake_start_date, end_circa, "end", tie, people_group, the, extent, period, qr_key, lighter_bg) VALUES (146, NULL, 189, 7, NULL, NULL, NULL, 'Oregon Trail, Gold Rush, & Manifest Destiny', 'Manifest Destiny', NULL, NULL, NULL, NULL, NULL, 1843, NULL, NULL, 1869, NULL, NULL, NULL, NULL, NULL, 152, NULL);
INSERT INTO event (id, run, cw, seq, subseq, cycle_focus, region, name, short_name, short_sentence, primary_sentence, secondary_sentence, keywords, start_circa, start, fake_start_date, end_circa, "end", tie, people_group, the, extent, period, qr_key, lighter_bg) VALUES (147, NULL, 190, 1, NULL, NULL, NULL, 'Marx Publishes The Communist Manifesto', 'Communist Manifesto', NULL, NULL, NULL, NULL, NULL, 1848, NULL, NULL, NULL, NULL, NULL, NULL, NULL, NULL, 129, NULL);
INSERT INTO event (id, run, cw, seq, subseq, cycle_focus, region, name, short_name, short_sentence, primary_sentence, secondary_sentence, keywords, start_circa, start, fake_start_date, end_circa, "end", tie, people_group, the, extent, period, qr_key, lighter_bg) VALUES (148, NULL, 190, 2, NULL, NULL, NULL, 'Compromise of 1850', 'Compromise of 1850', NULL, NULL, NULL, NULL, NULL, 1850, NULL, NULL, NULL, NULL, NULL, NULL, NULL, NULL, 43, NULL);
INSERT INTO event (id, run, cw, seq, subseq, cycle_focus, region, name, short_name, short_sentence, primary_sentence, secondary_sentence, keywords, start_circa, start, fake_start_date, end_circa, "end", tie, people_group, the, extent, period, qr_key, lighter_bg) VALUES (149, NULL, 190, 3, NULL, NULL, NULL, 'Gadsden Purchase', 'Gadsden Purchase', NULL, NULL, NULL, NULL, NULL, 1853, NULL, NULL, NULL, NULL, NULL, NULL, NULL, NULL, 74, NULL);
INSERT INTO event (id, run, cw, seq, subseq, cycle_focus, region, name, short_name, short_sentence, primary_sentence, secondary_sentence, keywords, start_circa, start, fake_start_date, end_circa, "end", tie, people_group, the, extent, period, qr_key, lighter_bg) VALUES (150, NULL, 190, 4, NULL, NULL, NULL, 'Dred Scott Decision', 'Dred Scott Decision', NULL, NULL, NULL, NULL, NULL, 1857, NULL, NULL, NULL, NULL, NULL, NULL, NULL, NULL, 61, NULL);
INSERT INTO event (id, run, cw, seq, subseq, cycle_focus, region, name, short_name, short_sentence, primary_sentence, secondary_sentence, keywords, start_circa, start, fake_start_date, end_circa, "end", tie, people_group, the, extent, period, qr_key, lighter_bg) VALUES (151, NULL, 190, 3, 1, NULL, NULL, 'Japan''s isolationism dissolved', 'Japan re-opens', NULL, 'Japan''s isolationism dissolved when US Commodore Perry initiated trade...', '(Note Japan''s trade with Duch as the exception up to this point)', NULL, NULL, 1853, NULL, NULL, 1854, NULL, NULL, NULL, NULL, NULL, 105, NULL);
INSERT INTO event (id, run, cw, seq, subseq, cycle_focus, region, name, short_name, short_sentence, primary_sentence, secondary_sentence, keywords, start_circa, start, fake_start_date, end_circa, "end", tie, people_group, the, extent, period, qr_key, lighter_bg) VALUES (152, 2, 190, 5, NULL, 1, 35, 'Suez Canal built', 'Suez Canal', NULL, 'The Suez Canal was built by 1.5 million workers from several countries. It stretches 120 miles and conducts 50-80 vessels per day.', 'The workers included forced laborers. The canal survived years of opposition, financial challenge, and military crisis.  (Note previous canals, partial canals, and canal plans that predate the Suez Canal; note Napoleon''s interest in canal history, and building a canal, and the erroneous survey calculations regarding the two sea levels. Note that the slave labor ended in 1864, along with the end of the Atlantic slave trade.)', NULL, NULL, 1859, NULL, NULL, 1869, NULL, NULL, NULL, NULL, NULL, 183, NULL);
INSERT INTO event (id, run, cw, seq, subseq, cycle_focus, region, name, short_name, short_sentence, primary_sentence, secondary_sentence, keywords, start_circa, start, fake_start_date, end_circa, "end", tie, people_group, the, extent, period, qr_key, lighter_bg) VALUES (153, NULL, 190, 6, NULL, NULL, NULL, 'Darwin''s "Origin of Species"', 'Darwin', NULL, NULL, NULL, NULL, NULL, 1859, NULL, NULL, NULL, NULL, NULL, NULL, NULL, NULL, 56, NULL);
INSERT INTO event (id, run, cw, seq, subseq, cycle_focus, region, name, short_name, short_sentence, primary_sentence, secondary_sentence, keywords, start_circa, start, fake_start_date, end_circa, "end", tie, people_group, the, extent, period, qr_key, lighter_bg) VALUES (154, NULL, 190, 7, NULL, NULL, NULL, 'US Civil War', 'US Civil War', NULL, NULL, NULL, NULL, NULL, 1861, NULL, NULL, 1865, NULL, NULL, NULL, NULL, NULL, 196, NULL);
INSERT INTO event (id, run, cw, seq, subseq, cycle_focus, region, name, short_name, short_sentence, primary_sentence, secondary_sentence, keywords, start_circa, start, fake_start_date, end_circa, "end", tie, people_group, the, extent, period, qr_key, lighter_bg) VALUES (155, NULL, 191, 2, NULL, NULL, NULL, 'Atlantic slave trade ends', 'Atlantic slave trade ends', NULL, NULL, NULL, NULL, 1, 1865, NULL, NULL, NULL, NULL, NULL, NULL, NULL, NULL, 18, NULL);
INSERT INTO event (id, run, cw, seq, subseq, cycle_focus, region, name, short_name, short_sentence, primary_sentence, secondary_sentence, keywords, start_circa, start, fake_start_date, end_circa, "end", tie, people_group, the, extent, period, qr_key, lighter_bg) VALUES (156, NULL, 191, 3, NULL, NULL, NULL, 'Dominion of Canada', 'Dominion of Canada', NULL, NULL, NULL, NULL, NULL, 1867, NULL, NULL, NULL, NULL, NULL, NULL, NULL, NULL, 60, NULL);
INSERT INTO event (id, run, cw, seq, subseq, cycle_focus, region, name, short_name, short_sentence, primary_sentence, secondary_sentence, keywords, start_circa, start, fake_start_date, end_circa, "end", tie, people_group, the, extent, period, qr_key, lighter_bg) VALUES (157, NULL, 191, 1, NULL, NULL, NULL, 'Otto von Bismarck unifies Germany', 'Otto von Bismarck', NULL, NULL, NULL, NULL, NULL, 1864, NULL, NULL, 1871, NULL, NULL, NULL, NULL, NULL, 153, NULL);
INSERT INTO event (id, run, cw, seq, subseq, cycle_focus, region, name, short_name, short_sentence, primary_sentence, secondary_sentence, keywords, start_circa, start, fake_start_date, end_circa, "end", tie, people_group, the, extent, period, qr_key, lighter_bg) VALUES (158, NULL, 191, 4, NULL, NULL, NULL, 'Zulu Wars & Boer Wars', 'Zulu & Boer Wars', NULL, NULL, NULL, NULL, 1, 1870, NULL, NULL, 1902, NULL, NULL, NULL, NULL, NULL, 208, NULL);
INSERT INTO event (id, run, cw, seq, subseq, cycle_focus, region, name, short_name, short_sentence, primary_sentence, secondary_sentence, keywords, start_circa, start, fake_start_date, end_circa, "end", tie, people_group, the, extent, period, qr_key, lighter_bg) VALUES (159, NULL, 191, 6, NULL, NULL, NULL, 'Queen Victoria named Empress of India', 'Queen Victoria', NULL, NULL, NULL, NULL, NULL, 1876, NULL, NULL, NULL, NULL, NULL, NULL, NULL, NULL, 164, NULL);
INSERT INTO event (id, run, cw, seq, subseq, cycle_focus, region, name, short_name, short_sentence, primary_sentence, secondary_sentence, keywords, start_circa, start, fake_start_date, end_circa, "end", tie, people_group, the, extent, period, qr_key, lighter_bg) VALUES (160, NULL, 191, 7, NULL, NULL, NULL, 'Spanish-American War', 'Spanish-American War', NULL, NULL, NULL, NULL, NULL, 1898, NULL, NULL, NULL, NULL, NULL, NULL, NULL, NULL, 181, NULL);
INSERT INTO event (id, run, cw, seq, subseq, cycle_focus, region, name, short_name, short_sentence, primary_sentence, secondary_sentence, keywords, start_circa, start, fake_start_date, end_circa, "end", tie, people_group, the, extent, period, qr_key, lighter_bg) VALUES (161, NULL, 192, 1, NULL, NULL, NULL, 'Commonwealth of Australia', 'Commonwealth of Australia', NULL, NULL, NULL, NULL, NULL, 1901, NULL, NULL, NULL, NULL, NULL, NULL, NULL, NULL, 42, NULL);
INSERT INTO event (id, run, cw, seq, subseq, cycle_focus, region, name, short_name, short_sentence, primary_sentence, secondary_sentence, keywords, start_circa, start, fake_start_date, end_circa, "end", tie, people_group, the, extent, period, qr_key, lighter_bg) VALUES (162, NULL, 192, 2, NULL, NULL, NULL, 'Oil discovered in Iran', 'Oil discovered in Iran', NULL, NULL, NULL, NULL, NULL, 1901, NULL, NULL, NULL, NULL, NULL, NULL, NULL, NULL, 151, NULL);
INSERT INTO event (id, run, cw, seq, subseq, cycle_focus, region, name, short_name, short_sentence, primary_sentence, secondary_sentence, keywords, start_circa, start, fake_start_date, end_circa, "end", tie, people_group, the, extent, period, qr_key, lighter_bg) VALUES (163, NULL, 192, 3, NULL, NULL, NULL, 'Mexican Revolution', 'Mexican Revolution', NULL, NULL, NULL, NULL, NULL, 1910, NULL, NULL, 1920, NULL, NULL, NULL, NULL, NULL, 134, NULL);
INSERT INTO event (id, run, cw, seq, subseq, cycle_focus, region, name, short_name, short_sentence, primary_sentence, secondary_sentence, keywords, start_circa, start, fake_start_date, end_circa, "end", tie, people_group, the, extent, period, qr_key, lighter_bg) VALUES (164, NULL, 192, 4, NULL, NULL, NULL, 'World War I', 'World War I', NULL, NULL, NULL, NULL, NULL, 1914, NULL, NULL, 1918, NULL, NULL, NULL, NULL, NULL, 204, NULL);
INSERT INTO event (id, run, cw, seq, subseq, cycle_focus, region, name, short_name, short_sentence, primary_sentence, secondary_sentence, keywords, start_circa, start, fake_start_date, end_circa, "end", tie, people_group, the, extent, period, qr_key, lighter_bg) VALUES (165, NULL, 192, 6, NULL, NULL, NULL, 'Lenin & the October Revolution', 'Lenin', NULL, NULL, NULL, NULL, NULL, 1917, NULL, NULL, NULL, NULL, NULL, NULL, NULL, NULL, 120, NULL);
INSERT INTO event (id, run, cw, seq, subseq, cycle_focus, region, name, short_name, short_sentence, primary_sentence, secondary_sentence, keywords, start_circa, start, fake_start_date, end_circa, "end", tie, people_group, the, extent, period, qr_key, lighter_bg) VALUES (166, NULL, 192, 7, NULL, NULL, NULL, 'Irish Republican Army fights for independence', 'Irish fight for independence', NULL, NULL, NULL, NULL, NULL, 1919, NULL, NULL, 1922, NULL, NULL, NULL, NULL, NULL, 97, NULL);
INSERT INTO event (id, run, cw, seq, subseq, cycle_focus, region, name, short_name, short_sentence, primary_sentence, secondary_sentence, keywords, start_circa, start, fake_start_date, end_circa, "end", tie, people_group, the, extent, period, qr_key, lighter_bg) VALUES (167, NULL, 193, 1, NULL, NULL, NULL, 'Stalin, USSR, & the Katyn Massacre', 'Stalin', NULL, NULL, NULL, NULL, NULL, 1924, NULL, NULL, 1940, NULL, NULL, NULL, NULL, NULL, 182, NULL);
INSERT INTO event (id, run, cw, seq, subseq, cycle_focus, region, name, short_name, short_sentence, primary_sentence, secondary_sentence, keywords, start_circa, start, fake_start_date, end_circa, "end", tie, people_group, the, extent, period, qr_key, lighter_bg) VALUES (168, NULL, 193, 2, NULL, NULL, NULL, 'The Great Depression & the New Deal', 'The Great Depression', NULL, NULL, NULL, NULL, NULL, 1929, NULL, NULL, 1939, NULL, NULL, NULL, NULL, NULL, 191, NULL);
INSERT INTO event (id, run, cw, seq, subseq, cycle_focus, region, name, short_name, short_sentence, primary_sentence, secondary_sentence, keywords, start_circa, start, fake_start_date, end_circa, "end", tie, people_group, the, extent, period, qr_key, lighter_bg) VALUES (169, NULL, 193, 3, NULL, NULL, NULL, 'World War II', 'World War II', NULL, NULL, NULL, NULL, NULL, 1939, NULL, NULL, 1945, NULL, NULL, NULL, NULL, NULL, 205, NULL);
INSERT INTO event (id, run, cw, seq, subseq, cycle_focus, region, name, short_name, short_sentence, primary_sentence, secondary_sentence, keywords, start_circa, start, fake_start_date, end_circa, "end", tie, people_group, the, extent, period, qr_key, lighter_bg) VALUES (170, NULL, 193, 4, NULL, NULL, NULL, 'Atomic bombs end WWII in Japan', 'Atomic bombs end WWII', NULL, NULL, NULL, NULL, NULL, 1945, NULL, NULL, NULL, NULL, NULL, NULL, NULL, NULL, 19, NULL);
INSERT INTO event (id, run, cw, seq, subseq, cycle_focus, region, name, short_name, short_sentence, primary_sentence, secondary_sentence, keywords, start_circa, start, fake_start_date, end_circa, "end", tie, people_group, the, extent, period, qr_key, lighter_bg) VALUES (171, NULL, 193, 5, NULL, NULL, NULL, 'United Nations formed', 'United Nations', NULL, NULL, NULL, NULL, NULL, 1945, NULL, NULL, NULL, NULL, NULL, NULL, NULL, NULL, 197, NULL);
INSERT INTO event (id, run, cw, seq, subseq, cycle_focus, region, name, short_name, short_sentence, primary_sentence, secondary_sentence, keywords, start_circa, start, fake_start_date, end_circa, "end", tie, people_group, the, extent, period, qr_key, lighter_bg) VALUES (172, NULL, 193, 6, NULL, NULL, NULL, 'The Cold War', 'The Cold War', NULL, NULL, NULL, NULL, NULL, 1945, NULL, NULL, 1991, NULL, NULL, NULL, NULL, NULL, 188, NULL);
INSERT INTO event (id, run, cw, seq, subseq, cycle_focus, region, name, short_name, short_sentence, primary_sentence, secondary_sentence, keywords, start_circa, start, fake_start_date, end_circa, "end", tie, people_group, the, extent, period, qr_key, lighter_bg) VALUES (173, 6, 192, 5, NULL, 1, 23, 'India''s independence movements', 'India''s independence', NULL, 'India''s independence movements started in the days of British East India Company rule, gained momentum with Gandhi''s nonviolent resistance, and ultimately influenced civil-rights and freedom movements worldwide.', NULL, NULL, NULL, 1915, NULL, NULL, 1947, NULL, NULL, NULL, NULL, NULL, 94, 1);
INSERT INTO event (id, run, cw, seq, subseq, cycle_focus, region, name, short_name, short_sentence, primary_sentence, secondary_sentence, keywords, start_circa, start, fake_start_date, end_circa, "end", tie, people_group, the, extent, period, qr_key, lighter_bg) VALUES (174, NULL, 194, 1, NULL, NULL, NULL, 'Dead Sea Scrolls found', 'Dead Sea Scrolls', NULL, NULL, NULL, NULL, NULL, 1946, NULL, NULL, 1956, NULL, NULL, NULL, NULL, NULL, 57, NULL);
INSERT INTO event (id, run, cw, seq, subseq, cycle_focus, region, name, short_name, short_sentence, primary_sentence, secondary_sentence, keywords, start_circa, start, fake_start_date, end_circa, "end", tie, people_group, the, extent, period, qr_key, lighter_bg) VALUES (175, 2, 194, 3, NULL, 1, 34, 'Jewish State established', 'Jewish State', NULL, 'The Jewish State was officially established by the United Nations as the homeland nation of Israel.', 'Israel is now home to nine million people, including almost two million Palestinians.', NULL, NULL, 1948, NULL, NULL, NULL, NULL, NULL, NULL, NULL, NULL, 110, NULL);
INSERT INTO event (id, run, cw, seq, subseq, cycle_focus, region, name, short_name, short_sentence, primary_sentence, secondary_sentence, keywords, start_circa, start, fake_start_date, end_circa, "end", tie, people_group, the, extent, period, qr_key, lighter_bg) VALUES (176, 2, 194, 4, NULL, 1, 47, 'People''s Republic of China born', 'People''s Republic of China', NULL, 'The People''s Republic of China, born out of the Chinese Civil War, is one of the few remaining Communist states in the world.', 'Mao Zedong''s vice-grip power set the tone of rule ever since.', NULL, NULL, 1949, NULL, NULL, NULL, NULL, NULL, NULL, NULL, NULL, 157, 1);
INSERT INTO event (id, run, cw, seq, subseq, cycle_focus, region, name, short_name, short_sentence, primary_sentence, secondary_sentence, keywords, start_circa, start, fake_start_date, end_circa, "end", tie, people_group, the, extent, period, qr_key, lighter_bg) VALUES (177, NULL, 194, 5, NULL, NULL, NULL, 'North Atlantic Treaty Organization formed', 'NATO', NULL, NULL, NULL, NULL, NULL, 1949, NULL, NULL, NULL, NULL, NULL, NULL, NULL, NULL, 150, NULL);
INSERT INTO event (id, run, cw, seq, subseq, cycle_focus, region, name, short_name, short_sentence, primary_sentence, secondary_sentence, keywords, start_circa, start, fake_start_date, end_circa, "end", tie, people_group, the, extent, period, qr_key, lighter_bg) VALUES (178, NULL, 194, 6, NULL, NULL, NULL, 'Geneva Conventions', 'Geneva Conventions', NULL, NULL, NULL, NULL, NULL, 1949, NULL, NULL, NULL, NULL, NULL, NULL, NULL, NULL, 75, NULL);
INSERT INTO event (id, run, cw, seq, subseq, cycle_focus, region, name, short_name, short_sentence, primary_sentence, secondary_sentence, keywords, start_circa, start, fake_start_date, end_circa, "end", tie, people_group, the, extent, period, qr_key, lighter_bg) VALUES (179, 6, 194, 7, NULL, 1, 53, 'Korean War', 'Korean War', NULL, 'The Korean War, between communist North Korea and capitalist South Korea, killed three million, and is still a "frozen conflict" today, with no peace treaty.', NULL, NULL, NULL, 1950, NULL, NULL, 1953, NULL, NULL, NULL, NULL, NULL, 119, 1);
INSERT INTO event (id, run, cw, seq, subseq, cycle_focus, region, name, short_name, short_sentence, primary_sentence, secondary_sentence, keywords, start_circa, start, fake_start_date, end_circa, "end", tie, people_group, the, extent, period, qr_key, lighter_bg) VALUES (180, NULL, 193, 7, NULL, NULL, NULL, 'Civil Rights Movement', 'Civil Rights Movement', NULL, NULL, NULL, NULL, 1, 1945, NULL, NULL, 1968, NULL, NULL, NULL, NULL, NULL, 39, NULL);
INSERT INTO event (id, run, cw, seq, subseq, cycle_focus, region, name, short_name, short_sentence, primary_sentence, secondary_sentence, keywords, start_circa, start, fake_start_date, end_circa, "end", tie, people_group, the, extent, period, qr_key, lighter_bg) VALUES (181, NULL, 194, 2, NULL, NULL, NULL, 'African Independence movements', 'African Independence', NULL, NULL, NULL, NULL, NULL, 1947, NULL, NULL, 1962, NULL, NULL, NULL, NULL, NULL, 5, NULL);
INSERT INTO event (id, run, cw, seq, subseq, cycle_focus, region, name, short_name, short_sentence, primary_sentence, secondary_sentence, keywords, start_circa, start, fake_start_date, end_circa, "end", tie, people_group, the, extent, period, qr_key, lighter_bg) VALUES (182, NULL, 195, 2, NULL, NULL, NULL, 'Antarctic Treaty', 'Antarctic Treaty', NULL, NULL, NULL, NULL, NULL, 1959, NULL, NULL, NULL, NULL, NULL, NULL, NULL, NULL, 15, NULL);
INSERT INTO event (id, run, cw, seq, subseq, cycle_focus, region, name, short_name, short_sentence, primary_sentence, secondary_sentence, keywords, start_circa, start, fake_start_date, end_circa, "end", tie, people_group, the, extent, period, qr_key, lighter_bg) VALUES (183, 2, 195, 1, NULL, 1, 54, 'Vietnam War', 'Vietnam War', NULL, 'The Vietnam War set the Viet Minh and Communist allies against the US and their allies for 19 years of costly war.', 'This war soured Americans to future military engagements.', NULL, NULL, 1955, NULL, NULL, 1975, NULL, NULL, NULL, NULL, NULL, 198, 1);
INSERT INTO event (id, run, cw, seq, subseq, cycle_focus, region, name, short_name, short_sentence, primary_sentence, secondary_sentence, keywords, start_circa, start, fake_start_date, end_circa, "end", tie, people_group, the, extent, period, qr_key, lighter_bg) VALUES (184, NULL, 195, 3, NULL, NULL, NULL, 'First Lunar Landing', 'First Lunar Landing', NULL, NULL, NULL, NULL, NULL, 1969, NULL, NULL, NULL, NULL, NULL, NULL, NULL, NULL, 71, NULL);
INSERT INTO event (id, run, cw, seq, subseq, cycle_focus, region, name, short_name, short_sentence, primary_sentence, secondary_sentence, keywords, start_circa, start, fake_start_date, end_circa, "end", tie, people_group, the, extent, period, qr_key, lighter_bg) VALUES (185, NULL, 195, 4, NULL, NULL, NULL, 'Nixon & the Watergate scandal', 'Nixon & Watergate', NULL, NULL, NULL, NULL, NULL, 1972, NULL, NULL, 1974, NULL, NULL, NULL, NULL, NULL, 147, NULL);
INSERT INTO event (id, run, cw, seq, subseq, cycle_focus, region, name, short_name, short_sentence, primary_sentence, secondary_sentence, keywords, start_circa, start, fake_start_date, end_circa, "end", tie, people_group, the, extent, period, qr_key, lighter_bg) VALUES (186, NULL, 195, 5, NULL, NULL, NULL, 'Fall of Berlin Wall & European Communism', 'Fall of Berlin Wall', NULL, NULL, NULL, NULL, NULL, 1989, NULL, NULL, 1991, NULL, NULL, NULL, NULL, NULL, 67, NULL);
INSERT INTO event (id, run, cw, seq, subseq, cycle_focus, region, name, short_name, short_sentence, primary_sentence, secondary_sentence, keywords, start_circa, start, fake_start_date, end_circa, "end", tie, people_group, the, extent, period, qr_key, lighter_bg) VALUES (187, 3, 195, 6, NULL, 1, 36, 'Gulf War', 'Gulf War', NULL, 'The Gulf War began as an oil conflict between Iraq and Kuwait, but developed into a short war with the US and 35 coalition forces.', NULL, NULL, NULL, 1990, NULL, NULL, 1991, NULL, NULL, NULL, NULL, NULL, 81, NULL);
INSERT INTO event (id, run, cw, seq, subseq, cycle_focus, region, name, short_name, short_sentence, primary_sentence, secondary_sentence, keywords, start_circa, start, fake_start_date, end_circa, "end", tie, people_group, the, extent, period, qr_key, lighter_bg) VALUES (188, NULL, 195, 7, NULL, NULL, NULL, 'European Union formed', 'European Union', NULL, NULL, NULL, NULL, NULL, 1993, NULL, NULL, NULL, NULL, NULL, NULL, NULL, NULL, 66, NULL);
INSERT INTO event (id, run, cw, seq, subseq, cycle_focus, region, name, short_name, short_sentence, primary_sentence, secondary_sentence, keywords, start_circa, start, fake_start_date, end_circa, "end", tie, people_group, the, extent, period, qr_key, lighter_bg) VALUES (189, NULL, 196, 2, NULL, NULL, NULL, 'Kim Jong-il assumes control of North Korea', 'Kim Jong-il', NULL, NULL, NULL, NULL, NULL, 1994, NULL, NULL, NULL, NULL, NULL, NULL, NULL, NULL, 116, NULL);
INSERT INTO event (id, run, cw, seq, subseq, cycle_focus, region, name, short_name, short_sentence, primary_sentence, secondary_sentence, keywords, start_circa, start, fake_start_date, end_circa, "end", tie, people_group, the, extent, period, qr_key, lighter_bg) VALUES (190, 2, 196, 1, NULL, 1, 31, 'Nelson Mandela sees Apartheid Abolished', 'Nelson Mandela', NULL, 'Nelson Mandela saw apartheid abolished after 43 years of racial segregation, including his 27 years in prison for opposing apartheid.', NULL, NULL, NULL, 1994, NULL, NULL, NULL, NULL, NULL, NULL, NULL, NULL, 145, 1);
INSERT INTO event (id, run, cw, seq, subseq, cycle_focus, region, name, short_name, short_sentence, primary_sentence, secondary_sentence, keywords, start_circa, start, fake_start_date, end_circa, "end", tie, people_group, the, extent, period, qr_key, lighter_bg) VALUES (191, NULL, 196, 3, NULL, NULL, NULL, 'September 11 terrorist attacks', 'September 11', NULL, NULL, NULL, NULL, NULL, 2001, NULL, NULL, NULL, NULL, NULL, NULL, NULL, NULL, 173, NULL);
INSERT INTO event (id, run, cw, seq, subseq, cycle_focus, region, name, short_name, short_sentence, primary_sentence, secondary_sentence, keywords, start_circa, start, fake_start_date, end_circa, "end", tie, people_group, the, extent, period, qr_key, lighter_bg) VALUES (192, NULL, 196, 4, NULL, NULL, NULL, 'Darfur Civil War', 'Darfur Civil War', NULL, NULL, NULL, NULL, NULL, 2003, NULL, NULL, 2009, NULL, NULL, NULL, NULL, NULL, 55, NULL);
INSERT INTO event (id, run, cw, seq, subseq, cycle_focus, region, name, short_name, short_sentence, primary_sentence, secondary_sentence, keywords, start_circa, start, fake_start_date, end_circa, "end", tie, people_group, the, extent, period, qr_key, lighter_bg) VALUES (193, NULL, 178, 1, 1, NULL, NULL, 'Yamato Period', NULL, NULL, 'The Yamato Period saw the inheritance of Chinese government organization as well as Buddhism and Confucianism, especially during the Asuka period (538–710).', NULL, NULL, NULL, 250, NULL, NULL, 710, NULL, NULL, NULL, NULL, NULL, 206, NULL);
INSERT INTO event (id, run, cw, seq, subseq, cycle_focus, region, name, short_name, short_sentence, primary_sentence, secondary_sentence, keywords, start_circa, start, fake_start_date, end_circa, "end", tie, people_group, the, extent, period, qr_key, lighter_bg) VALUES (194, NULL, 176, 2, 1, NULL, NULL, 'Three Kingdoms of Korea', NULL, NULL, 'The Three Kingdoms Period of Korea saw the centralization of states and kings who ruled with increasingly rigid, aristocratic heirarchies.', NULL, NULL, NULL, -57, NULL, NULL, 668, NULL, NULL, NULL, NULL, NULL, 192, NULL);
INSERT INTO event (id, run, cw, seq, subseq, cycle_focus, region, name, short_name, short_sentence, primary_sentence, secondary_sentence, keywords, start_circa, start, fake_start_date, end_circa, "end", tie, people_group, the, extent, period, qr_key, lighter_bg) VALUES (195, NULL, 179, 7, 1, NULL, NULL, 'Sui & Tang dynasties', NULL, NULL, 'The Sui and Tang dynasty period saw the re-unification of China, much like the Quin-Han dynasty succession saw the original unification of China.', NULL, NULL, NULL, 581, NULL, NULL, 907, NULL, NULL, NULL, NULL, NULL, 184, NULL);
INSERT INTO event (id, run, cw, seq, subseq, cycle_focus, region, name, short_name, short_sentence, primary_sentence, secondary_sentence, keywords, start_circa, start, fake_start_date, end_circa, "end", tie, people_group, the, extent, period, qr_key, lighter_bg) VALUES (196, NULL, 179, 3, 1, NULL, NULL, 'Merovech leads Franks', NULL, NULL, 'Merovech led the Franks, in concert with other warlords like Aetius, to defeat Attila and the Huns at the Battle of the Catalaunian Plains in Gaul.', NULL, NULL, NULL, 451, NULL, NULL, NULL, NULL, NULL, NULL, NULL, NULL, 132, NULL);
INSERT INTO event (id, run, cw, seq, subseq, cycle_focus, region, name, short_name, short_sentence, primary_sentence, secondary_sentence, keywords, start_circa, start, fake_start_date, end_circa, "end", tie, people_group, the, extent, period, qr_key, lighter_bg) VALUES (197, NULL, 196, 6, NULL, NULL, NULL, 'Coronavirus pandemic', 'Coronavirus pandemic', NULL, NULL, NULL, NULL, NULL, 2020, NULL, NULL, NULL, NULL, NULL, NULL, NULL, NULL, 47, NULL);
INSERT INTO event (id, run, cw, seq, subseq, cycle_focus, region, name, short_name, short_sentence, primary_sentence, secondary_sentence, keywords, start_circa, start, fake_start_date, end_circa, "end", tie, people_group, the, extent, period, qr_key, lighter_bg) VALUES (198, 2, 187, 4, NULL, 3, 24, 'Industrial Revolution', 'Industrial Revolution', NULL, 'Industrial Revolution innovations included Watt''s steam engine (1765), Cartwright''s power loom (1787), Whitney''s cotton gin (1793), and Morse''s telegraph (1844).', '(Note that the Industrial Revolution was as significant in Europe as it was in North America, by many measures.)', NULL, NULL, 1765, NULL, NULL, 1844, NULL, NULL, NULL, NULL, NULL, 96, NULL);
INSERT INTO event (id, run, cw, seq, subseq, cycle_focus, region, name, short_name, short_sentence, primary_sentence, secondary_sentence, keywords, start_circa, start, fake_start_date, end_circa, "end", tie, people_group, the, extent, period, qr_key, lighter_bg) VALUES (199, NULL, 191, 5, NULL, NULL, NULL, 'Second Industrial Revolution', 'Second Industrial Revolution', NULL, 'Second Industrial Revolution innovations included Edison''s lightbulb (1879), Bentz''s automobile (1886), ', NULL, NULL, NULL, 1870, NULL, NULL, 1914, NULL, NULL, NULL, NULL, NULL, 172, NULL);
INSERT INTO event (id, run, cw, seq, subseq, cycle_focus, region, name, short_name, short_sentence, primary_sentence, secondary_sentence, keywords, start_circa, start, fake_start_date, end_circa, "end", tie, people_group, the, extent, period, qr_key, lighter_bg) VALUES (200, NULL, 179, 2, 1, NULL, NULL, 'Anglo-Saxons invade England', NULL, NULL, 'The Anglo-Saxons invaded and settled in England, tipping the heritage from Roman-British to Germanic.', NULL, NULL, NULL, 449, NULL, NULL, NULL, NULL, NULL, NULL, NULL, NULL, 14, NULL);
INSERT INTO event (id, run, cw, seq, subseq, cycle_focus, region, name, short_name, short_sentence, primary_sentence, secondary_sentence, keywords, start_circa, start, fake_start_date, end_circa, "end", tie, people_group, the, extent, period, qr_key, lighter_bg) VALUES (202, NULL, 179, 7, 1, NULL, NULL, 'Augustine of Canterbury', NULL, NULL, 'Augustine of Canterbury, a Benedictine monk, was sent to England, became the Archbishop of Canterbury, and is known as the "Apostle to the English" and founder of the English Church.', NULL, NULL, NULL, 597, NULL, NULL, NULL, NULL, NULL, NULL, NULL, NULL, 21, NULL);
INSERT INTO event (id, run, cw, seq, subseq, cycle_focus, region, name, short_name, short_sentence, primary_sentence, secondary_sentence, keywords, start_circa, start, fake_start_date, end_circa, "end", tie, people_group, the, extent, period, qr_key, lighter_bg) VALUES (203, 2, 183, 4, 1, 1, 134, 'Māori journey to New Zealand', 'Māori', NULL, 'The Māori journeyed to New Zealand from their mythical homeland of Hawaiki, in Polynesia.', NULL, NULL, 1, 1320, NULL, 1, 1350, NULL, NULL, NULL, NULL, NULL, 143, NULL);
INSERT INTO event (id, run, cw, seq, subseq, cycle_focus, region, name, short_name, short_sentence, primary_sentence, secondary_sentence, keywords, start_circa, start, fake_start_date, end_circa, "end", tie, people_group, the, extent, period, qr_key, lighter_bg) VALUES (204, 2, 185, 1, NULL, 2, 136, 'Ferdinand & Isabella unite Spain', 'Ferdinand & Isabella', NULL, 'Ferdinand, of Aragon (east), and Isabella, of Castile (west), united Spain when they married and as they defended their unified throne against rivals.', NULL, NULL, NULL, 1469, NULL, NULL, NULL, NULL, NULL, NULL, NULL, NULL, 69, NULL);
INSERT INTO event (id, run, cw, seq, subseq, cycle_focus, region, name, short_name, short_sentence, primary_sentence, secondary_sentence, keywords, start_circa, start, fake_start_date, end_circa, "end", tie, people_group, the, extent, period, qr_key, lighter_bg) VALUES (205, 2, 186, 2, 1, 1, 23, 'Mughal Empire', 'Mughal Empire', NULL, 'The Mughal Empire controlled much of the region around India by persuasive rule and high taxes.', 'They advanced astronomy, chemistry, and metallurgy.', NULL, NULL, 1526, NULL, NULL, 1761, NULL, NULL, NULL, NULL, NULL, 138, NULL);
INSERT INTO event (id, run, cw, seq, subseq, cycle_focus, region, name, short_name, short_sentence, primary_sentence, secondary_sentence, keywords, start_circa, start, fake_start_date, end_circa, "end", tie, people_group, the, extent, period, qr_key, lighter_bg) VALUES (206, 3, 185, 7, NULL, 2, 22, 'Copernicus, Galileo, Kepler, & Newton', 'Scientific Revolution', NULL, 'Copernicus, Galileo, Kepler, Newton, and others fueled the Scientific Revolution with their careful observations and discoveries.', 'Copernicus'' work (c.1514-1540),
Galileo''s work (1607-1638),
Kepler''s work (1603-1638), and
Newton''s work (1669-1733
)', NULL, NULL, 1514, NULL, NULL, 1733, NULL, NULL, NULL, NULL, NULL, 46, NULL);
INSERT INTO event (id, run, cw, seq, subseq, cycle_focus, region, name, short_name, short_sentence, primary_sentence, secondary_sentence, keywords, start_circa, start, fake_start_date, end_circa, "end", tie, people_group, the, extent, period, qr_key, lighter_bg) VALUES (207, NULL, 175, 6, 1, 1, 33, 'Maccabean revolt', NULL, NULL, 'The Maccabean revolt pit Jewish warriors, under Maccabees, against the Seleucid Empire and the Hellenistic influence on Judaism.', 'The new Hasmonean Dynasty prioritized Jewish culture and celebrated the successful revolt with the new holiday called Hanukkah.', NULL, 1, -168, NULL, 1, -160, NULL, NULL, NULL, NULL, NULL, 311, NULL);
INSERT INTO event (id, run, cw, seq, subseq, cycle_focus, region, name, short_name, short_sentence, primary_sentence, secondary_sentence, keywords, start_circa, start, fake_start_date, end_circa, "end", tie, people_group, the, extent, period, qr_key, lighter_bg) VALUES (208, 5, 196, 5, NULL, 1, 36, 'Iraq War', 'Iraq War', NULL, 'The Iraq War began when the U.S. invaded Iraq and overthrew Saddam Hussein as a part of the War on Terror.', 'Shia-Sunni civil war and organizations like al-Qaeda and ISIL have plagued the region since.', NULL, NULL, 2003, NULL, NULL, 2011, NULL, NULL, NULL, NULL, NULL, 310, NULL);
INSERT INTO event (id, run, cw, seq, subseq, cycle_focus, region, name, short_name, short_sentence, primary_sentence, secondary_sentence, keywords, start_circa, start, fake_start_date, end_circa, "end", tie, people_group, the, extent, period, qr_key, lighter_bg) VALUES (209, NULL, 196, 7, NULL, NULL, NULL, 'Today', 'Today', NULL, NULL, NULL, NULL, NULL, 2020, NULL, NULL, NULL, NULL, NULL, NULL, NULL, NULL, 348, NULL);

-- Table: event_detail
DROP TABLE IF EXISTS event_detail;
CREATE TABLE event_detail (event INTEGER REFERENCES event (id) ON DELETE RESTRICT ON UPDATE CASCADE, detail INTEGER REFERENCES detail (id) ON DELETE CASCADE ON UPDATE CASCADE);
INSERT INTO event_detail (event, detail) VALUES (5, 2);
INSERT INTO event_detail (event, detail) VALUES (5, 3);
INSERT INTO event_detail (event, detail) VALUES (5, 4);
INSERT INTO event_detail (event, detail) VALUES (5, 5);
INSERT INTO event_detail (event, detail) VALUES (5, 6);
INSERT INTO event_detail (event, detail) VALUES (5, 7);
INSERT INTO event_detail (event, detail) VALUES (5, 8);
INSERT INTO event_detail (event, detail) VALUES (5, 9);
INSERT INTO event_detail (event, detail) VALUES (5, 10);
INSERT INTO event_detail (event, detail) VALUES (5, 11);
INSERT INTO event_detail (event, detail) VALUES (5, 12);
INSERT INTO event_detail (event, detail) VALUES (5, 1);
INSERT INTO event_detail (event, detail) VALUES (6, 13);
INSERT INTO event_detail (event, detail) VALUES (6, 14);
INSERT INTO event_detail (event, detail) VALUES (6, 15);
INSERT INTO event_detail (event, detail) VALUES (6, 16);
INSERT INTO event_detail (event, detail) VALUES (6, 17);
INSERT INTO event_detail (event, detail) VALUES (6, 18);
INSERT INTO event_detail (event, detail) VALUES (6, 19);
INSERT INTO event_detail (event, detail) VALUES (6, 20);
INSERT INTO event_detail (event, detail) VALUES (7, 21);
INSERT INTO event_detail (event, detail) VALUES (7, 22);
INSERT INTO event_detail (event, detail) VALUES (7, 23);
INSERT INTO event_detail (event, detail) VALUES (8, 24);
INSERT INTO event_detail (event, detail) VALUES (8, 25);
INSERT INTO event_detail (event, detail) VALUES (8, 26);
INSERT INTO event_detail (event, detail) VALUES (8, 27);
INSERT INTO event_detail (event, detail) VALUES (8, 28);
INSERT INTO event_detail (event, detail) VALUES (8, 29);
INSERT INTO event_detail (event, detail) VALUES (8, 30);
INSERT INTO event_detail (event, detail) VALUES (8, 31);
INSERT INTO event_detail (event, detail) VALUES (9, 32);
INSERT INTO event_detail (event, detail) VALUES (9, 33);
INSERT INTO event_detail (event, detail) VALUES (9, 34);
INSERT INTO event_detail (event, detail) VALUES (9, 35);
INSERT INTO event_detail (event, detail) VALUES (9, 36);
INSERT INTO event_detail (event, detail) VALUES (10, 37);
INSERT INTO event_detail (event, detail) VALUES (11, 38);
INSERT INTO event_detail (event, detail) VALUES (12, 39);
INSERT INTO event_detail (event, detail) VALUES (13, 40);
INSERT INTO event_detail (event, detail) VALUES (12, 41);
INSERT INTO event_detail (event, detail) VALUES (11, 42);
INSERT INTO event_detail (event, detail) VALUES (13, 43);
INSERT INTO event_detail (event, detail) VALUES (14, 44);
INSERT INTO event_detail (event, detail) VALUES (13, 45);
INSERT INTO event_detail (event, detail) VALUES (13, 46);
INSERT INTO event_detail (event, detail) VALUES (13, 47);
INSERT INTO event_detail (event, detail) VALUES (14, 48);
INSERT INTO event_detail (event, detail) VALUES (15, 49);
INSERT INTO event_detail (event, detail) VALUES (15, 50);
INSERT INTO event_detail (event, detail) VALUES (15, 51);
INSERT INTO event_detail (event, detail) VALUES (15, 52);
INSERT INTO event_detail (event, detail) VALUES (15, 53);
INSERT INTO event_detail (event, detail) VALUES (15, 54);
INSERT INTO event_detail (event, detail) VALUES (15, 55);
INSERT INTO event_detail (event, detail) VALUES (14, 56);
INSERT INTO event_detail (event, detail) VALUES (14, 57);
INSERT INTO event_detail (event, detail) VALUES (14, 58);
INSERT INTO event_detail (event, detail) VALUES (14, 59);
INSERT INTO event_detail (event, detail) VALUES (14, 60);
INSERT INTO event_detail (event, detail) VALUES (14, 61);
INSERT INTO event_detail (event, detail) VALUES (14, 62);
INSERT INTO event_detail (event, detail) VALUES (16, 63);
INSERT INTO event_detail (event, detail) VALUES (16, 64);
INSERT INTO event_detail (event, detail) VALUES (16, 65);
INSERT INTO event_detail (event, detail) VALUES (17, 66);
INSERT INTO event_detail (event, detail) VALUES (17, 67);
INSERT INTO event_detail (event, detail) VALUES (17, 68);
INSERT INTO event_detail (event, detail) VALUES (18, 69);
INSERT INTO event_detail (event, detail) VALUES (18, 70);
INSERT INTO event_detail (event, detail) VALUES (19, 71);
INSERT INTO event_detail (event, detail) VALUES (19, 72);
INSERT INTO event_detail (event, detail) VALUES (19, 73);
INSERT INTO event_detail (event, detail) VALUES (19, 74);
INSERT INTO event_detail (event, detail) VALUES (19, 75);
INSERT INTO event_detail (event, detail) VALUES (19, 76);
INSERT INTO event_detail (event, detail) VALUES (20, 77);
INSERT INTO event_detail (event, detail) VALUES (20, 78);
INSERT INTO event_detail (event, detail) VALUES (21, 79);
INSERT INTO event_detail (event, detail) VALUES (21, 80);
INSERT INTO event_detail (event, detail) VALUES (21, 81);
INSERT INTO event_detail (event, detail) VALUES (22, 82);
INSERT INTO event_detail (event, detail) VALUES (22, 83);
INSERT INTO event_detail (event, detail) VALUES (23, 84);
INSERT INTO event_detail (event, detail) VALUES (24, 85);
INSERT INTO event_detail (event, detail) VALUES (24, 86);
INSERT INTO event_detail (event, detail) VALUES (24, 87);
INSERT INTO event_detail (event, detail) VALUES (24, 88);
INSERT INTO event_detail (event, detail) VALUES (25, 89);
INSERT INTO event_detail (event, detail) VALUES (25, 90);
INSERT INTO event_detail (event, detail) VALUES (25, 91);
INSERT INTO event_detail (event, detail) VALUES (26, 92);
INSERT INTO event_detail (event, detail) VALUES (26, 93);
INSERT INTO event_detail (event, detail) VALUES (27, 94);
INSERT INTO event_detail (event, detail) VALUES (27, 95);
INSERT INTO event_detail (event, detail) VALUES (27, 96);
INSERT INTO event_detail (event, detail) VALUES (31, 97);
INSERT INTO event_detail (event, detail) VALUES (31, 98);
INSERT INTO event_detail (event, detail) VALUES (32, 99);
INSERT INTO event_detail (event, detail) VALUES (32, 100);
INSERT INTO event_detail (event, detail) VALUES (34, 101);
INSERT INTO event_detail (event, detail) VALUES (35, 102);
INSERT INTO event_detail (event, detail) VALUES (36, 103);
INSERT INTO event_detail (event, detail) VALUES (36, 104);
INSERT INTO event_detail (event, detail) VALUES (36, 105);
INSERT INTO event_detail (event, detail) VALUES (36, 106);
INSERT INTO event_detail (event, detail) VALUES (36, 107);
INSERT INTO event_detail (event, detail) VALUES (36, 108);
INSERT INTO event_detail (event, detail) VALUES (36, 109);
INSERT INTO event_detail (event, detail) VALUES (36, 110);
INSERT INTO event_detail (event, detail) VALUES (36, 111);
INSERT INTO event_detail (event, detail) VALUES (38, 112);
INSERT INTO event_detail (event, detail) VALUES (39, 113);
INSERT INTO event_detail (event, detail) VALUES (41, 114);
INSERT INTO event_detail (event, detail) VALUES (41, 115);
INSERT INTO event_detail (event, detail) VALUES (44, 116);
INSERT INTO event_detail (event, detail) VALUES (44, 117);
INSERT INTO event_detail (event, detail) VALUES (44, 118);
INSERT INTO event_detail (event, detail) VALUES (44, 119);
INSERT INTO event_detail (event, detail) VALUES (44, 120);
INSERT INTO event_detail (event, detail) VALUES (44, 121);
INSERT INTO event_detail (event, detail) VALUES (44, 122);
INSERT INTO event_detail (event, detail) VALUES (44, 123);
INSERT INTO event_detail (event, detail) VALUES (44, 124);
INSERT INTO event_detail (event, detail) VALUES (45, 125);
INSERT INTO event_detail (event, detail) VALUES (33, 126);
INSERT INTO event_detail (event, detail) VALUES (24, 127);
INSERT INTO event_detail (event, detail) VALUES (56, 128);
INSERT INTO event_detail (event, detail) VALUES (56, 129);
INSERT INTO event_detail (event, detail) VALUES (56, 130);
INSERT INTO event_detail (event, detail) VALUES (56, 131);
INSERT INTO event_detail (event, detail) VALUES (56, 132);
INSERT INTO event_detail (event, detail) VALUES (35, 133);
INSERT INTO event_detail (event, detail) VALUES (13, 134);
INSERT INTO event_detail (event, detail) VALUES (15, 135);
INSERT INTO event_detail (event, detail) VALUES (32, 136);
INSERT INTO event_detail (event, detail) VALUES (34, 136);
INSERT INTO event_detail (event, detail) VALUES (36, 136);

-- Table: event_location
DROP TABLE IF EXISTS event_location;
CREATE TABLE event_location (event INTEGER REFERENCES event (id) ON DELETE RESTRICT ON UPDATE CASCADE NOT NULL, location INTEGER REFERENCES location (id) ON DELETE RESTRICT ON UPDATE CASCADE NOT NULL, UNIQUE (event, location));
INSERT INTO event_location (event, location) VALUES (5, 3);
INSERT INTO event_location (event, location) VALUES (5, 4);
INSERT INTO event_location (event, location) VALUES (6, 10);

-- Table: event_resource
DROP TABLE IF EXISTS event_resource;
CREATE TABLE event_resource (id INTEGER PRIMARY KEY AUTOINCREMENT, event INTEGER REFERENCES event (id) ON DELETE RESTRICT ON UPDATE CASCADE NOT NULL, resource INTEGER REFERENCES resource (id) ON DELETE RESTRICT ON UPDATE CASCADE NOT NULL, reference1 STRING, reference2 STRING, priority INTEGER, "order" INTEGER, UNIQUE (event, priority, "order"));
INSERT INTO event_resource (id, event, resource, reference1, reference2, priority, "order") VALUES (1, 24, 1, 'ch', 26, 1, 1);
INSERT INTO event_resource (id, event, resource, reference1, reference2, priority, "order") VALUES (2, 31, 1, 'ch', 27, 1, 1);
INSERT INTO event_resource (id, event, resource, reference1, reference2, priority, "order") VALUES (3, 39, 1, 'ch', 27, 1, 1);
INSERT INTO event_resource (id, event, resource, reference1, reference2, priority, "order") VALUES (4, 39, 1, 'ch', 28, 1, 2);
INSERT INTO event_resource (id, event, resource, reference1, reference2, priority, "order") VALUES (5, 40, 1, 'ch', 26, 1, 1);
INSERT INTO event_resource (id, event, resource, reference1, reference2, priority, "order") VALUES (6, 41, 1, 'ch', 33, 1, 1);
INSERT INTO event_resource (id, event, resource, reference1, reference2, priority, "order") VALUES (7, 42, 1, 'ch', 23, 1, 2);
INSERT INTO event_resource (id, event, resource, reference1, reference2, priority, "order") VALUES (8, 42, 1, 'ch', 24, 1, 3);
INSERT INTO event_resource (id, event, resource, reference1, reference2, priority, "order") VALUES (9, 42, 1, 'ch', 22, 1, 1);
INSERT INTO event_resource (id, event, resource, reference1, reference2, priority, "order") VALUES (10, 43, 1, 'ch', 24, 1, 1);
INSERT INTO event_resource (id, event, resource, reference1, reference2, priority, "order") VALUES (11, 44, 1, 'ch', 25, 1, 1);
INSERT INTO event_resource (id, event, resource, reference1, reference2, priority, "order") VALUES (12, 46, 1, 'ch', 30, 1, 1);
INSERT INTO event_resource (id, event, resource, reference1, reference2, priority, "order") VALUES (13, 46, 1, 'ch', 31, 1, 2);
INSERT INTO event_resource (id, event, resource, reference1, reference2, priority, "order") VALUES (14, 47, 1, 'ch', 29, 1, 1);
INSERT INTO event_resource (id, event, resource, reference1, reference2, priority, "order") VALUES (15, 48, 1, 'ch', 29, 1, 1);
INSERT INTO event_resource (id, event, resource, reference1, reference2, priority, "order") VALUES (16, 49, 1, 'ch', 34, 1, 1);
INSERT INTO event_resource (id, event, resource, reference1, reference2, priority, "order") VALUES (17, 49, 1, 'ch', 35, 1, 2);
INSERT INTO event_resource (id, event, resource, reference1, reference2, priority, "order") VALUES (18, 50, 1, 'ch', 36, 1, 1);
INSERT INTO event_resource (id, event, resource, reference1, reference2, priority, "order") VALUES (19, 99, 1, 'ch', 32, 1, 1);
INSERT INTO event_resource (id, event, resource, reference1, reference2, priority, "order") VALUES (20, 54, 1, 'ch', 37, 1, 1);
INSERT INTO event_resource (id, event, resource, reference1, reference2, priority, "order") VALUES (21, 58, 1, 'ch', 39, 1, 1);
INSERT INTO event_resource (id, event, resource, reference1, reference2, priority, "order") VALUES (22, 60, 1, 'ch', 38, 1, 1);
INSERT INTO event_resource (id, event, resource, reference1, reference2, priority, "order") VALUES (23, 62, 2, 'ch', 32, 1, 1);
INSERT INTO event_resource (id, event, resource, reference1, reference2, priority, "order") VALUES (24, 64, 1, 'ch', 40, 1, 1);
INSERT INTO event_resource (id, event, resource, reference1, reference2, priority, "order") VALUES (25, 65, 1, 'ch', 39, 1, 1);
INSERT INTO event_resource (id, event, resource, reference1, reference2, priority, "order") VALUES (26, 193, 2, 'ch', 9, 1, 1);
INSERT INTO event_resource (id, event, resource, reference1, reference2, priority, "order") VALUES (27, 194, 2, 'ch', 9, 1, 1);
INSERT INTO event_resource (id, event, resource, reference1, reference2, priority, "order") VALUES (28, 195, 2, 'ch', 8, 1, 1);
INSERT INTO event_resource (id, event, resource, reference1, reference2, priority, "order") VALUES (29, 70, 1, 'ch', 41, 1, 1);
INSERT INTO event_resource (id, event, resource, reference1, reference2, priority, "order") VALUES (30, 72, 1, 'ch', 42, 1, 1);
INSERT INTO event_resource (id, event, resource, reference1, reference2, priority, "order") VALUES (31, 72, 2, 'ch', 1, 1, 2);
INSERT INTO event_resource (id, event, resource, reference1, reference2, priority, "order") VALUES (32, 73, 2, 'ch', 29, 1, 1);
INSERT INTO event_resource (id, event, resource, reference1, reference2, priority, "order") VALUES (33, 74, 2, 'ch', 4, 1, 1);
INSERT INTO event_resource (id, event, resource, reference1, reference2, priority, "order") VALUES (34, 75, 2, 'ch', 3, 1, 1);
INSERT INTO event_resource (id, event, resource, reference1, reference2, priority, "order") VALUES (35, 76, 2, 'ch', 6, 1, 1);
INSERT INTO event_resource (id, event, resource, reference1, reference2, priority, "order") VALUES (36, 77, 2, 'ch', 7, 1, 1);
INSERT INTO event_resource (id, event, resource, reference1, reference2, priority, "order") VALUES (37, 77, 2, 'ch', 12, 1, 2);
INSERT INTO event_resource (id, event, resource, reference1, reference2, priority, "order") VALUES (38, 77, 2, 'ch', 29, 1, 3);
INSERT INTO event_resource (id, event, resource, reference1, reference2, priority, "order") VALUES (39, 66, 2, 'ch', 5, 1, 1);
INSERT INTO event_resource (id, event, resource, reference1, reference2, priority, "order") VALUES (40, 6, 1, 'ch', 2, 1, 1);
INSERT INTO event_resource (id, event, resource, reference1, reference2, priority, "order") VALUES (41, 6, 1, 'ch', 3, 1, 2);
INSERT INTO event_resource (id, event, resource, reference1, reference2, priority, "order") VALUES (42, 6, 1, 'ch', 4, 1, 3);
INSERT INTO event_resource (id, event, resource, reference1, reference2, priority, "order") VALUES (43, 5, 1, 'ch', 3, 1, 1);
INSERT INTO event_resource (id, event, resource, reference1, reference2, priority, "order") VALUES (44, 5, 1, 'ch', 5, 1, 2);
INSERT INTO event_resource (id, event, resource, reference1, reference2, priority, "order") VALUES (45, 13, 1, 'ch', 6, 1, 1);
INSERT INTO event_resource (id, event, resource, reference1, reference2, priority, "order") VALUES (46, 15, 1, 'ch', 7, 1, 1);
INSERT INTO event_resource (id, event, resource, reference1, reference2, priority, "order") VALUES (47, 14, 1, 'ch', 8, 1, 1);
INSERT INTO event_resource (id, event, resource, reference1, reference2, priority, "order") VALUES (48, 9, 1, 'ch', 9, 1, 1);
INSERT INTO event_resource (id, event, resource, reference1, reference2, priority, "order") VALUES (49, 19, 1, 'ch', 10, 1, 1);
INSERT INTO event_resource (id, event, resource, reference1, reference2, priority, "order") VALUES (50, 16, 1, 'ch', 12, 1, 1);
INSERT INTO event_resource (id, event, resource, reference1, reference2, priority, "order") VALUES (51, 20, 1, 'ch', 13, 1, 1);
INSERT INTO event_resource (id, event, resource, reference1, reference2, priority, "order") VALUES (52, 21, 1, 'ch', 14, 1, 1);
INSERT INTO event_resource (id, event, resource, reference1, reference2, priority, "order") VALUES (53, 8, 1, 'ch', 15, 1, 1);
INSERT INTO event_resource (id, event, resource, reference1, reference2, priority, "order") VALUES (54, 32, 1, 'ch', 16, 1, 1);
INSERT INTO event_resource (id, event, resource, reference1, reference2, priority, "order") VALUES (55, 34, 1, 'ch', 17, 1, 1);
INSERT INTO event_resource (id, event, resource, reference1, reference2, priority, "order") VALUES (56, 10, 1, 'ch', 18, 1, 1);
INSERT INTO event_resource (id, event, resource, reference1, reference2, priority, "order") VALUES (57, 10, 1, 'ch', 19, 1, 2);
INSERT INTO event_resource (id, event, resource, reference1, reference2, priority, "order") VALUES (58, 25, 1, 'ch', 19, 1, 1);
INSERT INTO event_resource (id, event, resource, reference1, reference2, priority, "order") VALUES (59, 30, 1, 'ch', 20, 1, 1);
INSERT INTO event_resource (id, event, resource, reference1, reference2, priority, "order") VALUES (60, 36, 1, 'ch', 21, 1, 1);
INSERT INTO event_resource (id, event, resource, reference1, reference2, priority, "order") VALUES (61, 200, 2, 'ch', 2, 1, 1);
INSERT INTO event_resource (id, event, resource, reference1, reference2, priority, "order") VALUES (62, 196, 2, 'ch', 11, 1, 1);
INSERT INTO event_resource (id, event, resource, reference1, reference2, priority, "order") VALUES (63, 202, 2, 'ch', 3, 1, 1);
INSERT INTO event_resource (id, event, resource, reference1, reference2, priority, "order") VALUES (64, 203, 2, 'ch', 10, 1, 1);
INSERT INTO event_resource (id, event, resource, reference1, reference2, priority, "order") VALUES (65, 79, 2, 'ch', 14, 1, 1);
INSERT INTO event_resource (id, event, resource, reference1, reference2, priority, "order") VALUES (66, 79, 2, 'ch', 15, 1, 2);
INSERT INTO event_resource (id, event, resource, reference1, reference2, priority, "order") VALUES (67, 82, 2, 'ch', 15, 1, 1);
INSERT INTO event_resource (id, event, resource, reference1, reference2, priority, "order") VALUES (68, 81, 2, 'ch', 13, 1, 1);
INSERT INTO event_resource (id, event, resource, reference1, reference2, priority, "order") VALUES (69, 83, 2, 'ch', 23, 1, 1);
INSERT INTO event_resource (id, event, resource, reference1, reference2, priority, "order") VALUES (70, 88, 2, 'ch', 15, 1, 1);
INSERT INTO event_resource (id, event, resource, reference1, reference2, priority, "order") VALUES (71, 88, 2, 'ch', 16, 1, 2);
INSERT INTO event_resource (id, event, resource, reference1, reference2, priority, "order") VALUES (72, 88, 2, 'ch', 17, 1, 3);
INSERT INTO event_resource (id, event, resource, reference1, reference2, priority, "order") VALUES (73, 89, 2, 'ch', 18, 1, 1);
INSERT INTO event_resource (id, event, resource, reference1, reference2, priority, "order") VALUES (74, 89, 2, 'ch', 20, 1, 2);
INSERT INTO event_resource (id, event, resource, reference1, reference2, priority, "order") VALUES (75, 94, 2, 'ch', 17, 1, 1);
INSERT INTO event_resource (id, event, resource, reference1, reference2, priority, "order") VALUES (76, 95, 2, 'ch', 21, 1, 1);
INSERT INTO event_resource (id, event, resource, reference1, reference2, priority, "order") VALUES (77, 96, 2, 'ch', 19, 1, 1);
INSERT INTO event_resource (id, event, resource, reference1, reference2, priority, "order") VALUES (78, 97, 2, 'ch', 29, 1, 1);
INSERT INTO event_resource (id, event, resource, reference1, reference2, priority, "order") VALUES (79, 98, 2, 'ch', 24, 1, 1);
INSERT INTO event_resource (id, event, resource, reference1, reference2, priority, "order") VALUES (80, 101, 2, 'ch', 22, 1, 1);
INSERT INTO event_resource (id, event, resource, reference1, reference2, priority, "order") VALUES (81, 104, 2, 'ch', 25, 1, 1);
INSERT INTO event_resource (id, event, resource, reference1, reference2, priority, "order") VALUES (82, 112, 2, 'ch', 29, 1, 1);
INSERT INTO event_resource (id, event, resource, reference1, reference2, priority, "order") VALUES (83, 103, 2, 'ch', 26, 1, 1);
INSERT INTO event_resource (id, event, resource, reference1, reference2, priority, "order") VALUES (84, 103, 2, 'ch', 27, 1, 2);
INSERT INTO event_resource (id, event, resource, reference1, reference2, priority, "order") VALUES (85, 116, 2, 'ch', 31, 1, 1);
INSERT INTO event_resource (id, event, resource, reference1, reference2, priority, "order") VALUES (86, 117, 2, 'ch', 31, 1, 1);
INSERT INTO event_resource (id, event, resource, reference1, reference2, priority, "order") VALUES (87, 119, 2, 'ch', 31, 1, 1);
INSERT INTO event_resource (id, event, resource, reference1, reference2, priority, "order") VALUES (88, 92, 2, 'ch', 32, 1, 1);
INSERT INTO event_resource (id, event, resource, reference1, reference2, priority, "order") VALUES (89, 109, 2, 'ch', 33, 1, 1);
INSERT INTO event_resource (id, event, resource, reference1, reference2, priority, "order") VALUES (90, 118, 2, 'ch', 34, 1, 1);
INSERT INTO event_resource (id, event, resource, reference1, reference2, priority, "order") VALUES (91, 111, 2, 'ch', 35, 1, 1);
INSERT INTO event_resource (id, event, resource, reference1, reference2, priority, "order") VALUES (92, 118, 2, 'ch', 36, 1, 2);
INSERT INTO event_resource (id, event, resource, reference1, reference2, priority, "order") VALUES (93, 122, 2, 'ch', 36, 1, 1);
INSERT INTO event_resource (id, event, resource, reference1, reference2, priority, "order") VALUES (94, 123, 2, 'ch', 36, 1, 1);

-- Table: event_web_resource
DROP TABLE IF EXISTS event_web_resource;
CREATE TABLE event_web_resource (id INTEGER PRIMARY KEY AUTOINCREMENT, event INTEGER REFERENCES event (id) ON DELETE RESTRICT ON UPDATE CASCADE, url STRING);
INSERT INTO event_web_resource (id, event, url) VALUES (1, 15, 'https://www.gotquestions.org/Moses-Hammurabi-code.html');

-- Table: extent
DROP TABLE IF EXISTS extent;
CREATE TABLE extent (id INTEGER PRIMARY KEY AUTOINCREMENT, north INTEGER REFERENCES location (id) ON DELETE RESTRICT ON UPDATE CASCADE, south INTEGER REFERENCES location (id) ON DELETE CASCADE ON UPDATE RESTRICT, east INTEGER REFERENCES location (id) ON DELETE CASCADE ON UPDATE RESTRICT, west INTEGER REFERENCES location (id) ON DELETE RESTRICT ON UPDATE CASCADE);
INSERT INTO extent (id, north, south, east, west) VALUES (1, NULL, 18, 2, 1);
INSERT INTO extent (id, north, south, east, west) VALUES (2, 20, 16, 12, NULL);

-- Table: general
DROP TABLE IF EXISTS general;
CREATE TABLE general (id INTEGER PRIMARY KEY AUTOINCREMENT, cw INTEGER REFERENCES cycle_week (id) ON DELETE RESTRICT ON UPDATE CASCADE, seq INTEGER, title INTEGER REFERENCES general_title (id) ON DELETE RESTRICT ON UPDATE CASCADE, head BOOLEAN, path INTEGER REFERENCES download (id) ON DELETE RESTRICT ON UPDATE CASCADE, filename_crux STRING, description STRING);
INSERT INTO general (id, cw, seq, title, head, path, filename_crux, description) VALUES (1, 1, NULL, 1, 0, 1, 'c1w01', 'Week 1');
INSERT INTO general (id, cw, seq, title, head, path, filename_crux, description) VALUES (2, 2, NULL, 1, 0, 1, 'c1w02', 'Week 2');
INSERT INTO general (id, cw, seq, title, head, path, filename_crux, description) VALUES (3, 3, NULL, 1, 0, 1, 'c1w03', 'Week 3');
INSERT INTO general (id, cw, seq, title, head, path, filename_crux, description) VALUES (4, 4, NULL, 1, 0, 1, 'c1w04', 'Week 4');
INSERT INTO general (id, cw, seq, title, head, path, filename_crux, description) VALUES (5, 5, NULL, 1, 0, 1, 'c1w05', 'Week 5');
INSERT INTO general (id, cw, seq, title, head, path, filename_crux, description) VALUES (6, 6, NULL, 1, 0, 1, 'c1w06', 'Week 6');
INSERT INTO general (id, cw, seq, title, head, path, filename_crux, description) VALUES (7, 2, 2, 2, 0, 2, 1, 'Chart 1');
INSERT INTO general (id, cw, seq, title, head, path, filename_crux, description) VALUES (8, 1, 1, 2, 0, 2, 2, 'Chart 2');
INSERT INTO general (id, cw, seq, title, head, path, filename_crux, description) VALUES (9, 2, 1, 2, 0, 2, 3, 'Chart 3');
INSERT INTO general (id, cw, seq, title, head, path, filename_crux, description) VALUES (10, 1, 2, 2, 0, 2, 4, 'Chart 4');
INSERT INTO general (id, cw, seq, title, head, path, filename_crux, description) VALUES (11, 4, 1, 2, 0, 2, 5, 'Chart 5');
INSERT INTO general (id, cw, seq, title, head, path, filename_crux, description) VALUES (12, 5, 1, 2, 0, 2, 6, 'Chart 6');
INSERT INTO general (id, cw, seq, title, head, path, filename_crux, description) VALUES (14, 3, 1, 2, 0, 2, 8, 'Chart 8');
INSERT INTO general (id, cw, seq, title, head, path, filename_crux, description) VALUES (15, 4, 2, 2, 0, 2, 9, 'Chart 9');
INSERT INTO general (id, cw, seq, title, head, path, filename_crux, description) VALUES (16, 3, 2, 2, 0, 2, 10, 'Chart 10');
INSERT INTO general (id, cw, seq, title, head, path, filename_crux, description) VALUES (17, 5, 2, 2, 0, 2, 10, 'Chart 10');
INSERT INTO general (id, cw, seq, title, head, path, filename_crux, description) VALUES (18, 6, 1, 2, 0, 2, 1, 'Chart 1');
INSERT INTO general (id, cw, seq, title, head, path, filename_crux, description) VALUES (19, 6, 2, 2, 0, 2, 2, 'Chart 2');
INSERT INTO general (id, cw, seq, title, head, path, filename_crux, description) VALUES (20, 7, 1, 2, 0, 2, 4, 'Chart 4');
INSERT INTO general (id, cw, seq, title, head, path, filename_crux, description) VALUES (21, 7, 2, 2, 0, 2, 6, 'Chart 6');
INSERT INTO general (id, cw, seq, title, head, path, filename_crux, description) VALUES (22, 8, 1, 2, 0, 2, 9, 'Chart 9');
INSERT INTO general (id, cw, seq, title, head, path, filename_crux, description) VALUES (23, 8, 2, 2, 0, 2, 5, 'Chart 5');
INSERT INTO general (id, cw, seq, title, head, path, filename_crux, description) VALUES (24, 9, 1, 2, 0, 2, 10, 'Chart 10');
INSERT INTO general (id, cw, seq, title, head, path, filename_crux, description) VALUES (25, 9, 2, 2, 0, 2, 3, 'Chart 3');
INSERT INTO general (id, cw, seq, title, head, path, filename_crux, description) VALUES (26, 10, 1, 2, 0, 2, 1, 'Chart 1');
INSERT INTO general (id, cw, seq, title, head, path, filename_crux, description) VALUES (27, 10, 2, 2, 0, 2, 7, 'Chart 7');
INSERT INTO general (id, cw, seq, title, head, path, filename_crux, description) VALUES (28, 11, 1, 2, 0, 2, 2, 'Chart 2');
INSERT INTO general (id, cw, seq, title, head, path, filename_crux, description) VALUES (29, 11, 2, 2, 0, 2, 8, 'Chart 8');
INSERT INTO general (id, cw, seq, title, head, path, filename_crux, description) VALUES (30, 12, 1, 2, 0, 2, 7, 'Chart 7');
INSERT INTO general (id, cw, seq, title, head, path, filename_crux, description) VALUES (31, 12, 2, 2, 0, 2, 9, 'Chart 9');
INSERT INTO general (id, cw, seq, title, head, path, filename_crux, description) VALUES (32, 7, 1, 3, 0, 3, 'c1w07', 'Cloud Formation');
INSERT INTO general (id, cw, seq, title, head, path, filename_crux, description) VALUES (33, 7, 1, 4, 0, 4, 'c1w07', 'Introduction');
INSERT INTO general (id, cw, seq, title, head, path, filename_crux, description) VALUES (34, 8, 1, 3, 0, 3, 'c1w08', 'Sound Travel');
INSERT INTO general (id, cw, seq, title, head, path, filename_crux, description) VALUES (35, 8, 1, 4, 0, 4, 'c1w08', 'Beat and Measure');
INSERT INTO general (id, cw, seq, title, head, path, filename_crux, description) VALUES (36, 7, NULL, 1, 0, 1, 'c1w07', 'Week 7');
INSERT INTO general (id, cw, seq, title, head, path, filename_crux, description) VALUES (37, 8, 1, 4, 0, 5, 'c1w08', 'Beat and Measure - Class Page');
INSERT INTO general (id, cw, seq, title, head, path, filename_crux, description) VALUES (38, 8, NULL, 1, 0, 1, 'c1w08', 'Week 8');
INSERT INTO general (id, cw, seq, title, head, path, filename_crux, description) VALUES (39, 9, 1, 3, 0, 3, 'c1w09', 'Electromagnet');
INSERT INTO general (id, cw, seq, title, head, path, filename_crux, description) VALUES (40, 9, 1, 4, 0, 4, 'c1w09', 'Time Signature');
INSERT INTO general (id, cw, seq, title, head, path, filename_crux, description) VALUES (41, 9, 1, 4, 0, 5, 'c1w09', 'Time Signature - Class Page');
INSERT INTO general (id, cw, seq, title, head, path, filename_crux, description) VALUES (42, 9, 1, 1, 0, 1, 'c1w09', 'Week 9');
INSERT INTO general (id, cw, seq, title, head, path, filename_crux, description) VALUES (43, 10, 1, 4, 0, 4, 'c1w10', 'Meter');
INSERT INTO general (id, cw, seq, title, head, path, filename_crux, description) VALUES (44, 10, 1, 1, 0, 1, 'c1w10', 'Week 10');
INSERT INTO general (id, cw, seq, title, head, path, filename_crux, description) VALUES (45, 11, 1, 4, 0, 4, 'c1w11', 'Tempo');
INSERT INTO general (id, cw, seq, title, head, path, filename_crux, description) VALUES (46, 11, 1, 4, 0, 5, 'c1w11', 'Tempo - Class Page');
INSERT INTO general (id, cw, seq, title, head, path, filename_crux, description) VALUES (47, 11, 1, 1, 0, 1, 'c1w11', 'Week 11');
INSERT INTO general (id, cw, seq, title, head, path, filename_crux, description) VALUES (48, 12, 2, 4, 0, 6, '', 'Week 12 - blended');
INSERT INTO general (id, cw, seq, title, head, path, filename_crux, description) VALUES (49, 12, 3, 4, 0, 7, '', 'Week 12 - drum-focus');
INSERT INTO general (id, cw, seq, title, head, path, filename_crux, description) VALUES (50, 12, 4, 4, 0, 8, '', 'Week 12 - clap-focus');
INSERT INTO general (id, cw, seq, title, head, path, filename_crux, description) VALUES (51, 12, 5, 4, 0, 9, '', 'Week 12 - clave-focus');
INSERT INTO general (id, cw, seq, title, head, path, filename_crux, description) VALUES (52, 12, 6, 4, 0, 10, '', 'Week 12 - cup-focus');
INSERT INTO general (id, cw, seq, title, head, path, filename_crux, description) VALUES (53, 12, 1, 1, 0, 1, 'c1w12', 'Week 12');
INSERT INTO general (id, cw, seq, title, head, path, filename_crux, description) VALUES (54, 12, 7, 4, 0, 11, '', 'Week 12 - musical score');

-- Table: general_title
DROP TABLE IF EXISTS general_title;
CREATE TABLE general_title (id INTEGER PRIMARY KEY AUTOINCREMENT, title STRING UNIQUE, seq INTEGER);
INSERT INTO general_title (id, title, seq) VALUES (1, 'Grammar Copywork', 1);
INSERT INTO general_title (id, title, seq) VALUES (2, 'English Chart Copywork (4th-6th graders)', 2);
INSERT INTO general_title (id, title, seq) VALUES (3, 'Science Project Prep', 3);
INSERT INTO general_title (id, title, seq) VALUES (4, 'Art - Rhythm Prep', 4);

-- Table: grammar_audio_DEPRECATE
DROP TABLE IF EXISTS grammar_audio_DEPRECATE;
CREATE TABLE grammar_audio_DEPRECATE (id INTEGER PRIMARY KEY AUTOINCREMENT, base_url STRING);
INSERT INTO grammar_audio_DEPRECATE (id, base_url) VALUES (1, 'history/c1w1-creation');
INSERT INTO grammar_audio_DEPRECATE (id, base_url) VALUES (2, 'history/c1w2-sumerians');
INSERT INTO grammar_audio_DEPRECATE (id, base_url) VALUES (3, 'history/c1w3-egyptians');
INSERT INTO grammar_audio_DEPRECATE (id, base_url) VALUES (4, 'history/c1w4-israelites');
INSERT INTO grammar_audio_DEPRECATE (id, base_url) VALUES (5, 'history/c1w5-hammurabi');
INSERT INTO grammar_audio_DEPRECATE (id, base_url) VALUES (6, 'history/c1w6-israel-united');
INSERT INTO grammar_audio_DEPRECATE (id, base_url) VALUES (7, 'science/c1w1-atom');
INSERT INTO grammar_audio_DEPRECATE (id, base_url) VALUES (8, 'science/c1w2-molecule');
INSERT INTO grammar_audio_DEPRECATE (id, base_url) VALUES (9, 'science/c1w3-mass');

-- Table: history
DROP TABLE IF EXISTS history;
CREATE TABLE history (id INTEGER PRIMARY KEY AUTOINCREMENT, cw INTEGER REFERENCES cycle_week (id) ON DELETE RESTRICT ON UPDATE CASCADE, event INTEGER REFERENCES event (id) ON DELETE RESTRICT ON UPDATE CASCADE UNIQUE NOT NULL, qr_key INTEGER REFERENCES qr_key (id) ON DELETE RESTRICT ON UPDATE CASCADE);
INSERT INTO history (id, cw, event, qr_key) VALUES (1, 3, 6, 209);
INSERT INTO history (id, cw, event, qr_key) VALUES (2, 2, 5, 210);
INSERT INTO history (id, cw, event, qr_key) VALUES (3, 1, 1, 211);
INSERT INTO history (id, cw, event, qr_key) VALUES (4, 29, 10, 212);
INSERT INTO history (id, cw, event, qr_key) VALUES (5, 4, 13, 213);
INSERT INTO history (id, cw, event, qr_key) VALUES (6, 5, 15, 214);
INSERT INTO history (id, cw, event, qr_key) VALUES (7, 6, 26, 215);
INSERT INTO history (id, cw, event, qr_key) VALUES (8, 7, 32, 216);
INSERT INTO history (id, cw, event, qr_key) VALUES (9, 8, 36, 217);
INSERT INTO history (id, cw, event, qr_key) VALUES (10, 9, 44, 218);
INSERT INTO history (id, cw, event, qr_key) VALUES (11, 10, 54, 219);
INSERT INTO history (id, cw, event, qr_key) VALUES (12, 11, 59, 220);
INSERT INTO history (id, cw, event, qr_key) VALUES (13, 12, 71, 221);
INSERT INTO history (id, cw, event, qr_key) VALUES (14, 13, 76, 222);
INSERT INTO history (id, cw, event, qr_key) VALUES (15, 14, 98, 223);
INSERT INTO history (id, cw, event, qr_key) VALUES (16, 30, 23, 224);
INSERT INTO history (id, cw, event, qr_key) VALUES (17, 57, 24, 225);
INSERT INTO history (id, cw, event, qr_key) VALUES (18, 31, 25, 226);
INSERT INTO history (id, cw, event, qr_key) VALUES (19, 32, 30, 227);
INSERT INTO history (id, cw, event, qr_key) VALUES (21, 33, 39, 228);
INSERT INTO history (id, cw, event, qr_key) VALUES (22, 58, 40, 229);
INSERT INTO history (id, cw, event, qr_key) VALUES (23, 34, 42, 230);
INSERT INTO history (id, cw, event, qr_key) VALUES (24, 35, 45, 231);
INSERT INTO history (id, cw, event, qr_key) VALUES (25, 36, 49, 232);
INSERT INTO history (id, cw, event, qr_key) VALUES (26, 37, 52, 233);
INSERT INTO history (id, cw, event, qr_key) VALUES (27, 38, 58, 234);
INSERT INTO history (id, cw, event, qr_key) VALUES (28, 39, 64, 235);
INSERT INTO history (id, cw, event, qr_key) VALUES (29, 40, 72, 236);
INSERT INTO history (id, cw, event, qr_key) VALUES (30, 41, 82, 237);
INSERT INTO history (id, cw, event, qr_key) VALUES (31, 59, 86, 238);
INSERT INTO history (id, cw, event, qr_key) VALUES (32, 42, 88, 239);
INSERT INTO history (id, cw, event, qr_key) VALUES (33, 60, 91, 240);
INSERT INTO history (id, cw, event, qr_key) VALUES (34, 61, 92, 241);
INSERT INTO history (id, cw, event, qr_key) VALUES (35, 43, 96, 242);
INSERT INTO history (id, cw, event, qr_key) VALUES (36, 15, 105, 243);
INSERT INTO history (id, cw, event, qr_key) VALUES (37, 16, 109, 244);
INSERT INTO history (id, cw, event, qr_key) VALUES (38, 17, 110, 245);
INSERT INTO history (id, cw, event, qr_key) VALUES (39, 18, 124, 246);
INSERT INTO history (id, cw, event, qr_key) VALUES (40, 19, 135, 247);
INSERT INTO history (id, cw, event, qr_key) VALUES (41, 20, 137, 248);
INSERT INTO history (id, cw, event, qr_key) VALUES (42, 21, 152, 249);
INSERT INTO history (id, cw, event, qr_key) VALUES (43, 22, 173, 250);
INSERT INTO history (id, cw, event, qr_key) VALUES (44, 23, 175, 251);
INSERT INTO history (id, cw, event, qr_key) VALUES (45, 24, 176, 252);
INSERT INTO history (id, cw, event, qr_key) VALUES (46, 25, 179, 253);
INSERT INTO history (id, cw, event, qr_key) VALUES (47, 26, 183, 254);
INSERT INTO history (id, cw, event, qr_key) VALUES (48, 28, 208, 255);
INSERT INTO history (id, cw, event, qr_key) VALUES (49, 27, 190, 256);
INSERT INTO history (id, cw, event, qr_key) VALUES (50, 44, 103, 312);
INSERT INTO history (id, cw, event, qr_key) VALUES (51, 45, 104, 313);
INSERT INTO history (id, cw, event, qr_key) VALUES (52, 46, 206, 314);
INSERT INTO history (id, cw, event, qr_key) VALUES (53, 47, 118, 315);
INSERT INTO history (id, cw, event, qr_key) VALUES (54, 48, 133, 316);
INSERT INTO history (id, cw, event, qr_key) VALUES (55, 49, 147, 317);
INSERT INTO history (id, cw, event, qr_key) VALUES (56, 50, 164, 318);
INSERT INTO history (id, cw, event, qr_key) VALUES (57, 51, 167, 319);
INSERT INTO history (id, cw, event, qr_key) VALUES (58, 52, 169, 320);
INSERT INTO history (id, cw, event, qr_key) VALUES (59, 53, 171, 321);
INSERT INTO history (id, cw, event, qr_key) VALUES (60, 54, 177, 322);
INSERT INTO history (id, cw, event, qr_key) VALUES (61, 55, 186, 323);
INSERT INTO history (id, cw, event, qr_key) VALUES (62, 56, 188, 324);
INSERT INTO history (id, cw, event, qr_key) VALUES (63, 62, 116, 325);
INSERT INTO history (id, cw, event, qr_key) VALUES (64, 63, 121, 326);
INSERT INTO history (id, cw, event, qr_key) VALUES (65, 64, 125, 327);
INSERT INTO history (id, cw, event, qr_key) VALUES (66, 65, 128, 328);
INSERT INTO history (id, cw, event, qr_key) VALUES (67, 66, 198, 329);
INSERT INTO history (id, cw, event, qr_key) VALUES (68, 67, 131, 330);
INSERT INTO history (id, cw, event, qr_key) VALUES (69, 68, 132, 331);
INSERT INTO history (id, cw, event, qr_key) VALUES (70, 69, 136, 332);
INSERT INTO history (id, cw, event, qr_key) VALUES (71, 70, 138, 333);
INSERT INTO history (id, cw, event, qr_key) VALUES (72, 71, 140, 334);
INSERT INTO history (id, cw, event, qr_key) VALUES (73, 72, 141, 335);
INSERT INTO history (id, cw, event, qr_key) VALUES (74, 73, 143, 336);
INSERT INTO history (id, cw, event, qr_key) VALUES (75, 74, 145, 337);
INSERT INTO history (id, cw, event, qr_key) VALUES (76, 75, 146, 338);
INSERT INTO history (id, cw, event, qr_key) VALUES (77, 76, 148, 339);
INSERT INTO history (id, cw, event, qr_key) VALUES (78, 77, 154, 340);
INSERT INTO history (id, cw, event, qr_key) VALUES (79, 78, 199, 341);
INSERT INTO history (id, cw, event, qr_key) VALUES (80, 79, 163, 342);
INSERT INTO history (id, cw, event, qr_key) VALUES (81, 80, 168, 343);
INSERT INTO history (id, cw, event, qr_key) VALUES (82, 81, 172, 344);
INSERT INTO history (id, cw, event, qr_key) VALUES (83, 82, 180, 345);
INSERT INTO history (id, cw, event, qr_key) VALUES (84, 83, 184, 346);
INSERT INTO history (id, cw, event, qr_key) VALUES (85, 84, 191, 347);

-- Table: history_grammar_audio_DEPRECATE
DROP TABLE IF EXISTS history_grammar_audio_DEPRECATE;
CREATE TABLE history_grammar_audio_DEPRECATE (history INTEGER REFERENCES history (id) ON DELETE CASCADE ON UPDATE CASCADE, audio INTEGER REFERENCES grammar_audio_DEPRECATE (id) ON DELETE CASCADE ON UPDATE CASCADE);
INSERT INTO history_grammar_audio_DEPRECATE (history, audio) VALUES (3, 1);
INSERT INTO history_grammar_audio_DEPRECATE (history, audio) VALUES (2, 2);
INSERT INTO history_grammar_audio_DEPRECATE (history, audio) VALUES (1, 3);
INSERT INTO history_grammar_audio_DEPRECATE (history, audio) VALUES (5, 4);
INSERT INTO history_grammar_audio_DEPRECATE (history, audio) VALUES (6, 5);
INSERT INTO history_grammar_audio_DEPRECATE (history, audio) VALUES (7, 6);

-- Table: instructions
DROP TABLE IF EXISTS instructions;
CREATE TABLE instructions (id INTEGER PRIMARY KEY AUTOINCREMENT, text STRING);
INSERT INTO instructions (id, text) VALUES (1, 'Begin reading');
INSERT INTO instructions (id, text) VALUES (2, 'Read');
INSERT INTO instructions (id, text) VALUES (3, 'Read studiously');
INSERT INTO instructions (id, text) VALUES (4, 'Read critically');
INSERT INTO instructions (id, text) VALUES (5, 'Complete all exercises');
INSERT INTO instructions (id, text) VALUES (6, 'Complete odd exercises');
INSERT INTO instructions (id, text) VALUES (7, 'Finish reading');
INSERT INTO instructions (id, text) VALUES (8, 'Reference');
INSERT INTO instructions (id, text) VALUES (9, 'See details...');
INSERT INTO instructions (id, text) VALUES (10, 'Read introduction and chapters {chapters} (sans the in-chapter-assignments). Parents: read introduction and chapter 1!');
INSERT INTO instructions (id, text) VALUES (11, 'Studiously read {chapters}');
INSERT INTO instructions (id, text) VALUES (12, 'Read chapters {chapters}');
INSERT INTO instructions (id, text) VALUES (13, 'Read pages {pages}');
INSERT INTO instructions (id, text) VALUES (14, 'Create your summary KWO for your unit topic and practice your presentation; consult at least one external resource (encyclopedia, Internet, etc.)');
INSERT INTO instructions (id, text) VALUES (15, 'Read the {chapters} chapter(s) and related texts');
INSERT INTO instructions (id, text) VALUES (17, 'Look back at the week 0 assignment to confirm that you completed all of the pre-week-1 prep work.');
INSERT INTO instructions (id, text) VALUES (18, 'Complete exercises for chapters {chapters}');
INSERT INTO instructions (id, text) VALUES (19, 'Write your paper, using your KWO and research completed in response to class feedback');
INSERT INTO instructions (id, text) VALUES (20, 'Complete work for the {chapters} chapter(s)');
INSERT INTO instructions (id, text) VALUES (22, 'Study Timeline, History, and Geography grammar for weeks {chapters}');
INSERT INTO instructions (id, text) VALUES (23, 'Master Timeline, History, and Geography grammar for weeks {chapters}');
INSERT INTO instructions (id, text) VALUES (24, 'Read Genesis 11:27 – 15; Psalm 40');
INSERT INTO instructions (id, text) VALUES (25, 'Watch <a href="https://www.youtube.com/watch?v=7TRQfei7JoI" target="_blank">Prager''s 10-Commandment series</a>');
INSERT INTO instructions (id, text) VALUES (26, 'Watch movie: Joseph (Turner Pictures, 2005, 185 min., from “The Bible Collection” series)');
INSERT INTO instructions (id, text) VALUES (27, 'Read <a href="https://www.baslibrary.org/biblical-archaeology-review/45/3/5" target="_blank">“Who Were the Assyrians”</a> in the May/June 2020 Biblical Archaeology Review');
INSERT INTO instructions (id, text) VALUES (28, 'Begin reading {chapters}');
INSERT INTO instructions (id, text) VALUES (29, 'Read for fun');
INSERT INTO instructions (id, text) VALUES (30, 'Choose an issue from {items}');
INSERT INTO instructions (id, text) VALUES (31, 'Complete an ANI with {items} items per column');
INSERT INTO instructions (id, text) VALUES (32, '... questions from the <b>Five Common Topics worksheet, page 9</b>');
INSERT INTO instructions (id, text) VALUES (33, 'Complete an ANI with {items} items per column, using...');
INSERT INTO instructions (id, text) VALUES (34, '... <u>and</u> the <b>Comparison I template, page 23</b>');
INSERT INTO instructions (id, text) VALUES (35, 'Use <b>Essay One Arrangement, pages 4-5</b> to...');
INSERT INTO instructions (id, text) VALUES (37, 'Sort your ANI, refer to <b>pages 10-12</b> for guidance');
INSERT INTO instructions (id, text) VALUES (38, 'Use <b>Essay Two Arrangement B worksheet, pages 13-14</b> to...');
INSERT INTO instructions (id, text) VALUES (39, 'Use <b>A Guide to Exordium, page 24</b>, to develop your exordium');
INSERT INTO instructions (id, text) VALUES (40, 'Use <b>Essay Three Arrangement B worksheet, pages 25-26,</b> to...');
INSERT INTO instructions (id, text) VALUES (41, 'Bring your outline to class');
INSERT INTO instructions (id, text) VALUES (42, 'Write your <b>Rudimentary Persuasive Essay (Essay One Checklist, page 108)</b> from your outline');
INSERT INTO instructions (id, text) VALUES (43, '... using <b>Parallelism I: Words, pages 16-19</b> to add parallelism');
INSERT INTO instructions (id, text) VALUES (44, 'Write your <b>Introductory Persuasive Essay (Essay One Checklist, page 109)</b> from your outline');
INSERT INTO instructions (id, text) VALUES (45, '... using <b>Basic Editing: Verbs, pages 29-31</b> to add strong verbs');
INSERT INTO instructions (id, text) VALUES (46, 'Write your <b>Basic Persuasive Essay (Essay Three Checklist, page 110)</b> from your outline');
INSERT INTO instructions (id, text) VALUES (47, 'Bring your essay to class');
INSERT INTO instructions (id, text) VALUES (48, '... <u>and</u> the <b>Comparison II template, page 35</b>');
INSERT INTO instructions (id, text) VALUES (49, 'Use <b>A Guide to Amplification, page 37,</b> to develop an amplification');
INSERT INTO instructions (id, text) VALUES (50, 'Use <b>Essay Four Arrangement B worksheets, pages 39-41,</b> to...');
INSERT INTO instructions (id, text) VALUES (51, 'Produce a <b>Basic Persuasive Essay Outline</b> with an Amplification (see template on <b>page 42</b>)');
INSERT INTO instructions (id, text) VALUES (52, 'Produce a <b>Basic Persuasive Essay Outline</b> from your ANI chart (like the one found on <b>page 28</b>)');
INSERT INTO instructions (id, text) VALUES (53, 'Produce an <b>Introductory Persuasive Essay Outline</b> from your ANI chart (like the one found on <b>page 15</b>)');
INSERT INTO instructions (id, text) VALUES (54, 'Produce a <b>Rudimentary Persuasive Essay Outline</b> from your ANI chart (like the one found on <b>page 6</b>)');
INSERT INTO instructions (id, text) VALUES (55, 'Using your issue from {items}...');
INSERT INTO instructions (id, text) VALUES (56, '... using <b>Parallelism II, page 43</b> to add parallel phrases or clauses');
INSERT INTO instructions (id, text) VALUES (57, 'Write your <b>Basic Persuasive Essay (Essay Four Checklist, page 111)</b> from your outline');
INSERT INTO instructions (id, text) VALUES (58, '... <u>and</u> the <b>Definition worksheet, page 51</b>');
INSERT INTO instructions (id, text) VALUES (59, 'Use <b>Arrangement: A guide to Division, page 53,</b> to add division to your outline');
INSERT INTO instructions (id, text) VALUES (60, 'Use <b>Essay Five Arrangement B worksheets, pages 55-57,</b> to...');
INSERT INTO instructions (id, text) VALUES (61, 'Produce a <b>Basic Persuasive Essay Outline</b> with Division (see template on <b>page 58</b>)');
INSERT INTO instructions (id, text) VALUES (62, 'Develop your exordium (p.24), amplification (p.37), and division (p.53)');
INSERT INTO instructions (id, text) VALUES (63, 'Write your <b>Basic Persuasive Essay (Essay Five Checklist, page 112)</b> from your outline');
INSERT INTO instructions (id, text) VALUES (64, '... using <b>Antithesis, page 59</b> to add parallel contrast');
INSERT INTO instructions (id, text) VALUES (65, '... the 5CT questions (p.9), Comparison I (p.23), and Comparison II (p.35)');
INSERT INTO instructions (id, text) VALUES (66, '... the 5CT questions (p.9), Comparison I (p.23), Comparison II (p.35), and Definition (p.51)');
INSERT INTO instructions (id, text) VALUES (67, '... <u>and</u> the <b>Circumstance exercises, page 65</b>');
INSERT INTO instructions (id, text) VALUES (68, 'Use <b>A Guide to Refutation, page 66,</b> to add the Refutation to your outline');
INSERT INTO instructions (id, text) VALUES (69, 'Use <b>Essay Six Arrangement B worksheets, pages 68-71,</b> to...');
INSERT INTO instructions (id, text) VALUES (70, 'Produce a <b>Basic Persuasive Essay Outline</b> with Refutation (see template on <b>page 72</b>)');
INSERT INTO instructions (id, text) VALUES (71, '... using Parallelism I (p.16-19), Verbs (p.29-31), and Parallelism II (p.43), and...');
INSERT INTO instructions (id, text) VALUES (72, 'Read Module {chapters}');
INSERT INTO instructions (id, text) VALUES (73, 'Do experiments {items} (choose one to do a Lab Notebook entry)');
INSERT INTO instructions (id, text) VALUES (74, 'Complete OYO {items} and Study Guide exercises');
INSERT INTO instructions (id, text) VALUES (75, 'Complete Module {chapters} test');
INSERT INTO instructions (id, text) VALUES (76, 'Do experiment {items} and Lab Notebook entry');
INSERT INTO instructions (id, text) VALUES (77, 'Read <b>only</b> pages {pages} of Module {chapters} {items}');
INSERT INTO instructions (id, text) VALUES (78, 'Read Module {chapters}, pages {pages}');
INSERT INTO instructions (id, text) VALUES (79, 'Do experiment {items} and Lab Notebook entry - record data');
INSERT INTO instructions (id, text) VALUES (80, 'Read "Student Notes" (Pages {pages})');
INSERT INTO instructions (id, text) VALUES (81, 'Read "{items}" (Pages {pages})');
INSERT INTO instructions (id, text) VALUES (83, '...NOTE: <b>Always</b> use the <b><u>factor-label method</u></b> even if you can work a problem an easier way or mentally.  The important thing is to master the factor-label method!');
INSERT INTO instructions (id, text) VALUES (84, 'Check answers to last week''s exercises if you didn''t already do so');
INSERT INTO instructions (id, text) VALUES (86, 'Highlight all of this unit''s timeline events that significantly involve this year''s geographic region (Africa, Asia (including the Middle East), and Australia)');
INSERT INTO instructions (id, text) VALUES (87, 'Choose your research topic for this unit (from the timeline and history events)');
INSERT INTO instructions (id, text) VALUES (88, '{items}: Read from chapter {chapters}, pages {pages}');
INSERT INTO instructions (id, text) VALUES (89, 'Wed: <b>Pick 1 of the 3</b> following suggested assignments and begin writing: “Orange You Glad” (page 18), or “Nature Sleuth” (page 18), or “Grim Grandeur” (page 26)');
INSERT INTO instructions (id, text) VALUES (90, '{items}: Re-read chapter {chapters}');
INSERT INTO instructions (id, text) VALUES (91, 'Thur: Do “Word Vibes” and “Strength Training”; continue the writing assignment from yesterday');
INSERT INTO instructions (id, text) VALUES (93, 'Fri: Do “Let’s Chat” and “Window on Words”; finish the writing assignment from Wednesday');
INSERT INTO instructions (id, text) VALUES (94, '{items}: Read chapter {chapters}');
INSERT INTO instructions (id, text) VALUES (95, 'Thur: Re-read chapter 3, focusing on the kinds of figures of speech');
INSERT INTO instructions (id, text) VALUES (96, 'Thur: Do “A Poem to Consider”, page 41; continue the writing assignment from yesterday if necessary');
INSERT INTO instructions (id, text) VALUES (97, 'Wed: Begin Stepping Stones page 40 about a man-made object');
INSERT INTO instructions (id, text) VALUES (98, 'Fri: Re-read chapter 3, focusing more on the poems themselves');
INSERT INTO instructions (id, text) VALUES (99, 'Fri: Do “Figure the Figures”; finish the writing assignment from Wednesday if necessary');
INSERT INTO instructions (id, text) VALUES (101, 'Wed: Do page 47, “Poems Under Glass”- What is the dramatic irony in P.B. Shelley’s poem, “Ozymandias”');
INSERT INTO instructions (id, text) VALUES (103, 'Thur: Do page 48, “Poems Under Glass”- How is the starling a symbol in R. Wilbur’s poem, “The Writer”');
INSERT INTO instructions (id, text) VALUES (104, 'Fri: Do pages 49-52, “Poems Under Glass”; Explain how irony of situation is used in A.E. Houseman’s poem, “Is My Team Ploughing” (identify the 2 metonymies in stanza 3); and compare the two poems, “Mother’s Love”, by R.B. Clapp, and “Keeper of the Vines”, by R.B. Morecraft');
INSERT INTO instructions (id, text) VALUES (105, '{items}: Re-read pages {pages}');
INSERT INTO instructions (id, text) VALUES (106, 'Wed: Do page 54, “Noisy Words” (you will need to give yourself time for this assignment’s “research”.)  <b>Pick 2 of the 6</b> suggested assignments from “Hear, Hear” (pages 61-62) and finish them by Friday');
INSERT INTO instructions (id, text) VALUES (107, 'Thur: Continue the “Hear, Hear” assignments');
INSERT INTO instructions (id, text) VALUES (108, 'Fri: Finish the “Hear, Hear” assignments');
INSERT INTO instructions (id, text) VALUES (109, 'Wed: Do page 67, “Write to the Beat”- begin the writing assignment');
INSERT INTO instructions (id, text) VALUES (110, 'Fri: Do page 67-68, “Counting Out Rhyme”; Finish the writing assignment from Wednesday');
INSERT INTO instructions (id, text) VALUES (111, 'Thur: Do page 66, “Iamb What Iamb”');
INSERT INTO instructions (id, text) VALUES (112, 'Wed: Do page 78, “Do Haiku”; Read over the assignments, “Edible Sonnets” (page 75) and “Syllabic Magic” (page 80), and begin to write');
INSERT INTO instructions (id, text) VALUES (113, 'Thur: Continue the writing assignments from Wednesday');
INSERT INTO instructions (id, text) VALUES (114, 'Wed: Write (and finish) a “praise poem” from page 83');
INSERT INTO instructions (id, text) VALUES (115, 'Thur: Write (and finish) “Poems from the Rainbow”, pages 88-89');
INSERT INTO instructions (id, text) VALUES (116, 'Wed: Begin “Musical Rain”, page 100-101');
INSERT INTO instructions (id, text) VALUES (117, 'Thur: Pick 1 of these 4 assignments: “Sad Story Poems”, page 102, or , “Writing an Elegy”, page 106, or, “Invent a Negative Character”, page 108, or, “List in Your Journal” page 111, begin writing; Continue work on Wednesday’s writing assignment');
INSERT INTO instructions (id, text) VALUES (118, 'Fri: Finish the “Musical Rain” assignment, continue writing whatever you picked from Thursday’s assignment');
INSERT INTO instructions (id, text) VALUES (119, 'Mon: Finish last Thursday’s assignment');
INSERT INTO instructions (id, text) VALUES (120, 'Wed: Do page 113-114, “Long Ago Letters”, Write (and finish) <b>either</b> the Letter form <b>or</b> the Song form');
INSERT INTO instructions (id, text) VALUES (121, 'Thur: Analyze James Still’s poem, “Heritage”, page 118');
INSERT INTO instructions (id, text) VALUES (122, 'Fri: <b>Write (and finish) 1 of the 3</b> following poem assignments (page 118): Write a poem adopting the speaking tones and expressions of a person different from you, or, Write a poem with an angry, etc. tone, or, Write a poem in which you argue with yourself');
INSERT INTO instructions (id, text) VALUES (123, 'Wed: Begin “Something Fishy”, page 122');
INSERT INTO instructions (id, text) VALUES (124, 'Thur: Begin “Closed for Remodeling” page 129');
INSERT INTO instructions (id, text) VALUES (125, 'Fri: Make sure both assignments from Wednesday and Thursday are finished today');
INSERT INTO instructions (id, text) VALUES (126, 'Mon: Work on any previous poems');
INSERT INTO instructions (id, text) VALUES (127, '{items}: Work on any previous poems; study for test, take when you’re ready');
INSERT INTO instructions (id, text) VALUES (128, 'Mon: Make sure take-home test is completed');
INSERT INTO instructions (id, text) VALUES (129, 'Complete lessons {chapters}');
INSERT INTO instructions (id, text) VALUES (130, 'Begin working on stage {chapters}');
INSERT INTO instructions (id, text) VALUES (131, 'Read the introduction');
INSERT INTO instructions (id, text) VALUES (132, 'Finish Stage {chapters}');
INSERT INTO instructions (id, text) VALUES (133, 'Review');
INSERT INTO instructions (id, text) VALUES (134, 'Review Unit 1 and work on Stage {chapters}');
INSERT INTO instructions (id, text) VALUES (135, 'Review Unit 1');
INSERT INTO instructions (id, text) VALUES (136, 'Review pages {pages}');
INSERT INTO instructions (id, text) VALUES (137, 'Practice vocab checklists from Stage 11 and Stage 12');
INSERT INTO instructions (id, text) VALUES (138, 'Review Stage 12 videos');
INSERT INTO instructions (id, text) VALUES (139, 'Continue working on stage {chapters} work');
INSERT INTO instructions (id, text) VALUES (140, 'Wed: ​Finish worksheets on Caecilius and Metella. Read and discuss About the Language. Do worksheet “Caecilius’ Diploma”. Read Cerberus again.');
INSERT INTO instructions (id, text) VALUES (141, 'Thur: ​Finish questions about “Houses in Pompeii”. Finish both worksheets entitled “in villa”, and “How is Latin Pronounced”? *Do “Practicing the Language” on page 7 of textbook, or on Elevate. Practice vocab on Elevate.');
INSERT INTO instructions (id, text) VALUES (142, 'Fri: Read “The Lares”. Answer the questions. Worksheets: “Verum aut Falsum”, “What does he say? What does he do?” “Where in the house”?');
INSERT INTO instructions (id, text) VALUES (143, 'Mon: ​Listen to Mercator and In Triclinio from Stage 2. Watch Stage 2 videos. Read “Daily Life” on pg. 23 of text.');
INSERT INTO instructions (id, text) VALUES (144, 'Practice on <a href="https://elevate.cambridge.org/Elevate/" target="_blank">Elevate</a>');
INSERT INTO instructions (id, text) VALUES (145, 'Read <a href="https://scienceandevidence.wordpress.com/2015/11/24/magnetic/" target="_blank">this ScienceAndEvidence article</a> and <a href="https://letterstocreationists.wordpress.com/stan-3/" target="_blank">this LettersToCreationists article</a> regarding the dynamo and rapid decay theories.');

-- Table: latin
DROP TABLE IF EXISTS latin;
CREATE TABLE latin (id INTEGER PRIMARY KEY AUTOINCREMENT, cw INTEGER REFERENCES cycle_week (id) ON DELETE RESTRICT ON UPDATE CASCADE, run INTEGER, name STRING NOT NULL, tee BOOLEAN, pattern STRING NOT NULL, example STRING, example_worked STRING, example_translated STRING, qr_key INTEGER REFERENCES qr_key (id) ON DELETE RESTRICT ON UPDATE CASCADE, more_url STRING, lighter_bg BOOLEAN, UNIQUE (pattern, example, example_worked));
INSERT INTO latin (id, cw, run, name, tee, pattern, example, example_worked, example_translated, qr_key, more_url, lighter_bg) VALUES (1, 3, NULL, '1st conjugation, present: amare', 1, 'ō, s, t; mus, tis, nt', 'amare (to love)', 'amō, amās, amat; amāmus, amātis, amant', 'I love, you love, he/she/it loves; we love, you all love, they love', 289, 'https://en.wiktionary.org/wiki/amare#Latin', 1);
INSERT INTO latin (id, cw, run, name, tee, pattern, example, example_worked, example_translated, qr_key, more_url, lighter_bg) VALUES (2, 4, NULL, '1st conjugation, present: videre', 1, 'ō, s, t; mus, tis, nt', 'videre (to see)', 'videō, vidēs, videt; vidēmus, vidētis, vident', 'I see, you see, he/she/it sees; we see, you all see, they see', 290, 'https://en.wiktionary.org/wiki/videre#Latin', 1);
INSERT INTO latin (id, cw, run, name, tee, pattern, example, example_worked, example_translated, qr_key, more_url, lighter_bg) VALUES (4, 14, 2, '1st declension: stella', 1, 'a, ae, ae, am, ā; ae, ārum, īs, ās, īs', 'stella, stellae (star)', 'stēlla, stēllae, stēllae, stēllam, stēllā; stēllae, stēllārum, stēllīs, stēllās, stēllīs', NULL, 292, 'https://en.wiktionary.org/wiki/stella#Latin', NULL);
INSERT INTO latin (id, cw, run, name, tee, pattern, example, example_worked, example_translated, qr_key, more_url, lighter_bg) VALUES (5, 19, 2, '2nd declension: libertus', 1, 'us, ī, ō, um, ō; ī, ōrum, īs, ōs, īs', 'libertus, liberti (freedom)', 'lībertus, lībertī, lībertō, lībertum, lībertō; lībertī, lībertōrum, lībertīs, lībertōs, lībertīs', NULL, 293, 'https://en.wiktionary.org/wiki/libertus#Latin', NULL);
INSERT INTO latin (id, cw, run, name, tee, pattern, example, example_worked, example_translated, qr_key, more_url, lighter_bg) VALUES (6, 11, NULL, '2nd declension: filius', 1, 'us, ī, ō, um, ō; ī, ōrum, īs, ōs, īs', 'filius (son)', 'fīlius, fīliī, fīliō, fīlium, fīliō; fīliī, fīliōrum, fīliīs, fīliōs, fīliīs', NULL, 294, 'https://en.wiktionary.org/wiki/filius#Latin', 1);
INSERT INTO latin (id, cw, run, name, tee, pattern, example, example_worked, example_translated, qr_key, more_url, lighter_bg) VALUES (7, 22, NULL, '1st declension: lingua', 1, 'a, ae, ae, am, ā; ae, ārum, īs, ās, īs', 'lingua, linguae (language)', 'lingua, linguae, linguae, linguam, linguā; linguae, linguārum, linguīs, linguās, linguīs', NULL, 295, 'https://en.wiktionary.org/wiki/lingua#Latin', NULL);
INSERT INTO latin (id, cw, run, name, tee, pattern, example, example_worked, example_translated, qr_key, more_url, lighter_bg) VALUES (8, 10, NULL, '1st declension: filia', 1, 'a, ae, ae, am, ā; ae, ārum, īs, ās, īs', 'filia, filiae (daughter)', 'fīlia, fīliae, fīliae, fīliam, fīliā; fīliae, fīliārum, fīliīs, fīliās, fīliīs', NULL, 296, 'https://en.wiktionary.org/wiki/filia#Latin', 1);
INSERT INTO latin (id, cw, run, name, tee, pattern, example, example_worked, example_translated, qr_key, more_url, lighter_bg) VALUES (9, 15, 2, '2nd declension: amicus', 1, 'us, ī, ō, um, ō; ī, ōrum, īs, ōs, īs', 'amicus, amici (friend)', 'amīcus, amīcī, amīcō, amīcum, amīcō; amīcī, amīcōrum, amīcīs, amīcōs, amīcīs', NULL, 297, 'https://en.wiktionary.org/wiki/amicus#Latin', NULL);
INSERT INTO latin (id, cw, run, name, tee, pattern, example, example_worked, example_translated, qr_key, more_url, lighter_bg) VALUES (10, 18, 2, '1st declension: vita', 1, 'a, ae, ae, am, ā; ae, ārum, īs, ās, īs', 'vita,
vitae (life)', 'vīta,
vītae, vītae, vītam, vītā; vītae, vītārum, vītīs, vītās, vītīs', NULL, 349, 'https://en.wiktionary.org/wiki/vita#Latin', NULL);

-- Table: latin_vocabulary
DROP TABLE IF EXISTS latin_vocabulary;
CREATE TABLE latin_vocabulary (id INTEGER PRIMARY KEY AUTOINCREMENT, cw INTEGER REFERENCES cycle_week (id) ON DELETE RESTRICT ON UPDATE CASCADE, run INTEGER, position INTEGER, level INTEGER, word STRING NOT NULL UNIQUE, pos INTEGER REFERENCES part_of_speech (id) ON DELETE RESTRICT ON UPDATE CASCADE NOT NULL, translation STRING, qr_key INTEGER REFERENCES qr_key (id) ON DELETE RESTRICT ON UPDATE CASCADE);
INSERT INTO latin_vocabulary (id, cw, run, position, level, word, pos, translation, qr_key) VALUES (1, 2, NULL, 5, 1, 'amīcus, amīcī', 1, 'friend', 311);
INSERT INTO latin_vocabulary (id, cw, run, position, level, word, pos, translation, qr_key) VALUES (2, 21, NULL, 10, 2, 'bene', 5, 'well, agreeably', NULL);
INSERT INTO latin_vocabulary (id, cw, run, position, level, word, pos, translation, qr_key) VALUES (3, 999, NULL, 3, NULL, 'sagāx, sagāc', 3, 'wise', NULL);
INSERT INTO latin_vocabulary (id, cw, run, position, level, word, pos, translation, qr_key) VALUES (4, 2, NULL, 1, 1, 'pater, patris', 1, 'father', 311);
INSERT INTO latin_vocabulary (id, cw, run, position, level, word, pos, translation, qr_key) VALUES (5, 2, NULL, 2, 1, 'māter, mātris', 1, 'mother', 311);
INSERT INTO latin_vocabulary (id, cw, run, position, level, word, pos, translation, qr_key) VALUES (6, 1, NULL, 2, 1, 'lūx, lūcis', 1, 'light', 310);
INSERT INTO latin_vocabulary (id, cw, run, position, level, word, pos, translation, qr_key) VALUES (8, 1, NULL, 4, 1, 'omnis, omne', 3, 'all, every', 310);
INSERT INTO latin_vocabulary (id, cw, run, position, level, word, pos, translation, qr_key) VALUES (9, 20, 2, 2, 1, 'labor, labōris', 1, 'effort, toil, labor', 315);
INSERT INTO latin_vocabulary (id, cw, run, position, level, word, pos, translation, qr_key) VALUES (10, 1, NULL, 3, 1, 'vēritās, vēritātis', 1, 'truth', 310);
INSERT INTO latin_vocabulary (id, cw, run, position, level, word, pos, translation, qr_key) VALUES (11, 5, NULL, 3, 1, 'viritūs, virtūtis', 1, 'virtue, courage', 312);
INSERT INTO latin_vocabulary (id, cw, run, position, level, word, pos, translation, qr_key) VALUES (12, 1, NULL, 1, 1, 'vōx, vōcis', 1, 'voice, cry', 310);
INSERT INTO latin_vocabulary (id, cw, run, position, level, word, pos, translation, qr_key) VALUES (13, 2, NULL, 4, 1, 'soror, sorōris', 1, 'sister', 311);
INSERT INTO latin_vocabulary (id, cw, run, position, level, word, pos, translation, qr_key) VALUES (15, 6, NULL, 2, 1, 'hesterno', 5, 'yesterday', 313);
INSERT INTO latin_vocabulary (id, cw, run, position, level, word, pos, translation, qr_key) VALUES (16, 6, NULL, 3, 1, 'hodie', 5, 'today', 313);
INSERT INTO latin_vocabulary (id, cw, run, position, level, word, pos, translation, qr_key) VALUES (17, 6, NULL, 4, 1, 'semper', 5, 'always, ever', 313);
INSERT INTO latin_vocabulary (id, cw, run, position, level, word, pos, translation, qr_key) VALUES (19, 9, NULL, 2, NULL, 'frigidus', 3, 'cold, winter', NULL);
INSERT INTO latin_vocabulary (id, cw, run, position, level, word, pos, translation, qr_key) VALUES (20, 9, NULL, 1, NULL, 'īgnis', 1, 'fire', NULL);
INSERT INTO latin_vocabulary (id, cw, run, position, level, word, pos, translation, qr_key) VALUES (21, 666, NULL, 1, NULL, 'glōria, glōriae', 1, 'glory, fame', NULL);
INSERT INTO latin_vocabulary (id, cw, run, position, level, word, pos, translation, qr_key) VALUES (22, 28, NULL, 3, NULL, 'juvenis', 3, 'juvenile, youthful', NULL);
INSERT INTO latin_vocabulary (id, cw, run, position, level, word, pos, translation, qr_key) VALUES (23, 20, 2, 1, 1, 'lingua, linguae', 1, 'language, speech', 315);
INSERT INTO latin_vocabulary (id, cw, run, position, level, word, pos, translation, qr_key) VALUES (24, 28, NULL, 4, NULL, 'lūdus, lūdī', 1, 'game, sport', NULL);
INSERT INTO latin_vocabulary (id, cw, run, position, level, word, pos, translation, qr_key) VALUES (25, 28, NULL, 5, NULL, 'lūdiō, lūdiōnis', 1, 'player, actor, dancer', NULL);
INSERT INTO latin_vocabulary (id, cw, run, position, level, word, pos, translation, qr_key) VALUES (26, 12, NULL, 1, 1, 'pāx, pācis', 1, 'peace', 316);
INSERT INTO latin_vocabulary (id, cw, run, position, level, word, pos, translation, qr_key) VALUES (27, 999, NULL, 2, NULL, 'clāmor, clāmōris', 1, 'shout, shouting', NULL);
INSERT INTO latin_vocabulary (id, cw, run, position, level, word, pos, translation, qr_key) VALUES (28, 12, NULL, 2, 1, 'adventus, adventūs', 1, 'arrival, coming', 316);
INSERT INTO latin_vocabulary (id, cw, run, position, level, word, pos, translation, qr_key) VALUES (29, 17, 2, 1, 1, 'via, viae', 1, 'way, road', 365);
INSERT INTO latin_vocabulary (id, cw, run, position, level, word, pos, translation, qr_key) VALUES (30, 17, 2, 2, 1, 'vīta, vītae', 1, 'life', 365);
INSERT INTO latin_vocabulary (id, cw, run, position, level, word, pos, translation, qr_key) VALUES (31, 17, 2, 3, 1, 'iter, itineris', 1, 'journey, march, route', 365);
INSERT INTO latin_vocabulary (id, cw, run, position, level, word, pos, translation, qr_key) VALUES (32, 5, NULL, 1, 1, 'prīnceps, prīncipis', 1, 'chief, primary leader', 312);
INSERT INTO latin_vocabulary (id, cw, run, position, level, word, pos, translation, qr_key) VALUES (34, 5, NULL, 2, 1, 'fidēs, fideī', 1, 'faith, faithfulness', 312);
INSERT INTO latin_vocabulary (id, cw, run, position, level, word, pos, translation, qr_key) VALUES (35, 5, NULL, 4, 1, 'fortis, forte', 3, 'brave, strong', 312);
INSERT INTO latin_vocabulary (id, cw, run, position, level, word, pos, translation, qr_key) VALUES (36, 20, 2, 3, 1, 'difficilis, difficile', 3, 'difficult', 315);
INSERT INTO latin_vocabulary (id, cw, run, position, level, word, pos, translation, qr_key) VALUES (37, 20, 2, 4, 1, 'facilis, facile', 3, 'easy', 315);
INSERT INTO latin_vocabulary (id, cw, run, position, level, word, pos, translation, qr_key) VALUES (38, 999, NULL, 1, NULL, 'memoria', 1, 'memory, recall', NULL);
INSERT INTO latin_vocabulary (id, cw, run, position, level, word, pos, translation, qr_key) VALUES (39, 1, NULL, 10, 2, 'nihil', 1, 'nothing', 310);
INSERT INTO latin_vocabulary (id, cw, run, position, level, word, pos, translation, qr_key) VALUES (40, 999, NULL, 3, NULL, 'nefas', 1, 'wrong, sin', NULL);
INSERT INTO latin_vocabulary (id, cw, run, position, level, word, pos, translation, qr_key) VALUES (41, 999, NULL, 4, NULL, 'exerceo', 1, 'exercise, train', NULL);
INSERT INTO latin_vocabulary (id, cw, run, position, level, word, pos, translation, qr_key) VALUES (42, 12, NULL, 3, 1, 'exspectāre', 4, 'to expect, look out for', 316);
INSERT INTO latin_vocabulary (id, cw, run, position, level, word, pos, translation, qr_key) VALUES (43, 12, NULL, 4, 1, 'exultāre', 4, 'to exult, be joyful', 316);
INSERT INTO latin_vocabulary (id, cw, run, position, level, word, pos, translation, qr_key) VALUES (44, 999, NULL, NULL, NULL, 'capax', 3, 'capable', NULL);
INSERT INTO latin_vocabulary (id, cw, run, position, level, word, pos, translation, qr_key) VALUES (45, 13, 2, 4, 1, 'scandere', 4, 'to climb', 363);
INSERT INTO latin_vocabulary (id, cw, run, position, level, word, pos, translation, qr_key) VALUES (46, 13, 2, 3, 1, 'dēlēre', 4, 'to ruin, erase', 363);
INSERT INTO latin_vocabulary (id, cw, run, position, level, word, pos, translation, qr_key) VALUES (47, 13, 2, 2, 1, 'dīligere', 4, 'to love, delight in', 363);
INSERT INTO latin_vocabulary (id, cw, run, position, level, word, pos, translation, qr_key) VALUES (48, 9, NULL, 4, NULL, 'exemplum, exemplī', 1, 'model, sample, copy', NULL);
INSERT INTO latin_vocabulary (id, cw, run, position, level, word, pos, translation, qr_key) VALUES (49, 999, NULL, NULL, NULL, 'flos', 1, 'flower', NULL);
INSERT INTO latin_vocabulary (id, cw, run, position, level, word, pos, translation, qr_key) VALUES (50, 999, NULL, NULL, NULL, 'gusto', 1, 'taste', NULL);
INSERT INTO latin_vocabulary (id, cw, run, position, level, word, pos, translation, qr_key) VALUES (51, 57, NULL, 6, NULL, 'nōmen, nōminis', 1, 'name', NULL);
INSERT INTO latin_vocabulary (id, cw, run, position, level, word, pos, translation, qr_key) VALUES (52, 2, NULL, 3, 1, 'frāter, frātris', 1, 'brother', 311);
INSERT INTO latin_vocabulary (id, cw, run, position, level, word, pos, translation, qr_key) VALUES (53, 6, NULL, 1, 1, 'ōlim', 5, 'once upon a time', 313);
INSERT INTO latin_vocabulary (id, cw, run, position, level, word, pos, translation, qr_key) VALUES (54, 1, NULL, 11, 2, 'tenebra, tenebrae', 1, 'darkness, ignorance', 310);
INSERT INTO latin_vocabulary (id, cw, run, position, level, word, pos, translation, qr_key) VALUES (55, 13, 2, 1, 1, 'dormīre', 4, 'to sleep', 363);
INSERT INTO latin_vocabulary (id, cw, run, position, level, word, pos, translation, qr_key) VALUES (56, 5, NULL, 10, 2, 'fortissimus, -mum', 3, 'very brave', 312);
INSERT INTO latin_vocabulary (id, cw, run, position, level, word, pos, translation, qr_key) VALUES (57, 6, NULL, 10, 2, 'narrare', 4, 'narrate, tell', 313);
INSERT INTO latin_vocabulary (id, cw, run, position, level, word, pos, translation, qr_key) VALUES (58, 6, NULL, 11, 2, 'diēs, diem', 1, 'day', 313);
INSERT INTO latin_vocabulary (id, cw, run, position, level, word, pos, translation, qr_key) VALUES (59, 21, NULL, 11, 2, 'optimē', 5, 'very well, excellently', NULL);
INSERT INTO latin_vocabulary (id, cw, run, position, level, word, pos, translation, qr_key) VALUES (60, 21, NULL, 12, 2, 'optimus', 3, 'very good, best', NULL);
INSERT INTO latin_vocabulary (id, cw, run, position, level, word, pos, translation, qr_key) VALUES (61, 5, NULL, 11, 2, 'porta, portae', 1, 'gate', 312);
INSERT INTO latin_vocabulary (id, cw, run, position, level, word, pos, translation, qr_key) VALUES (62, 12, NULL, 10, 2, 'nūntiu, nūntiī', 1, 'messenger', 316);
INSERT INTO latin_vocabulary (id, cw, run, position, level, word, pos, translation, qr_key) VALUES (63, 12, NULL, 11, 2, 'mīrābilis, mīrābile', 3, 'wonderful, extraordinary', 316);
INSERT INTO latin_vocabulary (id, cw, run, position, level, word, pos, translation, qr_key) VALUES (64, 16, 2, 2, 1, 'līber, līberum', 3, 'free, unrestricted', 364);
INSERT INTO latin_vocabulary (id, cw, run, position, level, word, pos, translation, qr_key) VALUES (65, 16, 2, 1, 1, 'liber, librī', 1, 'book', 364);
INSERT INTO latin_vocabulary (id, cw, run, position, level, word, pos, translation, qr_key) VALUES (66, 16, 2, 3, 1, 'servus, servī', 1, 'servant, slave', 364);
INSERT INTO latin_vocabulary (id, cw, run, position, level, word, pos, translation, qr_key) VALUES (67, 17, 2, 4, 1, 'lībertus, lībertī', 1, 'freedman, ex-slave', 365);
INSERT INTO latin_vocabulary (id, cw, run, position, level, word, pos, translation, qr_key) VALUES (68, 8, NULL, 1, 1, 'cēdere', 4, 'to stop, surrender, yield', 314);
INSERT INTO latin_vocabulary (id, cw, run, position, level, word, pos, translation, qr_key) VALUES (69, 8, NULL, 2, 1, 'fortiter', 5, 'bravely, boldly', 314);
INSERT INTO latin_vocabulary (id, cw, run, position, level, word, pos, translation, qr_key) VALUES (70, 8, NULL, 3, 1, 'ferōciter', 5, 'fiercely, savagely', 314);
INSERT INTO latin_vocabulary (id, cw, run, position, level, word, pos, translation, qr_key) VALUES (71, 8, NULL, 4, 1, 'celeriter
', 5, 'quickly, swiftly', 314);
INSERT INTO latin_vocabulary (id, cw, run, position, level, word, pos, translation, qr_key) VALUES (72, 8, NULL, 10, 2, 'vehementer
', 5, 'violently, forcefully', 314);
INSERT INTO latin_vocabulary (id, cw, run, position, level, word, pos, translation, qr_key) VALUES (73, 8, NULL, 11, 2, 'subitō', 5, 'suddenly', 314);
INSERT INTO latin_vocabulary (id, cw, run, position, level, word, pos, translation, qr_key) VALUES (621, 7, NULL, 1, 1, 'subject', 1, 'nominative', NULL);
INSERT INTO latin_vocabulary (id, cw, run, position, level, word, pos, translation, qr_key) VALUES (622, 7, NULL, 2, 1, 'possessive', 1, 'genetive', NULL);
INSERT INTO latin_vocabulary (id, cw, run, position, level, word, pos, translation, qr_key) VALUES (623, 7, NULL, 3, 1, 'indirect object', 1, 'dative', NULL);
INSERT INTO latin_vocabulary (id, cw, run, position, level, word, pos, translation, qr_key) VALUES (624, 7, NULL, 4, 1, 'direct object', 1, 'accusative', NULL);
INSERT INTO latin_vocabulary (id, cw, run, position, level, word, pos, translation, qr_key) VALUES (625, 7, NULL, 5, 1, 'object of the preposition', 1, 'ablative', NULL);
INSERT INTO latin_vocabulary (id, cw, run, position, level, word, pos, translation, qr_key) VALUES (626, 16, 2, 4, 1, 'lībra, lībrae', 1, 'balance, pound', 364);
INSERT INTO latin_vocabulary (id, cw, run, position, level, word, pos, translation, qr_key) VALUES (627, 9, NULL, 3, NULL, 'sedēre', 4, 'to sit, to settle', NULL);

-- Table: leader
DROP TABLE IF EXISTS leader;
CREATE TABLE leader (id INTEGER PRIMARY KEY AUTOINCREMENT, academic_year INTEGER REFERENCES academic_year (id) ON DELETE RESTRICT ON UPDATE CASCADE, person INTEGER REFERENCES person (id) ON DELETE RESTRICT ON UPDATE CASCADE, leadership_role INTEGER REFERENCES leadership_role (id) ON DELETE RESTRICT ON UPDATE CASCADE, program INTEGER REFERENCES program (id) ON DELETE RESTRICT ON UPDATE CASCADE, subject INTEGER REFERENCES subject (id) ON DELETE RESTRICT ON UPDATE CASCADE, sections INTEGER, weeks INTEGER, annual_offset INTEGER);
INSERT INTO leader (id, academic_year, person, leadership_role, program, subject, sections, weeks, annual_offset) VALUES (1, 1, 17, 4, 1, NULL, 1, 28, 135347);
INSERT INTO leader (id, academic_year, person, leadership_role, program, subject, sections, weeks, annual_offset) VALUES (2, 1, 35, 4, 1, NULL, 1, 28, 135347);
INSERT INTO leader (id, academic_year, person, leadership_role, program, subject, sections, weeks, annual_offset) VALUES (3, 1, 40, 4, 1, NULL, 1, 28, 135347);
INSERT INTO leader (id, academic_year, person, leadership_role, program, subject, sections, weeks, annual_offset) VALUES (4, 1, 51, 4, 1, NULL, 1, 28, 135347);
INSERT INTO leader (id, academic_year, person, leadership_role, program, subject, sections, weeks, annual_offset) VALUES (5, 1, 29, 4, 2, NULL, 1, 28, 180000);
INSERT INTO leader (id, academic_year, person, leadership_role, program, subject, sections, weeks, annual_offset) VALUES (6, 1, 55, 4, 3, 8, 2, 28, 192000);
INSERT INTO leader (id, academic_year, person, leadership_role, program, subject, sections, weeks, annual_offset) VALUES (7, 1, 25, 4, 3, 2, 2, 28, 192000);
INSERT INTO leader (id, academic_year, person, leadership_role, program, subject, sections, weeks, annual_offset) VALUES (8, 1, 20, 4, 3, 5, 2, 28, 192000);
INSERT INTO leader (id, academic_year, person, leadership_role, program, subject, sections, weeks, annual_offset) VALUES (9, 1, 10, 4, 3, 7, 2.5, 28, 240000);
INSERT INTO leader (id, academic_year, person, leadership_role, program, subject, sections, weeks, annual_offset) VALUES (10, 1, 71, 4, 3, 9, 2, 12, 82286);
INSERT INTO leader (id, academic_year, person, leadership_role, program, subject, sections, weeks, annual_offset) VALUES (11, 1, 7, 4, 3, 4, 1, 28, 41143);
INSERT INTO leader (id, academic_year, person, leadership_role, program, subject, sections, weeks, annual_offset) VALUES (12, 1, 7, 4, 3, 10, 2, 16, 109714);
INSERT INTO leader (id, academic_year, person, leadership_role, program, subject, sections, weeks, annual_offset) VALUES (13, 1, 55, 4, 3, 4, 1, 28, 96000);

-- Table: leadership_role
DROP TABLE IF EXISTS leadership_role;
CREATE TABLE leadership_role (id INTEGER PRIMARY KEY AUTOINCREMENT, name STRING);
INSERT INTO leadership_role (id, name) VALUES (1, 'Community Coordinator');
INSERT INTO leadership_role (id, name) VALUES (2, 'Art Coordinator');
INSERT INTO leadership_role (id, name) VALUES (3, 'Science Coordinator');
INSERT INTO leadership_role (id, name) VALUES (4, 'Tutor');
INSERT INTO leadership_role (id, name) VALUES (5, 'Board Member');

-- Table: location
DROP TABLE IF EXISTS location;
CREATE TABLE location (id INTEGER PRIMARY KEY AUTOINCREMENT, cw INTEGER NOT NULL, seq INTEGER, bonus BOOLEAN, name TEXT NOT NULL, city BOOLEAN NOT NULL DEFAULT 0, feature BOOLEAN NOT NULL DEFAULT 0, FOREIGN KEY (cw) REFERENCES cycle_week (id) ON UPDATE RESTRICT ON DELETE RESTRICT, UNIQUE (cw, name));
INSERT INTO location (id, cw, seq, bonus, name, city, feature) VALUES (1, 2, 4, NULL, 'Euphrates R.', 0, 1);
INSERT INTO location (id, cw, seq, bonus, name, city, feature) VALUES (2, 2, 3, NULL, 'Tigris R.', 0, 1);
INSERT INTO location (id, cw, seq, bonus, name, city, feature) VALUES (3, 2, 1, NULL, 'Mesopotamia', 0, 0);
INSERT INTO location (id, cw, seq, bonus, name, city, feature) VALUES (4, 2, 2, NULL, 'Sumer', 0, 0);
INSERT INTO location (id, cw, seq, bonus, name, city, feature) VALUES (5, 2, 7, NULL, 'Akkad', 1, 0);
INSERT INTO location (id, cw, seq, bonus, name, city, feature) VALUES (6, 2, 9, NULL, 'Ur', 1, 0);
INSERT INTO location (id, cw, seq, bonus, name, city, feature) VALUES (7, 2, 10, 1, 'Uruk', 1, 0);
INSERT INTO location (id, cw, seq, bonus, name, city, feature) VALUES (8, 2, 11, 1, 'Eridu', 1, 0);
INSERT INTO location (id, cw, seq, bonus, name, city, feature) VALUES (9, 169, NULL, 1, 'AAA', 0, 0);
INSERT INTO location (id, cw, seq, bonus, name, city, feature) VALUES (10, 3, 1, NULL, 'Nile Valley', 0, 0);
INSERT INTO location (id, cw, seq, bonus, name, city, feature) VALUES (11, 3, 2, NULL, 'Nile R.', 0, 1);
INSERT INTO location (id, cw, seq, bonus, name, city, feature) VALUES (12, 3, 5, NULL, 'Red Sea', 0, 1);
INSERT INTO location (id, cw, seq, bonus, name, city, feature) VALUES (13, 3, 6, NULL, 'Upper Egypt', 0, 0);
INSERT INTO location (id, cw, seq, bonus, name, city, feature) VALUES (14, 3, 7, NULL, 'Lower Egypt', 0, 0);
INSERT INTO location (id, cw, seq, bonus, name, city, feature) VALUES (15, 3, 9, NULL, 'Memphis', 1, 0);
INSERT INTO location (id, cw, seq, bonus, name, city, feature) VALUES (16, 3, 8, NULL, 'Nubia', 0, 0);
INSERT INTO location (id, cw, seq, bonus, name, city, feature) VALUES (17, 169, NULL, 1, 'Arabian Desert', 0, 1);
INSERT INTO location (id, cw, seq, bonus, name, city, feature) VALUES (18, 2, 6, NULL, 'Persian Gulf', 0, 1);
INSERT INTO location (id, cw, seq, bonus, name, city, feature) VALUES (19, 3, 3, NULL, 'Nile Delta', 0, 1);
INSERT INTO location (id, cw, seq, bonus, name, city, feature) VALUES (20, 3, 4, NULL, 'Mediterranean Sea', 0, 1);
INSERT INTO location (id, cw, seq, bonus, name, city, feature) VALUES (21, 29, NULL, NULL, 'Mediterranean Sea', 0, 1);
INSERT INTO location (id, cw, seq, bonus, name, city, feature) VALUES (22, 1, 3, NULL, 'Europe', 0, 0);
INSERT INTO location (id, cw, seq, bonus, name, city, feature) VALUES (23, 169, NULL, NULL, 'India', 0, 0);
INSERT INTO location (id, cw, seq, bonus, name, city, feature) VALUES (24, 169, NULL, 1, 'World', 0, 0);
INSERT INTO location (id, cw, seq, bonus, name, city, feature) VALUES (25, 169, NULL, 1, 'Italy', 0, 0);
INSERT INTO location (id, cw, seq, bonus, name, city, feature) VALUES (26, 169, NULL, 1, 'Asia Minor', 0, 0);
INSERT INTO location (id, cw, seq, bonus, name, city, feature) VALUES (27, 169, NULL, 1, 'Mediterranean', 0, 0);
INSERT INTO location (id, cw, seq, bonus, name, city, feature) VALUES (28, 169, NULL, 1, 'West Africa', 0, 0);
INSERT INTO location (id, cw, seq, bonus, name, city, feature) VALUES (29, 169, NULL, 1, 'North Africa', 0, 0);
INSERT INTO location (id, cw, seq, bonus, name, city, feature) VALUES (30, 169, NULL, 1, 'Rome', 0, 0);
INSERT INTO location (id, cw, seq, bonus, name, city, feature) VALUES (31, 169, NULL, 1, 'South Africa', 0, 0);
INSERT INTO location (id, cw, seq, bonus, name, city, feature) VALUES (32, 169, NULL, 1, 'Mesoamerica', 0, 0);
INSERT INTO location (id, cw, seq, bonus, name, city, feature) VALUES (33, 169, NULL, 1, 'Jerusalem', 0, 0);
INSERT INTO location (id, cw, seq, bonus, name, city, feature) VALUES (34, 169, NULL, 1, 'Israel', 0, 0);
INSERT INTO location (id, cw, seq, bonus, name, city, feature) VALUES (35, 169, NULL, 1, 'Egypt', 0, 0);
INSERT INTO location (id, cw, seq, bonus, name, city, feature) VALUES (36, 169, NULL, 1, 'Middle East', 0, 0);
INSERT INTO location (id, cw, seq, bonus, name, city, feature) VALUES (37, 169, NULL, 1, 'Aegean / Mycenaean', 0, 0);
INSERT INTO location (id, cw, seq, bonus, name, city, feature) VALUES (38, 169, NULL, 1, 'Greece', 0, 0);
INSERT INTO location (id, cw, seq, bonus, name, city, feature) VALUES (39, 1, 4, NULL, 'Asia', 0, 0);
INSERT INTO location (id, cw, seq, bonus, name, city, feature) VALUES (40, 169, NULL, 1, 'Judah', 0, 0);
INSERT INTO location (id, cw, seq, bonus, name, city, feature) VALUES (41, 169, NULL, 1, 'Levant', 0, 0);
INSERT INTO location (id, cw, seq, bonus, name, city, feature) VALUES (42, 1, 1, NULL, 'North America', 0, 0);
INSERT INTO location (id, cw, seq, bonus, name, city, feature) VALUES (43, 169, NULL, 1, 'Western Europe', 0, 0);
INSERT INTO location (id, cw, seq, bonus, name, city, feature) VALUES (44, 169, NULL, 1, 'Eastern Europe', 0, 0);
INSERT INTO location (id, cw, seq, bonus, name, city, feature) VALUES (45, 1, 2, NULL, 'South America', 0, 0);
INSERT INTO location (id, cw, seq, bonus, name, city, feature) VALUES (46, 169, NULL, 1, 'Japan', 0, 0);
INSERT INTO location (id, cw, seq, bonus, name, city, feature) VALUES (47, 169, NULL, 1, 'China', 0, 0);
INSERT INTO location (id, cw, seq, bonus, name, city, feature) VALUES (48, 169, NULL, 1, 'England', 0, 0);
INSERT INTO location (id, cw, seq, bonus, name, city, feature) VALUES (49, 169, NULL, 1, 'Persia', 0, 0);
INSERT INTO location (id, cw, seq, bonus, name, city, feature) VALUES (50, 169, NULL, 1, 'Fertile Crescent', 0, 0);
INSERT INTO location (id, cw, seq, bonus, name, city, feature) VALUES (51, 169, NULL, 1, 'Central Africa', 0, 0);
INSERT INTO location (id, cw, seq, bonus, name, city, feature) VALUES (52, 169, NULL, 1, 'Persian Desert', 0, 1);
INSERT INTO location (id, cw, seq, bonus, name, city, feature) VALUES (53, 169, NULL, 1, 'Korea', 0, 0);
INSERT INTO location (id, cw, seq, bonus, name, city, feature) VALUES (54, 169, NULL, 1, 'Southeast Asia', 0, 0);
INSERT INTO location (id, cw, seq, bonus, name, city, feature) VALUES (55, 2, 5, NULL, 'Syrian Desert', 0, 1);
INSERT INTO location (id, cw, seq, bonus, name, city, feature) VALUES (57, 2, 8, NULL, 'Babylon', 1, 0);
INSERT INTO location (id, cw, seq, bonus, name, city, feature) VALUES (60, 1, 6, NULL, 'Africa', 0, 0);
INSERT INTO location (id, cw, seq, bonus, name, city, feature) VALUES (61, 1, 5, NULL, 'Australia', 0, 0);
INSERT INTO location (id, cw, seq, bonus, name, city, feature) VALUES (62, 1, 7, NULL, 'Antarctica', 0, 0);
INSERT INTO location (id, cw, seq, bonus, name, city, feature) VALUES (63, 1, 9, NULL, 'Arctic Ocean', 0, 1);
INSERT INTO location (id, cw, seq, bonus, name, city, feature) VALUES (64, 1, 7, NULL, 'Pacific Ocean', 0, 1);
INSERT INTO location (id, cw, seq, bonus, name, city, feature) VALUES (65, 1, 8, NULL, 'Atlantic Ocean', 0, 1);
INSERT INTO location (id, cw, seq, bonus, name, city, feature) VALUES (66, 1, 9, NULL, 'Indian Ocean', 0, 1);
INSERT INTO location (id, cw, seq, bonus, name, city, feature) VALUES (67, 1, 10, NULL, 'Southern Ocean', 0, 1);
INSERT INTO location (id, cw, seq, bonus, name, city, feature) VALUES (68, 4, 1, NULL, 'Canaan', 0, 0);
INSERT INTO location (id, cw, seq, bonus, name, city, feature) VALUES (69, 4, 2, NULL, 'Phoenecia', 0, 0);
INSERT INTO location (id, cw, seq, bonus, name, city, feature) VALUES (70, 4, 3, NULL, 'Ammon', 0, 0);
INSERT INTO location (id, cw, seq, bonus, name, city, feature) VALUES (71, 4, 4, NULL, 'Moab', 0, 0);
INSERT INTO location (id, cw, seq, bonus, name, city, feature) VALUES (72, 4, 5, NULL, 'Edom', 0, 0);
INSERT INTO location (id, cw, seq, bonus, name, city, feature) VALUES (73, 4, 6, NULL, 'Sidon', 0, 0);
INSERT INTO location (id, cw, seq, bonus, name, city, feature) VALUES (74, 4, 7, NULL, 'Tyre', 1, 0);
INSERT INTO location (id, cw, seq, bonus, name, city, feature) VALUES (75, 4, 8, NULL, 'Damascus', 1, 0);
INSERT INTO location (id, cw, seq, bonus, name, city, feature) VALUES (76, 5, 1, NULL, 'Indus Valley', 0, 0);
INSERT INTO location (id, cw, seq, bonus, name, city, feature) VALUES (77, 5, 2, NULL, 'Arabian Sea', 0, 1);
INSERT INTO location (id, cw, seq, bonus, name, city, feature) VALUES (78, 5, 3, NULL, 'Bay of Bengal', 0, 1);
INSERT INTO location (id, cw, seq, bonus, name, city, feature) VALUES (79, 5, 4, NULL, 'Indus R.', 0, 1);
INSERT INTO location (id, cw, seq, bonus, name, city, feature) VALUES (80, 5, 5, NULL, 'Ganges R.', 0, 1);
INSERT INTO location (id, cw, seq, bonus, name, city, feature) VALUES (81, 5, 6, NULL, 'Himalaya Mtns.', 0, 1);
INSERT INTO location (id, cw, seq, bonus, name, city, feature) VALUES (82, 5, 7, NULL, 'Mt. Everest', 0, 1);
INSERT INTO location (id, cw, seq, bonus, name, city, feature) VALUES (83, 5, 8, NULL, 'Mohenjo Daro', 1, 0);
INSERT INTO location (id, cw, seq, bonus, name, city, feature) VALUES (84, 5, 9, NULL, 'Harappa', 1, 0);
INSERT INTO location (id, cw, seq, bonus, name, city, feature) VALUES (85, 6, 1, NULL, 'Israel', 0, 0);
INSERT INTO location (id, cw, seq, bonus, name, city, feature) VALUES (86, 6, 2, NULL, 'Judah', 0, 0);
INSERT INTO location (id, cw, seq, bonus, name, city, feature) VALUES (87, 6, 3, NULL, 'Dead Sea', 0, 1);
INSERT INTO location (id, cw, seq, bonus, name, city, feature) VALUES (88, 6, 4, NULL, 'Sea of Galilee (Lake Tiberias)', 0, 1);
INSERT INTO location (id, cw, seq, bonus, name, city, feature) VALUES (89, 6, 5, NULL, 'Jordan R.', 0, 1);
INSERT INTO location (id, cw, seq, bonus, name, city, feature) VALUES (90, 6, 6, NULL, 'Jerusalem', 1, 0);
INSERT INTO location (id, cw, seq, bonus, name, city, feature) VALUES (91, 6, 7, NULL, 'Jericho', 1, 0);
INSERT INTO location (id, cw, seq, bonus, name, city, feature) VALUES (92, 7, 1, NULL, 'Anatolia (Asia Minor)', 0, 0);
INSERT INTO location (id, cw, seq, bonus, name, city, feature) VALUES (93, 7, 2, NULL, 'Cyprus', 0, 0);
INSERT INTO location (id, cw, seq, bonus, name, city, feature) VALUES (94, 7, 3, NULL, 'Assyria', 0, 0);
INSERT INTO location (id, cw, seq, bonus, name, city, feature) VALUES (95, 7, 4, NULL, 'Black Sea', 0, 1);
INSERT INTO location (id, cw, seq, bonus, name, city, feature) VALUES (96, 7, 5, NULL, 'Taurus Mtns.', 0, 1);
INSERT INTO location (id, cw, seq, bonus, name, city, feature) VALUES (97, 7, 6, NULL, 'Hattusa', 0, 0);
INSERT INTO location (id, cw, seq, bonus, name, city, feature) VALUES (98, 7, 7, NULL, 'Nineveh', 1, 0);
INSERT INTO location (id, cw, seq, bonus, name, city, feature) VALUES (99, 7, 8, NULL, 'Ashur (Assur)', 1, 0);
INSERT INTO location (id, cw, seq, bonus, name, city, feature) VALUES (100, 8, 1, NULL, 'Persia', 0, 0);
INSERT INTO location (id, cw, seq, bonus, name, city, feature) VALUES (101, 8, 2, NULL, 'Armenia', 0, 0);
INSERT INTO location (id, cw, seq, bonus, name, city, feature) VALUES (102, 8, 3, NULL, 'Media', 0, 0);
INSERT INTO location (id, cw, seq, bonus, name, city, feature) VALUES (103, 8, 4, NULL, 'Elam', 0, 0);
INSERT INTO location (id, cw, seq, bonus, name, city, feature) VALUES (104, 8, 5, NULL, 'Caspian Sea', 0, 1);
INSERT INTO location (id, cw, seq, bonus, name, city, feature) VALUES (105, 8, 6, NULL, 'Caucasus Mtns.', 0, 1);
INSERT INTO location (id, cw, seq, bonus, name, city, feature) VALUES (106, 8, 7, NULL, 'Zagros Mtns.', 0, 1);
INSERT INTO location (id, cw, seq, bonus, name, city, feature) VALUES (107, 9, 1, NULL, 'Yangtze R. (Chang R.)', 0, 1);
INSERT INTO location (id, cw, seq, bonus, name, city, feature) VALUES (108, 9, 2, NULL, 'Yellow R. (Huang He R.)', 0, 1);
INSERT INTO location (id, cw, seq, bonus, name, city, feature) VALUES (109, 9, 3, NULL, 'Gobi Desert', 0, 1);
INSERT INTO location (id, cw, seq, bonus, name, city, feature) VALUES (110, 9, 4, NULL, 'Xianyang', 1, 0);
INSERT INTO location (id, cw, seq, bonus, name, city, feature) VALUES (111, 9, 5, NULL, 'Xi’an', 1, 0);
INSERT INTO location (id, cw, seq, bonus, name, city, feature) VALUES (112, 9, 6, NULL, 'Beijing', 1, 0);
INSERT INTO location (id, cw, seq, bonus, name, city, feature) VALUES (113, 9, 7, NULL, 'Great Wall of China', 0, 0);
INSERT INTO location (id, cw, seq, bonus, name, city, feature) VALUES (114, 10, 1, NULL, 'Galatia', 0, 0);
INSERT INTO location (id, cw, seq, bonus, name, city, feature) VALUES (115, 10, 2, NULL, 'Ephesus', 1, 0);
INSERT INTO location (id, cw, seq, bonus, name, city, feature) VALUES (116, 10, 3, NULL, 'Colossae', 1, 0);
INSERT INTO location (id, cw, seq, bonus, name, city, feature) VALUES (117, 10, 4, NULL, 'Antioch', 1, 0);
INSERT INTO location (id, cw, seq, bonus, name, city, feature) VALUES (118, 10, 5, NULL, 'Alexandria', 1, 0);
INSERT INTO location (id, cw, seq, bonus, name, city, feature) VALUES (119, 10, 6, NULL, 'Carthage', 1, 0);
INSERT INTO location (id, cw, seq, bonus, name, city, feature) VALUES (120, 11, 1, NULL, 'Constantinople', 1, 0);
INSERT INTO location (id, cw, seq, bonus, name, city, feature) VALUES (121, 11, 2, NULL, 'Nicaea', 1, 0);
INSERT INTO location (id, cw, seq, bonus, name, city, feature) VALUES (122, 11, 3, NULL, 'Chalcedon', 1, 0);
INSERT INTO location (id, cw, seq, bonus, name, city, feature) VALUES (123, 11, 4, NULL, 'Smyrna', 1, 0);
INSERT INTO location (id, cw, seq, bonus, name, city, feature) VALUES (124, 11, 5, NULL, 'Hippo', 1, 0);
INSERT INTO location (id, cw, seq, bonus, name, city, feature) VALUES (125, 11, 6, NULL, 'Luxor (Ancient Thebes)', 1, 0);
INSERT INTO location (id, cw, seq, bonus, name, city, feature) VALUES (126, 12, 1, NULL, 'Ancient Ghana', 0, 0);
INSERT INTO location (id, cw, seq, bonus, name, city, feature) VALUES (127, 12, 2, NULL, 'Ancient Mali', 0, 0);
INSERT INTO location (id, cw, seq, bonus, name, city, feature) VALUES (128, 12, 3, NULL, 'Songhai', 0, 0);
INSERT INTO location (id, cw, seq, bonus, name, city, feature) VALUES (129, 12, 4, NULL, 'Kanem-Bornu', 0, 0);
INSERT INTO location (id, cw, seq, bonus, name, city, feature) VALUES (130, 12, 5, NULL, 'Ashanti', 0, 0);
INSERT INTO location (id, cw, seq, bonus, name, city, feature) VALUES (131, 12, 6, NULL, 'Sahara Desert', 0, 1);
INSERT INTO location (id, cw, seq, bonus, name, city, feature) VALUES (132, 12, 7, NULL, 'Sahel', 0, 1);
INSERT INTO location (id, cw, seq, bonus, name, city, feature) VALUES (133, 169, NULL, NULL, 'Scotland', 0, 0);
INSERT INTO location (id, cw, seq, bonus, name, city, feature) VALUES (134, 169, NULL, NULL, 'New Zealand', 0, 0);
INSERT INTO location (id, cw, seq, bonus, name, city, feature) VALUES (135, 169, NULL, NULL, 'Russia', 0, 0);
INSERT INTO location (id, cw, seq, bonus, name, city, feature) VALUES (136, 169, NULL, NULL, 'Spain', 0, 0);
INSERT INTO location (id, cw, seq, bonus, name, city, feature) VALUES (137, 169, NULL, NULL, 'Americas', 0, 0);
INSERT INTO location (id, cw, seq, bonus, name, city, feature) VALUES (138, 169, NULL, NULL, 'Canada', 0, 0);
INSERT INTO location (id, cw, seq, bonus, name, city, feature) VALUES (139, 169, NULL, NULL, 'France', 0, 0);
INSERT INTO location (id, cw, seq, bonus, name, city, feature) VALUES (140, 169, NULL, NULL, 'United States', 0, 0);
INSERT INTO location (id, cw, seq, bonus, name, city, feature) VALUES (141, 169, NULL, NULL, 'Germany', 0, 0);

-- Table: math_vocabulary
DROP TABLE IF EXISTS math_vocabulary;
CREATE TABLE math_vocabulary (id INTEGER PRIMARY KEY AUTOINCREMENT, cw INTEGER REFERENCES cycle_week (id) ON DELETE RESTRICT ON UPDATE CASCADE NOT NULL, run INTEGER, position INTEGER, level INTEGER, tee BOOLEAN DEFAULT (1), word STRING, equivalent STRING, line2 STRING, qr_key INTEGER REFERENCES qr_key (id) ON DELETE RESTRICT ON UPDATE CASCADE, lighter_bg BOOLEAN);
INSERT INTO math_vocabulary (id, cw, run, position, level, tee, word, equivalent, line2, qr_key, lighter_bg) VALUES (1, 9, 2, 1, 1, 1, '1 foot (ft)', '12 inches (in)', NULL, 350, NULL);
INSERT INTO math_vocabulary (id, cw, run, position, level, tee, word, equivalent, line2, qr_key, lighter_bg) VALUES (2, 9, 2, 2, 1, 1, '1 yard (yd)', '3 feet (ft)', NULL, 350, NULL);
INSERT INTO math_vocabulary (id, cw, run, position, level, tee, word, equivalent, line2, qr_key, lighter_bg) VALUES (3, 9, 2, 3, 1, 1, '1 mile (mi)', '5,280 feet (ft)', NULL, 350, NULL);
INSERT INTO math_vocabulary (id, cw, run, position, level, tee, word, equivalent, line2, qr_key, lighter_bg) VALUES (4, 9, 2, 4, 1, 1, '1 mile (mi)', '1.6 kilometers (km)', NULL, 350, NULL);
INSERT INTO math_vocabulary (id, cw, run, position, level, tee, word, equivalent, line2, qr_key, lighter_bg) VALUES (5, 9, 2, 5, 1, 1, '1 kilometer (km)', '0.62 miles (mi)', NULL, 350, NULL);
INSERT INTO math_vocabulary (id, cw, run, position, level, tee, word, equivalent, line2, qr_key, lighter_bg) VALUES (6, 9, 2, 6, 1, 1, '1 acre', '4,840 square yards', NULL, 350, NULL);
INSERT INTO math_vocabulary (id, cw, run, position, level, tee, word, equivalent, line2, qr_key, lighter_bg) VALUES (7, 10, 2, 1, 1, 1, '1 inch (in)', '2.54 centimeters (cm)', NULL, 351, NULL);
INSERT INTO math_vocabulary (id, cw, run, position, level, tee, word, equivalent, line2, qr_key, lighter_bg) VALUES (8, 10, 2, 2, 1, 1, '1 centimeter (cm)', '10 millimeters (mm)', NULL, 351, NULL);
INSERT INTO math_vocabulary (id, cw, run, position, level, tee, word, equivalent, line2, qr_key, lighter_bg) VALUES (9, 10, 2, 3, 1, 1, '1 meter (m)', '100 centimeters (cm)', NULL, 351, NULL);
INSERT INTO math_vocabulary (id, cw, run, position, level, tee, word, equivalent, line2, qr_key, lighter_bg) VALUES (10, 10, 2, 4, 1, 1, '1 meter (m)', '1,000 millimeters (mm)', NULL, 351, NULL);
INSERT INTO math_vocabulary (id, cw, run, position, level, tee, word, equivalent, line2, qr_key, lighter_bg) VALUES (11, 10, 2, 5, 1, 1, '1 kilometer (km)', '1,000 meters (m)', NULL, 351, NULL);
INSERT INTO math_vocabulary (id, cw, run, position, level, tee, word, equivalent, line2, qr_key, lighter_bg) VALUES (12, 11, 2, 1, 1, 1, '1 tablespoon (Tbsp)', '3 teaspoons (tsp)', NULL, 352, NULL);
INSERT INTO math_vocabulary (id, cw, run, position, level, tee, word, equivalent, line2, qr_key, lighter_bg) VALUES (13, 11, 2, 2, 1, 1, '1 teaspoon (tsp)', '5 milliliters (mL)', NULL, 352, NULL);
INSERT INTO math_vocabulary (id, cw, run, position, level, tee, word, equivalent, line2, qr_key, lighter_bg) VALUES (14, 11, 2, 3, 1, 1, '1 milliliter (mL)', '1 cubic centimeter (cc)', NULL, 352, NULL);
INSERT INTO math_vocabulary (id, cw, run, position, level, tee, word, equivalent, line2, qr_key, lighter_bg) VALUES (15, 11, 2, 4, 1, 1, '1 liter (L)', '1,000 milliliters (mL)', NULL, 352, NULL);
INSERT INTO math_vocabulary (id, cw, run, position, level, tee, word, equivalent, line2, qr_key, lighter_bg) VALUES (16, 11, 2, 5, 1, 1, '1 kiloliter (kL)', '1,000 liters (L)', NULL, 352, NULL);
INSERT INTO math_vocabulary (id, cw, run, position, level, tee, word, equivalent, line2, qr_key, lighter_bg) VALUES (17, 12, 2, 1, 1, 1, '1 fluid ounce (fl oz)', '2 tablespoons (Tbsp)', NULL, 353, NULL);
INSERT INTO math_vocabulary (id, cw, run, position, level, tee, word, equivalent, line2, qr_key, lighter_bg) VALUES (18, 12, 2, 2, 1, 1, '1 cup (c)', '8 fluid ounces (fl oz)', NULL, 353, NULL);
INSERT INTO math_vocabulary (id, cw, run, position, level, tee, word, equivalent, line2, qr_key, lighter_bg) VALUES (19, 12, 2, 3, 1, 1, '1 pint (pt)', '2 cups (c)', NULL, 353, NULL);
INSERT INTO math_vocabulary (id, cw, run, position, level, tee, word, equivalent, line2, qr_key, lighter_bg) VALUES (20, 12, 2, 4, 1, 1, '1 quart (qt)', '2 pints (pt) = 4 cups (c)', NULL, 353, NULL);
INSERT INTO math_vocabulary (id, cw, run, position, level, tee, word, equivalent, line2, qr_key, lighter_bg) VALUES (21, 12, 2, 5, 1, 1, '1 gallon (gal)', '4 quarts (qt)', NULL, 353, NULL);
INSERT INTO math_vocabulary (id, cw, run, position, level, tee, word, equivalent, line2, qr_key, lighter_bg) VALUES (22, 12, 2, 6, 1, 1, '1 bushel', '9.3 gallons (gal)', NULL, 353, NULL);
INSERT INTO math_vocabulary (id, cw, run, position, level, tee, word, equivalent, line2, qr_key, lighter_bg) VALUES (23, 13, 2, 1, 1, 1, 'pico-', '1 E-12 = 1 / 1,000,000,000,000', NULL, 354, NULL);
INSERT INTO math_vocabulary (id, cw, run, position, level, tee, word, equivalent, line2, qr_key, lighter_bg) VALUES (24, 13, 2, 2, 1, 1, 'nano-', '1 E-9 = 1 / 1,000,000,000', NULL, 354, NULL);
INSERT INTO math_vocabulary (id, cw, run, position, level, tee, word, equivalent, line2, qr_key, lighter_bg) VALUES (25, 13, 2, 3, 1, 1, 'micro-', '1 E-6 = 1 / 1,000,000', NULL, 354, NULL);
INSERT INTO math_vocabulary (id, cw, run, position, level, tee, word, equivalent, line2, qr_key, lighter_bg) VALUES (26, 13, 2, 4, 1, 1, 'milli-', '1 E-3 = 1 / 1,000', NULL, 354, NULL);
INSERT INTO math_vocabulary (id, cw, run, position, level, tee, word, equivalent, line2, qr_key, lighter_bg) VALUES (27, 13, 2, 5, 1, 1, 'kilo-', '1 E3 = 1,000', NULL, 354, NULL);
INSERT INTO math_vocabulary (id, cw, run, position, level, tee, word, equivalent, line2, qr_key, lighter_bg) VALUES (28, 14, 2, 1, 1, 1, '1 gram (g)', '1,000 milligrams (mg)', NULL, 355, NULL);
INSERT INTO math_vocabulary (id, cw, run, position, level, tee, word, equivalent, line2, qr_key, lighter_bg) VALUES (29, 14, 2, 2, 1, 1, '1 kilogram (kg)', '1,000 grams (g)', NULL, 355, NULL);
INSERT INTO math_vocabulary (id, cw, run, position, level, tee, word, equivalent, line2, qr_key, lighter_bg) VALUES (30, 14, 2, 3, 1, 1, '1 kilogram (kg)', '2.2 pounds (lb)', NULL, 355, NULL);
INSERT INTO math_vocabulary (id, cw, run, position, level, tee, word, equivalent, line2, qr_key, lighter_bg) VALUES (31, 14, 2, 4, 1, 1, '1 pound (lb)', '16 ounces (oz)', NULL, 355, NULL);
INSERT INTO math_vocabulary (id, cw, run, position, level, tee, word, equivalent, line2, qr_key, lighter_bg) VALUES (32, 14, 2, 5, 1, 1, '1 (short) ton', '2,000 pounds (lb)', NULL, 355, NULL);
INSERT INTO math_vocabulary (id, cw, run, position, level, tee, word, equivalent, line2, qr_key, lighter_bg) VALUES (33, 14, 2, 6, 1, 1, '1 (long) ton', '2,240 pounds (lb)', NULL, 355, NULL);
INSERT INTO math_vocabulary (id, cw, run, position, level, tee, word, equivalent, line2, qr_key, lighter_bg) VALUES (34, 15, 2, 1, 1, 0, 'Area of a rectangle', 'length  x  width', NULL, 356, NULL);
INSERT INTO math_vocabulary (id, cw, run, position, level, tee, word, equivalent, line2, qr_key, lighter_bg) VALUES (35, 16, 2, 1, 1, 0, 'Area of a triangle', '½  x  base  x  height', NULL, 357, NULL);
INSERT INTO math_vocabulary (id, cw, run, position, level, tee, word, equivalent, line2, qr_key, lighter_bg) VALUES (36, 17, 2, 1, 1, 0, 'Area of a circle', 'pi  x  radius²', NULL, 358, NULL);
INSERT INTO math_vocabulary (id, cw, run, position, level, tee, word, equivalent, line2, qr_key, lighter_bg) VALUES (37, 18, 2, 1, 1, 0, 'Circumference of a circle', '2  x  pi  x  radius', NULL, 359, NULL);
INSERT INTO math_vocabulary (id, cw, run, position, level, tee, word, equivalent, line2, qr_key, lighter_bg) VALUES (38, 19, 2, 1, 1, 0, 'Identity Law', 'a  x  1  =  a', 'a  +  0  =  a', 360, NULL);
INSERT INTO math_vocabulary (id, cw, run, position, level, tee, word, equivalent, line2, qr_key, lighter_bg) VALUES (39, 20, 2, 1, 1, 0, 'Commutative Law', 'a  +  b  =  b  +  a', 'a  x  b  =  b  x  a', 361, NULL);

-- Table: multiplication_facts
DROP TABLE IF EXISTS multiplication_facts;
CREATE TABLE multiplication_facts (id INTEGER PRIMARY KEY AUTOINCREMENT, cw INTEGER REFERENCES cycle_week (id) ON DELETE RESTRICT ON UPDATE CASCADE, operand1 INTEGER, products STRING);
INSERT INTO multiplication_facts (id, cw, operand1, products) VALUES (1, 1, 2, '2, 4, 6, 8, 10, 12, 14, 16, 18, 20, 22, 24');
INSERT INTO multiplication_facts (id, cw, operand1, products) VALUES (2, 1, 3, '3, 6, 9, 12, 15, 18, 21, 24, 27, 30, 33, 36');
INSERT INTO multiplication_facts (id, cw, operand1, products) VALUES (3, 2, 4, '4, 8, 12, 16, 20, 24, 28, 32, 36, 40, 44, 48');
INSERT INTO multiplication_facts (id, cw, operand1, products) VALUES (4, 2, 5, '5, 10, 15, 20, 25, 30, 35, 40, 45, 50, 55, 60');
INSERT INTO multiplication_facts (id, cw, operand1, products) VALUES (5, 3, 6, '6, 12, 18, 24, 30, 36, 42, 48, 54, 60, 66, 72');
INSERT INTO multiplication_facts (id, cw, operand1, products) VALUES (6, 3, 7, '7, 14, 21, 28, 35, 42, 49, 56, 63, 70, 77, 84');
INSERT INTO multiplication_facts (id, cw, operand1, products) VALUES (7, 4, 8, '8, 16, 24, 32, 40, 48, 56, 64, 72, 80, 88, 96');
INSERT INTO multiplication_facts (id, cw, operand1, products) VALUES (8, 4, 9, '9, 18, 27, 36, 45, 54, 63, 72, 81, 90, 99, 108');
INSERT INTO multiplication_facts (id, cw, operand1, products) VALUES (9, 5, 10, '10, 20, 30, 40, 50, 60, 70, 80, 90, 100, 110, 120');
INSERT INTO multiplication_facts (id, cw, operand1, products) VALUES (10, 5, 11, '11, 22, 33, 44, 55, 66, 77, 88, 99, 110, 121, 132');
INSERT INTO multiplication_facts (id, cw, operand1, products) VALUES (11, 6, 12, '12, 24, 36, 48, 60, 72, 84, 96, 108, 120, 132, 144');
INSERT INTO multiplication_facts (id, cw, operand1, products) VALUES (12, 6, 15, '15, 30, 45, 60, 75, 90, 105, 120, 135, 150, 165, 180, 195, 210, 225');
INSERT INTO multiplication_facts (id, cw, operand1, products) VALUES (13, 7, 'square', '1, 4, 9, 16, 25, 36, 49, 64, 81, 100, 121, 144, 169, 196, 225');
INSERT INTO multiplication_facts (id, cw, operand1, products) VALUES (14, 8, 'cube', '1, 8, 27, 64, 125, 216, 343, 512, 729, 1000');

-- Table: new_user_invitation
DROP TABLE IF EXISTS new_user_invitation;
CREATE TABLE new_user_invitation (id INTEGER PRIMARY KEY AUTOINCREMENT, person INTEGER REFERENCES person (id) ON DELETE CASCADE ON UPDATE CASCADE, code STRING UNIQUE, issue_date DATE, accepted_date DATE, confirmation_problems STRING);
INSERT INTO new_user_invitation (id, person, code, issue_date, accepted_date, confirmation_problems) VALUES (1, 12, 'bueihdw584a8', '2020-06-05', NULL, NULL);
INSERT INTO new_user_invitation (id, person, code, issue_date, accepted_date, confirmation_problems) VALUES (2, 10, '5nxt919rz7hp', '2020-06-05', NULL, NULL);
INSERT INTO new_user_invitation (id, person, code, issue_date, accepted_date, confirmation_problems) VALUES (3, 46, 'dncgpq2zmvty', '2020-06-05', NULL, NULL);
INSERT INTO new_user_invitation (id, person, code, issue_date, accepted_date, confirmation_problems) VALUES (4, 7, 'il07ntpcxu06', '2020-06-05', NULL, NULL);
INSERT INTO new_user_invitation (id, person, code, issue_date, accepted_date, confirmation_problems) VALUES (5, 29, 'xk5j1bvtrubr', '2020-06-05', NULL, NULL);
INSERT INTO new_user_invitation (id, person, code, issue_date, accepted_date, confirmation_problems) VALUES (6, 25, 'dpine1q1gcu1', '2020-06-05', NULL, NULL);
INSERT INTO new_user_invitation (id, person, code, issue_date, accepted_date, confirmation_problems) VALUES (7, 35, '32ms1ug4a4q2', '2020-06-05', NULL, NULL);
INSERT INTO new_user_invitation (id, person, code, issue_date, accepted_date, confirmation_problems) VALUES (8, 55, 'z2sgj9tn0llh', '2020-06-05', NULL, NULL);
INSERT INTO new_user_invitation (id, person, code, issue_date, accepted_date, confirmation_problems) VALUES (9, 51, '74tqgvndzirm', '2020-06-05', NULL, NULL);
INSERT INTO new_user_invitation (id, person, code, issue_date, accepted_date, confirmation_problems) VALUES (10, 17, 'w75e9oqo3qfx', '2020-06-05', NULL, NULL);
INSERT INTO new_user_invitation (id, person, code, issue_date, accepted_date, confirmation_problems) VALUES (11, 57, 'bk9idxjs4qae', '2020-06-05', NULL, NULL);
INSERT INTO new_user_invitation (id, person, code, issue_date, accepted_date, confirmation_problems) VALUES (12, 58, 'qsuo0y2g5934', '2020-06-05', NULL, NULL);
INSERT INTO new_user_invitation (id, person, code, issue_date, accepted_date, confirmation_problems) VALUES (13, 59, 'l72ex7vvujtg', '2020-06-05', NULL, NULL);
INSERT INTO new_user_invitation (id, person, code, issue_date, accepted_date, confirmation_problems) VALUES (14, 20, '4fyg1pgh4cxc', '2020-06-05', NULL, NULL);
INSERT INTO new_user_invitation (id, person, code, issue_date, accepted_date, confirmation_problems) VALUES (16, 40, 'ojxa1e56gx2n', '2020-06-05', NULL, NULL);
INSERT INTO new_user_invitation (id, person, code, issue_date, accepted_date, confirmation_problems) VALUES (17, 72, '2gjA3EbIdPgr', '2020-09-19', NULL, NULL);

-- Table: orientation
DROP TABLE IF EXISTS orientation;
CREATE TABLE orientation (location1 INTEGER REFERENCES location (id) ON DELETE CASCADE ON UPDATE CASCADE NOT NULL, direction INTEGER REFERENCES direction (id) ON DELETE RESTRICT ON UPDATE RESTRICT NOT NULL, location2 INTEGER REFERENCES location (id) ON DELETE CASCADE ON UPDATE CASCADE NOT NULL, UNIQUE (location1, direction, location2));
INSERT INTO orientation (location1, direction, location2) VALUES (13, 4, 14);
INSERT INTO orientation (location1, direction, location2) VALUES (16, 4, 13);
INSERT INTO orientation (location1, direction, location2) VALUES (1, 8, 18);
INSERT INTO orientation (location1, direction, location2) VALUES (2, 8, 18);
INSERT INTO orientation (location1, direction, location2) VALUES (3, 8, 18);
INSERT INTO orientation (location1, direction, location2) VALUES (4, 8, 18);
INSERT INTO orientation (location1, direction, location2) VALUES (5, 8, 18);
INSERT INTO orientation (location1, direction, location2) VALUES (6, 8, 18);
INSERT INTO orientation (location1, direction, location2) VALUES (7, 8, 18);
INSERT INTO orientation (location1, direction, location2) VALUES (1, 1, 17);
INSERT INTO orientation (location1, direction, location2) VALUES (3, 1, 17);
INSERT INTO orientation (location1, direction, location2) VALUES (8, 8, 18);
INSERT INTO orientation (location1, direction, location2) VALUES (2, 2, 1);
INSERT INTO orientation (location1, direction, location2) VALUES (10, 6, 12);
INSERT INTO orientation (location1, direction, location2) VALUES (11, 6, 12);
INSERT INTO orientation (location1, direction, location2) VALUES (13, 6, 12);
INSERT INTO orientation (location1, direction, location2) VALUES (14, 6, 12);
INSERT INTO orientation (location1, direction, location2) VALUES (15, 6, 12);
INSERT INTO orientation (location1, direction, location2) VALUES (19, 6, 12);
INSERT INTO orientation (location1, direction, location2) VALUES (16, 6, 12);
INSERT INTO orientation (location1, direction, location2) VALUES (12, 6, 17);
INSERT INTO orientation (location1, direction, location2) VALUES (14, 8, 13);
INSERT INTO orientation (location1, direction, location2) VALUES (12, 6, 18);
INSERT INTO orientation (location1, direction, location2) VALUES (17, 6, 18);
INSERT INTO orientation (location1, direction, location2) VALUES (19, 4, 20);

-- Table: part_of_speech
DROP TABLE IF EXISTS part_of_speech;
CREATE TABLE part_of_speech (id INTEGER PRIMARY KEY AUTOINCREMENT, name STRING);
INSERT INTO part_of_speech (id, name) VALUES (1, 'noun');
INSERT INTO part_of_speech (id, name) VALUES (2, 'pronoun');
INSERT INTO part_of_speech (id, name) VALUES (3, 'adjective');
INSERT INTO part_of_speech (id, name) VALUES (4, 'verb');
INSERT INTO part_of_speech (id, name) VALUES (5, 'adverb');
INSERT INTO part_of_speech (id, name) VALUES (6, 'conjunction');
INSERT INTO part_of_speech (id, name) VALUES (7, 'preposition');
INSERT INTO part_of_speech (id, name) VALUES (8, 'interjection');

-- Table: payment
DROP TABLE IF EXISTS payment;
CREATE TABLE payment (id INTEGER PRIMARY KEY AUTOINCREMENT, academic_year INTEGER REFERENCES academic_year (id) ON DELETE CASCADE ON UPDATE CASCADE, person INTEGER REFERENCES person (id) ON DELETE RESTRICT ON UPDATE CASCADE, amount INTEGER, check_number STRING, date DATE);
INSERT INTO payment (id, academic_year, person, amount, check_number, date) VALUES (1, 1, 7, 15000, 1741, '2020-05-27');
INSERT INTO payment (id, academic_year, person, amount, check_number, date) VALUES (2, 1, 9, 5000, 6669, '2020-06-03');
INSERT INTO payment (id, academic_year, person, amount, check_number, date) VALUES (3, 1, 34, 5000, 137, '2020-06-03');
INSERT INTO payment (id, academic_year, person, amount, check_number, date) VALUES (4, 1, 39, 5000, 1295, '2020-06-03');
INSERT INTO payment (id, academic_year, person, amount, check_number, date) VALUES (5, 1, 45, 5000, 1105, '2020-06-04');
INSERT INTO payment (id, academic_year, person, amount, check_number, date) VALUES (6, 1, 50, 5000, 189, '2020-06-03');
INSERT INTO payment (id, academic_year, person, amount, check_number, date) VALUES (7, 1, 54, 5000, 153, '2020-06-06');
INSERT INTO payment (id, academic_year, person, amount, check_number, date) VALUES (8, 1, 24, 5000, 3869, '2020-06-05');
INSERT INTO payment (id, academic_year, person, amount, check_number, date) VALUES (9, 1, 28, 5000, 1984, '2020-06-05');
INSERT INTO payment (id, academic_year, person, amount, check_number, date) VALUES (10, 1, 16, 10000, 1754, '2020-06-05');
INSERT INTO payment (id, academic_year, person, amount, check_number, date) VALUES (11, 1, 11, 5000, 1839, '2020-06-05');
INSERT INTO payment (id, academic_year, person, amount, check_number, date) VALUES (12, 1, 20, 5000, 1421, '2020-06-05');
INSERT INTO payment (id, academic_year, person, amount, check_number, date) VALUES (13, 1, 54, 80000, 100, '2020-09-19');
INSERT INTO payment (id, academic_year, person, amount, check_number, date) VALUES (14, 1, 12, 214000, 1909, '2020-09-19');
INSERT INTO payment (id, academic_year, person, amount, check_number, date) VALUES (15, 1, 72, 37000, 2124, '2020-09-23');
INSERT INTO payment (id, academic_year, person, amount, check_number, date) VALUES (17, 1, 57, 124500, 1317, '2020-09-23');
INSERT INTO payment (id, academic_year, person, amount, check_number, date) VALUES (18, 1, 46, 64000, 1009, '2020-09-23');
INSERT INTO payment (id, academic_year, person, amount, check_number, date) VALUES (19, 1, 59, 5000, 4962, '2020-08-01');
INSERT INTO payment (id, academic_year, person, amount, check_number, date) VALUES (20, 1, 29, 33000, 1387, '2020-09-21');

-- Table: person
DROP TABLE IF EXISTS person;
CREATE TABLE person (id INTEGER PRIMARY KEY AUTOINCREMENT, first_name STRING, last_name STRING, user INTEGER REFERENCES user (id) ON DELETE CASCADE ON UPDATE CASCADE, birthdate DATE, male INTEGER, head_of_household INTEGER);
INSERT INTO person (id, first_name, last_name, user, birthdate, male, head_of_household) VALUES (1, 'Michaila', 'Caine', NULL, '2006-04-10', 0, NULL);
INSERT INTO person (id, first_name, last_name, user, birthdate, male, head_of_household) VALUES (2, 'Alana', 'Caine', NULL, '2008-10-08', 0, NULL);
INSERT INTO person (id, first_name, last_name, user, birthdate, male, head_of_household) VALUES (3, 'Emma', 'Caine', NULL, '2010-06-05', 0, NULL);
INSERT INTO person (id, first_name, last_name, user, birthdate, male, head_of_household) VALUES (4, 'Parker', 'Brann', NULL, '2013-05-17', 1, NULL);
INSERT INTO person (id, first_name, last_name, user, birthdate, male, head_of_household) VALUES (5, 'Alden', 'Brann', NULL, '2007-09-13', 1, NULL);
INSERT INTO person (id, first_name, last_name, user, birthdate, male, head_of_household) VALUES (6, 'Isabella', 'Brann', NULL, '2005-10-05', 0, NULL);
INSERT INTO person (id, first_name, last_name, user, birthdate, male, head_of_household) VALUES (7, 'Michael', 'Caine', NULL, NULL, 1, 1);
INSERT INTO person (id, first_name, last_name, user, birthdate, male, head_of_household) VALUES (8, 'Kirsten', 'Caine', NULL, NULL, NULL, NULL);
INSERT INTO person (id, first_name, last_name, user, birthdate, male, head_of_household) VALUES (9, 'Darrell', 'Brann', NULL, NULL, 1, 1);
INSERT INTO person (id, first_name, last_name, user, birthdate, male, head_of_household) VALUES (10, 'Christi', 'Brann', NULL, NULL, NULL, NULL);
INSERT INTO person (id, first_name, last_name, user, birthdate, male, head_of_household) VALUES (11, 'Ben', 'Boyd', NULL, NULL, 1, 1);
INSERT INTO person (id, first_name, last_name, user, birthdate, male, head_of_household) VALUES (12, 'Sheri', 'Boyd', NULL, NULL, NULL, NULL);
INSERT INTO person (id, first_name, last_name, user, birthdate, male, head_of_household) VALUES (13, 'Gloriana', 'Boyd', NULL, '2007-01-22', NULL, NULL);
INSERT INTO person (id, first_name, last_name, user, birthdate, male, head_of_household) VALUES (14, 'Zion', 'Boyd', NULL, '2008-06-11', NULL, NULL);
INSERT INTO person (id, first_name, last_name, user, birthdate, male, head_of_household) VALUES (15, 'Jamin', 'Boyd', NULL, '2010-07-02', 1, NULL);
INSERT INTO person (id, first_name, last_name, user, birthdate, male, head_of_household) VALUES (16, 'Charley', 'Neveau', NULL, NULL, 1, 1);
INSERT INTO person (id, first_name, last_name, user, birthdate, male, head_of_household) VALUES (17, 'Liz', 'Neveau', NULL, NULL, NULL, NULL);
INSERT INTO person (id, first_name, last_name, user, birthdate, male, head_of_household) VALUES (18, 'Gabriel', 'Neveau', NULL, '2009-10-27', 1, NULL);
INSERT INTO person (id, first_name, last_name, user, birthdate, male, head_of_household) VALUES (19, 'Ruth', 'Neveau', NULL, '2013-2-24', NULL, NULL);
INSERT INTO person (id, first_name, last_name, user, birthdate, male, head_of_household) VALUES (20, 'Phil', 'Sheahan', NULL, NULL, 1, 1);
INSERT INTO person (id, first_name, last_name, user, birthdate, male, head_of_household) VALUES (21, 'Emily', 'Sheahan', NULL, NULL, NULL, NULL);
INSERT INTO person (id, first_name, last_name, user, birthdate, male, head_of_household) VALUES (22, 'Caleb', 'Sheahan', NULL, '2005-06-06', 1, NULL);
INSERT INTO person (id, first_name, last_name, user, birthdate, male, head_of_household) VALUES (23, 'Hannah', 'Sheahan', NULL, '2008-07-16', NULL, NULL);
INSERT INTO person (id, first_name, last_name, user, birthdate, male, head_of_household) VALUES (24, 'David', 'Hurley', NULL, NULL, 1, 1);
INSERT INTO person (id, first_name, last_name, user, birthdate, male, head_of_household) VALUES (25, 'Susanna', 'Hurley', NULL, NULL, NULL, NULL);
INSERT INTO person (id, first_name, last_name, user, birthdate, male, head_of_household) VALUES (26, 'Andrew', 'Hurley', NULL, '2006-08-21', 1, NULL);
INSERT INTO person (id, first_name, last_name, user, birthdate, male, head_of_household) VALUES (27, 'Abigail', 'Hurley', NULL, '2008-06-22', NULL, NULL);
INSERT INTO person (id, first_name, last_name, user, birthdate, male, head_of_household) VALUES (28, 'Zac', 'Hostetter', NULL, NULL, 1, 1);
INSERT INTO person (id, first_name, last_name, user, birthdate, male, head_of_household) VALUES (29, 'Caitlin', 'Hostetter', NULL, NULL, NULL, NULL);
INSERT INTO person (id, first_name, last_name, user, birthdate, male, head_of_household) VALUES (30, 'Freyja', 'Hostetter', NULL, '2008-05-15', NULL, NULL);
INSERT INTO person (id, first_name, last_name, user, birthdate, male, head_of_household) VALUES (31, 'Jude', 'Hostetter', NULL, '2010-01-31', 1, NULL);
INSERT INTO person (id, first_name, last_name, user, birthdate, male, head_of_household) VALUES (32, 'Rhys', 'Hostetter', NULL, '2012-02-05', 1, NULL);
INSERT INTO person (id, first_name, last_name, user, birthdate, male, head_of_household) VALUES (33, 'Llew', 'Hostetter', NULL, '2016-01-13', 1, NULL);
INSERT INTO person (id, first_name, last_name, user, birthdate, male, head_of_household) VALUES (34, 'Eddie', 'Kilner', NULL, NULL, 1, 1);
INSERT INTO person (id, first_name, last_name, user, birthdate, male, head_of_household) VALUES (35, 'Carrie', 'Kilner', NULL, NULL, NULL, NULL);
INSERT INTO person (id, first_name, last_name, user, birthdate, male, head_of_household) VALUES (36, 'William', 'Kilner', NULL, '2009-11-07', 1, NULL);
INSERT INTO person (id, first_name, last_name, user, birthdate, male, head_of_household) VALUES (37, 'Duncan', 'Kilner', NULL, '2011-12-29', 1, NULL);
INSERT INTO person (id, first_name, last_name, user, birthdate, male, head_of_household) VALUES (38, 'Fiona', 'Kilner', NULL, '2013-12-03', NULL, NULL);
INSERT INTO person (id, first_name, last_name, user, birthdate, male, head_of_household) VALUES (39, 'Jon', 'VanderZanden', NULL, NULL, 1, 1);
INSERT INTO person (id, first_name, last_name, user, birthdate, male, head_of_household) VALUES (40, 'Jamie', 'VanderZanden', NULL, NULL, NULL, NULL);
INSERT INTO person (id, first_name, last_name, user, birthdate, male, head_of_household) VALUES (41, 'Adelyn', 'VanderZanden', NULL, '2011-01-21', NULL, NULL);
INSERT INTO person (id, first_name, last_name, user, birthdate, male, head_of_household) VALUES (42, 'Josiah', 'VanderZanden', NULL, '2012-12-12', 1, NULL);
INSERT INTO person (id, first_name, last_name, user, birthdate, male, head_of_household) VALUES (43, 'Briggs', 'VanderZanden', NULL, '2014-05-14', 1, NULL);
INSERT INTO person (id, first_name, last_name, user, birthdate, male, head_of_household) VALUES (44, 'Kimber', 'VanderZanden', NULL, '2016-05-23', NULL, NULL);
INSERT INTO person (id, first_name, last_name, user, birthdate, male, head_of_household) VALUES (45, 'Brian', 'Buck', NULL, NULL, 1, 1);
INSERT INTO person (id, first_name, last_name, user, birthdate, male, head_of_household) VALUES (46, 'Jessica', 'Buck', NULL, NULL, NULL, NULL);
INSERT INTO person (id, first_name, last_name, user, birthdate, male, head_of_household) VALUES (47, 'Nolan', 'Buck', NULL, '2011-07-24', 1, NULL);
INSERT INTO person (id, first_name, last_name, user, birthdate, male, head_of_household) VALUES (48, 'Pierce', 'Buck', NULL, '2015-10-24', 1, NULL);
INSERT INTO person (id, first_name, last_name, user, birthdate, male, head_of_household) VALUES (49, 'Selah', 'Buck', NULL, '2018-05-16', NULL, NULL);
INSERT INTO person (id, first_name, last_name, user, birthdate, male, head_of_household) VALUES (50, 'Brandon', 'Miller', NULL, NULL, 1, 1);
INSERT INTO person (id, first_name, last_name, user, birthdate, male, head_of_household) VALUES (51, 'Laura', 'Miller', NULL, NULL, NULL, NULL);
INSERT INTO person (id, first_name, last_name, user, birthdate, male, head_of_household) VALUES (52, 'Samantha', 'Miller', NULL, '2015-05-20', NULL, NULL);
INSERT INTO person (id, first_name, last_name, user, birthdate, male, head_of_household) VALUES (53, 'Eli', 'Miller', NULL, NULL, 1, NULL);
INSERT INTO person (id, first_name, last_name, user, birthdate, male, head_of_household) VALUES (54, 'Scott', 'McDonald', NULL, NULL, 1, 1);
INSERT INTO person (id, first_name, last_name, user, birthdate, male, head_of_household) VALUES (55, 'Mick', 'McDonald', NULL, NULL, NULL, NULL);
INSERT INTO person (id, first_name, last_name, user, birthdate, male, head_of_household) VALUES (56, 'Daniel', 'Paul', NULL, NULL, 1, 1);
INSERT INTO person (id, first_name, last_name, user, birthdate, male, head_of_household) VALUES (57, 'Julie', 'Paul', NULL, NULL, NULL, NULL);
INSERT INTO person (id, first_name, last_name, user, birthdate, male, head_of_household) VALUES (58, 'Lou', 'Perry', NULL, NULL, 1, 1);
INSERT INTO person (id, first_name, last_name, user, birthdate, male, head_of_household) VALUES (59, 'Deyette', 'Perry', NULL, NULL, NULL, NULL);
INSERT INTO person (id, first_name, last_name, user, birthdate, male, head_of_household) VALUES (60, 'Flora', 'McDonald', NULL, '2005-04-25', NULL, NULL);
INSERT INTO person (id, first_name, last_name, user, birthdate, male, head_of_household) VALUES (61, 'Iona', 'McDonald', NULL, '2006-08-26', NULL, NULL);
INSERT INTO person (id, first_name, last_name, user, birthdate, male, head_of_household) VALUES (62, 'Opal', 'McDonald', NULL, '2007-12-22', NULL, NULL);
INSERT INTO person (id, first_name, last_name, user, birthdate, male, head_of_household) VALUES (63, 'George', 'McDonald', NULL, '2010-08-22', 1, NULL);
INSERT INTO person (id, first_name, last_name, user, birthdate, male, head_of_household) VALUES (64, 'Helen', 'McDonald', NULL, '2012-11-08', NULL, NULL);
INSERT INTO person (id, first_name, last_name, user, birthdate, male, head_of_household) VALUES (65, 'Xander', 'Perry', NULL, '2007-04-05', NULL, NULL);
INSERT INTO person (id, first_name, last_name, user, birthdate, male, head_of_household) VALUES (66, 'Dawson', 'Perry', NULL, '2008-12-27', NULL, NULL);
INSERT INTO person (id, first_name, last_name, user, birthdate, male, head_of_household) VALUES (67, 'Genevieve', 'Perry', NULL, '2010-08-13', NULL, NULL);
INSERT INTO person (id, first_name, last_name, user, birthdate, male, head_of_household) VALUES (68, 'Carli Anne', 'Paul', NULL, '2012-01-18', NULL, NULL);
INSERT INTO person (id, first_name, last_name, user, birthdate, male, head_of_household) VALUES (69, 'Lillian', 'Paul', NULL, '2010-07-10', NULL, NULL);
INSERT INTO person (id, first_name, last_name, user, birthdate, male, head_of_household) VALUES (70, 'Riley', 'Paul', NULL, '2013-07-17', NULL, NULL);
INSERT INTO person (id, first_name, last_name, user, birthdate, male, head_of_household) VALUES (71, 'Bonnie', 'Tollefson', NULL, NULL, NULL, NULL);
INSERT INTO person (id, first_name, last_name, user, birthdate, male, head_of_household) VALUES (72, 'Amy', 'Ramirez', NULL, NULL, NULL, NULL);
INSERT INTO person (id, first_name, last_name, user, birthdate, male, head_of_household) VALUES (73, 'Graciela', 'Ramirez', NULL, '2014-11-05', NULL, NULL);
INSERT INTO person (id, first_name, last_name, user, birthdate, male, head_of_household) VALUES (74, 'Joseph', 'Ramirez', NULL, NULL, 1, 1);

-- Table: person_address
DROP TABLE IF EXISTS person_address;
CREATE TABLE person_address (person INTEGER REFERENCES person (id) ON DELETE CASCADE ON UPDATE CASCADE, address INTEGER REFERENCES address (id) ON DELETE CASCADE ON UPDATE CASCADE);
INSERT INTO person_address (person, address) VALUES (11, 1);
INSERT INTO person_address (person, address) VALUES (12, 1);
INSERT INTO person_address (person, address) VALUES (9, 2);
INSERT INTO person_address (person, address) VALUES (10, 2);
INSERT INTO person_address (person, address) VALUES (45, 3);
INSERT INTO person_address (person, address) VALUES (46, 3);
INSERT INTO person_address (person, address) VALUES (7, 4);
INSERT INTO person_address (person, address) VALUES (8, 4);
INSERT INTO person_address (person, address) VALUES (54, 5);
INSERT INTO person_address (person, address) VALUES (55, 5);
INSERT INTO person_address (person, address) VALUES (50, 6);
INSERT INTO person_address (person, address) VALUES (51, 6);
INSERT INTO person_address (person, address) VALUES (16, 7);
INSERT INTO person_address (person, address) VALUES (17, 7);
INSERT INTO person_address (person, address) VALUES (56, 8);
INSERT INTO person_address (person, address) VALUES (57, 8);
INSERT INTO person_address (person, address) VALUES (58, 9);
INSERT INTO person_address (person, address) VALUES (59, 9);
INSERT INTO person_address (person, address) VALUES (28, 10);
INSERT INTO person_address (person, address) VALUES (29, 10);
INSERT INTO person_address (person, address) VALUES (24, 11);
INSERT INTO person_address (person, address) VALUES (25, 11);
INSERT INTO person_address (person, address) VALUES (34, 12);
INSERT INTO person_address (person, address) VALUES (35, 12);
INSERT INTO person_address (person, address) VALUES (20, 13);
INSERT INTO person_address (person, address) VALUES (21, 13);
INSERT INTO person_address (person, address) VALUES (39, 14);
INSERT INTO person_address (person, address) VALUES (40, 14);
INSERT INTO person_address (person, address) VALUES (72, 15);

-- Table: person_email
DROP TABLE IF EXISTS person_email;
CREATE TABLE person_email (person INTEGER REFERENCES person (id) ON DELETE CASCADE ON UPDATE CASCADE, email INTEGER REFERENCES email (id) ON DELETE CASCADE ON UPDATE CASCADE);
INSERT INTO person_email (person, email) VALUES (22, 1);
INSERT INTO person_email (person, email) VALUES (23, 2);
INSERT INTO person_email (person, email) VALUES (12, 4);
INSERT INTO person_email (person, email) VALUES (10, 5);
INSERT INTO person_email (person, email) VALUES (46, 6);
INSERT INTO person_email (person, email) VALUES (7, 7);
INSERT INTO person_email (person, email) VALUES (29, 8);
INSERT INTO person_email (person, email) VALUES (25, 9);
INSERT INTO person_email (person, email) VALUES (35, 10);
INSERT INTO person_email (person, email) VALUES (55, 11);
INSERT INTO person_email (person, email) VALUES (51, 12);
INSERT INTO person_email (person, email) VALUES (17, 13);
INSERT INTO person_email (person, email) VALUES (57, 14);
INSERT INTO person_email (person, email) VALUES (59, 15);
INSERT INTO person_email (person, email) VALUES (20, 17);
INSERT INTO person_email (person, email) VALUES (58, 16);
INSERT INTO person_email (person, email) VALUES (40, 18);
INSERT INTO person_email (person, email) VALUES (72, 19);

-- Table: person_phone
DROP TABLE IF EXISTS person_phone;
CREATE TABLE person_phone (person INTEGER REFERENCES person (id) ON DELETE CASCADE ON UPDATE CASCADE, phone INTEGER REFERENCES phone (id) ON DELETE CASCADE ON UPDATE CASCADE);
INSERT INTO person_phone (person, phone) VALUES (21, 1);
INSERT INTO person_phone (person, phone) VALUES (22, 2);
INSERT INTO person_phone (person, phone) VALUES (34, 3);
INSERT INTO person_phone (person, phone) VALUES (12, 4);
INSERT INTO person_phone (person, phone) VALUES (10, 5);
INSERT INTO person_phone (person, phone) VALUES (46, 6);
INSERT INTO person_phone (person, phone) VALUES (7, 7);
INSERT INTO person_phone (person, phone) VALUES (8, 7);
INSERT INTO person_phone (person, phone) VALUES (55, 9);
INSERT INTO person_phone (person, phone) VALUES (51, 10);
INSERT INTO person_phone (person, phone) VALUES (17, 11);
INSERT INTO person_phone (person, phone) VALUES (57, 12);
INSERT INTO person_phone (person, phone) VALUES (59, 13);
INSERT INTO person_phone (person, phone) VALUES (58, 14);
INSERT INTO person_phone (person, phone) VALUES (59, 15);
INSERT INTO person_phone (person, phone) VALUES (29, 16);
INSERT INTO person_phone (person, phone) VALUES (25, 17);
INSERT INTO person_phone (person, phone) VALUES (35, 18);
INSERT INTO person_phone (person, phone) VALUES (20, 19);
INSERT INTO person_phone (person, phone) VALUES (40, 20);
INSERT INTO person_phone (person, phone) VALUES (40, 21);
INSERT INTO person_phone (person, phone) VALUES (72, 22);
INSERT INTO person_phone (person, phone) VALUES (74, 23);

-- Table: phone
DROP TABLE IF EXISTS phone;
CREATE TABLE phone (id INTEGER PRIMARY KEY AUTOINCREMENT, number STRING, unlisted INTEGER, note STRING);
INSERT INTO phone (id, number, unlisted, note) VALUES (1, 5412632221, 1, NULL);
INSERT INTO phone (id, number, unlisted, note) VALUES (2, 5412631071, NULL, NULL);
INSERT INTO phone (id, number, unlisted, note) VALUES (3, 2088743006, NULL, NULL);
INSERT INTO phone (id, number, unlisted, note) VALUES (4, 3075752090, NULL, NULL);
INSERT INTO phone (id, number, unlisted, note) VALUES (5, 5412632321, NULL, NULL);
INSERT INTO phone (id, number, unlisted, note) VALUES (6, 5418055060, NULL, NULL);
INSERT INTO phone (id, number, unlisted, note) VALUES (7, 5414263060, NULL, 'home');
INSERT INTO phone (id, number, unlisted, note) VALUES (8, 5413980397, NULL, 'cell');
INSERT INTO phone (id, number, unlisted, note) VALUES (9, 5413988208, NULL, NULL);
INSERT INTO phone (id, number, unlisted, note) VALUES (10, 5413980252, NULL, NULL);
INSERT INTO phone (id, number, unlisted, note) VALUES (11, 5413988093, NULL, NULL);
INSERT INTO phone (id, number, unlisted, note) VALUES (12, 2083100587, NULL, NULL);
INSERT INTO phone (id, number, unlisted, note) VALUES (13, 5414320410, NULL, NULL);
INSERT INTO phone (id, number, unlisted, note) VALUES (14, 5412632218, NULL, NULL);
INSERT INTO phone (id, number, unlisted, note) VALUES (15, 5412632219, NULL, NULL);
INSERT INTO phone (id, number, unlisted, note) VALUES (16, 5412632374, NULL, NULL);
INSERT INTO phone (id, number, unlisted, note) VALUES (17, 5413981618, NULL, NULL);
INSERT INTO phone (id, number, unlisted, note) VALUES (18, 2086691599, NULL, NULL);
INSERT INTO phone (id, number, unlisted, note) VALUES (19, 5412632870, NULL, NULL);
INSERT INTO phone (id, number, unlisted, note) VALUES (20, 5413982144, NULL, 'cell');
INSERT INTO phone (id, number, unlisted, note) VALUES (21, 5413981816, NULL, 'home');
INSERT INTO phone (id, number, unlisted, note) VALUES (22, 5412631564, NULL, NULL);
INSERT INTO phone (id, number, unlisted, note) VALUES (23, 5413981908, NULL, NULL);

-- Table: program
DROP TABLE IF EXISTS program;
CREATE TABLE program (id INTEGER PRIMARY KEY AUTOINCREMENT, name STRING UNIQUE, schedule STRING, start_age INTEGER, grade_first INTEGER, grade_last INTEGER, differentiate INTEGER);
INSERT INTO program (id, name, schedule, start_age, grade_first, grade_last, differentiate) VALUES (1, 'Grammar School', 'Tuesday mornings', 4, 0, 6, 0);
INSERT INTO program (id, name, schedule, start_age, grade_first, grade_last, differentiate) VALUES (2, '4th-6th Grade', 'Tuesday afternoons', 9, 4, 6, 0);
INSERT INTO program (id, name, schedule, start_age, grade_first, grade_last, differentiate) VALUES (3, '7th-9th Grade', 'All day Tuesday', 12, 7, 9, 1);
INSERT INTO program (id, name, schedule, start_age, grade_first, grade_last, differentiate) VALUES (4, '10th-12th Grade', 'All day Tuesday', 15, 10, 12, 1);
INSERT INTO program (id, name, schedule, start_age, grade_first, grade_last, differentiate) VALUES (6, 'Graduate', NULL, 18, 13, 100, 0);
INSERT INTO program (id, name, schedule, start_age, grade_first, grade_last, differentiate) VALUES (7, 'Sibling School', 'Tuesday afternoons', 4, 0, 3, 0);

-- Table: qr_key
DROP TABLE IF EXISTS qr_key;
CREATE TABLE qr_key (id INTEGER PRIMARY KEY AUTOINCREMENT, "key" STRING UNIQUE, in_use INTEGER);
INSERT INTO qr_key (id, "key", in_use) VALUES (4, 'GXA', 1);
INSERT INTO qr_key (id, "key", in_use) VALUES (5, 'VSI', 1);
INSERT INTO qr_key (id, "key", in_use) VALUES (6, 'SVE', 1);
INSERT INTO qr_key (id, "key", in_use) VALUES (7, 'DQR', 1);
INSERT INTO qr_key (id, "key", in_use) VALUES (8, 'TPD', 1);
INSERT INTO qr_key (id, "key", in_use) VALUES (9, 'HPP', 1);
INSERT INTO qr_key (id, "key", in_use) VALUES (10, 'SAZ', 1);
INSERT INTO qr_key (id, "key", in_use) VALUES (11, 'FNL', 1);
INSERT INTO qr_key (id, "key", in_use) VALUES (12, 'DZR', 1);
INSERT INTO qr_key (id, "key", in_use) VALUES (13, 'OBU', 1);
INSERT INTO qr_key (id, "key", in_use) VALUES (14, 'AQZ', 1);
INSERT INTO qr_key (id, "key", in_use) VALUES (15, 'KBZ', 1);
INSERT INTO qr_key (id, "key", in_use) VALUES (16, 'EBS', 1);
INSERT INTO qr_key (id, "key", in_use) VALUES (17, 'DEL', 1);
INSERT INTO qr_key (id, "key", in_use) VALUES (18, 'VWS', 1);
INSERT INTO qr_key (id, "key", in_use) VALUES (19, 'SXI', 1);
INSERT INTO qr_key (id, "key", in_use) VALUES (20, 'XYD', 1);
INSERT INTO qr_key (id, "key", in_use) VALUES (21, 'WAU', 1);
INSERT INTO qr_key (id, "key", in_use) VALUES (22, 'ZJR', 1);
INSERT INTO qr_key (id, "key", in_use) VALUES (23, 'OPF', 1);
INSERT INTO qr_key (id, "key", in_use) VALUES (24, 'LBY', 1);
INSERT INTO qr_key (id, "key", in_use) VALUES (25, 'UHZ', 1);
INSERT INTO qr_key (id, "key", in_use) VALUES (26, 'AYG', 1);
INSERT INTO qr_key (id, "key", in_use) VALUES (27, 'AAQ', 1);
INSERT INTO qr_key (id, "key", in_use) VALUES (28, 'ATR', 1);
INSERT INTO qr_key (id, "key", in_use) VALUES (29, 'ECC', 1);
INSERT INTO qr_key (id, "key", in_use) VALUES (30, 'OML', 1);
INSERT INTO qr_key (id, "key", in_use) VALUES (31, 'BPX', 1);
INSERT INTO qr_key (id, "key", in_use) VALUES (32, 'CUZ', 1);
INSERT INTO qr_key (id, "key", in_use) VALUES (33, 'BBE', 1);
INSERT INTO qr_key (id, "key", in_use) VALUES (34, 'BWB', 1);
INSERT INTO qr_key (id, "key", in_use) VALUES (35, 'ZTJ', 1);
INSERT INTO qr_key (id, "key", in_use) VALUES (36, 'LMB', 1);
INSERT INTO qr_key (id, "key", in_use) VALUES (37, 'BZR', 1);
INSERT INTO qr_key (id, "key", in_use) VALUES (38, 'LDY', 1);
INSERT INTO qr_key (id, "key", in_use) VALUES (39, 'WEL', 1);
INSERT INTO qr_key (id, "key", in_use) VALUES (40, 'BEB', 1);
INSERT INTO qr_key (id, "key", in_use) VALUES (41, 'TPS', 1);
INSERT INTO qr_key (id, "key", in_use) VALUES (42, 'REN', 1);
INSERT INTO qr_key (id, "key", in_use) VALUES (43, 'OZB', 1);
INSERT INTO qr_key (id, "key", in_use) VALUES (44, 'GMQ', 1);
INSERT INTO qr_key (id, "key", in_use) VALUES (45, 'FOE', 1);
INSERT INTO qr_key (id, "key", in_use) VALUES (46, 'FQD', 1);
INSERT INTO qr_key (id, "key", in_use) VALUES (47, 'IDU', 1);
INSERT INTO qr_key (id, "key", in_use) VALUES (48, 'OQJ', 1);
INSERT INTO qr_key (id, "key", in_use) VALUES (49, 'EUB', 1);
INSERT INTO qr_key (id, "key", in_use) VALUES (50, 'KDF', 1);
INSERT INTO qr_key (id, "key", in_use) VALUES (51, 'STC', 1);
INSERT INTO qr_key (id, "key", in_use) VALUES (52, 'LCG', 1);
INSERT INTO qr_key (id, "key", in_use) VALUES (53, 'GOY', 1);
INSERT INTO qr_key (id, "key", in_use) VALUES (54, 'YJU', 1);
INSERT INTO qr_key (id, "key", in_use) VALUES (55, 'LZE', 1);
INSERT INTO qr_key (id, "key", in_use) VALUES (56, 'MCG', 1);
INSERT INTO qr_key (id, "key", in_use) VALUES (57, 'KGW', 1);
INSERT INTO qr_key (id, "key", in_use) VALUES (58, 'JKM', 1);
INSERT INTO qr_key (id, "key", in_use) VALUES (59, 'DVI', 1);
INSERT INTO qr_key (id, "key", in_use) VALUES (60, 'WYN', 1);
INSERT INTO qr_key (id, "key", in_use) VALUES (61, 'RUP', 1);
INSERT INTO qr_key (id, "key", in_use) VALUES (62, 'LVH', 1);
INSERT INTO qr_key (id, "key", in_use) VALUES (63, 'NUK', 1);
INSERT INTO qr_key (id, "key", in_use) VALUES (64, 'WTM', 1);
INSERT INTO qr_key (id, "key", in_use) VALUES (65, 'BEA', 1);
INSERT INTO qr_key (id, "key", in_use) VALUES (66, 'LBC', 1);
INSERT INTO qr_key (id, "key", in_use) VALUES (67, 'SZF', 1);
INSERT INTO qr_key (id, "key", in_use) VALUES (68, 'WZC', 1);
INSERT INTO qr_key (id, "key", in_use) VALUES (69, 'GZR', 1);
INSERT INTO qr_key (id, "key", in_use) VALUES (70, 'RLG', 1);
INSERT INTO qr_key (id, "key", in_use) VALUES (71, 'TSK', 1);
INSERT INTO qr_key (id, "key", in_use) VALUES (72, 'JZB', 1);
INSERT INTO qr_key (id, "key", in_use) VALUES (73, 'LIG', 1);
INSERT INTO qr_key (id, "key", in_use) VALUES (74, 'BSP', 1);
INSERT INTO qr_key (id, "key", in_use) VALUES (75, 'MKB', 1);
INSERT INTO qr_key (id, "key", in_use) VALUES (76, 'FDB', 1);
INSERT INTO qr_key (id, "key", in_use) VALUES (77, 'SCA', 1);
INSERT INTO qr_key (id, "key", in_use) VALUES (78, 'GEM', 1);
INSERT INTO qr_key (id, "key", in_use) VALUES (79, 'UOG', 1);
INSERT INTO qr_key (id, "key", in_use) VALUES (80, 'YZL', 1);
INSERT INTO qr_key (id, "key", in_use) VALUES (81, 'NCC', 1);
INSERT INTO qr_key (id, "key", in_use) VALUES (82, 'UVK', 1);
INSERT INTO qr_key (id, "key", in_use) VALUES (83, 'RRZ', 1);
INSERT INTO qr_key (id, "key", in_use) VALUES (84, 'CMN', 1);
INSERT INTO qr_key (id, "key", in_use) VALUES (85, 'VEX', 1);
INSERT INTO qr_key (id, "key", in_use) VALUES (86, 'EZP', 1);
INSERT INTO qr_key (id, "key", in_use) VALUES (87, 'HRJ', 1);
INSERT INTO qr_key (id, "key", in_use) VALUES (88, 'GQP', 1);
INSERT INTO qr_key (id, "key", in_use) VALUES (89, 'KTP', 1);
INSERT INTO qr_key (id, "key", in_use) VALUES (90, 'EQJ', 1);
INSERT INTO qr_key (id, "key", in_use) VALUES (91, 'PKZ', 1);
INSERT INTO qr_key (id, "key", in_use) VALUES (92, 'XJB', 1);
INSERT INTO qr_key (id, "key", in_use) VALUES (93, 'HSL', 1);
INSERT INTO qr_key (id, "key", in_use) VALUES (94, 'ZWV', 1);
INSERT INTO qr_key (id, "key", in_use) VALUES (95, 'TRR', 1);
INSERT INTO qr_key (id, "key", in_use) VALUES (96, 'ICF', 1);
INSERT INTO qr_key (id, "key", in_use) VALUES (97, 'BSZ', 1);
INSERT INTO qr_key (id, "key", in_use) VALUES (98, 'CRY', 1);
INSERT INTO qr_key (id, "key", in_use) VALUES (99, 'KMP', 1);
INSERT INTO qr_key (id, "key", in_use) VALUES (100, 'CSZ', 1);
INSERT INTO qr_key (id, "key", in_use) VALUES (101, 'GHS', 1);
INSERT INTO qr_key (id, "key", in_use) VALUES (102, 'WSF', 1);
INSERT INTO qr_key (id, "key", in_use) VALUES (103, 'PRL', 1);
INSERT INTO qr_key (id, "key", in_use) VALUES (104, 'CFQ', 1);
INSERT INTO qr_key (id, "key", in_use) VALUES (105, 'DZX', 1);
INSERT INTO qr_key (id, "key", in_use) VALUES (106, 'EQL', 1);
INSERT INTO qr_key (id, "key", in_use) VALUES (107, 'BTH', 1);
INSERT INTO qr_key (id, "key", in_use) VALUES (108, 'FDI', 1);
INSERT INTO qr_key (id, "key", in_use) VALUES (109, 'WCF', 1);
INSERT INTO qr_key (id, "key", in_use) VALUES (110, 'NNK', 1);
INSERT INTO qr_key (id, "key", in_use) VALUES (111, 'SUW', 1);
INSERT INTO qr_key (id, "key", in_use) VALUES (112, 'NIA', 1);
INSERT INTO qr_key (id, "key", in_use) VALUES (113, 'EFK', 1);
INSERT INTO qr_key (id, "key", in_use) VALUES (114, 'KHK', 1);
INSERT INTO qr_key (id, "key", in_use) VALUES (115, 'LPD', 1);
INSERT INTO qr_key (id, "key", in_use) VALUES (116, 'ZLJ', 1);
INSERT INTO qr_key (id, "key", in_use) VALUES (117, 'SFA', 1);
INSERT INTO qr_key (id, "key", in_use) VALUES (118, 'GNJ', 1);
INSERT INTO qr_key (id, "key", in_use) VALUES (119, 'ZED', 1);
INSERT INTO qr_key (id, "key", in_use) VALUES (120, 'CSD', 1);
INSERT INTO qr_key (id, "key", in_use) VALUES (121, 'WMA', 1);
INSERT INTO qr_key (id, "key", in_use) VALUES (122, 'LNK', 1);
INSERT INTO qr_key (id, "key", in_use) VALUES (123, 'CZH', 1);
INSERT INTO qr_key (id, "key", in_use) VALUES (124, 'LOG', 1);
INSERT INTO qr_key (id, "key", in_use) VALUES (125, 'GRN', 1);
INSERT INTO qr_key (id, "key", in_use) VALUES (126, 'KYA', 1);
INSERT INTO qr_key (id, "key", in_use) VALUES (127, 'RCD', 1);
INSERT INTO qr_key (id, "key", in_use) VALUES (128, 'BAG', 1);
INSERT INTO qr_key (id, "key", in_use) VALUES (129, 'TWY', 1);
INSERT INTO qr_key (id, "key", in_use) VALUES (130, 'IZU', 1);
INSERT INTO qr_key (id, "key", in_use) VALUES (131, 'JTO', 1);
INSERT INTO qr_key (id, "key", in_use) VALUES (132, 'JTV', 1);
INSERT INTO qr_key (id, "key", in_use) VALUES (133, 'IFK', 1);
INSERT INTO qr_key (id, "key", in_use) VALUES (134, 'AJC', 1);
INSERT INTO qr_key (id, "key", in_use) VALUES (135, 'OOI', 1);
INSERT INTO qr_key (id, "key", in_use) VALUES (136, 'JTF', 1);
INSERT INTO qr_key (id, "key", in_use) VALUES (137, 'DBY', 1);
INSERT INTO qr_key (id, "key", in_use) VALUES (138, 'SOV', 1);
INSERT INTO qr_key (id, "key", in_use) VALUES (139, 'WGL', 1);
INSERT INTO qr_key (id, "key", in_use) VALUES (140, 'CCD', 1);
INSERT INTO qr_key (id, "key", in_use) VALUES (141, 'DPC', 1);
INSERT INTO qr_key (id, "key", in_use) VALUES (142, 'LGX', 1);
INSERT INTO qr_key (id, "key", in_use) VALUES (143, 'QVO', 1);
INSERT INTO qr_key (id, "key", in_use) VALUES (144, 'ROX', 1);
INSERT INTO qr_key (id, "key", in_use) VALUES (145, 'MFL', 1);
INSERT INTO qr_key (id, "key", in_use) VALUES (146, 'NDG', 1);
INSERT INTO qr_key (id, "key", in_use) VALUES (147, 'YAY', 1);
INSERT INTO qr_key (id, "key", in_use) VALUES (148, 'ESY', 1);
INSERT INTO qr_key (id, "key", in_use) VALUES (149, 'EIK', 1);
INSERT INTO qr_key (id, "key", in_use) VALUES (150, 'EQQ', 1);
INSERT INTO qr_key (id, "key", in_use) VALUES (151, 'RWG', 1);
INSERT INTO qr_key (id, "key", in_use) VALUES (152, 'NGK', 1);
INSERT INTO qr_key (id, "key", in_use) VALUES (153, 'EIY', 1);
INSERT INTO qr_key (id, "key", in_use) VALUES (154, 'BRU', 1);
INSERT INTO qr_key (id, "key", in_use) VALUES (155, 'OZD', 1);
INSERT INTO qr_key (id, "key", in_use) VALUES (156, 'RBS', 1);
INSERT INTO qr_key (id, "key", in_use) VALUES (157, 'JFR', 1);
INSERT INTO qr_key (id, "key", in_use) VALUES (158, 'DJZ', 1);
INSERT INTO qr_key (id, "key", in_use) VALUES (159, 'CQV', 1);
INSERT INTO qr_key (id, "key", in_use) VALUES (160, 'ENI', 1);
INSERT INTO qr_key (id, "key", in_use) VALUES (161, 'NZQ', 1);
INSERT INTO qr_key (id, "key", in_use) VALUES (162, 'WQV', 1);
INSERT INTO qr_key (id, "key", in_use) VALUES (163, 'QNV', 1);
INSERT INTO qr_key (id, "key", in_use) VALUES (164, 'RKF', 1);
INSERT INTO qr_key (id, "key", in_use) VALUES (165, 'ZCR', 1);
INSERT INTO qr_key (id, "key", in_use) VALUES (166, 'DFQ', 1);
INSERT INTO qr_key (id, "key", in_use) VALUES (167, 'WHE', 1);
INSERT INTO qr_key (id, "key", in_use) VALUES (168, 'OCQ', 1);
INSERT INTO qr_key (id, "key", in_use) VALUES (169, 'SXE', 1);
INSERT INTO qr_key (id, "key", in_use) VALUES (170, 'CMC', 1);
INSERT INTO qr_key (id, "key", in_use) VALUES (171, 'LYJ', 1);
INSERT INTO qr_key (id, "key", in_use) VALUES (172, 'HYG', 1);
INSERT INTO qr_key (id, "key", in_use) VALUES (173, 'FEO', 1);
INSERT INTO qr_key (id, "key", in_use) VALUES (174, 'EMX', 1);
INSERT INTO qr_key (id, "key", in_use) VALUES (175, 'WNM', 1);
INSERT INTO qr_key (id, "key", in_use) VALUES (176, 'BIO', 1);
INSERT INTO qr_key (id, "key", in_use) VALUES (177, 'AJS', 1);
INSERT INTO qr_key (id, "key", in_use) VALUES (178, 'ERC', 1);
INSERT INTO qr_key (id, "key", in_use) VALUES (179, 'NEO', 1);
INSERT INTO qr_key (id, "key", in_use) VALUES (180, 'YME', 1);
INSERT INTO qr_key (id, "key", in_use) VALUES (181, 'LLM', 1);
INSERT INTO qr_key (id, "key", in_use) VALUES (182, 'RUA', 1);
INSERT INTO qr_key (id, "key", in_use) VALUES (183, 'UWJ', 1);
INSERT INTO qr_key (id, "key", in_use) VALUES (184, 'LNY', 1);
INSERT INTO qr_key (id, "key", in_use) VALUES (185, 'ENY', 1);
INSERT INTO qr_key (id, "key", in_use) VALUES (186, 'ACX', 1);
INSERT INTO qr_key (id, "key", in_use) VALUES (187, 'CFY', 1);
INSERT INTO qr_key (id, "key", in_use) VALUES (188, 'EIW', 1);
INSERT INTO qr_key (id, "key", in_use) VALUES (189, 'KUK', 1);
INSERT INTO qr_key (id, "key", in_use) VALUES (190, 'PMG', 1);
INSERT INTO qr_key (id, "key", in_use) VALUES (191, 'IMO', 1);
INSERT INTO qr_key (id, "key", in_use) VALUES (192, 'YZI', 1);
INSERT INTO qr_key (id, "key", in_use) VALUES (193, 'TSN', 1);
INSERT INTO qr_key (id, "key", in_use) VALUES (194, 'TGO', 1);
INSERT INTO qr_key (id, "key", in_use) VALUES (195, 'IEA', 1);
INSERT INTO qr_key (id, "key", in_use) VALUES (196, 'ANF', 1);
INSERT INTO qr_key (id, "key", in_use) VALUES (197, 'RTA', 1);
INSERT INTO qr_key (id, "key", in_use) VALUES (198, 'VAB', 1);
INSERT INTO qr_key (id, "key", in_use) VALUES (199, 'PME', 1);
INSERT INTO qr_key (id, "key", in_use) VALUES (200, 'NZF', 1);
INSERT INTO qr_key (id, "key", in_use) VALUES (201, 'DKK', 1);
INSERT INTO qr_key (id, "key", in_use) VALUES (202, 'XKH', 1);
INSERT INTO qr_key (id, "key", in_use) VALUES (203, 'BJN', 1);
INSERT INTO qr_key (id, "key", in_use) VALUES (204, 'HMM', 1);
INSERT INTO qr_key (id, "key", in_use) VALUES (205, 'TJV', 1);
INSERT INTO qr_key (id, "key", in_use) VALUES (206, 'WSR', 1);
INSERT INTO qr_key (id, "key", in_use) VALUES (207, 'SZW', 1);
INSERT INTO qr_key (id, "key", in_use) VALUES (208, 'AFX', 1);
INSERT INTO qr_key (id, "key", in_use) VALUES (209, 'PTH', 1);
INSERT INTO qr_key (id, "key", in_use) VALUES (210, 'LZY', 1);
INSERT INTO qr_key (id, "key", in_use) VALUES (211, 'OBB', 1);
INSERT INTO qr_key (id, "key", in_use) VALUES (212, 'OZR', 1);
INSERT INTO qr_key (id, "key", in_use) VALUES (213, 'GFP', 1);
INSERT INTO qr_key (id, "key", in_use) VALUES (214, 'WIZ', 1);
INSERT INTO qr_key (id, "key", in_use) VALUES (215, 'YNR', 1);
INSERT INTO qr_key (id, "key", in_use) VALUES (216, 'JXQ', 1);
INSERT INTO qr_key (id, "key", in_use) VALUES (217, 'XPC', 1);
INSERT INTO qr_key (id, "key", in_use) VALUES (218, 'QCB', 1);
INSERT INTO qr_key (id, "key", in_use) VALUES (219, 'WLC', 1);
INSERT INTO qr_key (id, "key", in_use) VALUES (220, 'YEC', 1);
INSERT INTO qr_key (id, "key", in_use) VALUES (221, 'LLE', 1);
INSERT INTO qr_key (id, "key", in_use) VALUES (222, 'SZI', 1);
INSERT INTO qr_key (id, "key", in_use) VALUES (223, 'XSR', 1);
INSERT INTO qr_key (id, "key", in_use) VALUES (224, 'FMB', 1);
INSERT INTO qr_key (id, "key", in_use) VALUES (225, 'UGY', 1);
INSERT INTO qr_key (id, "key", in_use) VALUES (226, 'RBU', 1);
INSERT INTO qr_key (id, "key", in_use) VALUES (227, 'URF', 1);
INSERT INTO qr_key (id, "key", in_use) VALUES (228, 'QJI', 1);
INSERT INTO qr_key (id, "key", in_use) VALUES (229, 'YPK', 1);
INSERT INTO qr_key (id, "key", in_use) VALUES (230, 'UEJ', 1);
INSERT INTO qr_key (id, "key", in_use) VALUES (231, 'TVU', 1);
INSERT INTO qr_key (id, "key", in_use) VALUES (232, 'BIA', 1);
INSERT INTO qr_key (id, "key", in_use) VALUES (233, 'ADW', 1);
INSERT INTO qr_key (id, "key", in_use) VALUES (234, 'AUA', 1);
INSERT INTO qr_key (id, "key", in_use) VALUES (235, 'VUT', 1);
INSERT INTO qr_key (id, "key", in_use) VALUES (236, 'NYR', 1);
INSERT INTO qr_key (id, "key", in_use) VALUES (237, 'SIA', 1);
INSERT INTO qr_key (id, "key", in_use) VALUES (238, 'YTD', 1);
INSERT INTO qr_key (id, "key", in_use) VALUES (239, 'YGR', 1);
INSERT INTO qr_key (id, "key", in_use) VALUES (240, 'IGF', 1);
INSERT INTO qr_key (id, "key", in_use) VALUES (241, 'EQB', 1);
INSERT INTO qr_key (id, "key", in_use) VALUES (242, 'ADI', 1);
INSERT INTO qr_key (id, "key", in_use) VALUES (243, 'WLT', 1);
INSERT INTO qr_key (id, "key", in_use) VALUES (244, 'UIQ', 1);
INSERT INTO qr_key (id, "key", in_use) VALUES (245, 'QGZ', 1);
INSERT INTO qr_key (id, "key", in_use) VALUES (246, 'UEP', 1);
INSERT INTO qr_key (id, "key", in_use) VALUES (247, 'APO', 1);
INSERT INTO qr_key (id, "key", in_use) VALUES (248, 'XPO', 1);
INSERT INTO qr_key (id, "key", in_use) VALUES (249, 'OXE', 1);
INSERT INTO qr_key (id, "key", in_use) VALUES (250, 'CSR', 1);
INSERT INTO qr_key (id, "key", in_use) VALUES (251, 'QWN', 1);
INSERT INTO qr_key (id, "key", in_use) VALUES (252, 'TTS', 1);
INSERT INTO qr_key (id, "key", in_use) VALUES (253, 'YBG', 1);
INSERT INTO qr_key (id, "key", in_use) VALUES (254, 'ZRM', 1);
INSERT INTO qr_key (id, "key", in_use) VALUES (255, 'XSD', 1);
INSERT INTO qr_key (id, "key", in_use) VALUES (256, 'BGM', 1);
INSERT INTO qr_key (id, "key", in_use) VALUES (257, 'WSU', 1);
INSERT INTO qr_key (id, "key", in_use) VALUES (258, 'YUD', 1);
INSERT INTO qr_key (id, "key", in_use) VALUES (259, 'RMO', 1);
INSERT INTO qr_key (id, "key", in_use) VALUES (260, 'JYZ', 1);
INSERT INTO qr_key (id, "key", in_use) VALUES (261, 'DQV', 1);
INSERT INTO qr_key (id, "key", in_use) VALUES (262, 'HXX', 1);
INSERT INTO qr_key (id, "key", in_use) VALUES (263, 'LOR', 1);
INSERT INTO qr_key (id, "key", in_use) VALUES (264, 'JMC', 1);
INSERT INTO qr_key (id, "key", in_use) VALUES (265, 'BMD', 1);
INSERT INTO qr_key (id, "key", in_use) VALUES (266, 'ODN', 1);
INSERT INTO qr_key (id, "key", in_use) VALUES (267, 'SQA', 1);
INSERT INTO qr_key (id, "key", in_use) VALUES (268, 'GQQ', 1);
INSERT INTO qr_key (id, "key", in_use) VALUES (269, 'OVF', 1);
INSERT INTO qr_key (id, "key", in_use) VALUES (270, 'XCH', 1);
INSERT INTO qr_key (id, "key", in_use) VALUES (271, 'ISU', 1);
INSERT INTO qr_key (id, "key", in_use) VALUES (272, 'DIX', 1);
INSERT INTO qr_key (id, "key", in_use) VALUES (273, 'HQD', 1);
INSERT INTO qr_key (id, "key", in_use) VALUES (274, 'TNI', 1);
INSERT INTO qr_key (id, "key", in_use) VALUES (275, 'JAV', 1);
INSERT INTO qr_key (id, "key", in_use) VALUES (276, 'ZCU', 1);
INSERT INTO qr_key (id, "key", in_use) VALUES (277, 'VNH', 1);
INSERT INTO qr_key (id, "key", in_use) VALUES (278, 'FYB', 1);
INSERT INTO qr_key (id, "key", in_use) VALUES (279, 'LMJ', 1);
INSERT INTO qr_key (id, "key", in_use) VALUES (280, 'MNN', 1);
INSERT INTO qr_key (id, "key", in_use) VALUES (281, 'YUO', 1);
INSERT INTO qr_key (id, "key", in_use) VALUES (282, 'GGA', 1);
INSERT INTO qr_key (id, "key", in_use) VALUES (283, 'TOQ', 1);
INSERT INTO qr_key (id, "key", in_use) VALUES (284, 'BHR', 1);
INSERT INTO qr_key (id, "key", in_use) VALUES (285, 'RPY', 1);
INSERT INTO qr_key (id, "key", in_use) VALUES (286, 'DCU', 1);
INSERT INTO qr_key (id, "key", in_use) VALUES (287, 'JLU', 1);
INSERT INTO qr_key (id, "key", in_use) VALUES (288, 'LXL', 1);
INSERT INTO qr_key (id, "key", in_use) VALUES (289, 'ENX', 1);
INSERT INTO qr_key (id, "key", in_use) VALUES (290, 'NSE', 1);
INSERT INTO qr_key (id, "key", in_use) VALUES (291, 'UVT', 1);
INSERT INTO qr_key (id, "key", in_use) VALUES (292, 'WSP', 1);
INSERT INTO qr_key (id, "key", in_use) VALUES (293, 'DRQ', 1);
INSERT INTO qr_key (id, "key", in_use) VALUES (294, 'SMW', 1);
INSERT INTO qr_key (id, "key", in_use) VALUES (295, 'YDS', 1);
INSERT INTO qr_key (id, "key", in_use) VALUES (296, 'YCB', 1);
INSERT INTO qr_key (id, "key", in_use) VALUES (297, 'GMX', 1);
INSERT INTO qr_key (id, "key", in_use) VALUES (298, 'EVW', 1);
INSERT INTO qr_key (id, "key", in_use) VALUES (299, 'CEW', 1);
INSERT INTO qr_key (id, "key", in_use) VALUES (300, 'ZVN', 1);
INSERT INTO qr_key (id, "key", in_use) VALUES (301, 'KUS', 1);
INSERT INTO qr_key (id, "key", in_use) VALUES (302, 'HOR', 1);
INSERT INTO qr_key (id, "key", in_use) VALUES (303, 'RLY', 1);
INSERT INTO qr_key (id, "key", in_use) VALUES (304, 'TZD', 1);
INSERT INTO qr_key (id, "key", in_use) VALUES (305, 'ACQ', 1);
INSERT INTO qr_key (id, "key", in_use) VALUES (306, 'ELQ', 1);
INSERT INTO qr_key (id, "key", in_use) VALUES (307, 'FMM', 1);
INSERT INTO qr_key (id, "key", in_use) VALUES (308, 'WTS', 1);
INSERT INTO qr_key (id, "key", in_use) VALUES (309, 'XJJ', 1);
INSERT INTO qr_key (id, "key", in_use) VALUES (310, 'UUM', 1);
INSERT INTO qr_key (id, "key", in_use) VALUES (311, 'WFT', 1);
INSERT INTO qr_key (id, "key", in_use) VALUES (312, 'PZC', 1);
INSERT INTO qr_key (id, "key", in_use) VALUES (313, 'HZN', 1);
INSERT INTO qr_key (id, "key", in_use) VALUES (314, 'FGQ', 1);
INSERT INTO qr_key (id, "key", in_use) VALUES (315, 'ADR', 1);
INSERT INTO qr_key (id, "key", in_use) VALUES (316, 'VSZ', 1);
INSERT INTO qr_key (id, "key", in_use) VALUES (317, 'WFB', 1);
INSERT INTO qr_key (id, "key", in_use) VALUES (318, 'ONW', 1);
INSERT INTO qr_key (id, "key", in_use) VALUES (319, 'TKA', 1);
INSERT INTO qr_key (id, "key", in_use) VALUES (320, 'MZA', 1);
INSERT INTO qr_key (id, "key", in_use) VALUES (321, 'RMB', 1);
INSERT INTO qr_key (id, "key", in_use) VALUES (322, 'DKX', 1);
INSERT INTO qr_key (id, "key", in_use) VALUES (323, 'MRT', 1);
INSERT INTO qr_key (id, "key", in_use) VALUES (324, 'HHR', 1);
INSERT INTO qr_key (id, "key", in_use) VALUES (325, 'QKB', 1);
INSERT INTO qr_key (id, "key", in_use) VALUES (326, 'RIJ', 1);
INSERT INTO qr_key (id, "key", in_use) VALUES (327, 'KZE', 1);
INSERT INTO qr_key (id, "key", in_use) VALUES (328, 'EBJ', 1);
INSERT INTO qr_key (id, "key", in_use) VALUES (329, 'MJJ', 1);
INSERT INTO qr_key (id, "key", in_use) VALUES (330, 'AXQ', 1);
INSERT INTO qr_key (id, "key", in_use) VALUES (331, 'KAE', 1);
INSERT INTO qr_key (id, "key", in_use) VALUES (332, 'CUV', 1);
INSERT INTO qr_key (id, "key", in_use) VALUES (333, 'ZUK', 1);
INSERT INTO qr_key (id, "key", in_use) VALUES (334, 'PLL', 1);
INSERT INTO qr_key (id, "key", in_use) VALUES (335, 'QSQ', 1);
INSERT INTO qr_key (id, "key", in_use) VALUES (336, 'ZUQ', 1);
INSERT INTO qr_key (id, "key", in_use) VALUES (337, 'PAE', 1);
INSERT INTO qr_key (id, "key", in_use) VALUES (338, 'YMQ', 1);
INSERT INTO qr_key (id, "key", in_use) VALUES (339, 'XTK', 1);
INSERT INTO qr_key (id, "key", in_use) VALUES (340, 'EVQ', 1);
INSERT INTO qr_key (id, "key", in_use) VALUES (341, 'SOH', 1);
INSERT INTO qr_key (id, "key", in_use) VALUES (342, 'RVT', 1);
INSERT INTO qr_key (id, "key", in_use) VALUES (343, 'KSY', 1);
INSERT INTO qr_key (id, "key", in_use) VALUES (344, 'JLT', 1);
INSERT INTO qr_key (id, "key", in_use) VALUES (345, 'JIP', 1);
INSERT INTO qr_key (id, "key", in_use) VALUES (346, 'CAK', 1);
INSERT INTO qr_key (id, "key", in_use) VALUES (347, 'LCC', 1);
INSERT INTO qr_key (id, "key", in_use) VALUES (348, 'BKQ', 1);
INSERT INTO qr_key (id, "key", in_use) VALUES (349, 'DWG', 1);
INSERT INTO qr_key (id, "key", in_use) VALUES (350, 'UVM', 1);
INSERT INTO qr_key (id, "key", in_use) VALUES (351, 'XJX', 1);
INSERT INTO qr_key (id, "key", in_use) VALUES (352, 'ZLM', 1);
INSERT INTO qr_key (id, "key", in_use) VALUES (353, 'VDX', 1);
INSERT INTO qr_key (id, "key", in_use) VALUES (354, 'EDH', 1);
INSERT INTO qr_key (id, "key", in_use) VALUES (355, 'OWF', 1);
INSERT INTO qr_key (id, "key", in_use) VALUES (356, 'KBD', 1);
INSERT INTO qr_key (id, "key", in_use) VALUES (357, 'OCJ', 1);
INSERT INTO qr_key (id, "key", in_use) VALUES (358, 'NNI', 1);
INSERT INTO qr_key (id, "key", in_use) VALUES (359, 'XUO', 1);
INSERT INTO qr_key (id, "key", in_use) VALUES (360, 'FZH', 1);
INSERT INTO qr_key (id, "key", in_use) VALUES (361, 'UDA', 1);
INSERT INTO qr_key (id, "key", in_use) VALUES (362, 'CXB', 1);
INSERT INTO qr_key (id, "key", in_use) VALUES (363, 'UZB', 1);
INSERT INTO qr_key (id, "key", in_use) VALUES (364, 'EAK', 1);
INSERT INTO qr_key (id, "key", in_use) VALUES (365, 'DMO', 1);
INSERT INTO qr_key (id, "key", in_use) VALUES (366, 'CIX', 1);
INSERT INTO qr_key (id, "key", in_use) VALUES (367, 'ADY', 1);
INSERT INTO qr_key (id, "key", in_use) VALUES (368, 'PFF', 1);
INSERT INTO qr_key (id, "key", in_use) VALUES (369, 'QJE', 1);
INSERT INTO qr_key (id, "key", in_use) VALUES (370, 'ABP', 1);
INSERT INTO qr_key (id, "key", in_use) VALUES (371, 'HOO', 0);
INSERT INTO qr_key (id, "key", in_use) VALUES (372, 'NOE', 0);
INSERT INTO qr_key (id, "key", in_use) VALUES (373, 'KUV', 0);
INSERT INTO qr_key (id, "key", in_use) VALUES (374, 'DSO', 0);
INSERT INTO qr_key (id, "key", in_use) VALUES (375, 'IUX', 0);
INSERT INTO qr_key (id, "key", in_use) VALUES (376, 'CSH', 0);
INSERT INTO qr_key (id, "key", in_use) VALUES (377, 'SPJ', 0);
INSERT INTO qr_key (id, "key", in_use) VALUES (378, 'MSL', 0);
INSERT INTO qr_key (id, "key", in_use) VALUES (379, 'MSW', 0);
INSERT INTO qr_key (id, "key", in_use) VALUES (380, 'OIG', 0);
INSERT INTO qr_key (id, "key", in_use) VALUES (381, 'AGD', 0);
INSERT INTO qr_key (id, "key", in_use) VALUES (382, 'YPJ', 0);
INSERT INTO qr_key (id, "key", in_use) VALUES (383, 'ALP', 0);
INSERT INTO qr_key (id, "key", in_use) VALUES (384, 'ZOC', 0);
INSERT INTO qr_key (id, "key", in_use) VALUES (385, 'TYS', 0);
INSERT INTO qr_key (id, "key", in_use) VALUES (386, 'RSG', 0);
INSERT INTO qr_key (id, "key", in_use) VALUES (387, 'FEP', 0);
INSERT INTO qr_key (id, "key", in_use) VALUES (388, 'QIA', 0);
INSERT INTO qr_key (id, "key", in_use) VALUES (389, 'BXK', 0);
INSERT INTO qr_key (id, "key", in_use) VALUES (390, 'INK', 0);
INSERT INTO qr_key (id, "key", in_use) VALUES (391, 'XYP', 0);
INSERT INTO qr_key (id, "key", in_use) VALUES (392, 'JGM', 0);
INSERT INTO qr_key (id, "key", in_use) VALUES (393, 'NGC', 0);
INSERT INTO qr_key (id, "key", in_use) VALUES (394, 'UWP', 0);
INSERT INTO qr_key (id, "key", in_use) VALUES (395, 'BPI', 0);
INSERT INTO qr_key (id, "key", in_use) VALUES (396, 'ODO', 0);
INSERT INTO qr_key (id, "key", in_use) VALUES (397, 'TQX', 0);
INSERT INTO qr_key (id, "key", in_use) VALUES (398, 'JFA', 0);
INSERT INTO qr_key (id, "key", in_use) VALUES (399, 'OMF', 0);
INSERT INTO qr_key (id, "key", in_use) VALUES (400, 'NBP', 0);
INSERT INTO qr_key (id, "key", in_use) VALUES (401, 'IAU', 0);
INSERT INTO qr_key (id, "key", in_use) VALUES (402, 'FJQ', 0);
INSERT INTO qr_key (id, "key", in_use) VALUES (403, 'DHX', 0);
INSERT INTO qr_key (id, "key", in_use) VALUES (404, 'OIW', 0);
INSERT INTO qr_key (id, "key", in_use) VALUES (405, 'RVU', 0);
INSERT INTO qr_key (id, "key", in_use) VALUES (406, 'HEW', 0);
INSERT INTO qr_key (id, "key", in_use) VALUES (407, 'VSL', 0);
INSERT INTO qr_key (id, "key", in_use) VALUES (408, 'DFS', 0);
INSERT INTO qr_key (id, "key", in_use) VALUES (409, 'FVB', 0);
INSERT INTO qr_key (id, "key", in_use) VALUES (410, 'PIO', 0);
INSERT INTO qr_key (id, "key", in_use) VALUES (411, 'QEU', 0);
INSERT INTO qr_key (id, "key", in_use) VALUES (412, 'LAT', 0);
INSERT INTO qr_key (id, "key", in_use) VALUES (413, 'MAY', 0);
INSERT INTO qr_key (id, "key", in_use) VALUES (414, 'DDU', 0);
INSERT INTO qr_key (id, "key", in_use) VALUES (415, 'FXQ', 0);
INSERT INTO qr_key (id, "key", in_use) VALUES (416, 'JMP', 0);
INSERT INTO qr_key (id, "key", in_use) VALUES (417, 'CHR', 0);
INSERT INTO qr_key (id, "key", in_use) VALUES (418, 'PQG', 0);
INSERT INTO qr_key (id, "key", in_use) VALUES (419, 'ZFO', 0);
INSERT INTO qr_key (id, "key", in_use) VALUES (420, 'CZB', 0);
INSERT INTO qr_key (id, "key", in_use) VALUES (421, 'OUG', 0);
INSERT INTO qr_key (id, "key", in_use) VALUES (422, 'XGE', 0);
INSERT INTO qr_key (id, "key", in_use) VALUES (423, 'BZG', 0);
INSERT INTO qr_key (id, "key", in_use) VALUES (424, 'CCG', 0);
INSERT INTO qr_key (id, "key", in_use) VALUES (425, 'MZH', 0);
INSERT INTO qr_key (id, "key", in_use) VALUES (426, 'UJZ', 0);
INSERT INTO qr_key (id, "key", in_use) VALUES (427, 'VJX', 0);
INSERT INTO qr_key (id, "key", in_use) VALUES (428, 'LPH', 0);
INSERT INTO qr_key (id, "key", in_use) VALUES (429, 'TKO', 0);
INSERT INTO qr_key (id, "key", in_use) VALUES (430, 'VIV', 0);
INSERT INTO qr_key (id, "key", in_use) VALUES (431, 'XWM', 0);
INSERT INTO qr_key (id, "key", in_use) VALUES (432, 'MSX', 0);
INSERT INTO qr_key (id, "key", in_use) VALUES (433, 'QOR', 0);
INSERT INTO qr_key (id, "key", in_use) VALUES (434, 'HAG', 0);
INSERT INTO qr_key (id, "key", in_use) VALUES (435, 'GLQ', 0);
INSERT INTO qr_key (id, "key", in_use) VALUES (436, 'HZF', 0);
INSERT INTO qr_key (id, "key", in_use) VALUES (437, 'OGE', 0);
INSERT INTO qr_key (id, "key", in_use) VALUES (438, 'QGJ', 0);
INSERT INTO qr_key (id, "key", in_use) VALUES (439, 'QEY', 0);
INSERT INTO qr_key (id, "key", in_use) VALUES (440, 'ZKM', 0);
INSERT INTO qr_key (id, "key", in_use) VALUES (441, 'SKD', 0);
INSERT INTO qr_key (id, "key", in_use) VALUES (442, 'ACV', 0);
INSERT INTO qr_key (id, "key", in_use) VALUES (443, 'BHX', 0);
INSERT INTO qr_key (id, "key", in_use) VALUES (444, 'GVG', 0);
INSERT INTO qr_key (id, "key", in_use) VALUES (445, 'SXJ', 0);
INSERT INTO qr_key (id, "key", in_use) VALUES (446, 'EXX', 0);
INSERT INTO qr_key (id, "key", in_use) VALUES (447, 'BWF', 0);
INSERT INTO qr_key (id, "key", in_use) VALUES (448, 'DAS', 0);
INSERT INTO qr_key (id, "key", in_use) VALUES (449, 'EDY', 0);
INSERT INTO qr_key (id, "key", in_use) VALUES (450, 'MHN', 0);
INSERT INTO qr_key (id, "key", in_use) VALUES (451, 'SCW', 0);
INSERT INTO qr_key (id, "key", in_use) VALUES (452, 'SKY', 0);
INSERT INTO qr_key (id, "key", in_use) VALUES (453, 'CGL', 0);
INSERT INTO qr_key (id, "key", in_use) VALUES (454, 'AHD', 0);
INSERT INTO qr_key (id, "key", in_use) VALUES (455, 'QGS', 0);
INSERT INTO qr_key (id, "key", in_use) VALUES (456, 'RAK', 0);
INSERT INTO qr_key (id, "key", in_use) VALUES (457, 'SFK', 0);
INSERT INTO qr_key (id, "key", in_use) VALUES (458, 'ZWI', 0);
INSERT INTO qr_key (id, "key", in_use) VALUES (459, 'EIG', 0);
INSERT INTO qr_key (id, "key", in_use) VALUES (460, 'EWD', 0);
INSERT INTO qr_key (id, "key", in_use) VALUES (461, 'VHQ', 0);
INSERT INTO qr_key (id, "key", in_use) VALUES (462, 'GIY', 0);
INSERT INTO qr_key (id, "key", in_use) VALUES (463, 'MCJ', 0);
INSERT INTO qr_key (id, "key", in_use) VALUES (464, 'CPG', 0);
INSERT INTO qr_key (id, "key", in_use) VALUES (465, 'YSI', 0);
INSERT INTO qr_key (id, "key", in_use) VALUES (466, 'WBV', 0);
INSERT INTO qr_key (id, "key", in_use) VALUES (467, 'QUT', 0);
INSERT INTO qr_key (id, "key", in_use) VALUES (468, 'SFC', 0);
INSERT INTO qr_key (id, "key", in_use) VALUES (469, 'KKA', 0);
INSERT INTO qr_key (id, "key", in_use) VALUES (470, 'ISM', 0);
INSERT INTO qr_key (id, "key", in_use) VALUES (471, 'IXN', 0);
INSERT INTO qr_key (id, "key", in_use) VALUES (472, 'IXT', 0);
INSERT INTO qr_key (id, "key", in_use) VALUES (473, 'QIQ', 0);
INSERT INTO qr_key (id, "key", in_use) VALUES (474, 'UCW', 0);
INSERT INTO qr_key (id, "key", in_use) VALUES (475, 'RBC', 0);
INSERT INTO qr_key (id, "key", in_use) VALUES (476, 'LOD', 0);
INSERT INTO qr_key (id, "key", in_use) VALUES (477, 'VGW', 0);
INSERT INTO qr_key (id, "key", in_use) VALUES (478, 'ZST', 0);
INSERT INTO qr_key (id, "key", in_use) VALUES (479, 'BKU', 0);
INSERT INTO qr_key (id, "key", in_use) VALUES (480, 'MMT', 0);
INSERT INTO qr_key (id, "key", in_use) VALUES (481, 'RNA', 0);
INSERT INTO qr_key (id, "key", in_use) VALUES (482, 'BME', 0);
INSERT INTO qr_key (id, "key", in_use) VALUES (483, 'ZHD', 0);
INSERT INTO qr_key (id, "key", in_use) VALUES (484, 'DZG', 0);
INSERT INTO qr_key (id, "key", in_use) VALUES (485, 'LXT', 0);
INSERT INTO qr_key (id, "key", in_use) VALUES (486, 'FMW', 0);
INSERT INTO qr_key (id, "key", in_use) VALUES (487, 'BYL', 0);
INSERT INTO qr_key (id, "key", in_use) VALUES (488, 'RXX', 0);
INSERT INTO qr_key (id, "key", in_use) VALUES (489, 'LEP', 0);
INSERT INTO qr_key (id, "key", in_use) VALUES (490, 'FLR', 0);
INSERT INTO qr_key (id, "key", in_use) VALUES (491, 'PMN', 0);
INSERT INTO qr_key (id, "key", in_use) VALUES (492, 'SRG', 0);
INSERT INTO qr_key (id, "key", in_use) VALUES (493, 'SOK', 0);
INSERT INTO qr_key (id, "key", in_use) VALUES (494, 'XFG', 0);
INSERT INTO qr_key (id, "key", in_use) VALUES (495, 'PGZ', 0);
INSERT INTO qr_key (id, "key", in_use) VALUES (496, 'EDO', 0);
INSERT INTO qr_key (id, "key", in_use) VALUES (497, 'RAX', 0);
INSERT INTO qr_key (id, "key", in_use) VALUES (498, 'SDD', 0);
INSERT INTO qr_key (id, "key", in_use) VALUES (499, 'EMK', 0);
INSERT INTO qr_key (id, "key", in_use) VALUES (500, 'JIV', 0);
INSERT INTO qr_key (id, "key", in_use) VALUES (501, 'WLA', 0);
INSERT INTO qr_key (id, "key", in_use) VALUES (502, 'EHT', 0);
INSERT INTO qr_key (id, "key", in_use) VALUES (503, 'FQX', 0);
INSERT INTO qr_key (id, "key", in_use) VALUES (504, 'PTE', 0);
INSERT INTO qr_key (id, "key", in_use) VALUES (505, 'FBB', 0);
INSERT INTO qr_key (id, "key", in_use) VALUES (506, 'VXB', 0);
INSERT INTO qr_key (id, "key", in_use) VALUES (507, 'NBU', 0);
INSERT INTO qr_key (id, "key", in_use) VALUES (508, 'JUB', 0);
INSERT INTO qr_key (id, "key", in_use) VALUES (509, 'SNW', 0);
INSERT INTO qr_key (id, "key", in_use) VALUES (510, 'CRP', 0);
INSERT INTO qr_key (id, "key", in_use) VALUES (511, 'HHM', 0);
INSERT INTO qr_key (id, "key", in_use) VALUES (512, 'CKL', 0);
INSERT INTO qr_key (id, "key", in_use) VALUES (513, 'VVV', 0);
INSERT INTO qr_key (id, "key", in_use) VALUES (514, 'VJJ', 0);
INSERT INTO qr_key (id, "key", in_use) VALUES (515, 'BCG', 0);
INSERT INTO qr_key (id, "key", in_use) VALUES (516, 'MGY', 0);
INSERT INTO qr_key (id, "key", in_use) VALUES (517, 'CUW', 0);
INSERT INTO qr_key (id, "key", in_use) VALUES (518, 'JGW', 0);
INSERT INTO qr_key (id, "key", in_use) VALUES (519, 'ELB', 0);
INSERT INTO qr_key (id, "key", in_use) VALUES (520, 'AUP', 0);
INSERT INTO qr_key (id, "key", in_use) VALUES (521, 'XAR', 0);
INSERT INTO qr_key (id, "key", in_use) VALUES (522, 'DTS', 0);
INSERT INTO qr_key (id, "key", in_use) VALUES (523, 'CLK', 0);
INSERT INTO qr_key (id, "key", in_use) VALUES (524, 'ADH', 0);
INSERT INTO qr_key (id, "key", in_use) VALUES (525, 'UYV', 0);
INSERT INTO qr_key (id, "key", in_use) VALUES (526, 'ULI', 0);
INSERT INTO qr_key (id, "key", in_use) VALUES (527, 'NRL', 0);
INSERT INTO qr_key (id, "key", in_use) VALUES (528, 'GUC', 0);
INSERT INTO qr_key (id, "key", in_use) VALUES (529, 'YQY', 0);
INSERT INTO qr_key (id, "key", in_use) VALUES (530, 'SYL', 0);
INSERT INTO qr_key (id, "key", in_use) VALUES (531, 'AYI', 0);
INSERT INTO qr_key (id, "key", in_use) VALUES (532, 'EJW', 0);
INSERT INTO qr_key (id, "key", in_use) VALUES (533, 'CVN', 0);
INSERT INTO qr_key (id, "key", in_use) VALUES (534, 'JGE', 0);
INSERT INTO qr_key (id, "key", in_use) VALUES (535, 'BYM', 0);
INSERT INTO qr_key (id, "key", in_use) VALUES (536, 'RTN', 0);
INSERT INTO qr_key (id, "key", in_use) VALUES (537, 'ZXO', 0);
INSERT INTO qr_key (id, "key", in_use) VALUES (538, 'CPH', 0);
INSERT INTO qr_key (id, "key", in_use) VALUES (539, 'TLI', 0);
INSERT INTO qr_key (id, "key", in_use) VALUES (540, 'PYW', 0);
INSERT INTO qr_key (id, "key", in_use) VALUES (541, 'GZV', 0);
INSERT INTO qr_key (id, "key", in_use) VALUES (542, 'PXH', 0);
INSERT INTO qr_key (id, "key", in_use) VALUES (543, 'MCY', 0);
INSERT INTO qr_key (id, "key", in_use) VALUES (544, 'YEV', 0);
INSERT INTO qr_key (id, "key", in_use) VALUES (545, 'RZT', 0);
INSERT INTO qr_key (id, "key", in_use) VALUES (546, 'VXX', 0);
INSERT INTO qr_key (id, "key", in_use) VALUES (547, 'LRB', 0);
INSERT INTO qr_key (id, "key", in_use) VALUES (548, 'AFI', 0);
INSERT INTO qr_key (id, "key", in_use) VALUES (549, 'DWI', 0);
INSERT INTO qr_key (id, "key", in_use) VALUES (550, 'GBW', 0);
INSERT INTO qr_key (id, "key", in_use) VALUES (551, 'HDS', 0);
INSERT INTO qr_key (id, "key", in_use) VALUES (552, 'HMU', 0);
INSERT INTO qr_key (id, "key", in_use) VALUES (553, 'TOM', 0);
INSERT INTO qr_key (id, "key", in_use) VALUES (554, 'EOZ', 0);
INSERT INTO qr_key (id, "key", in_use) VALUES (555, 'CEB', 0);
INSERT INTO qr_key (id, "key", in_use) VALUES (556, 'UIW', 0);
INSERT INTO qr_key (id, "key", in_use) VALUES (557, 'IKH', 0);
INSERT INTO qr_key (id, "key", in_use) VALUES (558, 'EJG', 0);
INSERT INTO qr_key (id, "key", in_use) VALUES (559, 'CTL', 0);
INSERT INTO qr_key (id, "key", in_use) VALUES (560, 'RPH', 0);
INSERT INTO qr_key (id, "key", in_use) VALUES (561, 'GNL', 0);
INSERT INTO qr_key (id, "key", in_use) VALUES (562, 'XTW', 0);
INSERT INTO qr_key (id, "key", in_use) VALUES (563, 'ITA', 0);
INSERT INTO qr_key (id, "key", in_use) VALUES (564, 'MNV', 0);
INSERT INTO qr_key (id, "key", in_use) VALUES (565, 'FBK', 0);
INSERT INTO qr_key (id, "key", in_use) VALUES (566, 'USP', 0);
INSERT INTO qr_key (id, "key", in_use) VALUES (567, 'DUY', 0);
INSERT INTO qr_key (id, "key", in_use) VALUES (568, 'KDO', 0);
INSERT INTO qr_key (id, "key", in_use) VALUES (569, 'KIH', 0);
INSERT INTO qr_key (id, "key", in_use) VALUES (570, 'CXO', 0);
INSERT INTO qr_key (id, "key", in_use) VALUES (571, 'TNE', 0);
INSERT INTO qr_key (id, "key", in_use) VALUES (572, 'UDV', 0);
INSERT INTO qr_key (id, "key", in_use) VALUES (573, 'TYB', 0);
INSERT INTO qr_key (id, "key", in_use) VALUES (574, 'AAZ', 0);
INSERT INTO qr_key (id, "key", in_use) VALUES (575, 'KCW', 0);
INSERT INTO qr_key (id, "key", in_use) VALUES (576, 'LLN', 0);
INSERT INTO qr_key (id, "key", in_use) VALUES (577, 'UPC', 0);
INSERT INTO qr_key (id, "key", in_use) VALUES (578, 'MPQ', 0);
INSERT INTO qr_key (id, "key", in_use) VALUES (579, 'LNQ', 0);
INSERT INTO qr_key (id, "key", in_use) VALUES (580, 'OSM', 0);
INSERT INTO qr_key (id, "key", in_use) VALUES (581, 'FJW', 0);
INSERT INTO qr_key (id, "key", in_use) VALUES (582, 'SWA', 0);
INSERT INTO qr_key (id, "key", in_use) VALUES (583, 'KYF', 0);
INSERT INTO qr_key (id, "key", in_use) VALUES (584, 'IIL', 0);
INSERT INTO qr_key (id, "key", in_use) VALUES (585, 'VLP', 0);
INSERT INTO qr_key (id, "key", in_use) VALUES (586, 'ZYC', 0);
INSERT INTO qr_key (id, "key", in_use) VALUES (587, 'ZDW', 0);
INSERT INTO qr_key (id, "key", in_use) VALUES (588, 'PFJ', 0);
INSERT INTO qr_key (id, "key", in_use) VALUES (589, 'QQE', 0);
INSERT INTO qr_key (id, "key", in_use) VALUES (590, 'KTR', 0);
INSERT INTO qr_key (id, "key", in_use) VALUES (591, 'QED', 0);
INSERT INTO qr_key (id, "key", in_use) VALUES (592, 'ZJG', 0);
INSERT INTO qr_key (id, "key", in_use) VALUES (593, 'FRB', 0);
INSERT INTO qr_key (id, "key", in_use) VALUES (594, 'UKX', 0);
INSERT INTO qr_key (id, "key", in_use) VALUES (595, 'DON', 0);
INSERT INTO qr_key (id, "key", in_use) VALUES (596, 'CKR', 0);
INSERT INTO qr_key (id, "key", in_use) VALUES (597, 'EBL', 0);
INSERT INTO qr_key (id, "key", in_use) VALUES (598, 'QRB', 0);
INSERT INTO qr_key (id, "key", in_use) VALUES (599, 'NLR', 0);
INSERT INTO qr_key (id, "key", in_use) VALUES (600, 'JSV', 0);
INSERT INTO qr_key (id, "key", in_use) VALUES (601, 'AQP', 0);
INSERT INTO qr_key (id, "key", in_use) VALUES (602, 'REI', 0);
INSERT INTO qr_key (id, "key", in_use) VALUES (603, 'ZTC', 0);
INSERT INTO qr_key (id, "key", in_use) VALUES (604, 'EXR', 0);
INSERT INTO qr_key (id, "key", in_use) VALUES (605, 'FRH', 0);
INSERT INTO qr_key (id, "key", in_use) VALUES (606, 'TMT', 0);
INSERT INTO qr_key (id, "key", in_use) VALUES (607, 'QJJ', 0);
INSERT INTO qr_key (id, "key", in_use) VALUES (608, 'CFT', 0);
INSERT INTO qr_key (id, "key", in_use) VALUES (609, 'FOB', 0);
INSERT INTO qr_key (id, "key", in_use) VALUES (610, 'XMM', 0);
INSERT INTO qr_key (id, "key", in_use) VALUES (611, 'KRZ', 0);
INSERT INTO qr_key (id, "key", in_use) VALUES (612, 'NQG', 0);
INSERT INTO qr_key (id, "key", in_use) VALUES (613, 'RUM', 0);
INSERT INTO qr_key (id, "key", in_use) VALUES (614, 'YQD', 0);
INSERT INTO qr_key (id, "key", in_use) VALUES (615, 'UFL', 0);
INSERT INTO qr_key (id, "key", in_use) VALUES (616, 'EUK', 0);
INSERT INTO qr_key (id, "key", in_use) VALUES (617, 'JKK', 0);
INSERT INTO qr_key (id, "key", in_use) VALUES (618, 'JSK', 0);
INSERT INTO qr_key (id, "key", in_use) VALUES (619, 'PUH', 0);
INSERT INTO qr_key (id, "key", in_use) VALUES (620, 'OMM', 0);
INSERT INTO qr_key (id, "key", in_use) VALUES (621, 'BOA', 0);
INSERT INTO qr_key (id, "key", in_use) VALUES (622, 'HDC', 0);
INSERT INTO qr_key (id, "key", in_use) VALUES (623, 'QVW', 0);
INSERT INTO qr_key (id, "key", in_use) VALUES (624, 'LRN', 0);
INSERT INTO qr_key (id, "key", in_use) VALUES (625, 'XXZ', 0);
INSERT INTO qr_key (id, "key", in_use) VALUES (626, 'NLC', 0);
INSERT INTO qr_key (id, "key", in_use) VALUES (627, 'DMB', 0);
INSERT INTO qr_key (id, "key", in_use) VALUES (628, 'CIG', 0);
INSERT INTO qr_key (id, "key", in_use) VALUES (629, 'VDQ', 0);
INSERT INTO qr_key (id, "key", in_use) VALUES (630, 'PXS', 0);
INSERT INTO qr_key (id, "key", in_use) VALUES (631, 'OQG', 0);
INSERT INTO qr_key (id, "key", in_use) VALUES (632, 'UDW', 0);
INSERT INTO qr_key (id, "key", in_use) VALUES (633, 'EHK', 0);
INSERT INTO qr_key (id, "key", in_use) VALUES (634, 'MIG', 0);
INSERT INTO qr_key (id, "key", in_use) VALUES (635, 'ZPZ', 0);
INSERT INTO qr_key (id, "key", in_use) VALUES (636, 'OPR', 0);
INSERT INTO qr_key (id, "key", in_use) VALUES (637, 'KWE', 0);
INSERT INTO qr_key (id, "key", in_use) VALUES (638, 'UZL', 0);
INSERT INTO qr_key (id, "key", in_use) VALUES (639, 'BWM', 0);
INSERT INTO qr_key (id, "key", in_use) VALUES (640, 'HKZ', 0);
INSERT INTO qr_key (id, "key", in_use) VALUES (641, 'IEB', 0);
INSERT INTO qr_key (id, "key", in_use) VALUES (642, 'VVO', 0);
INSERT INTO qr_key (id, "key", in_use) VALUES (643, 'GQD', 0);
INSERT INTO qr_key (id, "key", in_use) VALUES (644, 'SUT', 0);
INSERT INTO qr_key (id, "key", in_use) VALUES (645, 'MYB', 0);
INSERT INTO qr_key (id, "key", in_use) VALUES (646, 'GZY', 0);
INSERT INTO qr_key (id, "key", in_use) VALUES (647, 'VYR', 0);
INSERT INTO qr_key (id, "key", in_use) VALUES (648, 'PTR', 0);
INSERT INTO qr_key (id, "key", in_use) VALUES (649, 'AZZ', 0);
INSERT INTO qr_key (id, "key", in_use) VALUES (650, 'VJU', 0);
INSERT INTO qr_key (id, "key", in_use) VALUES (651, 'FYM', 0);
INSERT INTO qr_key (id, "key", in_use) VALUES (652, 'LMF', 0);
INSERT INTO qr_key (id, "key", in_use) VALUES (653, 'CMP', 0);
INSERT INTO qr_key (id, "key", in_use) VALUES (654, 'AHC', 0);
INSERT INTO qr_key (id, "key", in_use) VALUES (655, 'RCX', 0);
INSERT INTO qr_key (id, "key", in_use) VALUES (656, 'HCO', 0);
INSERT INTO qr_key (id, "key", in_use) VALUES (657, 'CIM', 0);
INSERT INTO qr_key (id, "key", in_use) VALUES (658, 'RXH', 0);
INSERT INTO qr_key (id, "key", in_use) VALUES (659, 'MWE', 0);
INSERT INTO qr_key (id, "key", in_use) VALUES (660, 'ZTF', 0);
INSERT INTO qr_key (id, "key", in_use) VALUES (661, 'TZC', 0);
INSERT INTO qr_key (id, "key", in_use) VALUES (662, 'CCV', 0);
INSERT INTO qr_key (id, "key", in_use) VALUES (663, 'WUC', 0);
INSERT INTO qr_key (id, "key", in_use) VALUES (664, 'QLT', 0);
INSERT INTO qr_key (id, "key", in_use) VALUES (665, 'EYD', 0);
INSERT INTO qr_key (id, "key", in_use) VALUES (666, 'YRT', 0);
INSERT INTO qr_key (id, "key", in_use) VALUES (667, 'BKJ', 0);
INSERT INTO qr_key (id, "key", in_use) VALUES (668, 'MYF', 0);
INSERT INTO qr_key (id, "key", in_use) VALUES (669, 'EDS', 0);
INSERT INTO qr_key (id, "key", in_use) VALUES (670, 'PUG', 0);
INSERT INTO qr_key (id, "key", in_use) VALUES (671, 'QQN', 0);
INSERT INTO qr_key (id, "key", in_use) VALUES (672, 'ARG', 0);
INSERT INTO qr_key (id, "key", in_use) VALUES (673, 'WKU', 0);
INSERT INTO qr_key (id, "key", in_use) VALUES (674, 'CBJ', 0);
INSERT INTO qr_key (id, "key", in_use) VALUES (675, 'RAL', 0);
INSERT INTO qr_key (id, "key", in_use) VALUES (676, 'ZXL', 0);
INSERT INTO qr_key (id, "key", in_use) VALUES (677, 'OFH', 0);
INSERT INTO qr_key (id, "key", in_use) VALUES (678, 'YPF', 0);
INSERT INTO qr_key (id, "key", in_use) VALUES (679, 'AGQ', 0);
INSERT INTO qr_key (id, "key", in_use) VALUES (680, 'YPS', 0);
INSERT INTO qr_key (id, "key", in_use) VALUES (681, 'YCY', 0);
INSERT INTO qr_key (id, "key", in_use) VALUES (682, 'VSA', 0);
INSERT INTO qr_key (id, "key", in_use) VALUES (683, 'CON', 0);
INSERT INTO qr_key (id, "key", in_use) VALUES (684, 'JQH', 0);
INSERT INTO qr_key (id, "key", in_use) VALUES (685, 'GLG', 0);
INSERT INTO qr_key (id, "key", in_use) VALUES (686, 'KRB', 0);
INSERT INTO qr_key (id, "key", in_use) VALUES (687, 'GAC', 0);
INSERT INTO qr_key (id, "key", in_use) VALUES (688, 'FGI', 0);
INSERT INTO qr_key (id, "key", in_use) VALUES (689, 'QEQ', 0);
INSERT INTO qr_key (id, "key", in_use) VALUES (690, 'QDE', 0);
INSERT INTO qr_key (id, "key", in_use) VALUES (691, 'BXY', 0);
INSERT INTO qr_key (id, "key", in_use) VALUES (692, 'BGB', 0);
INSERT INTO qr_key (id, "key", in_use) VALUES (693, 'KMA', 0);
INSERT INTO qr_key (id, "key", in_use) VALUES (694, 'VFN', 0);
INSERT INTO qr_key (id, "key", in_use) VALUES (695, 'HZS', 0);
INSERT INTO qr_key (id, "key", in_use) VALUES (696, 'JJH', 0);
INSERT INTO qr_key (id, "key", in_use) VALUES (697, 'VIK', 0);
INSERT INTO qr_key (id, "key", in_use) VALUES (698, 'ARP', 0);
INSERT INTO qr_key (id, "key", in_use) VALUES (699, 'NID', 0);
INSERT INTO qr_key (id, "key", in_use) VALUES (700, 'FAA', 0);
INSERT INTO qr_key (id, "key", in_use) VALUES (701, 'WUK', 0);
INSERT INTO qr_key (id, "key", in_use) VALUES (702, 'IMN', 0);
INSERT INTO qr_key (id, "key", in_use) VALUES (703, 'CDM', 0);
INSERT INTO qr_key (id, "key", in_use) VALUES (704, 'CGK', 0);
INSERT INTO qr_key (id, "key", in_use) VALUES (705, 'YRW', 0);
INSERT INTO qr_key (id, "key", in_use) VALUES (706, 'OED', 0);
INSERT INTO qr_key (id, "key", in_use) VALUES (707, 'JIK', 0);
INSERT INTO qr_key (id, "key", in_use) VALUES (708, 'HMD', 0);
INSERT INTO qr_key (id, "key", in_use) VALUES (709, 'VLB', 0);
INSERT INTO qr_key (id, "key", in_use) VALUES (710, 'FXK', 0);
INSERT INTO qr_key (id, "key", in_use) VALUES (711, 'GUJ', 0);
INSERT INTO qr_key (id, "key", in_use) VALUES (712, 'FEV', 0);
INSERT INTO qr_key (id, "key", in_use) VALUES (713, 'WEB', 0);
INSERT INTO qr_key (id, "key", in_use) VALUES (714, 'HXE', 0);
INSERT INTO qr_key (id, "key", in_use) VALUES (715, 'MLL', 0);
INSERT INTO qr_key (id, "key", in_use) VALUES (716, 'LDH', 0);
INSERT INTO qr_key (id, "key", in_use) VALUES (717, 'VKT', 0);
INSERT INTO qr_key (id, "key", in_use) VALUES (718, 'SQM', 0);
INSERT INTO qr_key (id, "key", in_use) VALUES (719, 'IWQ', 0);
INSERT INTO qr_key (id, "key", in_use) VALUES (720, 'MBH', 0);
INSERT INTO qr_key (id, "key", in_use) VALUES (721, 'BMJ', 0);
INSERT INTO qr_key (id, "key", in_use) VALUES (722, 'OXQ', 0);
INSERT INTO qr_key (id, "key", in_use) VALUES (723, 'RKQ', 0);
INSERT INTO qr_key (id, "key", in_use) VALUES (724, 'FQT', 0);
INSERT INTO qr_key (id, "key", in_use) VALUES (725, 'OFN', 0);
INSERT INTO qr_key (id, "key", in_use) VALUES (726, 'PMZ', 0);
INSERT INTO qr_key (id, "key", in_use) VALUES (727, 'LSC', 0);
INSERT INTO qr_key (id, "key", in_use) VALUES (728, 'CTT', 0);
INSERT INTO qr_key (id, "key", in_use) VALUES (729, 'HXT', 0);
INSERT INTO qr_key (id, "key", in_use) VALUES (730, 'FEM', 0);
INSERT INTO qr_key (id, "key", in_use) VALUES (731, 'SUK', 0);
INSERT INTO qr_key (id, "key", in_use) VALUES (732, 'XKI', 0);
INSERT INTO qr_key (id, "key", in_use) VALUES (733, 'IPQ', 0);
INSERT INTO qr_key (id, "key", in_use) VALUES (734, 'IOY', 0);
INSERT INTO qr_key (id, "key", in_use) VALUES (735, 'UPV', 0);
INSERT INTO qr_key (id, "key", in_use) VALUES (736, 'OGY', 0);
INSERT INTO qr_key (id, "key", in_use) VALUES (737, 'VBJ', 0);
INSERT INTO qr_key (id, "key", in_use) VALUES (738, 'WBC', 0);
INSERT INTO qr_key (id, "key", in_use) VALUES (739, 'FSB', 0);
INSERT INTO qr_key (id, "key", in_use) VALUES (740, 'PIH', 0);
INSERT INTO qr_key (id, "key", in_use) VALUES (741, 'RHA', 0);
INSERT INTO qr_key (id, "key", in_use) VALUES (742, 'WBG', 0);
INSERT INTO qr_key (id, "key", in_use) VALUES (743, 'KTK', 0);
INSERT INTO qr_key (id, "key", in_use) VALUES (744, 'BKK', 0);
INSERT INTO qr_key (id, "key", in_use) VALUES (745, 'IJY', 0);
INSERT INTO qr_key (id, "key", in_use) VALUES (746, 'YVB', 0);
INSERT INTO qr_key (id, "key", in_use) VALUES (747, 'NUO', 0);
INSERT INTO qr_key (id, "key", in_use) VALUES (748, 'DWF', 0);
INSERT INTO qr_key (id, "key", in_use) VALUES (749, 'KDA', 0);
INSERT INTO qr_key (id, "key", in_use) VALUES (750, 'CAH', 0);
INSERT INTO qr_key (id, "key", in_use) VALUES (751, 'CNZ', 0);
INSERT INTO qr_key (id, "key", in_use) VALUES (752, 'RQU', 0);
INSERT INTO qr_key (id, "key", in_use) VALUES (753, 'CMI', 0);
INSERT INTO qr_key (id, "key", in_use) VALUES (754, 'WEA', 0);
INSERT INTO qr_key (id, "key", in_use) VALUES (755, 'AQG', 0);
INSERT INTO qr_key (id, "key", in_use) VALUES (756, 'NJZ', 0);
INSERT INTO qr_key (id, "key", in_use) VALUES (757, 'QZP', 0);
INSERT INTO qr_key (id, "key", in_use) VALUES (758, 'TYH', 0);
INSERT INTO qr_key (id, "key", in_use) VALUES (759, 'VKG', 0);
INSERT INTO qr_key (id, "key", in_use) VALUES (760, 'YMK', 0);
INSERT INTO qr_key (id, "key", in_use) VALUES (761, 'KOO', 0);
INSERT INTO qr_key (id, "key", in_use) VALUES (762, 'RBX', 0);
INSERT INTO qr_key (id, "key", in_use) VALUES (763, 'TSS', 0);
INSERT INTO qr_key (id, "key", in_use) VALUES (764, 'WWM', 0);
INSERT INTO qr_key (id, "key", in_use) VALUES (765, 'AUW', 0);
INSERT INTO qr_key (id, "key", in_use) VALUES (766, 'ARH', 0);
INSERT INTO qr_key (id, "key", in_use) VALUES (767, 'UYM', 0);
INSERT INTO qr_key (id, "key", in_use) VALUES (768, 'IKU', 0);
INSERT INTO qr_key (id, "key", in_use) VALUES (769, 'HTD', 0);
INSERT INTO qr_key (id, "key", in_use) VALUES (770, 'AHX', 0);
INSERT INTO qr_key (id, "key", in_use) VALUES (771, 'DVX', 0);
INSERT INTO qr_key (id, "key", in_use) VALUES (772, 'FPS', 0);
INSERT INTO qr_key (id, "key", in_use) VALUES (773, 'TMG', 0);
INSERT INTO qr_key (id, "key", in_use) VALUES (774, 'VVD', 0);
INSERT INTO qr_key (id, "key", in_use) VALUES (775, 'ICQ', 0);
INSERT INTO qr_key (id, "key", in_use) VALUES (776, 'LMQ', 0);
INSERT INTO qr_key (id, "key", in_use) VALUES (777, 'VLW', 0);
INSERT INTO qr_key (id, "key", in_use) VALUES (778, 'KMW', 0);
INSERT INTO qr_key (id, "key", in_use) VALUES (779, 'CXS', 0);
INSERT INTO qr_key (id, "key", in_use) VALUES (780, 'XGP', 0);
INSERT INTO qr_key (id, "key", in_use) VALUES (781, 'PBV', 0);
INSERT INTO qr_key (id, "key", in_use) VALUES (782, 'BOY', 0);
INSERT INTO qr_key (id, "key", in_use) VALUES (783, 'HVK', 0);
INSERT INTO qr_key (id, "key", in_use) VALUES (784, 'TEM', 0);
INSERT INTO qr_key (id, "key", in_use) VALUES (785, 'OPX', 0);
INSERT INTO qr_key (id, "key", in_use) VALUES (786, 'OWN', 0);
INSERT INTO qr_key (id, "key", in_use) VALUES (787, 'LGZ', 0);
INSERT INTO qr_key (id, "key", in_use) VALUES (788, 'EZN', 0);
INSERT INTO qr_key (id, "key", in_use) VALUES (789, 'HYC', 0);
INSERT INTO qr_key (id, "key", in_use) VALUES (790, 'CYF', 0);
INSERT INTO qr_key (id, "key", in_use) VALUES (791, 'TUY', 0);
INSERT INTO qr_key (id, "key", in_use) VALUES (792, 'JFC', 0);
INSERT INTO qr_key (id, "key", in_use) VALUES (793, 'NFW', 0);
INSERT INTO qr_key (id, "key", in_use) VALUES (794, 'VVI', 0);
INSERT INTO qr_key (id, "key", in_use) VALUES (795, 'CVQ', 0);
INSERT INTO qr_key (id, "key", in_use) VALUES (796, 'THX', 0);
INSERT INTO qr_key (id, "key", in_use) VALUES (797, 'QMK', 0);
INSERT INTO qr_key (id, "key", in_use) VALUES (798, 'VAN', 0);
INSERT INTO qr_key (id, "key", in_use) VALUES (799, 'FAJ', 0);
INSERT INTO qr_key (id, "key", in_use) VALUES (800, 'IPV', 0);
INSERT INTO qr_key (id, "key", in_use) VALUES (801, 'VAU', 0);
INSERT INTO qr_key (id, "key", in_use) VALUES (802, 'QNW', 0);
INSERT INTO qr_key (id, "key", in_use) VALUES (803, 'IED', 0);
INSERT INTO qr_key (id, "key", in_use) VALUES (804, 'RCI', 0);
INSERT INTO qr_key (id, "key", in_use) VALUES (805, 'FCH', 0);
INSERT INTO qr_key (id, "key", in_use) VALUES (806, 'GPT', 0);
INSERT INTO qr_key (id, "key", in_use) VALUES (807, 'RTJ', 0);
INSERT INTO qr_key (id, "key", in_use) VALUES (808, 'CZD', 0);
INSERT INTO qr_key (id, "key", in_use) VALUES (809, 'WLS', 0);
INSERT INTO qr_key (id, "key", in_use) VALUES (810, 'JEC', 0);
INSERT INTO qr_key (id, "key", in_use) VALUES (811, 'VXK', 0);
INSERT INTO qr_key (id, "key", in_use) VALUES (812, 'VQC', 0);
INSERT INTO qr_key (id, "key", in_use) VALUES (813, 'ZQG', 0);
INSERT INTO qr_key (id, "key", in_use) VALUES (814, 'KYZ', 0);
INSERT INTO qr_key (id, "key", in_use) VALUES (815, 'ASI', 0);
INSERT INTO qr_key (id, "key", in_use) VALUES (816, 'FBM', 0);
INSERT INTO qr_key (id, "key", in_use) VALUES (817, 'ZRG', 0);
INSERT INTO qr_key (id, "key", in_use) VALUES (818, 'NDR', 0);
INSERT INTO qr_key (id, "key", in_use) VALUES (819, 'FEY', 0);
INSERT INTO qr_key (id, "key", in_use) VALUES (820, 'OZA', 0);
INSERT INTO qr_key (id, "key", in_use) VALUES (821, 'XSF', 0);
INSERT INTO qr_key (id, "key", in_use) VALUES (822, 'PGD', 0);
INSERT INTO qr_key (id, "key", in_use) VALUES (823, 'KSK', 0);
INSERT INTO qr_key (id, "key", in_use) VALUES (824, 'XBR', 0);
INSERT INTO qr_key (id, "key", in_use) VALUES (825, 'PJV', 0);
INSERT INTO qr_key (id, "key", in_use) VALUES (826, 'EOV', 0);
INSERT INTO qr_key (id, "key", in_use) VALUES (827, 'IZC', 0);
INSERT INTO qr_key (id, "key", in_use) VALUES (828, 'YDI', 0);
INSERT INTO qr_key (id, "key", in_use) VALUES (829, 'VFQ', 0);
INSERT INTO qr_key (id, "key", in_use) VALUES (830, 'SFB', 0);
INSERT INTO qr_key (id, "key", in_use) VALUES (831, 'ZBT', 0);
INSERT INTO qr_key (id, "key", in_use) VALUES (832, 'VNE', 0);
INSERT INTO qr_key (id, "key", in_use) VALUES (833, 'WCD', 0);
INSERT INTO qr_key (id, "key", in_use) VALUES (834, 'YLG', 0);
INSERT INTO qr_key (id, "key", in_use) VALUES (835, 'WTG', 0);
INSERT INTO qr_key (id, "key", in_use) VALUES (836, 'JUJ', 0);
INSERT INTO qr_key (id, "key", in_use) VALUES (837, 'QON', 0);
INSERT INTO qr_key (id, "key", in_use) VALUES (838, 'GSA', 0);
INSERT INTO qr_key (id, "key", in_use) VALUES (839, 'HVS', 0);
INSERT INTO qr_key (id, "key", in_use) VALUES (840, 'NMH', 0);
INSERT INTO qr_key (id, "key", in_use) VALUES (841, 'BEC', 0);
INSERT INTO qr_key (id, "key", in_use) VALUES (842, 'EJB', 0);
INSERT INTO qr_key (id, "key", in_use) VALUES (843, 'HHG', 0);
INSERT INTO qr_key (id, "key", in_use) VALUES (844, 'GPR', 0);
INSERT INTO qr_key (id, "key", in_use) VALUES (845, 'NPP', 0);
INSERT INTO qr_key (id, "key", in_use) VALUES (846, 'CNY', 0);
INSERT INTO qr_key (id, "key", in_use) VALUES (847, 'RVW', 0);
INSERT INTO qr_key (id, "key", in_use) VALUES (848, 'MIR', 0);
INSERT INTO qr_key (id, "key", in_use) VALUES (849, 'XCX', 0);
INSERT INTO qr_key (id, "key", in_use) VALUES (850, 'WFC', 0);
INSERT INTO qr_key (id, "key", in_use) VALUES (851, 'VHY', 0);
INSERT INTO qr_key (id, "key", in_use) VALUES (852, 'BOX', 0);
INSERT INTO qr_key (id, "key", in_use) VALUES (853, 'KPW', 0);
INSERT INTO qr_key (id, "key", in_use) VALUES (854, 'IBO', 0);
INSERT INTO qr_key (id, "key", in_use) VALUES (855, 'HQF', 0);
INSERT INTO qr_key (id, "key", in_use) VALUES (856, 'QQD', 0);
INSERT INTO qr_key (id, "key", in_use) VALUES (857, 'OYT', 0);
INSERT INTO qr_key (id, "key", in_use) VALUES (858, 'QVS', 0);
INSERT INTO qr_key (id, "key", in_use) VALUES (859, 'AEC', 0);
INSERT INTO qr_key (id, "key", in_use) VALUES (860, 'OPP', 0);
INSERT INTO qr_key (id, "key", in_use) VALUES (861, 'YDN', 0);
INSERT INTO qr_key (id, "key", in_use) VALUES (862, 'LUS', 0);
INSERT INTO qr_key (id, "key", in_use) VALUES (863, 'TVR', 0);
INSERT INTO qr_key (id, "key", in_use) VALUES (864, 'IHD', 0);
INSERT INTO qr_key (id, "key", in_use) VALUES (865, 'XTJ', 0);
INSERT INTO qr_key (id, "key", in_use) VALUES (866, 'GAQ', 0);
INSERT INTO qr_key (id, "key", in_use) VALUES (867, 'WNU', 0);
INSERT INTO qr_key (id, "key", in_use) VALUES (868, 'RDS', 0);
INSERT INTO qr_key (id, "key", in_use) VALUES (869, 'OVR', 0);
INSERT INTO qr_key (id, "key", in_use) VALUES (870, 'GVM', 0);
INSERT INTO qr_key (id, "key", in_use) VALUES (871, 'IWZ', 0);
INSERT INTO qr_key (id, "key", in_use) VALUES (872, 'AVD', 0);
INSERT INTO qr_key (id, "key", in_use) VALUES (873, 'VLS', 0);
INSERT INTO qr_key (id, "key", in_use) VALUES (874, 'PNP', 0);
INSERT INTO qr_key (id, "key", in_use) VALUES (875, 'ROE', 0);
INSERT INTO qr_key (id, "key", in_use) VALUES (876, 'UHY', 0);
INSERT INTO qr_key (id, "key", in_use) VALUES (877, 'VZN', 0);
INSERT INTO qr_key (id, "key", in_use) VALUES (878, 'VIB', 0);
INSERT INTO qr_key (id, "key", in_use) VALUES (879, 'RWV', 0);
INSERT INTO qr_key (id, "key", in_use) VALUES (880, 'VES', 0);
INSERT INTO qr_key (id, "key", in_use) VALUES (881, 'XES', 0);
INSERT INTO qr_key (id, "key", in_use) VALUES (882, 'LXH', 0);
INSERT INTO qr_key (id, "key", in_use) VALUES (883, 'LRQ', 0);
INSERT INTO qr_key (id, "key", in_use) VALUES (884, 'WOY', 0);
INSERT INTO qr_key (id, "key", in_use) VALUES (885, 'YWP', 0);
INSERT INTO qr_key (id, "key", in_use) VALUES (886, 'FYQ', 0);
INSERT INTO qr_key (id, "key", in_use) VALUES (887, 'BOL', 0);
INSERT INTO qr_key (id, "key", in_use) VALUES (888, 'CMW', 0);
INSERT INTO qr_key (id, "key", in_use) VALUES (889, 'YBQ', 0);
INSERT INTO qr_key (id, "key", in_use) VALUES (890, 'CZZ', 0);
INSERT INTO qr_key (id, "key", in_use) VALUES (891, 'FPG', 0);
INSERT INTO qr_key (id, "key", in_use) VALUES (892, 'XXE', 0);
INSERT INTO qr_key (id, "key", in_use) VALUES (893, 'QTG', 0);
INSERT INTO qr_key (id, "key", in_use) VALUES (894, 'WHH', 0);
INSERT INTO qr_key (id, "key", in_use) VALUES (895, 'KYP', 0);
INSERT INTO qr_key (id, "key", in_use) VALUES (896, 'HKN', 0);
INSERT INTO qr_key (id, "key", in_use) VALUES (897, 'AHT', 0);
INSERT INTO qr_key (id, "key", in_use) VALUES (898, 'ZUD', 0);
INSERT INTO qr_key (id, "key", in_use) VALUES (899, 'GPF', 0);
INSERT INTO qr_key (id, "key", in_use) VALUES (900, 'WBZ', 0);
INSERT INTO qr_key (id, "key", in_use) VALUES (901, 'SGD', 0);
INSERT INTO qr_key (id, "key", in_use) VALUES (902, 'YQG', 0);
INSERT INTO qr_key (id, "key", in_use) VALUES (903, 'URM', 0);
INSERT INTO qr_key (id, "key", in_use) VALUES (904, 'ATB', 0);
INSERT INTO qr_key (id, "key", in_use) VALUES (905, 'BBM', 0);
INSERT INTO qr_key (id, "key", in_use) VALUES (906, 'ZTY', 0);
INSERT INTO qr_key (id, "key", in_use) VALUES (907, 'IYY', 0);
INSERT INTO qr_key (id, "key", in_use) VALUES (908, 'PZO', 0);
INSERT INTO qr_key (id, "key", in_use) VALUES (909, 'UFM', 0);
INSERT INTO qr_key (id, "key", in_use) VALUES (910, 'DRA', 0);
INSERT INTO qr_key (id, "key", in_use) VALUES (911, 'NJF', 0);
INSERT INTO qr_key (id, "key", in_use) VALUES (912, 'YAR', 0);
INSERT INTO qr_key (id, "key", in_use) VALUES (913, 'RND', 0);
INSERT INTO qr_key (id, "key", in_use) VALUES (914, 'TQQ', 0);
INSERT INTO qr_key (id, "key", in_use) VALUES (915, 'SMR', 0);
INSERT INTO qr_key (id, "key", in_use) VALUES (916, 'SXY', 0);
INSERT INTO qr_key (id, "key", in_use) VALUES (917, 'CGN', 0);
INSERT INTO qr_key (id, "key", in_use) VALUES (918, 'IYU', 0);
INSERT INTO qr_key (id, "key", in_use) VALUES (919, 'DXZ', 0);
INSERT INTO qr_key (id, "key", in_use) VALUES (920, 'CZA', 0);
INSERT INTO qr_key (id, "key", in_use) VALUES (921, 'OFP', 0);
INSERT INTO qr_key (id, "key", in_use) VALUES (922, 'VEK', 0);
INSERT INTO qr_key (id, "key", in_use) VALUES (923, 'JMF', 0);
INSERT INTO qr_key (id, "key", in_use) VALUES (924, 'UDX', 0);
INSERT INTO qr_key (id, "key", in_use) VALUES (925, 'YUV', 0);
INSERT INTO qr_key (id, "key", in_use) VALUES (926, 'MUK', 0);
INSERT INTO qr_key (id, "key", in_use) VALUES (927, 'ZNL', 0);
INSERT INTO qr_key (id, "key", in_use) VALUES (928, 'OJE', 0);
INSERT INTO qr_key (id, "key", in_use) VALUES (929, 'HWE', 0);
INSERT INTO qr_key (id, "key", in_use) VALUES (930, 'XPT', 0);
INSERT INTO qr_key (id, "key", in_use) VALUES (931, 'SFW', 0);
INSERT INTO qr_key (id, "key", in_use) VALUES (932, 'SBA', 0);
INSERT INTO qr_key (id, "key", in_use) VALUES (933, 'EXJ', 0);
INSERT INTO qr_key (id, "key", in_use) VALUES (934, 'EEI', 0);
INSERT INTO qr_key (id, "key", in_use) VALUES (935, 'MXU', 0);
INSERT INTO qr_key (id, "key", in_use) VALUES (936, 'MTV', 0);
INSERT INTO qr_key (id, "key", in_use) VALUES (937, 'SEK', 0);
INSERT INTO qr_key (id, "key", in_use) VALUES (938, 'UMD', 0);
INSERT INTO qr_key (id, "key", in_use) VALUES (939, 'CNX', 0);
INSERT INTO qr_key (id, "key", in_use) VALUES (940, 'QYW', 0);
INSERT INTO qr_key (id, "key", in_use) VALUES (941, 'FVV', 0);
INSERT INTO qr_key (id, "key", in_use) VALUES (942, 'YKS', 0);
INSERT INTO qr_key (id, "key", in_use) VALUES (943, 'AYD', 0);
INSERT INTO qr_key (id, "key", in_use) VALUES (944, 'HCH', 0);
INSERT INTO qr_key (id, "key", in_use) VALUES (945, 'KTB', 0);
INSERT INTO qr_key (id, "key", in_use) VALUES (946, 'HBI', 0);
INSERT INTO qr_key (id, "key", in_use) VALUES (947, 'ROI', 0);
INSERT INTO qr_key (id, "key", in_use) VALUES (948, 'QKX', 0);
INSERT INTO qr_key (id, "key", in_use) VALUES (949, 'ACT', 0);
INSERT INTO qr_key (id, "key", in_use) VALUES (950, 'UIM', 0);
INSERT INTO qr_key (id, "key", in_use) VALUES (951, 'QQH', 0);
INSERT INTO qr_key (id, "key", in_use) VALUES (952, 'DIT', 0);
INSERT INTO qr_key (id, "key", in_use) VALUES (953, 'KMS', 0);
INSERT INTO qr_key (id, "key", in_use) VALUES (954, 'AZC', 0);
INSERT INTO qr_key (id, "key", in_use) VALUES (955, 'CPF', 0);
INSERT INTO qr_key (id, "key", in_use) VALUES (956, 'UED', 0);
INSERT INTO qr_key (id, "key", in_use) VALUES (957, 'JKO', 0);
INSERT INTO qr_key (id, "key", in_use) VALUES (958, 'HRX', 0);
INSERT INTO qr_key (id, "key", in_use) VALUES (959, 'MWM', 0);
INSERT INTO qr_key (id, "key", in_use) VALUES (960, 'QZQ', 0);
INSERT INTO qr_key (id, "key", in_use) VALUES (961, 'DTU', 0);
INSERT INTO qr_key (id, "key", in_use) VALUES (962, 'MJC', 0);
INSERT INTO qr_key (id, "key", in_use) VALUES (963, 'VPT', 0);
INSERT INTO qr_key (id, "key", in_use) VALUES (964, 'RCS', 0);
INSERT INTO qr_key (id, "key", in_use) VALUES (965, 'DCL', 0);
INSERT INTO qr_key (id, "key", in_use) VALUES (966, 'GWW', 0);
INSERT INTO qr_key (id, "key", in_use) VALUES (967, 'XYW', 0);
INSERT INTO qr_key (id, "key", in_use) VALUES (968, 'XGL', 0);
INSERT INTO qr_key (id, "key", in_use) VALUES (969, 'QVZ', 0);
INSERT INTO qr_key (id, "key", in_use) VALUES (970, 'SIZ', 0);
INSERT INTO qr_key (id, "key", in_use) VALUES (971, 'PVO', 0);
INSERT INTO qr_key (id, "key", in_use) VALUES (972, 'FJM', 0);
INSERT INTO qr_key (id, "key", in_use) VALUES (973, 'PWM', 0);
INSERT INTO qr_key (id, "key", in_use) VALUES (974, 'QRM', 0);
INSERT INTO qr_key (id, "key", in_use) VALUES (975, 'TBJ', 0);
INSERT INTO qr_key (id, "key", in_use) VALUES (976, 'VKP', 0);
INSERT INTO qr_key (id, "key", in_use) VALUES (977, 'APV', 0);
INSERT INTO qr_key (id, "key", in_use) VALUES (978, 'AAI', 0);
INSERT INTO qr_key (id, "key", in_use) VALUES (979, 'ZKQ', 0);
INSERT INTO qr_key (id, "key", in_use) VALUES (980, 'GVS', 0);
INSERT INTO qr_key (id, "key", in_use) VALUES (981, 'LJL', 0);
INSERT INTO qr_key (id, "key", in_use) VALUES (982, 'PQQ', 0);
INSERT INTO qr_key (id, "key", in_use) VALUES (983, 'ION', 0);
INSERT INTO qr_key (id, "key", in_use) VALUES (984, 'WDB', 0);
INSERT INTO qr_key (id, "key", in_use) VALUES (985, 'UUN', 0);
INSERT INTO qr_key (id, "key", in_use) VALUES (986, 'HDR', 0);
INSERT INTO qr_key (id, "key", in_use) VALUES (987, 'JFO', 0);
INSERT INTO qr_key (id, "key", in_use) VALUES (988, 'WTE', 0);
INSERT INTO qr_key (id, "key", in_use) VALUES (989, 'JLO', 0);
INSERT INTO qr_key (id, "key", in_use) VALUES (990, 'YAC', 0);
INSERT INTO qr_key (id, "key", in_use) VALUES (991, 'LRA', 0);
INSERT INTO qr_key (id, "key", in_use) VALUES (992, 'ZXT', 0);
INSERT INTO qr_key (id, "key", in_use) VALUES (993, 'WNQ', 0);
INSERT INTO qr_key (id, "key", in_use) VALUES (994, 'WKP', 0);
INSERT INTO qr_key (id, "key", in_use) VALUES (995, 'EOC', 0);
INSERT INTO qr_key (id, "key", in_use) VALUES (996, 'DVJ', 0);
INSERT INTO qr_key (id, "key", in_use) VALUES (997, 'RYS', 0);
INSERT INTO qr_key (id, "key", in_use) VALUES (998, 'PKS', 0);
INSERT INTO qr_key (id, "key", in_use) VALUES (999, 'BRK', 0);
INSERT INTO qr_key (id, "key", in_use) VALUES (1000, 'WOI', 0);
INSERT INTO qr_key (id, "key", in_use) VALUES (1001, 'KXS', 0);
INSERT INTO qr_key (id, "key", in_use) VALUES (1002, 'ISP', 0);
INSERT INTO qr_key (id, "key", in_use) VALUES (1003, 'KUT', 0);
INSERT INTO qr_key (id, "key", in_use) VALUES (1004, 'SQE', 0);
INSERT INTO qr_key (id, "key", in_use) VALUES (1005, 'KPU', 0);
INSERT INTO qr_key (id, "key", in_use) VALUES (1006, 'XIE', 0);
INSERT INTO qr_key (id, "key", in_use) VALUES (1007, 'OIK', 0);
INSERT INTO qr_key (id, "key", in_use) VALUES (1008, 'FOS', 0);
INSERT INTO qr_key (id, "key", in_use) VALUES (1009, 'WMS', 0);
INSERT INTO qr_key (id, "key", in_use) VALUES (1010, 'BTD', 0);
INSERT INTO qr_key (id, "key", in_use) VALUES (1011, 'MUO', 0);
INSERT INTO qr_key (id, "key", in_use) VALUES (1012, 'FBY', 0);
INSERT INTO qr_key (id, "key", in_use) VALUES (1013, 'DGM', 0);
INSERT INTO qr_key (id, "key", in_use) VALUES (1014, 'FNM', 0);
INSERT INTO qr_key (id, "key", in_use) VALUES (1015, 'LLB', 0);
INSERT INTO qr_key (id, "key", in_use) VALUES (1016, 'PPA', 0);
INSERT INTO qr_key (id, "key", in_use) VALUES (1017, 'EFN', 0);
INSERT INTO qr_key (id, "key", in_use) VALUES (1018, 'MAF', 0);
INSERT INTO qr_key (id, "key", in_use) VALUES (1019, 'KKN', 0);
INSERT INTO qr_key (id, "key", in_use) VALUES (1020, 'JHK', 0);
INSERT INTO qr_key (id, "key", in_use) VALUES (1021, 'SUO', 0);
INSERT INTO qr_key (id, "key", in_use) VALUES (1022, 'BFP', 0);
INSERT INTO qr_key (id, "key", in_use) VALUES (1023, 'RCK', 0);
INSERT INTO qr_key (id, "key", in_use) VALUES (1024, 'KKJ', 0);
INSERT INTO qr_key (id, "key", in_use) VALUES (1025, 'PXJ', 0);
INSERT INTO qr_key (id, "key", in_use) VALUES (1026, 'EKY', 0);
INSERT INTO qr_key (id, "key", in_use) VALUES (1027, 'RNN', 0);
INSERT INTO qr_key (id, "key", in_use) VALUES (1028, 'VDM', 0);
INSERT INTO qr_key (id, "key", in_use) VALUES (1029, 'RFZ', 0);
INSERT INTO qr_key (id, "key", in_use) VALUES (1030, 'TQR', 0);
INSERT INTO qr_key (id, "key", in_use) VALUES (1031, 'OIM', 0);
INSERT INTO qr_key (id, "key", in_use) VALUES (1032, 'TEG', 0);
INSERT INTO qr_key (id, "key", in_use) VALUES (1033, 'OKH', 0);
INSERT INTO qr_key (id, "key", in_use) VALUES (1034, 'WEW', 0);
INSERT INTO qr_key (id, "key", in_use) VALUES (1035, 'MJX', 0);
INSERT INTO qr_key (id, "key", in_use) VALUES (1036, 'NNA', 0);
INSERT INTO qr_key (id, "key", in_use) VALUES (1037, 'KQK', 0);
INSERT INTO qr_key (id, "key", in_use) VALUES (1038, 'EBB', 0);
INSERT INTO qr_key (id, "key", in_use) VALUES (1039, 'UIU', 0);
INSERT INTO qr_key (id, "key", in_use) VALUES (1040, 'FBU', 0);
INSERT INTO qr_key (id, "key", in_use) VALUES (1041, 'FQR', 0);
INSERT INTO qr_key (id, "key", in_use) VALUES (1042, 'SFE', 0);
INSERT INTO qr_key (id, "key", in_use) VALUES (1043, 'KPQ', 0);
INSERT INTO qr_key (id, "key", in_use) VALUES (1044, 'RVO', 0);
INSERT INTO qr_key (id, "key", in_use) VALUES (1045, 'ENF', 0);
INSERT INTO qr_key (id, "key", in_use) VALUES (1046, 'XUD', 0);
INSERT INTO qr_key (id, "key", in_use) VALUES (1047, 'VWX', 0);
INSERT INTO qr_key (id, "key", in_use) VALUES (1048, 'YXP', 0);
INSERT INTO qr_key (id, "key", in_use) VALUES (1049, 'OVA', 0);
INSERT INTO qr_key (id, "key", in_use) VALUES (1050, 'YOB', 0);
INSERT INTO qr_key (id, "key", in_use) VALUES (1051, 'RGZ', 0);
INSERT INTO qr_key (id, "key", in_use) VALUES (1052, 'GAU', 0);
INSERT INTO qr_key (id, "key", in_use) VALUES (1053, 'LMX', 0);
INSERT INTO qr_key (id, "key", in_use) VALUES (1054, 'TCB', 0);
INSERT INTO qr_key (id, "key", in_use) VALUES (1055, 'AVO', 0);
INSERT INTO qr_key (id, "key", in_use) VALUES (1056, 'TTJ', 0);
INSERT INTO qr_key (id, "key", in_use) VALUES (1057, 'BXC', 0);
INSERT INTO qr_key (id, "key", in_use) VALUES (1058, 'JQW', 0);
INSERT INTO qr_key (id, "key", in_use) VALUES (1059, 'VCJ', 0);
INSERT INTO qr_key (id, "key", in_use) VALUES (1060, 'FGK', 0);
INSERT INTO qr_key (id, "key", in_use) VALUES (1061, 'BEY', 0);
INSERT INTO qr_key (id, "key", in_use) VALUES (1062, 'HTE', 0);
INSERT INTO qr_key (id, "key", in_use) VALUES (1063, 'ZAK', 0);
INSERT INTO qr_key (id, "key", in_use) VALUES (1064, 'ZBZ', 0);
INSERT INTO qr_key (id, "key", in_use) VALUES (1065, 'NYV', 0);
INSERT INTO qr_key (id, "key", in_use) VALUES (1066, 'XKC', 0);
INSERT INTO qr_key (id, "key", in_use) VALUES (1067, 'UYP', 0);
INSERT INTO qr_key (id, "key", in_use) VALUES (1068, 'WMD', 0);
INSERT INTO qr_key (id, "key", in_use) VALUES (1069, 'LLR', 0);
INSERT INTO qr_key (id, "key", in_use) VALUES (1070, 'ZBO', 0);
INSERT INTO qr_key (id, "key", in_use) VALUES (1071, 'QAV', 0);
INSERT INTO qr_key (id, "key", in_use) VALUES (1072, 'WVS', 0);
INSERT INTO qr_key (id, "key", in_use) VALUES (1073, 'SEE', 0);
INSERT INTO qr_key (id, "key", in_use) VALUES (1074, 'DCY', 0);
INSERT INTO qr_key (id, "key", in_use) VALUES (1075, 'BLJ', 0);
INSERT INTO qr_key (id, "key", in_use) VALUES (1076, 'ORP', 0);
INSERT INTO qr_key (id, "key", in_use) VALUES (1077, 'NPD', 0);
INSERT INTO qr_key (id, "key", in_use) VALUES (1078, 'CRC', 0);
INSERT INTO qr_key (id, "key", in_use) VALUES (1079, 'XUJ', 0);
INSERT INTO qr_key (id, "key", in_use) VALUES (1080, 'PJK', 0);
INSERT INTO qr_key (id, "key", in_use) VALUES (1081, 'WJN', 0);
INSERT INTO qr_key (id, "key", in_use) VALUES (1082, 'RXU', 0);
INSERT INTO qr_key (id, "key", in_use) VALUES (1083, 'WGM', 0);
INSERT INTO qr_key (id, "key", in_use) VALUES (1084, 'HLM', 0);
INSERT INTO qr_key (id, "key", in_use) VALUES (1085, 'FUV', 0);
INSERT INTO qr_key (id, "key", in_use) VALUES (1086, 'ALL', 0);
INSERT INTO qr_key (id, "key", in_use) VALUES (1087, 'KVE', 0);
INSERT INTO qr_key (id, "key", in_use) VALUES (1088, 'THH', 0);
INSERT INTO qr_key (id, "key", in_use) VALUES (1089, 'LXB', 0);
INSERT INTO qr_key (id, "key", in_use) VALUES (1090, 'WHU', 0);
INSERT INTO qr_key (id, "key", in_use) VALUES (1091, 'MFF', 0);
INSERT INTO qr_key (id, "key", in_use) VALUES (1092, 'XEG', 0);
INSERT INTO qr_key (id, "key", in_use) VALUES (1093, 'CIH', 0);
INSERT INTO qr_key (id, "key", in_use) VALUES (1094, 'RII', 0);
INSERT INTO qr_key (id, "key", in_use) VALUES (1095, 'MSB', 0);
INSERT INTO qr_key (id, "key", in_use) VALUES (1096, 'HXW', 0);
INSERT INTO qr_key (id, "key", in_use) VALUES (1097, 'ECJ', 0);
INSERT INTO qr_key (id, "key", in_use) VALUES (1098, 'KQH', 0);
INSERT INTO qr_key (id, "key", in_use) VALUES (1099, 'RLB', 0);
INSERT INTO qr_key (id, "key", in_use) VALUES (1100, 'BXB', 0);
INSERT INTO qr_key (id, "key", in_use) VALUES (1101, 'DAE', 0);
INSERT INTO qr_key (id, "key", in_use) VALUES (1102, 'PVT', 0);
INSERT INTO qr_key (id, "key", in_use) VALUES (1103, 'BMA', 0);
INSERT INTO qr_key (id, "key", in_use) VALUES (1104, 'ZVP', 0);
INSERT INTO qr_key (id, "key", in_use) VALUES (1105, 'BVW', 0);
INSERT INTO qr_key (id, "key", in_use) VALUES (1106, 'QZS', 0);
INSERT INTO qr_key (id, "key", in_use) VALUES (1107, 'ZTL', 0);
INSERT INTO qr_key (id, "key", in_use) VALUES (1108, 'WGZ', 0);
INSERT INTO qr_key (id, "key", in_use) VALUES (1109, 'FWM', 0);
INSERT INTO qr_key (id, "key", in_use) VALUES (1110, 'FGM', 0);
INSERT INTO qr_key (id, "key", in_use) VALUES (1111, 'KDT', 0);
INSERT INTO qr_key (id, "key", in_use) VALUES (1112, 'ERX', 0);
INSERT INTO qr_key (id, "key", in_use) VALUES (1113, 'LNV', 0);
INSERT INTO qr_key (id, "key", in_use) VALUES (1114, 'BDH', 0);
INSERT INTO qr_key (id, "key", in_use) VALUES (1115, 'BJK', 0);
INSERT INTO qr_key (id, "key", in_use) VALUES (1116, 'NOF', 0);
INSERT INTO qr_key (id, "key", in_use) VALUES (1117, 'SGY', 0);
INSERT INTO qr_key (id, "key", in_use) VALUES (1118, 'UIX', 0);
INSERT INTO qr_key (id, "key", in_use) VALUES (1119, 'QJT', 0);
INSERT INTO qr_key (id, "key", in_use) VALUES (1120, 'DIQ', 0);
INSERT INTO qr_key (id, "key", in_use) VALUES (1121, 'SKA', 0);
INSERT INTO qr_key (id, "key", in_use) VALUES (1122, 'DQZ', 0);
INSERT INTO qr_key (id, "key", in_use) VALUES (1123, 'OHM', 0);
INSERT INTO qr_key (id, "key", in_use) VALUES (1124, 'XUB', 0);
INSERT INTO qr_key (id, "key", in_use) VALUES (1125, 'GFZ', 0);
INSERT INTO qr_key (id, "key", in_use) VALUES (1126, 'HDG', 0);
INSERT INTO qr_key (id, "key", in_use) VALUES (1127, 'JDA', 0);
INSERT INTO qr_key (id, "key", in_use) VALUES (1128, 'WSL', 0);
INSERT INTO qr_key (id, "key", in_use) VALUES (1129, 'YBR', 0);
INSERT INTO qr_key (id, "key", in_use) VALUES (1130, 'CIJ', 0);
INSERT INTO qr_key (id, "key", in_use) VALUES (1131, 'VVU', 0);
INSERT INTO qr_key (id, "key", in_use) VALUES (1132, 'CIN', 0);
INSERT INTO qr_key (id, "key", in_use) VALUES (1133, 'TTH', 0);
INSERT INTO qr_key (id, "key", in_use) VALUES (1134, 'KMN', 0);
INSERT INTO qr_key (id, "key", in_use) VALUES (1135, 'QVU', 0);
INSERT INTO qr_key (id, "key", in_use) VALUES (1136, 'BDV', 0);
INSERT INTO qr_key (id, "key", in_use) VALUES (1137, 'CVX', 0);
INSERT INTO qr_key (id, "key", in_use) VALUES (1138, 'EEE', 0);
INSERT INTO qr_key (id, "key", in_use) VALUES (1139, 'PRB', 0);
INSERT INTO qr_key (id, "key", in_use) VALUES (1140, 'DRB', 0);
INSERT INTO qr_key (id, "key", in_use) VALUES (1141, 'BTC', 0);
INSERT INTO qr_key (id, "key", in_use) VALUES (1142, 'LHW', 0);
INSERT INTO qr_key (id, "key", in_use) VALUES (1143, 'VEC', 0);
INSERT INTO qr_key (id, "key", in_use) VALUES (1144, 'PPB', 0);
INSERT INTO qr_key (id, "key", in_use) VALUES (1145, 'SMC', 0);
INSERT INTO qr_key (id, "key", in_use) VALUES (1146, 'CSG', 0);
INSERT INTO qr_key (id, "key", in_use) VALUES (1147, 'ARL', 0);
INSERT INTO qr_key (id, "key", in_use) VALUES (1148, 'UBA', 0);
INSERT INTO qr_key (id, "key", in_use) VALUES (1149, 'GXT', 0);
INSERT INTO qr_key (id, "key", in_use) VALUES (1150, 'YDX', 0);
INSERT INTO qr_key (id, "key", in_use) VALUES (1151, 'AFA', 0);
INSERT INTO qr_key (id, "key", in_use) VALUES (1152, 'BMG', 0);
INSERT INTO qr_key (id, "key", in_use) VALUES (1153, 'HEX', 0);
INSERT INTO qr_key (id, "key", in_use) VALUES (1154, 'XUL', 0);
INSERT INTO qr_key (id, "key", in_use) VALUES (1155, 'XXK', 0);
INSERT INTO qr_key (id, "key", in_use) VALUES (1156, 'YYF', 0);
INSERT INTO qr_key (id, "key", in_use) VALUES (1157, 'FCU', 0);
INSERT INTO qr_key (id, "key", in_use) VALUES (1158, 'OMJ', 0);
INSERT INTO qr_key (id, "key", in_use) VALUES (1159, 'SUY', 0);
INSERT INTO qr_key (id, "key", in_use) VALUES (1160, 'CZK', 0);
INSERT INTO qr_key (id, "key", in_use) VALUES (1161, 'CYR', 0);
INSERT INTO qr_key (id, "key", in_use) VALUES (1162, 'PTF', 0);
INSERT INTO qr_key (id, "key", in_use) VALUES (1163, 'VFH', 0);
INSERT INTO qr_key (id, "key", in_use) VALUES (1164, 'RXI', 0);
INSERT INTO qr_key (id, "key", in_use) VALUES (1165, 'DOQ', 0);
INSERT INTO qr_key (id, "key", in_use) VALUES (1166, 'QDT', 0);
INSERT INTO qr_key (id, "key", in_use) VALUES (1167, 'TVK', 0);
INSERT INTO qr_key (id, "key", in_use) VALUES (1168, 'KLR', 0);
INSERT INTO qr_key (id, "key", in_use) VALUES (1169, 'ULF', 0);
INSERT INTO qr_key (id, "key", in_use) VALUES (1170, 'UQS', 0);
INSERT INTO qr_key (id, "key", in_use) VALUES (1171, 'ZQH', 0);
INSERT INTO qr_key (id, "key", in_use) VALUES (1172, 'MGN', 0);
INSERT INTO qr_key (id, "key", in_use) VALUES (1173, 'OVQ', 0);
INSERT INTO qr_key (id, "key", in_use) VALUES (1174, 'HRE', 0);
INSERT INTO qr_key (id, "key", in_use) VALUES (1175, 'MYT', 0);
INSERT INTO qr_key (id, "key", in_use) VALUES (1176, 'WJW', 0);
INSERT INTO qr_key (id, "key", in_use) VALUES (1177, 'LCF', 0);
INSERT INTO qr_key (id, "key", in_use) VALUES (1178, 'SBL', 0);
INSERT INTO qr_key (id, "key", in_use) VALUES (1179, 'ECY', 0);
INSERT INTO qr_key (id, "key", in_use) VALUES (1180, 'MTD', 0);
INSERT INTO qr_key (id, "key", in_use) VALUES (1181, 'OMH', 0);
INSERT INTO qr_key (id, "key", in_use) VALUES (1182, 'ZSO', 0);
INSERT INTO qr_key (id, "key", in_use) VALUES (1183, 'RZR', 0);
INSERT INTO qr_key (id, "key", in_use) VALUES (1184, 'LTY', 0);
INSERT INTO qr_key (id, "key", in_use) VALUES (1185, 'ICG', 0);
INSERT INTO qr_key (id, "key", in_use) VALUES (1186, 'LME', 0);
INSERT INTO qr_key (id, "key", in_use) VALUES (1187, 'IIN', 0);
INSERT INTO qr_key (id, "key", in_use) VALUES (1188, 'QNL', 0);
INSERT INTO qr_key (id, "key", in_use) VALUES (1189, 'GQX', 0);
INSERT INTO qr_key (id, "key", in_use) VALUES (1190, 'TDC', 0);
INSERT INTO qr_key (id, "key", in_use) VALUES (1191, 'UHJ', 0);
INSERT INTO qr_key (id, "key", in_use) VALUES (1192, 'TTI', 0);
INSERT INTO qr_key (id, "key", in_use) VALUES (1193, 'RZZ', 0);
INSERT INTO qr_key (id, "key", in_use) VALUES (1194, 'DSP', 0);
INSERT INTO qr_key (id, "key", in_use) VALUES (1195, 'VCR', 0);
INSERT INTO qr_key (id, "key", in_use) VALUES (1196, 'MJT', 0);
INSERT INTO qr_key (id, "key", in_use) VALUES (1197, 'RFC', 0);
INSERT INTO qr_key (id, "key", in_use) VALUES (1198, 'CRK', 0);
INSERT INTO qr_key (id, "key", in_use) VALUES (1199, 'FZD', 0);
INSERT INTO qr_key (id, "key", in_use) VALUES (1200, 'MVF', 0);
INSERT INTO qr_key (id, "key", in_use) VALUES (1201, 'TID', 0);
INSERT INTO qr_key (id, "key", in_use) VALUES (1202, 'GYM', 0);
INSERT INTO qr_key (id, "key", in_use) VALUES (1203, 'PJM', 0);
INSERT INTO qr_key (id, "key", in_use) VALUES (1204, 'SAX', 0);
INSERT INTO qr_key (id, "key", in_use) VALUES (1205, 'MHQ', 0);
INSERT INTO qr_key (id, "key", in_use) VALUES (1206, 'XET', 0);
INSERT INTO qr_key (id, "key", in_use) VALUES (1207, 'RKR', 0);
INSERT INTO qr_key (id, "key", in_use) VALUES (1208, 'TCS', 0);
INSERT INTO qr_key (id, "key", in_use) VALUES (1209, 'BTM', 0);
INSERT INTO qr_key (id, "key", in_use) VALUES (1210, 'VWB', 0);
INSERT INTO qr_key (id, "key", in_use) VALUES (1211, 'CGW', 0);
INSERT INTO qr_key (id, "key", in_use) VALUES (1212, 'AOC', 0);
INSERT INTO qr_key (id, "key", in_use) VALUES (1213, 'SLJ', 0);
INSERT INTO qr_key (id, "key", in_use) VALUES (1214, 'WWZ', 0);
INSERT INTO qr_key (id, "key", in_use) VALUES (1215, 'AWB', 0);
INSERT INTO qr_key (id, "key", in_use) VALUES (1216, 'IRD', 0);
INSERT INTO qr_key (id, "key", in_use) VALUES (1217, 'CQR', 0);
INSERT INTO qr_key (id, "key", in_use) VALUES (1218, 'PEK', 0);
INSERT INTO qr_key (id, "key", in_use) VALUES (1219, 'FMZ', 0);
INSERT INTO qr_key (id, "key", in_use) VALUES (1220, 'OII', 0);
INSERT INTO qr_key (id, "key", in_use) VALUES (1221, 'ZWY', 0);
INSERT INTO qr_key (id, "key", in_use) VALUES (1222, 'MUB', 0);
INSERT INTO qr_key (id, "key", in_use) VALUES (1223, 'YIZ', 0);
INSERT INTO qr_key (id, "key", in_use) VALUES (1224, 'CZN', 0);
INSERT INTO qr_key (id, "key", in_use) VALUES (1225, 'XYY', 0);
INSERT INTO qr_key (id, "key", in_use) VALUES (1226, 'HFJ', 0);
INSERT INTO qr_key (id, "key", in_use) VALUES (1227, 'HHV', 0);
INSERT INTO qr_key (id, "key", in_use) VALUES (1228, 'SQW', 0);
INSERT INTO qr_key (id, "key", in_use) VALUES (1229, 'BDL', 0);
INSERT INTO qr_key (id, "key", in_use) VALUES (1230, 'UCH', 0);
INSERT INTO qr_key (id, "key", in_use) VALUES (1231, 'UWE', 0);
INSERT INTO qr_key (id, "key", in_use) VALUES (1232, 'PNS', 0);
INSERT INTO qr_key (id, "key", in_use) VALUES (1233, 'HVQ', 0);
INSERT INTO qr_key (id, "key", in_use) VALUES (1234, 'FTH', 0);
INSERT INTO qr_key (id, "key", in_use) VALUES (1235, 'TXR', 0);
INSERT INTO qr_key (id, "key", in_use) VALUES (1236, 'XTH', 0);
INSERT INTO qr_key (id, "key", in_use) VALUES (1237, 'BFJ', 0);
INSERT INTO qr_key (id, "key", in_use) VALUES (1238, 'OAN', 0);
INSERT INTO qr_key (id, "key", in_use) VALUES (1239, 'BLL', 0);
INSERT INTO qr_key (id, "key", in_use) VALUES (1240, 'BDK', 0);
INSERT INTO qr_key (id, "key", in_use) VALUES (1241, 'SAN', 0);
INSERT INTO qr_key (id, "key", in_use) VALUES (1242, 'VPI', 0);
INSERT INTO qr_key (id, "key", in_use) VALUES (1243, 'PZY', 0);
INSERT INTO qr_key (id, "key", in_use) VALUES (1244, 'MAQ', 0);
INSERT INTO qr_key (id, "key", in_use) VALUES (1245, 'OJK', 0);
INSERT INTO qr_key (id, "key", in_use) VALUES (1246, 'MXI', 0);
INSERT INTO qr_key (id, "key", in_use) VALUES (1247, 'EIZ', 0);
INSERT INTO qr_key (id, "key", in_use) VALUES (1248, 'YQQ', 0);
INSERT INTO qr_key (id, "key", in_use) VALUES (1249, 'FNT', 0);
INSERT INTO qr_key (id, "key", in_use) VALUES (1250, 'RMR', 0);
INSERT INTO qr_key (id, "key", in_use) VALUES (1251, 'NIX', 0);
INSERT INTO qr_key (id, "key", in_use) VALUES (1252, 'EGV', 0);
INSERT INTO qr_key (id, "key", in_use) VALUES (1253, 'JDW', 0);
INSERT INTO qr_key (id, "key", in_use) VALUES (1254, 'HSV', 0);
INSERT INTO qr_key (id, "key", in_use) VALUES (1255, 'QBA', 0);
INSERT INTO qr_key (id, "key", in_use) VALUES (1256, 'PFG', 0);
INSERT INTO qr_key (id, "key", in_use) VALUES (1257, 'SSX', 0);
INSERT INTO qr_key (id, "key", in_use) VALUES (1258, 'WME', 0);
INSERT INTO qr_key (id, "key", in_use) VALUES (1259, 'FUQ', 0);
INSERT INTO qr_key (id, "key", in_use) VALUES (1260, 'JCF', 0);
INSERT INTO qr_key (id, "key", in_use) VALUES (1261, 'IQI', 0);
INSERT INTO qr_key (id, "key", in_use) VALUES (1262, 'FSG', 0);
INSERT INTO qr_key (id, "key", in_use) VALUES (1263, 'AAS', 0);
INSERT INTO qr_key (id, "key", in_use) VALUES (1264, 'SWG', 0);
INSERT INTO qr_key (id, "key", in_use) VALUES (1265, 'CHU', 0);
INSERT INTO qr_key (id, "key", in_use) VALUES (1266, 'RXG', 0);
INSERT INTO qr_key (id, "key", in_use) VALUES (1267, 'LKY', 0);
INSERT INTO qr_key (id, "key", in_use) VALUES (1268, 'UWN', 0);
INSERT INTO qr_key (id, "key", in_use) VALUES (1269, 'BUE', 0);
INSERT INTO qr_key (id, "key", in_use) VALUES (1270, 'EUQ', 0);
INSERT INTO qr_key (id, "key", in_use) VALUES (1271, 'AMJ', 0);
INSERT INTO qr_key (id, "key", in_use) VALUES (1272, 'HMQ', 0);
INSERT INTO qr_key (id, "key", in_use) VALUES (1273, 'YFK', 0);
INSERT INTO qr_key (id, "key", in_use) VALUES (1274, 'FFP', 0);
INSERT INTO qr_key (id, "key", in_use) VALUES (1275, 'AWI', 0);
INSERT INTO qr_key (id, "key", in_use) VALUES (1276, 'JXP', 0);
INSERT INTO qr_key (id, "key", in_use) VALUES (1277, 'PQD', 0);
INSERT INTO qr_key (id, "key", in_use) VALUES (1278, 'OET', 0);
INSERT INTO qr_key (id, "key", in_use) VALUES (1279, 'EDN', 0);
INSERT INTO qr_key (id, "key", in_use) VALUES (1280, 'NJQ', 0);
INSERT INTO qr_key (id, "key", in_use) VALUES (1281, 'JIS', 0);
INSERT INTO qr_key (id, "key", in_use) VALUES (1282, 'IBS', 0);
INSERT INTO qr_key (id, "key", in_use) VALUES (1283, 'TPR', 0);
INSERT INTO qr_key (id, "key", in_use) VALUES (1284, 'YHD', 0);
INSERT INTO qr_key (id, "key", in_use) VALUES (1285, 'AOF', 0);
INSERT INTO qr_key (id, "key", in_use) VALUES (1286, 'ZVE', 0);
INSERT INTO qr_key (id, "key", in_use) VALUES (1287, 'RCG', 0);
INSERT INTO qr_key (id, "key", in_use) VALUES (1288, 'NCJ', 0);
INSERT INTO qr_key (id, "key", in_use) VALUES (1289, 'OGV', 0);
INSERT INTO qr_key (id, "key", in_use) VALUES (1290, 'PDM', 0);
INSERT INTO qr_key (id, "key", in_use) VALUES (1291, 'XRP', 0);
INSERT INTO qr_key (id, "key", in_use) VALUES (1292, 'CKH', 0);
INSERT INTO qr_key (id, "key", in_use) VALUES (1293, 'VBM', 0);
INSERT INTO qr_key (id, "key", in_use) VALUES (1294, 'STM', 0);
INSERT INTO qr_key (id, "key", in_use) VALUES (1295, 'DHK', 0);
INSERT INTO qr_key (id, "key", in_use) VALUES (1296, 'OCH', 0);
INSERT INTO qr_key (id, "key", in_use) VALUES (1297, 'FRX', 0);
INSERT INTO qr_key (id, "key", in_use) VALUES (1298, 'FXR', 0);
INSERT INTO qr_key (id, "key", in_use) VALUES (1299, 'UCG', 0);
INSERT INTO qr_key (id, "key", in_use) VALUES (1300, 'QQB', 0);
INSERT INTO qr_key (id, "key", in_use) VALUES (1301, 'TSA', 0);
INSERT INTO qr_key (id, "key", in_use) VALUES (1302, 'FAL', 0);
INSERT INTO qr_key (id, "key", in_use) VALUES (1303, 'GZS', 0);
INSERT INTO qr_key (id, "key", in_use) VALUES (1304, 'OIZ', 0);
INSERT INTO qr_key (id, "key", in_use) VALUES (1305, 'UPE', 0);
INSERT INTO qr_key (id, "key", in_use) VALUES (1306, 'CRV', 0);
INSERT INTO qr_key (id, "key", in_use) VALUES (1307, 'THL', 0);
INSERT INTO qr_key (id, "key", in_use) VALUES (1308, 'FLW', 0);
INSERT INTO qr_key (id, "key", in_use) VALUES (1309, 'DLL', 0);
INSERT INTO qr_key (id, "key", in_use) VALUES (1310, 'CAO', 0);
INSERT INTO qr_key (id, "key", in_use) VALUES (1311, 'DZV', 0);
INSERT INTO qr_key (id, "key", in_use) VALUES (1312, 'QTH', 0);
INSERT INTO qr_key (id, "key", in_use) VALUES (1313, 'ADX', 0);
INSERT INTO qr_key (id, "key", in_use) VALUES (1314, 'RAU', 0);
INSERT INTO qr_key (id, "key", in_use) VALUES (1315, 'FGB', 0);
INSERT INTO qr_key (id, "key", in_use) VALUES (1316, 'KEU', 0);
INSERT INTO qr_key (id, "key", in_use) VALUES (1317, 'MSR', 0);
INSERT INTO qr_key (id, "key", in_use) VALUES (1318, 'KAH', 0);
INSERT INTO qr_key (id, "key", in_use) VALUES (1319, 'SEF', 0);
INSERT INTO qr_key (id, "key", in_use) VALUES (1320, 'DDO', 0);
INSERT INTO qr_key (id, "key", in_use) VALUES (1321, 'TET', 0);
INSERT INTO qr_key (id, "key", in_use) VALUES (1322, 'KRQ', 0);
INSERT INTO qr_key (id, "key", in_use) VALUES (1323, 'CTU', 0);
INSERT INTO qr_key (id, "key", in_use) VALUES (1324, 'MFJ', 0);
INSERT INTO qr_key (id, "key", in_use) VALUES (1325, 'QVC', 0);
INSERT INTO qr_key (id, "key", in_use) VALUES (1326, 'ANX', 0);
INSERT INTO qr_key (id, "key", in_use) VALUES (1327, 'KXP', 0);
INSERT INTO qr_key (id, "key", in_use) VALUES (1328, 'QYU', 0);
INSERT INTO qr_key (id, "key", in_use) VALUES (1329, 'HSJ', 0);
INSERT INTO qr_key (id, "key", in_use) VALUES (1330, 'JAM', 0);
INSERT INTO qr_key (id, "key", in_use) VALUES (1331, 'BKF', 0);
INSERT INTO qr_key (id, "key", in_use) VALUES (1332, 'AEZ', 0);
INSERT INTO qr_key (id, "key", in_use) VALUES (1333, 'UCR', 0);
INSERT INTO qr_key (id, "key", in_use) VALUES (1334, 'XLT', 0);
INSERT INTO qr_key (id, "key", in_use) VALUES (1335, 'MLU', 0);
INSERT INTO qr_key (id, "key", in_use) VALUES (1336, 'GFJ', 0);
INSERT INTO qr_key (id, "key", in_use) VALUES (1337, 'SRK', 0);
INSERT INTO qr_key (id, "key", in_use) VALUES (1338, 'YYG', 0);
INSERT INTO qr_key (id, "key", in_use) VALUES (1339, 'XCE', 0);
INSERT INTO qr_key (id, "key", in_use) VALUES (1340, 'QWR', 0);
INSERT INTO qr_key (id, "key", in_use) VALUES (1341, 'YDK', 0);
INSERT INTO qr_key (id, "key", in_use) VALUES (1342, 'JDN', 0);
INSERT INTO qr_key (id, "key", in_use) VALUES (1343, 'YWX', 0);
INSERT INTO qr_key (id, "key", in_use) VALUES (1344, 'DIK', 0);
INSERT INTO qr_key (id, "key", in_use) VALUES (1345, 'PJE', 0);
INSERT INTO qr_key (id, "key", in_use) VALUES (1346, 'SMD', 0);
INSERT INTO qr_key (id, "key", in_use) VALUES (1347, 'IFT', 0);
INSERT INTO qr_key (id, "key", in_use) VALUES (1348, 'OST', 0);
INSERT INTO qr_key (id, "key", in_use) VALUES (1349, 'KPI', 0);
INSERT INTO qr_key (id, "key", in_use) VALUES (1350, 'XLJ', 0);
INSERT INTO qr_key (id, "key", in_use) VALUES (1351, 'AMY', 0);
INSERT INTO qr_key (id, "key", in_use) VALUES (1352, 'JRP', 0);
INSERT INTO qr_key (id, "key", in_use) VALUES (1353, 'FHQ', 0);
INSERT INTO qr_key (id, "key", in_use) VALUES (1354, 'GHF', 0);
INSERT INTO qr_key (id, "key", in_use) VALUES (1355, 'BMF', 0);
INSERT INTO qr_key (id, "key", in_use) VALUES (1356, 'OXP', 0);
INSERT INTO qr_key (id, "key", in_use) VALUES (1357, 'EHL', 0);
INSERT INTO qr_key (id, "key", in_use) VALUES (1358, 'JZI', 0);
INSERT INTO qr_key (id, "key", in_use) VALUES (1359, 'IRR', 0);
INSERT INTO qr_key (id, "key", in_use) VALUES (1360, 'ZRW', 0);
INSERT INTO qr_key (id, "key", in_use) VALUES (1361, 'PJH', 0);
INSERT INTO qr_key (id, "key", in_use) VALUES (1362, 'RNG', 0);
INSERT INTO qr_key (id, "key", in_use) VALUES (1363, 'HCW', 0);
INSERT INTO qr_key (id, "key", in_use) VALUES (1364, 'SMZ', 0);
INSERT INTO qr_key (id, "key", in_use) VALUES (1365, 'UFQ', 0);
INSERT INTO qr_key (id, "key", in_use) VALUES (1366, 'MVR', 0);
INSERT INTO qr_key (id, "key", in_use) VALUES (1367, 'RKY', 0);
INSERT INTO qr_key (id, "key", in_use) VALUES (1368, 'GHX', 0);
INSERT INTO qr_key (id, "key", in_use) VALUES (1369, 'NDF', 0);
INSERT INTO qr_key (id, "key", in_use) VALUES (1370, 'YYO', 0);
INSERT INTO qr_key (id, "key", in_use) VALUES (1371, 'MKJ', 0);
INSERT INTO qr_key (id, "key", in_use) VALUES (1372, 'MCN', 0);
INSERT INTO qr_key (id, "key", in_use) VALUES (1373, 'CCP', 0);
INSERT INTO qr_key (id, "key", in_use) VALUES (1374, 'JIR', 0);
INSERT INTO qr_key (id, "key", in_use) VALUES (1375, 'BHP', 0);
INSERT INTO qr_key (id, "key", in_use) VALUES (1376, 'QQO', 0);
INSERT INTO qr_key (id, "key", in_use) VALUES (1377, 'APE', 0);
INSERT INTO qr_key (id, "key", in_use) VALUES (1378, 'TPX', 0);
INSERT INTO qr_key (id, "key", in_use) VALUES (1379, 'TXG', 0);
INSERT INTO qr_key (id, "key", in_use) VALUES (1380, 'BUO', 0);
INSERT INTO qr_key (id, "key", in_use) VALUES (1381, 'HIW', 0);
INSERT INTO qr_key (id, "key", in_use) VALUES (1382, 'RTE', 0);
INSERT INTO qr_key (id, "key", in_use) VALUES (1383, 'GMN', 0);
INSERT INTO qr_key (id, "key", in_use) VALUES (1384, 'QOO', 0);
INSERT INTO qr_key (id, "key", in_use) VALUES (1385, 'XRF', 0);
INSERT INTO qr_key (id, "key", in_use) VALUES (1386, 'VMS', 0);
INSERT INTO qr_key (id, "key", in_use) VALUES (1387, 'WJM', 0);
INSERT INTO qr_key (id, "key", in_use) VALUES (1388, 'BUI', 0);
INSERT INTO qr_key (id, "key", in_use) VALUES (1389, 'UUG', 0);
INSERT INTO qr_key (id, "key", in_use) VALUES (1390, 'OKC', 0);
INSERT INTO qr_key (id, "key", in_use) VALUES (1391, 'XTC', 0);
INSERT INTO qr_key (id, "key", in_use) VALUES (1392, 'GGX', 0);
INSERT INTO qr_key (id, "key", in_use) VALUES (1393, 'LJA', 0);
INSERT INTO qr_key (id, "key", in_use) VALUES (1394, 'ELN', 0);
INSERT INTO qr_key (id, "key", in_use) VALUES (1395, 'QGX', 0);
INSERT INTO qr_key (id, "key", in_use) VALUES (1396, 'NHZ', 0);
INSERT INTO qr_key (id, "key", in_use) VALUES (1397, 'WCO', 0);
INSERT INTO qr_key (id, "key", in_use) VALUES (1398, 'IBC', 0);
INSERT INTO qr_key (id, "key", in_use) VALUES (1399, 'ZCE', 0);
INSERT INTO qr_key (id, "key", in_use) VALUES (1400, 'RQM', 0);
INSERT INTO qr_key (id, "key", in_use) VALUES (1401, 'WNR', 0);
INSERT INTO qr_key (id, "key", in_use) VALUES (1402, 'VYV', 0);
INSERT INTO qr_key (id, "key", in_use) VALUES (1403, 'RRP', 0);
INSERT INTO qr_key (id, "key", in_use) VALUES (1404, 'UVC', 0);
INSERT INTO qr_key (id, "key", in_use) VALUES (1405, 'FGA', 0);
INSERT INTO qr_key (id, "key", in_use) VALUES (1406, 'GIT', 0);
INSERT INTO qr_key (id, "key", in_use) VALUES (1407, 'TRK', 0);
INSERT INTO qr_key (id, "key", in_use) VALUES (1408, 'XNI', 0);
INSERT INTO qr_key (id, "key", in_use) VALUES (1409, 'MFW', 0);
INSERT INTO qr_key (id, "key", in_use) VALUES (1410, 'VBI', 0);
INSERT INTO qr_key (id, "key", in_use) VALUES (1411, 'GJV', 0);
INSERT INTO qr_key (id, "key", in_use) VALUES (1412, 'XLE', 0);
INSERT INTO qr_key (id, "key", in_use) VALUES (1413, 'FDE', 0);
INSERT INTO qr_key (id, "key", in_use) VALUES (1414, 'IDD', 0);
INSERT INTO qr_key (id, "key", in_use) VALUES (1415, 'JGF', 0);
INSERT INTO qr_key (id, "key", in_use) VALUES (1416, 'WMY', 0);
INSERT INTO qr_key (id, "key", in_use) VALUES (1417, 'GYJ', 0);
INSERT INTO qr_key (id, "key", in_use) VALUES (1418, 'EPR', 0);
INSERT INTO qr_key (id, "key", in_use) VALUES (1419, 'VBK', 0);
INSERT INTO qr_key (id, "key", in_use) VALUES (1420, 'USS', 0);
INSERT INTO qr_key (id, "key", in_use) VALUES (1421, 'FDU', 0);
INSERT INTO qr_key (id, "key", in_use) VALUES (1422, 'IKZ', 0);
INSERT INTO qr_key (id, "key", in_use) VALUES (1423, 'LYM', 0);
INSERT INTO qr_key (id, "key", in_use) VALUES (1424, 'HXK', 0);
INSERT INTO qr_key (id, "key", in_use) VALUES (1425, 'BTN', 0);
INSERT INTO qr_key (id, "key", in_use) VALUES (1426, 'MKT', 0);
INSERT INTO qr_key (id, "key", in_use) VALUES (1427, 'VCY', 0);
INSERT INTO qr_key (id, "key", in_use) VALUES (1428, 'NRJ', 0);
INSERT INTO qr_key (id, "key", in_use) VALUES (1429, 'VRN', 0);
INSERT INTO qr_key (id, "key", in_use) VALUES (1430, 'SOM', 0);
INSERT INTO qr_key (id, "key", in_use) VALUES (1431, 'ZII', 0);
INSERT INTO qr_key (id, "key", in_use) VALUES (1432, 'SBJ', 0);
INSERT INTO qr_key (id, "key", in_use) VALUES (1433, 'HYX', 0);
INSERT INTO qr_key (id, "key", in_use) VALUES (1434, 'CQC', 0);
INSERT INTO qr_key (id, "key", in_use) VALUES (1435, 'TMB', 0);
INSERT INTO qr_key (id, "key", in_use) VALUES (1436, 'TYY', 0);
INSERT INTO qr_key (id, "key", in_use) VALUES (1437, 'HVH', 0);
INSERT INTO qr_key (id, "key", in_use) VALUES (1438, 'LSG', 0);
INSERT INTO qr_key (id, "key", in_use) VALUES (1439, 'KEO', 0);
INSERT INTO qr_key (id, "key", in_use) VALUES (1440, 'HFR', 0);
INSERT INTO qr_key (id, "key", in_use) VALUES (1441, 'EJR', 0);
INSERT INTO qr_key (id, "key", in_use) VALUES (1442, 'QIM', 0);
INSERT INTO qr_key (id, "key", in_use) VALUES (1443, 'XMV', 0);
INSERT INTO qr_key (id, "key", in_use) VALUES (1444, 'MDV', 0);
INSERT INTO qr_key (id, "key", in_use) VALUES (1445, 'PQX', 0);
INSERT INTO qr_key (id, "key", in_use) VALUES (1446, 'GGJ', 0);
INSERT INTO qr_key (id, "key", in_use) VALUES (1447, 'ZYL', 0);
INSERT INTO qr_key (id, "key", in_use) VALUES (1448, 'DRM', 0);
INSERT INTO qr_key (id, "key", in_use) VALUES (1449, 'RZA', 0);
INSERT INTO qr_key (id, "key", in_use) VALUES (1450, 'EHN', 0);
INSERT INTO qr_key (id, "key", in_use) VALUES (1451, 'YIQ', 0);
INSERT INTO qr_key (id, "key", in_use) VALUES (1452, 'NDM', 0);
INSERT INTO qr_key (id, "key", in_use) VALUES (1453, 'WOC', 0);
INSERT INTO qr_key (id, "key", in_use) VALUES (1454, 'RYV', 0);
INSERT INTO qr_key (id, "key", in_use) VALUES (1455, 'EQN', 0);
INSERT INTO qr_key (id, "key", in_use) VALUES (1456, 'EGP', 0);
INSERT INTO qr_key (id, "key", in_use) VALUES (1457, 'LZM', 0);
INSERT INTO qr_key (id, "key", in_use) VALUES (1458, 'BMV', 0);
INSERT INTO qr_key (id, "key", in_use) VALUES (1459, 'BRW', 0);
INSERT INTO qr_key (id, "key", in_use) VALUES (1460, 'URQ', 0);
INSERT INTO qr_key (id, "key", in_use) VALUES (1461, 'BOM', 0);
INSERT INTO qr_key (id, "key", in_use) VALUES (1462, 'AEW', 0);
INSERT INTO qr_key (id, "key", in_use) VALUES (1463, 'JJC', 0);
INSERT INTO qr_key (id, "key", in_use) VALUES (1464, 'VKO', 0);
INSERT INTO qr_key (id, "key", in_use) VALUES (1465, 'FDN', 0);
INSERT INTO qr_key (id, "key", in_use) VALUES (1466, 'OMN', 0);
INSERT INTO qr_key (id, "key", in_use) VALUES (1467, 'QNF', 0);
INSERT INTO qr_key (id, "key", in_use) VALUES (1468, 'YVC', 0);
INSERT INTO qr_key (id, "key", in_use) VALUES (1469, 'DQC', 0);
INSERT INTO qr_key (id, "key", in_use) VALUES (1470, 'KPZ', 0);
INSERT INTO qr_key (id, "key", in_use) VALUES (1471, 'MZK', 0);
INSERT INTO qr_key (id, "key", in_use) VALUES (1472, 'MYH', 0);
INSERT INTO qr_key (id, "key", in_use) VALUES (1473, 'FWB', 0);
INSERT INTO qr_key (id, "key", in_use) VALUES (1474, 'OXK', 0);
INSERT INTO qr_key (id, "key", in_use) VALUES (1475, 'SRC', 0);
INSERT INTO qr_key (id, "key", in_use) VALUES (1476, 'QQP', 0);
INSERT INTO qr_key (id, "key", in_use) VALUES (1477, 'TZE', 0);
INSERT INTO qr_key (id, "key", in_use) VALUES (1478, 'CQZ', 0);
INSERT INTO qr_key (id, "key", in_use) VALUES (1479, 'OCM', 0);
INSERT INTO qr_key (id, "key", in_use) VALUES (1480, 'ARM', 0);
INSERT INTO qr_key (id, "key", in_use) VALUES (1481, 'ISV', 0);
INSERT INTO qr_key (id, "key", in_use) VALUES (1482, 'ZSK', 0);
INSERT INTO qr_key (id, "key", in_use) VALUES (1483, 'AHQ', 0);
INSERT INTO qr_key (id, "key", in_use) VALUES (1484, 'TOH', 0);
INSERT INTO qr_key (id, "key", in_use) VALUES (1485, 'CZQ', 0);
INSERT INTO qr_key (id, "key", in_use) VALUES (1486, 'AGY', 0);
INSERT INTO qr_key (id, "key", in_use) VALUES (1487, 'LCS', 0);
INSERT INTO qr_key (id, "key", in_use) VALUES (1488, 'CWN', 0);
INSERT INTO qr_key (id, "key", in_use) VALUES (1489, 'RGX', 0);
INSERT INTO qr_key (id, "key", in_use) VALUES (1490, 'XDH', 0);
INSERT INTO qr_key (id, "key", in_use) VALUES (1491, 'YHN', 0);
INSERT INTO qr_key (id, "key", in_use) VALUES (1492, 'QJQ', 0);
INSERT INTO qr_key (id, "key", in_use) VALUES (1493, 'RSL', 0);
INSERT INTO qr_key (id, "key", in_use) VALUES (1494, 'OMG', 0);
INSERT INTO qr_key (id, "key", in_use) VALUES (1495, 'RBG', 0);
INSERT INTO qr_key (id, "key", in_use) VALUES (1496, 'WIT', 0);
INSERT INTO qr_key (id, "key", in_use) VALUES (1497, 'KGL', 0);
INSERT INTO qr_key (id, "key", in_use) VALUES (1498, 'IJP', 0);
INSERT INTO qr_key (id, "key", in_use) VALUES (1499, 'LAU', 0);
INSERT INTO qr_key (id, "key", in_use) VALUES (1500, 'SPA', 0);
INSERT INTO qr_key (id, "key", in_use) VALUES (1501, 'FBW', 0);
INSERT INTO qr_key (id, "key", in_use) VALUES (1502, 'HCJ', 0);
INSERT INTO qr_key (id, "key", in_use) VALUES (1503, 'SZN', 0);
INSERT INTO qr_key (id, "key", in_use) VALUES (1504, 'YIL', 0);
INSERT INTO qr_key (id, "key", in_use) VALUES (1505, 'MOW', 0);
INSERT INTO qr_key (id, "key", in_use) VALUES (1506, 'EHV', 0);
INSERT INTO qr_key (id, "key", in_use) VALUES (1507, 'QPR', 0);
INSERT INTO qr_key (id, "key", in_use) VALUES (1508, 'LFI', 0);
INSERT INTO qr_key (id, "key", in_use) VALUES (1509, 'IMT', 0);
INSERT INTO qr_key (id, "key", in_use) VALUES (1510, 'RQX', 0);
INSERT INTO qr_key (id, "key", in_use) VALUES (1511, 'FWN', 0);
INSERT INTO qr_key (id, "key", in_use) VALUES (1512, 'LGI', 0);
INSERT INTO qr_key (id, "key", in_use) VALUES (1513, 'OBZ', 0);
INSERT INTO qr_key (id, "key", in_use) VALUES (1514, 'LLZ', 0);
INSERT INTO qr_key (id, "key", in_use) VALUES (1515, 'KMR', 0);
INSERT INTO qr_key (id, "key", in_use) VALUES (1516, 'UFS', 0);
INSERT INTO qr_key (id, "key", in_use) VALUES (1517, 'KCT', 0);
INSERT INTO qr_key (id, "key", in_use) VALUES (1518, 'KMK', 0);
INSERT INTO qr_key (id, "key", in_use) VALUES (1519, 'VMF', 0);
INSERT INTO qr_key (id, "key", in_use) VALUES (1520, 'EDK', 0);
INSERT INTO qr_key (id, "key", in_use) VALUES (1521, 'ADZ', 0);
INSERT INTO qr_key (id, "key", in_use) VALUES (1522, 'MAD', 0);
INSERT INTO qr_key (id, "key", in_use) VALUES (1523, 'KID', 0);
INSERT INTO qr_key (id, "key", in_use) VALUES (1524, 'OCG', 0);
INSERT INTO qr_key (id, "key", in_use) VALUES (1525, 'IAL', 0);
INSERT INTO qr_key (id, "key", in_use) VALUES (1526, 'QNS', 0);
INSERT INTO qr_key (id, "key", in_use) VALUES (1527, 'JFZ', 0);
INSERT INTO qr_key (id, "key", in_use) VALUES (1528, 'VNC', 0);
INSERT INTO qr_key (id, "key", in_use) VALUES (1529, 'RDR', 0);
INSERT INTO qr_key (id, "key", in_use) VALUES (1530, 'MML', 0);
INSERT INTO qr_key (id, "key", in_use) VALUES (1531, 'WOO', 0);
INSERT INTO qr_key (id, "key", in_use) VALUES (1532, 'YMS', 0);
INSERT INTO qr_key (id, "key", in_use) VALUES (1533, 'OMD', 0);
INSERT INTO qr_key (id, "key", in_use) VALUES (1534, 'QSJ', 0);
INSERT INTO qr_key (id, "key", in_use) VALUES (1535, 'XTP', 0);
INSERT INTO qr_key (id, "key", in_use) VALUES (1536, 'AIQ', 0);
INSERT INTO qr_key (id, "key", in_use) VALUES (1537, 'JEI', 0);
INSERT INTO qr_key (id, "key", in_use) VALUES (1538, 'ESH', 0);
INSERT INTO qr_key (id, "key", in_use) VALUES (1539, 'VQF', 0);
INSERT INTO qr_key (id, "key", in_use) VALUES (1540, 'PBZ', 0);
INSERT INTO qr_key (id, "key", in_use) VALUES (1541, 'QXW', 0);
INSERT INTO qr_key (id, "key", in_use) VALUES (1542, 'FUD', 0);
INSERT INTO qr_key (id, "key", in_use) VALUES (1543, 'NIY', 0);
INSERT INTO qr_key (id, "key", in_use) VALUES (1544, 'ACA', 0);
INSERT INTO qr_key (id, "key", in_use) VALUES (1545, 'PNU', 0);
INSERT INTO qr_key (id, "key", in_use) VALUES (1546, 'TFG', 0);
INSERT INTO qr_key (id, "key", in_use) VALUES (1547, 'FTE', 0);
INSERT INTO qr_key (id, "key", in_use) VALUES (1548, 'AVS', 0);
INSERT INTO qr_key (id, "key", in_use) VALUES (1549, 'GSW', 0);
INSERT INTO qr_key (id, "key", in_use) VALUES (1550, 'RPA', 0);
INSERT INTO qr_key (id, "key", in_use) VALUES (1551, 'YKK', 0);
INSERT INTO qr_key (id, "key", in_use) VALUES (1552, 'DBG', 0);
INSERT INTO qr_key (id, "key", in_use) VALUES (1553, 'UPZ', 0);
INSERT INTO qr_key (id, "key", in_use) VALUES (1554, 'CJP', 0);
INSERT INTO qr_key (id, "key", in_use) VALUES (1555, 'JCK', 0);
INSERT INTO qr_key (id, "key", in_use) VALUES (1556, 'LRI', 0);
INSERT INTO qr_key (id, "key", in_use) VALUES (1557, 'OEK', 0);
INSERT INTO qr_key (id, "key", in_use) VALUES (1558, 'HBG', 0);
INSERT INTO qr_key (id, "key", in_use) VALUES (1559, 'RGU', 0);
INSERT INTO qr_key (id, "key", in_use) VALUES (1560, 'JPR', 0);
INSERT INTO qr_key (id, "key", in_use) VALUES (1561, 'JQP', 0);
INSERT INTO qr_key (id, "key", in_use) VALUES (1562, 'NEB', 0);
INSERT INTO qr_key (id, "key", in_use) VALUES (1563, 'FVT', 0);
INSERT INTO qr_key (id, "key", in_use) VALUES (1564, 'HIP', 0);
INSERT INTO qr_key (id, "key", in_use) VALUES (1565, 'XUP', 0);
INSERT INTO qr_key (id, "key", in_use) VALUES (1566, 'FOG', 0);
INSERT INTO qr_key (id, "key", in_use) VALUES (1567, 'MYK', 0);
INSERT INTO qr_key (id, "key", in_use) VALUES (1568, 'LTE', 0);
INSERT INTO qr_key (id, "key", in_use) VALUES (1569, 'LXI', 0);
INSERT INTO qr_key (id, "key", in_use) VALUES (1570, 'AZJ', 0);
INSERT INTO qr_key (id, "key", in_use) VALUES (1571, 'SDZ', 0);
INSERT INTO qr_key (id, "key", in_use) VALUES (1572, 'XBP', 0);
INSERT INTO qr_key (id, "key", in_use) VALUES (1573, 'VFD', 0);
INSERT INTO qr_key (id, "key", in_use) VALUES (1574, 'QTD', 0);
INSERT INTO qr_key (id, "key", in_use) VALUES (1575, 'QAE', 0);
INSERT INTO qr_key (id, "key", in_use) VALUES (1576, 'SYB', 0);
INSERT INTO qr_key (id, "key", in_use) VALUES (1577, 'SDK', 0);
INSERT INTO qr_key (id, "key", in_use) VALUES (1578, 'PNX', 0);
INSERT INTO qr_key (id, "key", in_use) VALUES (1579, 'TFL', 0);
INSERT INTO qr_key (id, "key", in_use) VALUES (1580, 'XQE', 0);
INSERT INTO qr_key (id, "key", in_use) VALUES (1581, 'MMA', 0);
INSERT INTO qr_key (id, "key", in_use) VALUES (1582, 'WNK', 0);
INSERT INTO qr_key (id, "key", in_use) VALUES (1583, 'JSS', 0);
INSERT INTO qr_key (id, "key", in_use) VALUES (1584, 'OOC', 0);
INSERT INTO qr_key (id, "key", in_use) VALUES (1585, 'YFA', 0);
INSERT INTO qr_key (id, "key", in_use) VALUES (1586, 'JIZ', 0);
INSERT INTO qr_key (id, "key", in_use) VALUES (1587, 'ZEC', 0);
INSERT INTO qr_key (id, "key", in_use) VALUES (1588, 'YJH', 0);
INSERT INTO qr_key (id, "key", in_use) VALUES (1589, 'ZUB', 0);
INSERT INTO qr_key (id, "key", in_use) VALUES (1590, 'OHF', 0);
INSERT INTO qr_key (id, "key", in_use) VALUES (1591, 'RNJ', 0);
INSERT INTO qr_key (id, "key", in_use) VALUES (1592, 'NUZ', 0);
INSERT INTO qr_key (id, "key", in_use) VALUES (1593, 'LUW', 0);
INSERT INTO qr_key (id, "key", in_use) VALUES (1594, 'IVZ', 0);
INSERT INTO qr_key (id, "key", in_use) VALUES (1595, 'LJH', 0);
INSERT INTO qr_key (id, "key", in_use) VALUES (1596, 'IOD', 0);
INSERT INTO qr_key (id, "key", in_use) VALUES (1597, 'UGS', 0);
INSERT INTO qr_key (id, "key", in_use) VALUES (1598, 'UOK', 0);
INSERT INTO qr_key (id, "key", in_use) VALUES (1599, 'BCC', 0);
INSERT INTO qr_key (id, "key", in_use) VALUES (1600, 'IUW', 0);
INSERT INTO qr_key (id, "key", in_use) VALUES (1601, 'JZS', 0);
INSERT INTO qr_key (id, "key", in_use) VALUES (1602, 'BEV', 0);
INSERT INTO qr_key (id, "key", in_use) VALUES (1603, 'IFD', 0);
INSERT INTO qr_key (id, "key", in_use) VALUES (1604, 'MOI', 0);
INSERT INTO qr_key (id, "key", in_use) VALUES (1605, 'FKP', 0);
INSERT INTO qr_key (id, "key", in_use) VALUES (1606, 'OOD', 0);
INSERT INTO qr_key (id, "key", in_use) VALUES (1607, 'ERT', 0);
INSERT INTO qr_key (id, "key", in_use) VALUES (1608, 'EKA', 0);
INSERT INTO qr_key (id, "key", in_use) VALUES (1609, 'NKN', 0);
INSERT INTO qr_key (id, "key", in_use) VALUES (1610, 'LLK', 0);
INSERT INTO qr_key (id, "key", in_use) VALUES (1611, 'WPR', 0);
INSERT INTO qr_key (id, "key", in_use) VALUES (1612, 'GHK', 0);
INSERT INTO qr_key (id, "key", in_use) VALUES (1613, 'DUL', 0);
INSERT INTO qr_key (id, "key", in_use) VALUES (1614, 'ZKU', 0);
INSERT INTO qr_key (id, "key", in_use) VALUES (1615, 'RTP', 0);
INSERT INTO qr_key (id, "key", in_use) VALUES (1616, 'HZV', 0);
INSERT INTO qr_key (id, "key", in_use) VALUES (1617, 'NUV', 0);
INSERT INTO qr_key (id, "key", in_use) VALUES (1618, 'SMP', 0);
INSERT INTO qr_key (id, "key", in_use) VALUES (1619, 'OUR', 0);
INSERT INTO qr_key (id, "key", in_use) VALUES (1620, 'VEV', 0);
INSERT INTO qr_key (id, "key", in_use) VALUES (1621, 'OTU', 0);
INSERT INTO qr_key (id, "key", in_use) VALUES (1622, 'PRT', 0);
INSERT INTO qr_key (id, "key", in_use) VALUES (1623, 'MRB', 0);
INSERT INTO qr_key (id, "key", in_use) VALUES (1624, 'CKS', 0);
INSERT INTO qr_key (id, "key", in_use) VALUES (1625, 'ZSV', 0);
INSERT INTO qr_key (id, "key", in_use) VALUES (1626, 'AEK', 0);
INSERT INTO qr_key (id, "key", in_use) VALUES (1627, 'TCY', 0);
INSERT INTO qr_key (id, "key", in_use) VALUES (1628, 'AXC', 0);
INSERT INTO qr_key (id, "key", in_use) VALUES (1629, 'JVM', 0);
INSERT INTO qr_key (id, "key", in_use) VALUES (1630, 'WPY', 0);
INSERT INTO qr_key (id, "key", in_use) VALUES (1631, 'ILW', 0);
INSERT INTO qr_key (id, "key", in_use) VALUES (1632, 'ETF', 0);
INSERT INTO qr_key (id, "key", in_use) VALUES (1633, 'XYK', 0);
INSERT INTO qr_key (id, "key", in_use) VALUES (1634, 'OXC', 0);
INSERT INTO qr_key (id, "key", in_use) VALUES (1635, 'SHN', 0);
INSERT INTO qr_key (id, "key", in_use) VALUES (1636, 'OLG', 0);
INSERT INTO qr_key (id, "key", in_use) VALUES (1637, 'VVZ', 0);
INSERT INTO qr_key (id, "key", in_use) VALUES (1638, 'FHY', 0);
INSERT INTO qr_key (id, "key", in_use) VALUES (1639, 'DSG', 0);
INSERT INTO qr_key (id, "key", in_use) VALUES (1640, 'WWQ', 0);
INSERT INTO qr_key (id, "key", in_use) VALUES (1641, 'VRC', 0);
INSERT INTO qr_key (id, "key", in_use) VALUES (1642, 'SRX', 0);
INSERT INTO qr_key (id, "key", in_use) VALUES (1643, 'AZR', 0);
INSERT INTO qr_key (id, "key", in_use) VALUES (1644, 'ESD', 0);
INSERT INTO qr_key (id, "key", in_use) VALUES (1645, 'AUO', 0);
INSERT INTO qr_key (id, "key", in_use) VALUES (1646, 'IHG', 0);
INSERT INTO qr_key (id, "key", in_use) VALUES (1647, 'LQP', 0);
INSERT INTO qr_key (id, "key", in_use) VALUES (1648, 'OON', 0);
INSERT INTO qr_key (id, "key", in_use) VALUES (1649, 'MXM', 0);
INSERT INTO qr_key (id, "key", in_use) VALUES (1650, 'MPN', 0);
INSERT INTO qr_key (id, "key", in_use) VALUES (1651, 'CWX', 0);
INSERT INTO qr_key (id, "key", in_use) VALUES (1652, 'ASO', 0);
INSERT INTO qr_key (id, "key", in_use) VALUES (1653, 'BDP', 0);
INSERT INTO qr_key (id, "key", in_use) VALUES (1654, 'CFD', 0);
INSERT INTO qr_key (id, "key", in_use) VALUES (1655, 'APC', 0);
INSERT INTO qr_key (id, "key", in_use) VALUES (1656, 'KXD', 0);
INSERT INTO qr_key (id, "key", in_use) VALUES (1657, 'IBG', 0);
INSERT INTO qr_key (id, "key", in_use) VALUES (1658, 'NEU', 0);
INSERT INTO qr_key (id, "key", in_use) VALUES (1659, 'BJA', 0);
INSERT INTO qr_key (id, "key", in_use) VALUES (1660, 'WMU', 0);
INSERT INTO qr_key (id, "key", in_use) VALUES (1661, 'YQA', 0);
INSERT INTO qr_key (id, "key", in_use) VALUES (1662, 'DOU', 0);
INSERT INTO qr_key (id, "key", in_use) VALUES (1663, 'YCD', 0);
INSERT INTO qr_key (id, "key", in_use) VALUES (1664, 'LWV', 0);
INSERT INTO qr_key (id, "key", in_use) VALUES (1665, 'HMT', 0);
INSERT INTO qr_key (id, "key", in_use) VALUES (1666, 'UAE', 0);
INSERT INTO qr_key (id, "key", in_use) VALUES (1667, 'HNA', 0);
INSERT INTO qr_key (id, "key", in_use) VALUES (1668, 'XEF', 0);
INSERT INTO qr_key (id, "key", in_use) VALUES (1669, 'NEF', 0);
INSERT INTO qr_key (id, "key", in_use) VALUES (1670, 'BEW', 0);
INSERT INTO qr_key (id, "key", in_use) VALUES (1671, 'MMI', 0);
INSERT INTO qr_key (id, "key", in_use) VALUES (1672, 'IGH', 0);
INSERT INTO qr_key (id, "key", in_use) VALUES (1673, 'QTY', 0);
INSERT INTO qr_key (id, "key", in_use) VALUES (1674, 'YSR', 0);
INSERT INTO qr_key (id, "key", in_use) VALUES (1675, 'GBV', 0);
INSERT INTO qr_key (id, "key", in_use) VALUES (1676, 'FUN', 0);
INSERT INTO qr_key (id, "key", in_use) VALUES (1677, 'AZL', 0);
INSERT INTO qr_key (id, "key", in_use) VALUES (1678, 'HYZ', 0);
INSERT INTO qr_key (id, "key", in_use) VALUES (1679, 'TJF', 0);
INSERT INTO qr_key (id, "key", in_use) VALUES (1680, 'WOH', 0);
INSERT INTO qr_key (id, "key", in_use) VALUES (1681, 'YBC', 0);
INSERT INTO qr_key (id, "key", in_use) VALUES (1682, 'WJZ', 0);
INSERT INTO qr_key (id, "key", in_use) VALUES (1683, 'CNN', 0);
INSERT INTO qr_key (id, "key", in_use) VALUES (1684, 'JIM', 0);
INSERT INTO qr_key (id, "key", in_use) VALUES (1685, 'MSM', 0);
INSERT INTO qr_key (id, "key", in_use) VALUES (1686, 'PWX', 0);
INSERT INTO qr_key (id, "key", in_use) VALUES (1687, 'MBF', 0);
INSERT INTO qr_key (id, "key", in_use) VALUES (1688, 'BQR', 0);
INSERT INTO qr_key (id, "key", in_use) VALUES (1689, 'HBT', 0);
INSERT INTO qr_key (id, "key", in_use) VALUES (1690, 'ZOS', 0);
INSERT INTO qr_key (id, "key", in_use) VALUES (1691, 'UNM', 0);
INSERT INTO qr_key (id, "key", in_use) VALUES (1692, 'SWP', 0);
INSERT INTO qr_key (id, "key", in_use) VALUES (1693, 'HLW', 0);
INSERT INTO qr_key (id, "key", in_use) VALUES (1694, 'JGK', 0);
INSERT INTO qr_key (id, "key", in_use) VALUES (1695, 'ERA', 0);
INSERT INTO qr_key (id, "key", in_use) VALUES (1696, 'RUT', 0);
INSERT INTO qr_key (id, "key", in_use) VALUES (1697, 'WRU', 0);
INSERT INTO qr_key (id, "key", in_use) VALUES (1698, 'TUF', 0);
INSERT INTO qr_key (id, "key", in_use) VALUES (1699, 'HCI', 0);
INSERT INTO qr_key (id, "key", in_use) VALUES (1700, 'TKT', 0);
INSERT INTO qr_key (id, "key", in_use) VALUES (1701, 'MGQ', 0);
INSERT INTO qr_key (id, "key", in_use) VALUES (1702, 'UXG', 0);
INSERT INTO qr_key (id, "key", in_use) VALUES (1703, 'FDW', 0);
INSERT INTO qr_key (id, "key", in_use) VALUES (1704, 'OFM', 0);
INSERT INTO qr_key (id, "key", in_use) VALUES (1705, 'VZP', 0);
INSERT INTO qr_key (id, "key", in_use) VALUES (1706, 'LWC', 0);
INSERT INTO qr_key (id, "key", in_use) VALUES (1707, 'XEV', 0);
INSERT INTO qr_key (id, "key", in_use) VALUES (1708, 'JAR', 0);
INSERT INTO qr_key (id, "key", in_use) VALUES (1709, 'QGT', 0);
INSERT INTO qr_key (id, "key", in_use) VALUES (1710, 'TUN', 0);
INSERT INTO qr_key (id, "key", in_use) VALUES (1711, 'AWM', 0);
INSERT INTO qr_key (id, "key", in_use) VALUES (1712, 'DDQ', 0);
INSERT INTO qr_key (id, "key", in_use) VALUES (1713, 'THV', 0);
INSERT INTO qr_key (id, "key", in_use) VALUES (1714, 'KPH', 0);
INSERT INTO qr_key (id, "key", in_use) VALUES (1715, 'HZI', 0);
INSERT INTO qr_key (id, "key", in_use) VALUES (1716, 'TXL', 0);
INSERT INTO qr_key (id, "key", in_use) VALUES (1717, 'NKE', 0);
INSERT INTO qr_key (id, "key", in_use) VALUES (1718, 'CJB', 0);
INSERT INTO qr_key (id, "key", in_use) VALUES (1719, 'BUK', 0);
INSERT INTO qr_key (id, "key", in_use) VALUES (1720, 'LTR', 0);
INSERT INTO qr_key (id, "key", in_use) VALUES (1721, 'KLN', 0);
INSERT INTO qr_key (id, "key", in_use) VALUES (1722, 'PUR', 0);
INSERT INTO qr_key (id, "key", in_use) VALUES (1723, 'WOF', 0);
INSERT INTO qr_key (id, "key", in_use) VALUES (1724, 'EYG', 0);
INSERT INTO qr_key (id, "key", in_use) VALUES (1725, 'PBA', 0);
INSERT INTO qr_key (id, "key", in_use) VALUES (1726, 'OSK', 0);
INSERT INTO qr_key (id, "key", in_use) VALUES (1727, 'QOB', 0);
INSERT INTO qr_key (id, "key", in_use) VALUES (1728, 'KHI', 0);
INSERT INTO qr_key (id, "key", in_use) VALUES (1729, 'FAD', 0);
INSERT INTO qr_key (id, "key", in_use) VALUES (1730, 'AQT', 0);
INSERT INTO qr_key (id, "key", in_use) VALUES (1731, 'ROY', 0);
INSERT INTO qr_key (id, "key", in_use) VALUES (1732, 'TFQ', 0);
INSERT INTO qr_key (id, "key", in_use) VALUES (1733, 'AFP', 0);
INSERT INTO qr_key (id, "key", in_use) VALUES (1734, 'KHZ', 0);
INSERT INTO qr_key (id, "key", in_use) VALUES (1735, 'HEC', 0);
INSERT INTO qr_key (id, "key", in_use) VALUES (1736, 'SLA', 0);
INSERT INTO qr_key (id, "key", in_use) VALUES (1737, 'NGA', 0);
INSERT INTO qr_key (id, "key", in_use) VALUES (1738, 'BFU', 0);
INSERT INTO qr_key (id, "key", in_use) VALUES (1739, 'UDR', 0);
INSERT INTO qr_key (id, "key", in_use) VALUES (1740, 'AHE', 0);
INSERT INTO qr_key (id, "key", in_use) VALUES (1741, 'CNW', 0);
INSERT INTO qr_key (id, "key", in_use) VALUES (1742, 'JAF', 0);
INSERT INTO qr_key (id, "key", in_use) VALUES (1743, 'ABH', 0);
INSERT INTO qr_key (id, "key", in_use) VALUES (1744, 'POU', 0);
INSERT INTO qr_key (id, "key", in_use) VALUES (1745, 'GRI', 0);
INSERT INTO qr_key (id, "key", in_use) VALUES (1746, 'ESS', 0);
INSERT INTO qr_key (id, "key", in_use) VALUES (1747, 'IIJ', 0);
INSERT INTO qr_key (id, "key", in_use) VALUES (1748, 'QPB', 0);
INSERT INTO qr_key (id, "key", in_use) VALUES (1749, 'TEX', 0);
INSERT INTO qr_key (id, "key", in_use) VALUES (1750, 'NUC', 0);
INSERT INTO qr_key (id, "key", in_use) VALUES (1751, 'EAQ', 0);
INSERT INTO qr_key (id, "key", in_use) VALUES (1752, 'WFE', 0);
INSERT INTO qr_key (id, "key", in_use) VALUES (1753, 'YXM', 0);
INSERT INTO qr_key (id, "key", in_use) VALUES (1754, 'HJX', 0);
INSERT INTO qr_key (id, "key", in_use) VALUES (1755, 'XMC', 0);
INSERT INTO qr_key (id, "key", in_use) VALUES (1756, 'YIU', 0);
INSERT INTO qr_key (id, "key", in_use) VALUES (1757, 'GIE', 0);
INSERT INTO qr_key (id, "key", in_use) VALUES (1758, 'OYF', 0);
INSERT INTO qr_key (id, "key", in_use) VALUES (1759, 'FDR', 0);
INSERT INTO qr_key (id, "key", in_use) VALUES (1760, 'PII', 0);
INSERT INTO qr_key (id, "key", in_use) VALUES (1761, 'DZJ', 0);
INSERT INTO qr_key (id, "key", in_use) VALUES (1762, 'CIA', 0);
INSERT INTO qr_key (id, "key", in_use) VALUES (1763, 'WOE', 0);
INSERT INTO qr_key (id, "key", in_use) VALUES (1764, 'RRU', 0);
INSERT INTO qr_key (id, "key", in_use) VALUES (1765, 'EZZ', 0);
INSERT INTO qr_key (id, "key", in_use) VALUES (1766, 'SNE', 0);
INSERT INTO qr_key (id, "key", in_use) VALUES (1767, 'MMR', 0);
INSERT INTO qr_key (id, "key", in_use) VALUES (1768, 'IXJ', 0);
INSERT INTO qr_key (id, "key", in_use) VALUES (1769, 'LHT', 0);
INSERT INTO qr_key (id, "key", in_use) VALUES (1770, 'BKO', 0);
INSERT INTO qr_key (id, "key", in_use) VALUES (1771, 'EBT', 0);
INSERT INTO qr_key (id, "key", in_use) VALUES (1772, 'ERR', 0);
INSERT INTO qr_key (id, "key", in_use) VALUES (1773, 'UAD', 0);
INSERT INTO qr_key (id, "key", in_use) VALUES (1774, 'ZKH', 0);
INSERT INTO qr_key (id, "key", in_use) VALUES (1775, 'MOZ', 0);
INSERT INTO qr_key (id, "key", in_use) VALUES (1776, 'UVN', 0);
INSERT INTO qr_key (id, "key", in_use) VALUES (1777, 'JQQ', 0);
INSERT INTO qr_key (id, "key", in_use) VALUES (1778, 'ZIB', 0);
INSERT INTO qr_key (id, "key", in_use) VALUES (1779, 'VYK', 0);
INSERT INTO qr_key (id, "key", in_use) VALUES (1780, 'MGK', 0);
INSERT INTO qr_key (id, "key", in_use) VALUES (1781, 'CLX', 0);
INSERT INTO qr_key (id, "key", in_use) VALUES (1782, 'UDE', 0);
INSERT INTO qr_key (id, "key", in_use) VALUES (1783, 'PFD', 0);
INSERT INTO qr_key (id, "key", in_use) VALUES (1784, 'SBR', 0);
INSERT INTO qr_key (id, "key", in_use) VALUES (1785, 'IHA', 0);
INSERT INTO qr_key (id, "key", in_use) VALUES (1786, 'RFO', 0);
INSERT INTO qr_key (id, "key", in_use) VALUES (1787, 'GPX', 0);
INSERT INTO qr_key (id, "key", in_use) VALUES (1788, 'UPY', 0);
INSERT INTO qr_key (id, "key", in_use) VALUES (1789, 'PXR', 0);
INSERT INTO qr_key (id, "key", in_use) VALUES (1790, 'ONC', 0);
INSERT INTO qr_key (id, "key", in_use) VALUES (1791, 'BSD', 0);
INSERT INTO qr_key (id, "key", in_use) VALUES (1792, 'MOM', 0);
INSERT INTO qr_key (id, "key", in_use) VALUES (1793, 'LUJ', 0);
INSERT INTO qr_key (id, "key", in_use) VALUES (1794, 'LPL', 0);
INSERT INTO qr_key (id, "key", in_use) VALUES (1795, 'VLI', 0);
INSERT INTO qr_key (id, "key", in_use) VALUES (1796, 'TBS', 0);
INSERT INTO qr_key (id, "key", in_use) VALUES (1797, 'KYL', 0);
INSERT INTO qr_key (id, "key", in_use) VALUES (1798, 'JJW', 0);
INSERT INTO qr_key (id, "key", in_use) VALUES (1799, 'NSW', 0);
INSERT INTO qr_key (id, "key", in_use) VALUES (1800, 'FMU', 0);
INSERT INTO qr_key (id, "key", in_use) VALUES (1801, 'CWF', 0);
INSERT INTO qr_key (id, "key", in_use) VALUES (1802, 'VGA', 0);
INSERT INTO qr_key (id, "key", in_use) VALUES (1803, 'DJS', 0);
INSERT INTO qr_key (id, "key", in_use) VALUES (1804, 'LZG', 0);
INSERT INTO qr_key (id, "key", in_use) VALUES (1805, 'XMB', 0);
INSERT INTO qr_key (id, "key", in_use) VALUES (1806, 'FXV', 0);
INSERT INTO qr_key (id, "key", in_use) VALUES (1807, 'SIX', 0);
INSERT INTO qr_key (id, "key", in_use) VALUES (1808, 'LVZ', 0);
INSERT INTO qr_key (id, "key", in_use) VALUES (1809, 'HQO', 0);
INSERT INTO qr_key (id, "key", in_use) VALUES (1810, 'ULX', 0);
INSERT INTO qr_key (id, "key", in_use) VALUES (1811, 'XQL', 0);
INSERT INTO qr_key (id, "key", in_use) VALUES (1812, 'OFF', 0);
INSERT INTO qr_key (id, "key", in_use) VALUES (1813, 'FJB', 0);
INSERT INTO qr_key (id, "key", in_use) VALUES (1814, 'MIW', 0);
INSERT INTO qr_key (id, "key", in_use) VALUES (1815, 'MLA', 0);
INSERT INTO qr_key (id, "key", in_use) VALUES (1816, 'VKA', 0);
INSERT INTO qr_key (id, "key", in_use) VALUES (1817, 'OJJ', 0);
INSERT INTO qr_key (id, "key", in_use) VALUES (1818, 'JPE', 0);
INSERT INTO qr_key (id, "key", in_use) VALUES (1819, 'NSN', 0);
INSERT INTO qr_key (id, "key", in_use) VALUES (1820, 'RFQ', 0);
INSERT INTO qr_key (id, "key", in_use) VALUES (1821, 'PZT', 0);
INSERT INTO qr_key (id, "key", in_use) VALUES (1822, 'AXO', 0);
INSERT INTO qr_key (id, "key", in_use) VALUES (1823, 'WZZ', 0);
INSERT INTO qr_key (id, "key", in_use) VALUES (1824, 'FMN', 0);
INSERT INTO qr_key (id, "key", in_use) VALUES (1825, 'WHD', 0);
INSERT INTO qr_key (id, "key", in_use) VALUES (1826, 'MQL', 0);
INSERT INTO qr_key (id, "key", in_use) VALUES (1827, 'RLV', 0);
INSERT INTO qr_key (id, "key", in_use) VALUES (1828, 'ZUL', 0);
INSERT INTO qr_key (id, "key", in_use) VALUES (1829, 'QVA', 0);
INSERT INTO qr_key (id, "key", in_use) VALUES (1830, 'HHY', 0);
INSERT INTO qr_key (id, "key", in_use) VALUES (1831, 'ECT', 0);
INSERT INTO qr_key (id, "key", in_use) VALUES (1832, 'HCQ', 0);
INSERT INTO qr_key (id, "key", in_use) VALUES (1833, 'GKW', 0);
INSERT INTO qr_key (id, "key", in_use) VALUES (1834, 'CIC', 0);
INSERT INTO qr_key (id, "key", in_use) VALUES (1835, 'BBA', 0);
INSERT INTO qr_key (id, "key", in_use) VALUES (1836, 'MHB', 0);
INSERT INTO qr_key (id, "key", in_use) VALUES (1837, 'ENJ', 0);
INSERT INTO qr_key (id, "key", in_use) VALUES (1838, 'ANM', 0);
INSERT INTO qr_key (id, "key", in_use) VALUES (1839, 'ZAE', 0);
INSERT INTO qr_key (id, "key", in_use) VALUES (1840, 'UBN', 0);
INSERT INTO qr_key (id, "key", in_use) VALUES (1841, 'EID', 0);
INSERT INTO qr_key (id, "key", in_use) VALUES (1842, 'DRH', 0);
INSERT INTO qr_key (id, "key", in_use) VALUES (1843, 'WPX', 0);
INSERT INTO qr_key (id, "key", in_use) VALUES (1844, 'IRJ', 0);
INSERT INTO qr_key (id, "key", in_use) VALUES (1845, 'IVR', 0);
INSERT INTO qr_key (id, "key", in_use) VALUES (1846, 'OLC', 0);
INSERT INTO qr_key (id, "key", in_use) VALUES (1847, 'FGS', 0);
INSERT INTO qr_key (id, "key", in_use) VALUES (1848, 'EXL', 0);
INSERT INTO qr_key (id, "key", in_use) VALUES (1849, 'TRH', 0);
INSERT INTO qr_key (id, "key", in_use) VALUES (1850, 'QWM', 0);
INSERT INTO qr_key (id, "key", in_use) VALUES (1851, 'WXA', 0);
INSERT INTO qr_key (id, "key", in_use) VALUES (1852, 'BPZ', 0);
INSERT INTO qr_key (id, "key", in_use) VALUES (1853, 'EQE', 0);
INSERT INTO qr_key (id, "key", in_use) VALUES (1854, 'DFX', 0);
INSERT INTO qr_key (id, "key", in_use) VALUES (1855, 'TXV', 0);
INSERT INTO qr_key (id, "key", in_use) VALUES (1856, 'DVW', 0);
INSERT INTO qr_key (id, "key", in_use) VALUES (1857, 'HFH', 0);
INSERT INTO qr_key (id, "key", in_use) VALUES (1858, 'UFI', 0);
INSERT INTO qr_key (id, "key", in_use) VALUES (1859, 'KJZ', 0);
INSERT INTO qr_key (id, "key", in_use) VALUES (1860, 'LLP', 0);
INSERT INTO qr_key (id, "key", in_use) VALUES (1861, 'RLL', 0);
INSERT INTO qr_key (id, "key", in_use) VALUES (1862, 'UUD', 0);
INSERT INTO qr_key (id, "key", in_use) VALUES (1863, 'YOJ', 0);
INSERT INTO qr_key (id, "key", in_use) VALUES (1864, 'XJA', 0);
INSERT INTO qr_key (id, "key", in_use) VALUES (1865, 'CLO', 0);
INSERT INTO qr_key (id, "key", in_use) VALUES (1866, 'OBL', 0);
INSERT INTO qr_key (id, "key", in_use) VALUES (1867, 'ABM', 0);
INSERT INTO qr_key (id, "key", in_use) VALUES (1868, 'AQB', 0);
INSERT INTO qr_key (id, "key", in_use) VALUES (1869, 'ERJ', 0);
INSERT INTO qr_key (id, "key", in_use) VALUES (1870, 'LRE', 0);
INSERT INTO qr_key (id, "key", in_use) VALUES (1871, 'GOL', 0);
INSERT INTO qr_key (id, "key", in_use) VALUES (1872, 'SBE', 0);
INSERT INTO qr_key (id, "key", in_use) VALUES (1873, 'ETD', 0);
INSERT INTO qr_key (id, "key", in_use) VALUES (1874, 'HOK', 0);
INSERT INTO qr_key (id, "key", in_use) VALUES (1875, 'HRG', 0);
INSERT INTO qr_key (id, "key", in_use) VALUES (1876, 'WRP', 0);
INSERT INTO qr_key (id, "key", in_use) VALUES (1877, 'BNS', 0);
INSERT INTO qr_key (id, "key", in_use) VALUES (1878, 'GNE', 0);
INSERT INTO qr_key (id, "key", in_use) VALUES (1879, 'KWD', 0);
INSERT INTO qr_key (id, "key", in_use) VALUES (1880, 'EEJ', 0);
INSERT INTO qr_key (id, "key", in_use) VALUES (1881, 'EEG', 0);
INSERT INTO qr_key (id, "key", in_use) VALUES (1882, 'EWN', 0);
INSERT INTO qr_key (id, "key", in_use) VALUES (1883, 'VED', 0);
INSERT INTO qr_key (id, "key", in_use) VALUES (1884, 'LDX', 0);
INSERT INTO qr_key (id, "key", in_use) VALUES (1885, 'PZZ', 0);
INSERT INTO qr_key (id, "key", in_use) VALUES (1886, 'SDN', 0);
INSERT INTO qr_key (id, "key", in_use) VALUES (1887, 'QLL', 0);
INSERT INTO qr_key (id, "key", in_use) VALUES (1888, 'OYC', 0);
INSERT INTO qr_key (id, "key", in_use) VALUES (1889, 'WCX', 0);
INSERT INTO qr_key (id, "key", in_use) VALUES (1890, 'TMU', 0);
INSERT INTO qr_key (id, "key", in_use) VALUES (1891, 'QEN', 0);
INSERT INTO qr_key (id, "key", in_use) VALUES (1892, 'SFI', 0);
INSERT INTO qr_key (id, "key", in_use) VALUES (1893, 'QLA', 0);
INSERT INTO qr_key (id, "key", in_use) VALUES (1894, 'HIC', 0);
INSERT INTO qr_key (id, "key", in_use) VALUES (1895, 'ZFK', 0);
INSERT INTO qr_key (id, "key", in_use) VALUES (1896, 'PVF', 0);
INSERT INTO qr_key (id, "key", in_use) VALUES (1897, 'BHA', 0);
INSERT INTO qr_key (id, "key", in_use) VALUES (1898, 'XXS', 0);
INSERT INTO qr_key (id, "key", in_use) VALUES (1899, 'IZY', 0);
INSERT INTO qr_key (id, "key", in_use) VALUES (1900, 'MBZ', 0);
INSERT INTO qr_key (id, "key", in_use) VALUES (1901, 'NGG', 0);
INSERT INTO qr_key (id, "key", in_use) VALUES (1902, 'OVW', 0);
INSERT INTO qr_key (id, "key", in_use) VALUES (1903, 'INF', 0);
INSERT INTO qr_key (id, "key", in_use) VALUES (1904, 'MQO', 0);
INSERT INTO qr_key (id, "key", in_use) VALUES (1905, 'XQA', 0);
INSERT INTO qr_key (id, "key", in_use) VALUES (1906, 'BQT', 0);
INSERT INTO qr_key (id, "key", in_use) VALUES (1907, 'AHL', 0);
INSERT INTO qr_key (id, "key", in_use) VALUES (1908, 'NPJ', 0);
INSERT INTO qr_key (id, "key", in_use) VALUES (1909, 'AYB', 0);
INSERT INTO qr_key (id, "key", in_use) VALUES (1910, 'RAV', 0);
INSERT INTO qr_key (id, "key", in_use) VALUES (1911, 'OZQ', 0);
INSERT INTO qr_key (id, "key", in_use) VALUES (1912, 'GFI', 0);
INSERT INTO qr_key (id, "key", in_use) VALUES (1913, 'ARF', 0);
INSERT INTO qr_key (id, "key", in_use) VALUES (1914, 'BEU', 0);
INSERT INTO qr_key (id, "key", in_use) VALUES (1915, 'OXD', 0);
INSERT INTO qr_key (id, "key", in_use) VALUES (1916, 'UFW', 0);
INSERT INTO qr_key (id, "key", in_use) VALUES (1917, 'CHE', 0);
INSERT INTO qr_key (id, "key", in_use) VALUES (1918, 'LEF', 0);
INSERT INTO qr_key (id, "key", in_use) VALUES (1919, 'LNN', 0);
INSERT INTO qr_key (id, "key", in_use) VALUES (1920, 'HCM', 0);
INSERT INTO qr_key (id, "key", in_use) VALUES (1921, 'DWW', 0);
INSERT INTO qr_key (id, "key", in_use) VALUES (1922, 'SOC', 0);
INSERT INTO qr_key (id, "key", in_use) VALUES (1923, 'XRE', 0);
INSERT INTO qr_key (id, "key", in_use) VALUES (1924, 'KZQ', 0);
INSERT INTO qr_key (id, "key", in_use) VALUES (1925, 'XJD', 0);
INSERT INTO qr_key (id, "key", in_use) VALUES (1926, 'VLD', 0);
INSERT INTO qr_key (id, "key", in_use) VALUES (1927, 'GUZ', 0);
INSERT INTO qr_key (id, "key", in_use) VALUES (1928, 'CFJ', 0);
INSERT INTO qr_key (id, "key", in_use) VALUES (1929, 'EMV', 0);
INSERT INTO qr_key (id, "key", in_use) VALUES (1930, 'YXC', 0);
INSERT INTO qr_key (id, "key", in_use) VALUES (1931, 'SCQ', 0);
INSERT INTO qr_key (id, "key", in_use) VALUES (1932, 'PHL', 0);
INSERT INTO qr_key (id, "key", in_use) VALUES (1933, 'PEV', 0);
INSERT INTO qr_key (id, "key", in_use) VALUES (1934, 'YYI', 0);
INSERT INTO qr_key (id, "key", in_use) VALUES (1935, 'MPU', 0);
INSERT INTO qr_key (id, "key", in_use) VALUES (1936, 'ABO', 0);
INSERT INTO qr_key (id, "key", in_use) VALUES (1937, 'QLR', 0);
INSERT INTO qr_key (id, "key", in_use) VALUES (1938, 'PTV', 0);
INSERT INTO qr_key (id, "key", in_use) VALUES (1939, 'UXA', 0);
INSERT INTO qr_key (id, "key", in_use) VALUES (1940, 'YYB', 0);
INSERT INTO qr_key (id, "key", in_use) VALUES (1941, 'RLS', 0);
INSERT INTO qr_key (id, "key", in_use) VALUES (1942, 'EDV', 0);
INSERT INTO qr_key (id, "key", in_use) VALUES (1943, 'RQN', 0);
INSERT INTO qr_key (id, "key", in_use) VALUES (1944, 'LMU', 0);
INSERT INTO qr_key (id, "key", in_use) VALUES (1945, 'ESX', 0);
INSERT INTO qr_key (id, "key", in_use) VALUES (1946, 'SZB', 0);
INSERT INTO qr_key (id, "key", in_use) VALUES (1947, 'FOD', 0);
INSERT INTO qr_key (id, "key", in_use) VALUES (1948, 'DLY', 0);
INSERT INTO qr_key (id, "key", in_use) VALUES (1949, 'FWA', 0);
INSERT INTO qr_key (id, "key", in_use) VALUES (1950, 'EVN', 0);
INSERT INTO qr_key (id, "key", in_use) VALUES (1951, 'ZMY', 0);
INSERT INTO qr_key (id, "key", in_use) VALUES (1952, 'HBQ', 0);
INSERT INTO qr_key (id, "key", in_use) VALUES (1953, 'YEO', 0);
INSERT INTO qr_key (id, "key", in_use) VALUES (1954, 'TDJ', 0);
INSERT INTO qr_key (id, "key", in_use) VALUES (1955, 'PGG', 0);
INSERT INTO qr_key (id, "key", in_use) VALUES (1956, 'JDX', 0);
INSERT INTO qr_key (id, "key", in_use) VALUES (1957, 'YWK', 0);
INSERT INTO qr_key (id, "key", in_use) VALUES (1958, 'MCW', 0);
INSERT INTO qr_key (id, "key", in_use) VALUES (1959, 'NLE', 0);
INSERT INTO qr_key (id, "key", in_use) VALUES (1960, 'EJS', 0);
INSERT INTO qr_key (id, "key", in_use) VALUES (1961, 'AWA', 0);
INSERT INTO qr_key (id, "key", in_use) VALUES (1962, 'MCV', 0);
INSERT INTO qr_key (id, "key", in_use) VALUES (1963, 'FCT', 0);
INSERT INTO qr_key (id, "key", in_use) VALUES (1964, 'HUZ', 0);
INSERT INTO qr_key (id, "key", in_use) VALUES (1965, 'SNX', 0);
INSERT INTO qr_key (id, "key", in_use) VALUES (1966, 'EDM', 0);
INSERT INTO qr_key (id, "key", in_use) VALUES (1967, 'CFZ', 0);
INSERT INTO qr_key (id, "key", in_use) VALUES (1968, 'IFU', 0);
INSERT INTO qr_key (id, "key", in_use) VALUES (1969, 'WVK', 0);
INSERT INTO qr_key (id, "key", in_use) VALUES (1970, 'LPT', 0);
INSERT INTO qr_key (id, "key", in_use) VALUES (1971, 'EPT', 0);
INSERT INTO qr_key (id, "key", in_use) VALUES (1972, 'GKV', 0);
INSERT INTO qr_key (id, "key", in_use) VALUES (1973, 'GBD', 0);
INSERT INTO qr_key (id, "key", in_use) VALUES (1974, 'RQC', 0);
INSERT INTO qr_key (id, "key", in_use) VALUES (1975, 'SAJ', 0);
INSERT INTO qr_key (id, "key", in_use) VALUES (1976, 'YSS', 0);
INSERT INTO qr_key (id, "key", in_use) VALUES (1977, 'JML', 0);
INSERT INTO qr_key (id, "key", in_use) VALUES (1978, 'KJG', 0);
INSERT INTO qr_key (id, "key", in_use) VALUES (1979, 'FUS', 0);
INSERT INTO qr_key (id, "key", in_use) VALUES (1980, 'MNC', 0);
INSERT INTO qr_key (id, "key", in_use) VALUES (1981, 'PWF', 0);
INSERT INTO qr_key (id, "key", in_use) VALUES (1982, 'TSF', 0);
INSERT INTO qr_key (id, "key", in_use) VALUES (1983, 'FJD', 0);
INSERT INTO qr_key (id, "key", in_use) VALUES (1984, 'VMP', 0);
INSERT INTO qr_key (id, "key", in_use) VALUES (1985, 'KCB', 0);
INSERT INTO qr_key (id, "key", in_use) VALUES (1986, 'RUW', 0);
INSERT INTO qr_key (id, "key", in_use) VALUES (1987, 'JJX', 0);
INSERT INTO qr_key (id, "key", in_use) VALUES (1988, 'EXT', 0);
INSERT INTO qr_key (id, "key", in_use) VALUES (1989, 'ZCG', 0);
INSERT INTO qr_key (id, "key", in_use) VALUES (1990, 'ZWC', 0);
INSERT INTO qr_key (id, "key", in_use) VALUES (1991, 'HBJ', 0);
INSERT INTO qr_key (id, "key", in_use) VALUES (1992, 'STH', 0);
INSERT INTO qr_key (id, "key", in_use) VALUES (1993, 'HPM', 0);
INSERT INTO qr_key (id, "key", in_use) VALUES (1994, 'EFI', 0);
INSERT INTO qr_key (id, "key", in_use) VALUES (1995, 'AEL', 0);
INSERT INTO qr_key (id, "key", in_use) VALUES (1996, 'WSM', 0);
INSERT INTO qr_key (id, "key", in_use) VALUES (1997, 'KHH', 0);
INSERT INTO qr_key (id, "key", in_use) VALUES (1998, 'KAC', 0);
INSERT INTO qr_key (id, "key", in_use) VALUES (1999, 'BJC', 0);
INSERT INTO qr_key (id, "key", in_use) VALUES (2000, 'QRP', 0);
INSERT INTO qr_key (id, "key", in_use) VALUES (2001, 'BIU', 0);
INSERT INTO qr_key (id, "key", in_use) VALUES (2002, 'AIU', 0);
INSERT INTO qr_key (id, "key", in_use) VALUES (2003, 'JBG', 0);
INSERT INTO qr_key (id, "key", in_use) VALUES (2004, 'YSD', 0);
INSERT INTO qr_key (id, "key", in_use) VALUES (2005, 'RTH', 0);
INSERT INTO qr_key (id, "key", in_use) VALUES (2006, 'ZCS', 0);
INSERT INTO qr_key (id, "key", in_use) VALUES (2007, 'USQ', 0);
INSERT INTO qr_key (id, "key", in_use) VALUES (2008, 'TLE', 0);
INSERT INTO qr_key (id, "key", in_use) VALUES (2009, 'FXA', 0);
INSERT INTO qr_key (id, "key", in_use) VALUES (2010, 'BMM', 0);
INSERT INTO qr_key (id, "key", in_use) VALUES (2011, 'CPT', 0);
INSERT INTO qr_key (id, "key", in_use) VALUES (2012, 'KUC', 0);
INSERT INTO qr_key (id, "key", in_use) VALUES (2013, 'SIG', 0);
INSERT INTO qr_key (id, "key", in_use) VALUES (2014, 'SQP', 0);
INSERT INTO qr_key (id, "key", in_use) VALUES (2015, 'HPX', 0);
INSERT INTO qr_key (id, "key", in_use) VALUES (2016, 'ZTH', 0);
INSERT INTO qr_key (id, "key", in_use) VALUES (2017, 'TTN', 0);
INSERT INTO qr_key (id, "key", in_use) VALUES (2018, 'TAV', 0);
INSERT INTO qr_key (id, "key", in_use) VALUES (2019, 'NYU', 0);
INSERT INTO qr_key (id, "key", in_use) VALUES (2020, 'MOX', 0);
INSERT INTO qr_key (id, "key", in_use) VALUES (2021, 'XBC', 0);
INSERT INTO qr_key (id, "key", in_use) VALUES (2022, 'LIY', 0);
INSERT INTO qr_key (id, "key", in_use) VALUES (2023, 'DNA', 0);
INSERT INTO qr_key (id, "key", in_use) VALUES (2024, 'TOG', 0);
INSERT INTO qr_key (id, "key", in_use) VALUES (2025, 'BKH', 0);
INSERT INTO qr_key (id, "key", in_use) VALUES (2026, 'LTX', 0);
INSERT INTO qr_key (id, "key", in_use) VALUES (2027, 'HCS', 0);
INSERT INTO qr_key (id, "key", in_use) VALUES (2028, 'PRD', 0);
INSERT INTO qr_key (id, "key", in_use) VALUES (2029, 'AAE', 0);
INSERT INTO qr_key (id, "key", in_use) VALUES (2030, 'JMO', 0);
INSERT INTO qr_key (id, "key", in_use) VALUES (2031, 'NEW', 0);
INSERT INTO qr_key (id, "key", in_use) VALUES (2032, 'VXO', 0);
INSERT INTO qr_key (id, "key", in_use) VALUES (2033, 'VWH', 0);
INSERT INTO qr_key (id, "key", in_use) VALUES (2034, 'RAI', 0);
INSERT INTO qr_key (id, "key", in_use) VALUES (2035, 'VWW', 0);
INSERT INTO qr_key (id, "key", in_use) VALUES (2036, 'WKB', 0);
INSERT INTO qr_key (id, "key", in_use) VALUES (2037, 'HLD', 0);
INSERT INTO qr_key (id, "key", in_use) VALUES (2038, 'WUE', 0);
INSERT INTO qr_key (id, "key", in_use) VALUES (2039, 'ZFU', 0);
INSERT INTO qr_key (id, "key", in_use) VALUES (2040, 'FZB', 0);
INSERT INTO qr_key (id, "key", in_use) VALUES (2041, 'INA', 0);
INSERT INTO qr_key (id, "key", in_use) VALUES (2042, 'COF', 0);
INSERT INTO qr_key (id, "key", in_use) VALUES (2043, 'XRG', 0);
INSERT INTO qr_key (id, "key", in_use) VALUES (2044, 'KAO', 0);
INSERT INTO qr_key (id, "key", in_use) VALUES (2045, 'ADE', 0);
INSERT INTO qr_key (id, "key", in_use) VALUES (2046, 'GFC', 0);
INSERT INTO qr_key (id, "key", in_use) VALUES (2047, 'GXD', 0);
INSERT INTO qr_key (id, "key", in_use) VALUES (2048, 'IPM', 0);
INSERT INTO qr_key (id, "key", in_use) VALUES (2049, 'AUF', 0);
INSERT INTO qr_key (id, "key", in_use) VALUES (2050, 'WNN', 0);
INSERT INTO qr_key (id, "key", in_use) VALUES (2051, 'VTN', 0);
INSERT INTO qr_key (id, "key", in_use) VALUES (2052, 'DGG', 0);
INSERT INTO qr_key (id, "key", in_use) VALUES (2053, 'LOX', 0);
INSERT INTO qr_key (id, "key", in_use) VALUES (2054, 'HDB', 0);
INSERT INTO qr_key (id, "key", in_use) VALUES (2055, 'RSV', 0);
INSERT INTO qr_key (id, "key", in_use) VALUES (2056, 'JSW', 0);
INSERT INTO qr_key (id, "key", in_use) VALUES (2057, 'BHV', 0);
INSERT INTO qr_key (id, "key", in_use) VALUES (2058, 'TKB', 0);
INSERT INTO qr_key (id, "key", in_use) VALUES (2059, 'XTS', 0);
INSERT INTO qr_key (id, "key", in_use) VALUES (2060, 'IUE', 0);
INSERT INTO qr_key (id, "key", in_use) VALUES (2061, 'QQQ', 0);
INSERT INTO qr_key (id, "key", in_use) VALUES (2062, 'XKP', 0);
INSERT INTO qr_key (id, "key", in_use) VALUES (2063, 'UQR', 0);
INSERT INTO qr_key (id, "key", in_use) VALUES (2064, 'CUQ', 0);
INSERT INTO qr_key (id, "key", in_use) VALUES (2065, 'SXU', 0);
INSERT INTO qr_key (id, "key", in_use) VALUES (2066, 'JVJ', 0);
INSERT INTO qr_key (id, "key", in_use) VALUES (2067, 'XSE', 0);
INSERT INTO qr_key (id, "key", in_use) VALUES (2068, 'COU', 0);
INSERT INTO qr_key (id, "key", in_use) VALUES (2069, 'CCW', 0);
INSERT INTO qr_key (id, "key", in_use) VALUES (2070, 'JUC', 0);
INSERT INTO qr_key (id, "key", in_use) VALUES (2071, 'SZX', 0);
INSERT INTO qr_key (id, "key", in_use) VALUES (2072, 'TIA', 0);
INSERT INTO qr_key (id, "key", in_use) VALUES (2073, 'IIB', 0);
INSERT INTO qr_key (id, "key", in_use) VALUES (2074, 'RML', 0);
INSERT INTO qr_key (id, "key", in_use) VALUES (2075, 'TXQ', 0);
INSERT INTO qr_key (id, "key", in_use) VALUES (2076, 'YFZ', 0);
INSERT INTO qr_key (id, "key", in_use) VALUES (2077, 'VRQ', 0);
INSERT INTO qr_key (id, "key", in_use) VALUES (2078, 'AGG', 0);
INSERT INTO qr_key (id, "key", in_use) VALUES (2079, 'PPX', 0);
INSERT INTO qr_key (id, "key", in_use) VALUES (2080, 'SEA', 0);
INSERT INTO qr_key (id, "key", in_use) VALUES (2081, 'RTR', 0);
INSERT INTO qr_key (id, "key", in_use) VALUES (2082, 'RDC', 0);
INSERT INTO qr_key (id, "key", in_use) VALUES (2083, 'CPU', 0);
INSERT INTO qr_key (id, "key", in_use) VALUES (2084, 'RHC', 0);
INSERT INTO qr_key (id, "key", in_use) VALUES (2085, 'AEI', 0);
INSERT INTO qr_key (id, "key", in_use) VALUES (2086, 'LLT', 0);
INSERT INTO qr_key (id, "key", in_use) VALUES (2087, 'JHG', 0);
INSERT INTO qr_key (id, "key", in_use) VALUES (2088, 'EMG', 0);
INSERT INTO qr_key (id, "key", in_use) VALUES (2089, 'USJ', 0);
INSERT INTO qr_key (id, "key", in_use) VALUES (2090, 'PIR', 0);
INSERT INTO qr_key (id, "key", in_use) VALUES (2091, 'JRT', 0);
INSERT INTO qr_key (id, "key", in_use) VALUES (2092, 'HGO', 0);
INSERT INTO qr_key (id, "key", in_use) VALUES (2093, 'CNC', 0);
INSERT INTO qr_key (id, "key", in_use) VALUES (2094, 'YUX', 0);
INSERT INTO qr_key (id, "key", in_use) VALUES (2095, 'ATJ', 0);
INSERT INTO qr_key (id, "key", in_use) VALUES (2096, 'LZR', 0);
INSERT INTO qr_key (id, "key", in_use) VALUES (2097, 'GZI', 0);
INSERT INTO qr_key (id, "key", in_use) VALUES (2098, 'LIK', 0);
INSERT INTO qr_key (id, "key", in_use) VALUES (2099, 'QIX', 0);
INSERT INTO qr_key (id, "key", in_use) VALUES (2100, 'VFB', 0);
INSERT INTO qr_key (id, "key", in_use) VALUES (2101, 'OUH', 0);
INSERT INTO qr_key (id, "key", in_use) VALUES (2102, 'EOG', 0);
INSERT INTO qr_key (id, "key", in_use) VALUES (2103, 'NXK', 0);
INSERT INTO qr_key (id, "key", in_use) VALUES (2104, 'CTK', 0);
INSERT INTO qr_key (id, "key", in_use) VALUES (2105, 'UNW', 0);
INSERT INTO qr_key (id, "key", in_use) VALUES (2106, 'NZK', 0);

-- Table: region
DROP TABLE IF EXISTS region;
CREATE TABLE region (location INTEGER REFERENCES location (id) ON DELETE CASCADE ON UPDATE CASCADE NOT NULL, region INTEGER REFERENCES location (id) ON DELETE RESTRICT ON UPDATE RESTRICT NOT NULL, UNIQUE (location, region));
INSERT INTO region (location, region) VALUES (2, 3);
INSERT INTO region (location, region) VALUES (1, 3);
INSERT INTO region (location, region) VALUES (8, 3);
INSERT INTO region (location, region) VALUES (7, 3);
INSERT INTO region (location, region) VALUES (6, 3);
INSERT INTO region (location, region) VALUES (5, 3);
INSERT INTO region (location, region) VALUES (4, 3);
INSERT INTO region (location, region) VALUES (3, 9);
INSERT INTO region (location, region) VALUES (1, 9);
INSERT INTO region (location, region) VALUES (2, 9);
INSERT INTO region (location, region) VALUES (4, 9);
INSERT INTO region (location, region) VALUES (5, 9);
INSERT INTO region (location, region) VALUES (6, 9);
INSERT INTO region (location, region) VALUES (7, 9);
INSERT INTO region (location, region) VALUES (8, 9);
INSERT INTO region (location, region) VALUES (11, 10);
INSERT INTO region (location, region) VALUES (12, 10);
INSERT INTO region (location, region) VALUES (13, 10);
INSERT INTO region (location, region) VALUES (14, 10);
INSERT INTO region (location, region) VALUES (15, 10);
INSERT INTO region (location, region) VALUES (16, 10);
INSERT INTO region (location, region) VALUES (11, 9);
INSERT INTO region (location, region) VALUES (12, 9);
INSERT INTO region (location, region) VALUES (13, 9);
INSERT INTO region (location, region) VALUES (14, 9);
INSERT INTO region (location, region) VALUES (15, 9);
INSERT INTO region (location, region) VALUES (16, 9);
INSERT INTO region (location, region) VALUES (10, 9);
INSERT INTO region (location, region) VALUES (18, 9);
INSERT INTO region (location, region) VALUES (17, 9);
INSERT INTO region (location, region) VALUES (21, 22);
INSERT INTO region (location, region) VALUES (20, 9);

-- Table: resource
DROP TABLE IF EXISTS resource;
CREATE TABLE resource (id INTEGER PRIMARY KEY AUTOINCREMENT, name STRING NOT NULL, version STRING, volume STRING, note STRING, region INTEGER REFERENCES location (id) ON DELETE CASCADE ON UPDATE CASCADE, UNIQUE (name, version, volume));
INSERT INTO resource (id, name, version, volume, note, region) VALUES (1, 'Story of the World (Vol 1)', NULL, 1, 'used every year', 24);
INSERT INTO resource (id, name, version, volume, note, region) VALUES (2, 'Story of the World (Vol 2)', NULL, 2, 'used every year', 24);
INSERT INTO resource (id, name, version, volume, note, region) VALUES (3, 'Just So Stories', NULL, NULL, NULL, 23);
INSERT INTO resource (id, name, version, volume, note, region) VALUES (4, 'Sweet and Sour: Tales from China', NULL, NULL, NULL, NULL);
INSERT INTO resource (id, name, version, volume, note, region) VALUES (5, 'Tales of Ancient Egypt', NULL, NULL, NULL, NULL);
INSERT INTO resource (id, name, version, volume, note, region) VALUES (6, 'The Golden Goblet', NULL, NULL, NULL, NULL);
INSERT INTO resource (id, name, version, volume, note, region) VALUES (7, 'Where the Mountain Meets the Moon', NULL, NULL, NULL, NULL);
INSERT INTO resource (id, name, version, volume, note, region) VALUES (8, 'Young Fu of the Upper Yangtze', NULL, NULL, NULL, NULL);
INSERT INTO resource (id, name, version, volume, note, region) VALUES (9, 'The Book of Virtues', NULL, NULL, NULL, NULL);
INSERT INTO resource (id, name, version, volume, note, region) VALUES (10, 'Seven Daughters and Seven Sons', NULL, NULL, NULL, NULL);
INSERT INTO resource (id, name, version, volume, note, region) VALUES (11, 'Inside Out and Back Again', NULL, NULL, NULL, NULL);
INSERT INTO resource (id, name, version, volume, note, region) VALUES (12, 'The Kite Fighters', NULL, NULL, NULL, NULL);
INSERT INTO resource (id, name, version, volume, note, region) VALUES (13, 'Heart of a Samurai', NULL, NULL, NULL, NULL);
INSERT INTO resource (id, name, version, volume, note, region) VALUES (14, 'Breaking Stalin’s Nose', NULL, NULL, NULL, NULL);
INSERT INTO resource (id, name, version, volume, note, region) VALUES (15, 'The Endless Steppe', NULL, NULL, NULL, NULL);
INSERT INTO resource (id, name, version, volume, note, region) VALUES (16, 'Daughter of the Mountains', NULL, NULL, NULL, NULL);
INSERT INTO resource (id, name, version, volume, note, region) VALUES (17, 'Around the World in 80 Days', NULL, NULL, NULL, NULL);
INSERT INTO resource (id, name, version, volume, note, region) VALUES (18, 'Red Sand, Blue Sky', NULL, NULL, NULL, NULL);
INSERT INTO resource (id, name, version, volume, note, region) VALUES (19, 'Story of the World (Vol 3)', NULL, 3, 'used every year', NULL);
INSERT INTO resource (id, name, version, volume, note, region) VALUES (20, 'Story of the World (Vol 4)', NULL, 4, 'used every year', NULL);
INSERT INTO resource (id, name, version, volume, note, region) VALUES (21, 'History of the World Map by Map', NULL, NULL, NULL, NULL);
INSERT INTO resource (id, name, version, volume, note, region) VALUES (22, 'Amy Carmichael: Rescuer of Precious Gems', NULL, NULL, NULL, NULL);
INSERT INTO resource (id, name, version, volume, note, region) VALUES (23, 'David Livingstone: Africa''s Trailblazer', NULL, NULL, NULL, NULL);
INSERT INTO resource (id, name, version, volume, note, region) VALUES (24, 'The Complete Works of Count Tolstoy: Volume XII', NULL, NULL, 'also in the Book of Virtues', NULL);
INSERT INTO resource (id, name, version, volume, note, region) VALUES (25, 'Story of the World, Test and Answer Key (Vol 1)', NULL, 1, 'used every year', NULL);
INSERT INTO resource (id, name, version, volume, note, region) VALUES (26, 'Story of the World, Test and Answer Key (Vol 2)', NULL, 2, 'used every year', NULL);
INSERT INTO resource (id, name, version, volume, note, region) VALUES (27, 'Story of the World, Test and Answer Key (Vol 3)', NULL, 3, 'used every year', NULL);
INSERT INTO resource (id, name, version, volume, note, region) VALUES (28, 'Story of the World, Test and Answer Key (Vol 4)', NULL, 4, 'used every year', NULL);
INSERT INTO resource (id, name, version, volume, note, region) VALUES (29, 'Exploring Creation with Physical Science (2nd Edition)', 2, NULL, NULL, NULL);
INSERT INTO resource (id, name, version, volume, note, region) VALUES (30, 'The Roar on the Other Side: A Guide for Student Poets', NULL, NULL, NULL, NULL);
INSERT INTO resource (id, name, version, volume, note, region) VALUES (31, 'The Magician''s Nephew', NULL, NULL, NULL, NULL);
INSERT INTO resource (id, name, version, volume, note, region) VALUES (32, 'The Horse and His Boy', NULL, NULL, NULL, NULL);
INSERT INTO resource (id, name, version, volume, note, region) VALUES (33, 'Anansi the Spider Stories', NULL, NULL, NULL, NULL);
INSERT INTO resource (id, name, version, volume, note, region) VALUES (34, 'Omnibus I', 3, NULL, 'prefer 3rd edition (Wilson & Fischer)', NULL);
INSERT INTO resource (id, name, version, volume, note, region) VALUES (35, 'Omnibus II', 3, NULL, 'prefer 3rd edition (Wilson & Fischer)', NULL);
INSERT INTO resource (id, name, version, volume, note, region) VALUES (36, 'Omnibus III', 3, NULL, 'prefer 3rd edition (Wilson & Fischer)', NULL);
INSERT INTO resource (id, name, version, volume, note, region) VALUES (37, 'Exploring Creation with Physical Science - Solutions and Tests (2nd Edition)', 2, NULL, NULL, NULL);
INSERT INTO resource (id, name, version, volume, note, region) VALUES (38, 'God King: A Story in the Days of King Hezekiah', NULL, NULL, NULL, NULL);
INSERT INTO resource (id, name, version, volume, note, region) VALUES (39, 'The Lost Tools of Writing - Level 1', NULL, NULL, 'prefer the complete set w/ teacher guide but DVDs are unnecessary', NULL);
INSERT INTO resource (id, name, version, volume, note, region) VALUES (40, 'Bible', NULL, NULL, NULL, NULL);
INSERT INTO resource (id, name, version, volume, note, region) VALUES (41, 'Yourself', NULL, NULL, NULL, NULL);
INSERT INTO resource (id, name, version, volume, note, region) VALUES (42, 'Grammar', NULL, NULL, NULL, NULL);
INSERT INTO resource (id, name, version, volume, note, region) VALUES (43, 'Any "Christian Heroes: Then & Now" book of your choice', NULL, NULL, NULL, NULL);
INSERT INTO resource (id, name, version, volume, note, region) VALUES (44, 'Saxon Math', NULL, NULL, NULL, NULL);
INSERT INTO resource (id, name, version, volume, note, region) VALUES (45, 'Cambridge Unit 1', NULL, NULL, NULL, NULL);
INSERT INTO resource (id, name, version, volume, note, region) VALUES (46, 'Cambridge Unit 2', NULL, NULL, NULL, NULL);

-- Table: resource_acquisition
DROP TABLE IF EXISTS resource_acquisition;
CREATE TABLE resource_acquisition (id INTEGER PRIMARY KEY AUTOINCREMENT, resource INTEGER REFERENCES resource (id) ON DELETE CASCADE ON UPDATE CASCADE, type INTEGER REFERENCES resource_type (id) ON DELETE CASCADE ON UPDATE CASCADE, source INTEGER REFERENCES resource_source (id) ON DELETE CASCADE ON UPDATE CASCADE, url STRING, cost_cents INTEGER, pages INTEGER, listening_hours INTEGER, note STRING);
INSERT INTO resource_acquisition (id, resource, type, source, url, cost_cents, pages, listening_hours, note) VALUES (1, 3, 4, 2, 'https://www.gutenberg.org/ebooks/32488', NULL, NULL, NULL, NULL);
INSERT INTO resource_acquisition (id, resource, type, source, url, cost_cents, pages, listening_hours, note) VALUES (4, 3, 2, 1, 'https://www.amazon.com/Illustrated-Just-So-Stories/dp/149730170X/', NULL, NULL, NULL, 'paperbacks on Amazon seem to be notoriously bad quality / cheap');
INSERT INTO resource_acquisition (id, resource, type, source, url, cost_cents, pages, listening_hours, note) VALUES (5, 3, 5, 4, 'https://librivox.org/just-so-stories-ver-6-by-rudyard-kipling/', NULL, NULL, 3, 'there are several librivox recordings; this is just one');
INSERT INTO resource_acquisition (id, resource, type, source, url, cost_cents, pages, listening_hours, note) VALUES (6, 3, 5, 5, 'https://www.amazon.com/Just-So-Stories/dp/B01E7I34EY/
', NULL, NULL, 3, NULL);
INSERT INTO resource_acquisition (id, resource, type, source, url, cost_cents, pages, listening_hours, note) VALUES (7, 4, 2, 1, 'https://www.amazon.com/Sweet-Sour-Tales-Yao-Wen-Li/dp/0618752455/', NULL, NULL, NULL, NULL);
INSERT INTO resource_acquisition (id, resource, type, source, url, cost_cents, pages, listening_hours, note) VALUES (10, 5, 2, 1, 'https://www.amazon.com/Tales-Ancient-Egypt-Puffin-Classics/dp/014133259X/', NULL, NULL, NULL, NULL);
INSERT INTO resource_acquisition (id, resource, type, source, url, cost_cents, pages, listening_hours, note) VALUES (11, 6, 2, 1, 'https://www.amazon.com/Golden-Goblet-Newbery-Library-Puffin/dp/0140303359/', NULL, NULL, NULL, NULL);
INSERT INTO resource_acquisition (id, resource, type, source, url, cost_cents, pages, listening_hours, note) VALUES (12, 6, 5, 5, 'https://www.amazon.com/The-Golden-Goblet/dp/B008RNZY4O/', NULL, NULL, NULL, NULL);
INSERT INTO resource_acquisition (id, resource, type, source, url, cost_cents, pages, listening_hours, note) VALUES (15, 7, 2, 1, 'https://www.amazon.com/Where-Mountain-Meets-Moon-Grace/dp/0316038636/', NULL, NULL, NULL, NULL);
INSERT INTO resource_acquisition (id, resource, type, source, url, cost_cents, pages, listening_hours, note) VALUES (16, 7, 5, 5, 'https://www.amazon.com/Where-Mountain-Meets-Moon/dp/B003CN7DYI/', NULL, NULL, NULL, NULL);
INSERT INTO resource_acquisition (id, resource, type, source, url, cost_cents, pages, listening_hours, note) VALUES (17, 9, 2, 1, 'https://www.amazon.com/Book-Virtues-Treasury-Great-Stories/dp/0671683063/', NULL, NULL, NULL, NULL);
INSERT INTO resource_acquisition (id, resource, type, source, url, cost_cents, pages, listening_hours, note) VALUES (18, 8, 2, 1, 'https://www.amazon.com/Young-Upper-Yangtze-Elizabeth-Foreman/dp/0312380070/', NULL, NULL, NULL, NULL);
INSERT INTO resource_acquisition (id, resource, type, source, url, cost_cents, pages, listening_hours, note) VALUES (19, 10, 2, 1, 'https://www.amazon.com/Seven-Daughters-Sons-Barbara-Cohen/dp/0688135633/', NULL, NULL, NULL, NULL);
INSERT INTO resource_acquisition (id, resource, type, source, url, cost_cents, pages, listening_hours, note) VALUES (20, 11, 2, 1, 'https://www.amazon.com/Inside-Out-Back-Again-Thanhha/dp/0061962791/', NULL, NULL, NULL, NULL);
INSERT INTO resource_acquisition (id, resource, type, source, url, cost_cents, pages, listening_hours, note) VALUES (21, 12, 2, 1, 'https://www.amazon.com/Kite-Fighters-Linda-Sue-Park/dp/054732863X/', NULL, NULL, NULL, NULL);
INSERT INTO resource_acquisition (id, resource, type, source, url, cost_cents, pages, listening_hours, note) VALUES (22, 13, 2, 1, 'https://www.amazon.com/Heart-Samurai-Margi-Preus/dp/1419702009/', NULL, NULL, NULL, NULL);
INSERT INTO resource_acquisition (id, resource, type, source, url, cost_cents, pages, listening_hours, note) VALUES (23, 14, 2, 1, 'https://www.amazon.com/Breaking-Stalins-Nose-Eugene-Yelchin/dp/1250034108/', NULL, NULL, NULL, NULL);
INSERT INTO resource_acquisition (id, resource, type, source, url, cost_cents, pages, listening_hours, note) VALUES (24, 15, 2, 1, 'https://www.amazon.com/Endless-Steppe-Growing-Up-Siberia/dp/006440577X/', NULL, NULL, NULL, NULL);
INSERT INTO resource_acquisition (id, resource, type, source, url, cost_cents, pages, listening_hours, note) VALUES (25, 16, 2, 1, 'https://www.amazon.com/Daughter-Mountains-Newbery-Library-Puffin/dp/0140363351/', NULL, NULL, NULL, NULL);
INSERT INTO resource_acquisition (id, resource, type, source, url, cost_cents, pages, listening_hours, note) VALUES (26, 17, 2, 1, 'https://www.amazon.com/Around-World-Days-Jules-Verne/dp/1514683687/', NULL, NULL, NULL, NULL);
INSERT INTO resource_acquisition (id, resource, type, source, url, cost_cents, pages, listening_hours, note) VALUES (27, 18, 2, 1, 'https://www.amazon.com/Red-Sand-Blue-Girls-First/dp/1558612785/', NULL, NULL, NULL, NULL);
INSERT INTO resource_acquisition (id, resource, type, source, url, cost_cents, pages, listening_hours, note) VALUES (31, 1, 2, 1, 'https://www.amazon.com/Story-World-History-Classical-Earliest-dp-1933339004/dp/1933339004/', NULL, NULL, NULL, NULL);
INSERT INTO resource_acquisition (id, resource, type, source, url, cost_cents, pages, listening_hours, note) VALUES (32, 2, 2, 1, 'https://www.amazon.com/Story-World-History-Classical-Renaissance/dp/1933339098/', NULL, NULL, NULL, NULL);
INSERT INTO resource_acquisition (id, resource, type, source, url, cost_cents, pages, listening_hours, note) VALUES (33, 19, 2, 1, 'https://www.amazon.com/History-Classical-Child-Elizabeth-Forty-Niners-dp-1945841443/dp/1945841443/', NULL, NULL, NULL, NULL);
INSERT INTO resource_acquisition (id, resource, type, source, url, cost_cents, pages, listening_hours, note) VALUES (34, 20, 2, 1, 'https://www.amazon.com/Story-World-History-Classical-Victorias-ebook/dp/B00U75KJ9U/', NULL, NULL, NULL, NULL);
INSERT INTO resource_acquisition (id, resource, type, source, url, cost_cents, pages, listening_hours, note) VALUES (35, 3, 2, 7, 'https://www.ebay.com/sch/i.html?_nkw=Just+So+Stories', NULL, NULL, NULL, NULL);
INSERT INTO resource_acquisition (id, resource, type, source, url, cost_cents, pages, listening_hours, note) VALUES (36, 4, 2, 7, 'https://www.ebay.com/sch/i.html?_nkw=Sweet+Sour+Tales+from+China', NULL, NULL, NULL, NULL);
INSERT INTO resource_acquisition (id, resource, type, source, url, cost_cents, pages, listening_hours, note) VALUES (37, 5, 2, 7, 'https://www.ebay.com/sch/i.html?_nkw=Tales+of+Ancient+Egypt', NULL, NULL, NULL, NULL);
INSERT INTO resource_acquisition (id, resource, type, source, url, cost_cents, pages, listening_hours, note) VALUES (38, 6, 2, 7, 'https://www.ebay.com/sch/i.html?_nkw=The+Golden+Goblet', NULL, NULL, NULL, NULL);
INSERT INTO resource_acquisition (id, resource, type, source, url, cost_cents, pages, listening_hours, note) VALUES (39, 7, 2, 7, 'https://www.ebay.com/sch/i.html?_nkw=Where+the+Mountain+Meets+the+Moon', NULL, NULL, NULL, NULL);
INSERT INTO resource_acquisition (id, resource, type, source, url, cost_cents, pages, listening_hours, note) VALUES (40, 8, 2, 7, 'https://www.ebay.com/sch/i.html?_nkw=Young+Fu+of+the+Upper+Yangtze', NULL, NULL, NULL, NULL);
INSERT INTO resource_acquisition (id, resource, type, source, url, cost_cents, pages, listening_hours, note) VALUES (41, 9, 2, 7, 'https://www.ebay.com/sch/i.html?_nkw=The+Book+of+Virtues', NULL, NULL, NULL, NULL);
INSERT INTO resource_acquisition (id, resource, type, source, url, cost_cents, pages, listening_hours, note) VALUES (42, 10, 2, 7, 'https://www.ebay.com/sch/i.html?_nkw=Seven+Daughters+and+Seven+Sons', NULL, NULL, NULL, NULL);
INSERT INTO resource_acquisition (id, resource, type, source, url, cost_cents, pages, listening_hours, note) VALUES (43, 11, 2, 7, 'https://www.ebay.com/sch/i.html?_nkw=Inside+Out+and+Back+Again', NULL, NULL, NULL, NULL);
INSERT INTO resource_acquisition (id, resource, type, source, url, cost_cents, pages, listening_hours, note) VALUES (44, 11, 5, 5, 'https://www.amazon.com/Inside-Out-and-Back-Again-audiobook/dp/B00729S3DI/', NULL, NULL, NULL, NULL);
INSERT INTO resource_acquisition (id, resource, type, source, url, cost_cents, pages, listening_hours, note) VALUES (45, 12, 2, 7, 'https://www.ebay.com/sch/i.html?_nkw=The+Kite+Fighters', NULL, NULL, NULL, NULL);
INSERT INTO resource_acquisition (id, resource, type, source, url, cost_cents, pages, listening_hours, note) VALUES (46, 12, 5, 5, 'amazon.com/The-Kite-Fighters-Linda-Sue-Park-audiobook/dp/B00QL3GDC4/', NULL, NULL, NULL, NULL);
INSERT INTO resource_acquisition (id, resource, type, source, url, cost_cents, pages, listening_hours, note) VALUES (47, 13, 2, 7, 'https://www.ebay.com/sch/i.html?_nkw=Heart+of+a+Samurai', NULL, NULL, NULL, NULL);
INSERT INTO resource_acquisition (id, resource, type, source, url, cost_cents, pages, listening_hours, note) VALUES (48, 13, 5, 5, 'https://www.amazon.com/Heart-of-Samurai-Margi-Preus-audiobook/dp/B005EEZ8QS/', NULL, NULL, NULL, NULL);
INSERT INTO resource_acquisition (id, resource, type, source, url, cost_cents, pages, listening_hours, note) VALUES (49, 14, 2, 7, 'https://www.ebay.com/sch/i.html?_nkw=Breaking+Stalin+Nose', NULL, NULL, NULL, NULL);
INSERT INTO resource_acquisition (id, resource, type, source, url, cost_cents, pages, listening_hours, note) VALUES (50, 14, 5, 5, 'https://www.amazon.com/Breaking-Stalins-Nose-audiobook/dp/B0083TGLNA/', NULL, NULL, NULL, NULL);
INSERT INTO resource_acquisition (id, resource, type, source, url, cost_cents, pages, listening_hours, note) VALUES (51, 15, 2, 7, 'https://www.ebay.com/sch/i.html?_nkw=The+Endless+Steppe', NULL, NULL, NULL, NULL);
INSERT INTO resource_acquisition (id, resource, type, source, url, cost_cents, pages, listening_hours, note) VALUES (52, 15, 5, 5, 'https://www.amazon.com/The-Endless-Steppe-Esther-Hautzig-audiobook/dp/B001JK65UE/', NULL, NULL, NULL, NULL);
INSERT INTO resource_acquisition (id, resource, type, source, url, cost_cents, pages, listening_hours, note) VALUES (53, 16, 2, 7, 'https://www.ebay.com/sch/i.html?_nkw=Daughter+of+the+Mountains+Rankin', NULL, NULL, NULL, NULL);
INSERT INTO resource_acquisition (id, resource, type, source, url, cost_cents, pages, listening_hours, note) VALUES (54, 16, 5, 5, 'https://www.amazon.com/Daughter-of-the-Mountains/dp/B07BF6RH49/', NULL, NULL, NULL, NULL);
INSERT INTO resource_acquisition (id, resource, type, source, url, cost_cents, pages, listening_hours, note) VALUES (55, 17, 2, 7, 'https://www.ebay.com/sch/i.html?_nkw=Around+the+World+in+80+Days', NULL, NULL, NULL, NULL);
INSERT INTO resource_acquisition (id, resource, type, source, url, cost_cents, pages, listening_hours, note) VALUES (56, 17, 5, 5, 'https://www.amazon.com/Around-World-80-Days/dp/B088P8TPJR/', NULL, NULL, NULL, NULL);
INSERT INTO resource_acquisition (id, resource, type, source, url, cost_cents, pages, listening_hours, note) VALUES (57, 18, 2, 7, 'https://www.ebay.com/sch/i.html?_nkw=Red+Sand+Blue+Sky', NULL, NULL, NULL, NULL);
INSERT INTO resource_acquisition (id, resource, type, source, url, cost_cents, pages, listening_hours, note) VALUES (58, 20, 2, 7, 'https://www.ebay.com/sch/i.html?_nkw=Story+of+the+World+4', NULL, NULL, NULL, NULL);
INSERT INTO resource_acquisition (id, resource, type, source, url, cost_cents, pages, listening_hours, note) VALUES (59, 19, 2, 7, 'https://www.ebay.com/sch/i.html?_nkw=Story+of+the+World+3', NULL, NULL, NULL, NULL);
INSERT INTO resource_acquisition (id, resource, type, source, url, cost_cents, pages, listening_hours, note) VALUES (60, 2, 2, 7, 'https://www.ebay.com/sch/i.html?_nkw=Story+of+the+World+2', NULL, NULL, NULL, NULL);
INSERT INTO resource_acquisition (id, resource, type, source, url, cost_cents, pages, listening_hours, note) VALUES (61, 1, 2, 7, 'https://www.ebay.com/sch/i.html?_nkw=Story+of+the+World+1', NULL, NULL, NULL, NULL);
INSERT INTO resource_acquisition (id, resource, type, source, url, cost_cents, pages, listening_hours, note) VALUES (62, 21, 2, 1, 'https://www.amazon.com/History-World-Map-DK/dp/1465475850/', NULL, NULL, NULL, NULL);
INSERT INTO resource_acquisition (id, resource, type, source, url, cost_cents, pages, listening_hours, note) VALUES (63, 21, 2, 7, 'https://www.ebay.com/sch/i.html?_nkw=History+of+the+World+Map+by+Map', NULL, NULL, NULL, NULL);
INSERT INTO resource_acquisition (id, resource, type, source, url, cost_cents, pages, listening_hours, note) VALUES (64, 22, 2, 1, 'https://www.amazon.com/Amy-Carmichael-Rescuer-Precious-Christian/dp/1576580180/', NULL, NULL, NULL, NULL);
INSERT INTO resource_acquisition (id, resource, type, source, url, cost_cents, pages, listening_hours, note) VALUES (65, 22, 2, 7, 'https://www.ebay.com/sch/i.html?_nkw=Amy+Carmichael+Rescuer+of+Precious+Gems', NULL, NULL, NULL, NULL);
INSERT INTO resource_acquisition (id, resource, type, source, url, cost_cents, pages, listening_hours, note) VALUES (66, 22, 5, 5, 'https://www.amazon.com/Amy-Carmichael-audiobook/dp/B00HEY2DVY/', NULL, NULL, NULL, NULL);
INSERT INTO resource_acquisition (id, resource, type, source, url, cost_cents, pages, listening_hours, note) VALUES (67, 23, 2, 1, 'https://www.amazon.com/David-Livingstone-Africas-Trailblazer-Christian/dp/1576581535/', NULL, NULL, NULL, NULL);
INSERT INTO resource_acquisition (id, resource, type, source, url, cost_cents, pages, listening_hours, note) VALUES (68, 23, 5, 5, 'https://www.amazon.com/David-Livingstone-audiobook/dp/B00K6R1PQ0/', NULL, NULL, NULL, NULL);
INSERT INTO resource_acquisition (id, resource, type, source, url, cost_cents, pages, listening_hours, note) VALUES (69, 24, 2, 1, 'https://www.amazon.com/Complete-Works-Count-Tolstoy-XII/dp/1500215058/', NULL, NULL, NULL, NULL);
INSERT INTO resource_acquisition (id, resource, type, source, url, cost_cents, pages, listening_hours, note) VALUES (70, 24, 2, 7, 'https://www.ebay.com/sch/i.html?_nkw=The+Complete+Works+of+Count+Tolstoy+XII', NULL, NULL, NULL, NULL);
INSERT INTO resource_acquisition (id, resource, type, source, url, cost_cents, pages, listening_hours, note) VALUES (71, 24, 4, 2, 'http://www.gutenberg.org/files/38025/38025-h/38025-h.htm', NULL, NULL, NULL, NULL);
INSERT INTO resource_acquisition (id, resource, type, source, url, cost_cents, pages, listening_hours, note) VALUES (72, 1, 2, 3, 'https://www.christianbook.com/the-story-of-the-world-volume/susan-bauer/pd/612997', NULL, NULL, NULL, 'entire set, but paperback');
INSERT INTO resource_acquisition (id, resource, type, source, url, cost_cents, pages, listening_hours, note) VALUES (73, 1, 2, 1, 'https://www.amazon.com/Story-World-Text-Bundle-Paperback/dp/1945841761', NULL, NULL, NULL, 'entire set, but paperback');
INSERT INTO resource_acquisition (id, resource, type, source, url, cost_cents, pages, listening_hours, note) VALUES (74, 2, 2, 3, 'https://www.christianbook.com/the-story-of-the-world-volume/susan-bauer/pd/612997', NULL, NULL, NULL, 'entire set, but paperback');
INSERT INTO resource_acquisition (id, resource, type, source, url, cost_cents, pages, listening_hours, note) VALUES (75, 19, 2, 3, 'https://www.christianbook.com/the-story-of-the-world-volume/susan-bauer/pd/612997', NULL, NULL, NULL, 'entire set, but paperback');
INSERT INTO resource_acquisition (id, resource, type, source, url, cost_cents, pages, listening_hours, note) VALUES (76, 20, 2, 3, 'https://www.christianbook.com/the-story-of-the-world-volume/susan-bauer/pd/612997', NULL, NULL, NULL, 'entire set, but paperback');
INSERT INTO resource_acquisition (id, resource, type, source, url, cost_cents, pages, listening_hours, note) VALUES (77, 2, 2, 1, 'https://www.amazon.com/Story-World-Text-Bundle-Paperback/dp/1945841761', NULL, NULL, NULL, 'entire set, but paperback');
INSERT INTO resource_acquisition (id, resource, type, source, url, cost_cents, pages, listening_hours, note) VALUES (78, 19, 2, 1, 'https://www.amazon.com/Story-World-Text-Bundle-Paperback/dp/1945841761', NULL, NULL, NULL, 'entire set, but paperback');
INSERT INTO resource_acquisition (id, resource, type, source, url, cost_cents, pages, listening_hours, note) VALUES (79, 20, 2, 1, 'https://www.amazon.com/Story-World-Text-Bundle-Paperback/dp/1945841761', NULL, NULL, NULL, 'entire set, but paperback');
INSERT INTO resource_acquisition (id, resource, type, source, url, cost_cents, pages, listening_hours, note) VALUES (80, 1, 2, 3, 'https://www.christianbook.com/hardcover-ancient-times-story-world/susan-bauer/9781933339016/pd/339012', NULL, NULL, NULL, NULL);
INSERT INTO resource_acquisition (id, resource, type, source, url, cost_cents, pages, listening_hours, note) VALUES (81, 2, 2, 3, 'https://www.christianbook.com/hardcover-vol-2-middle-story-world/9781933339108/pd/339108', NULL, NULL, NULL, NULL);
INSERT INTO resource_acquisition (id, resource, type, source, url, cost_cents, pages, listening_hours, note) VALUES (82, 19, 2, 3, 'https://www.christianbook.com/hardcover-early-modern-times-story-world/susan-bauer/9780972860307/pd/860304', NULL, NULL, NULL, NULL);
INSERT INTO resource_acquisition (id, resource, type, source, url, cost_cents, pages, listening_hours, note) VALUES (83, 20, 2, 3, 'https://www.christianbook.com/hardcover-vol-4-modern-story-world/susan-bauer/9780972860345/pd/860347', NULL, NULL, NULL, NULL);
INSERT INTO resource_acquisition (id, resource, type, source, url, cost_cents, pages, listening_hours, note) VALUES (84, 25, 2, 1, 'https://www.amazon.com/Story-World-History-Classical-Ancient/dp/1933339217/', NULL, NULL, NULL, NULL);
INSERT INTO resource_acquisition (id, resource, type, source, url, cost_cents, pages, listening_hours, note) VALUES (85, 26, 2, 1, 'https://www.amazon.com/Story-World-History-Classical-Middle/dp/1933339209/', NULL, NULL, NULL, NULL);
INSERT INTO resource_acquisition (id, resource, type, source, url, cost_cents, pages, listening_hours, note) VALUES (86, 27, 2, 1, 'https://www.amazon.com/Story-World-History-Classical-Modern/dp/1933339225/', NULL, NULL, NULL, NULL);
INSERT INTO resource_acquisition (id, resource, type, source, url, cost_cents, pages, listening_hours, note) VALUES (88, 25, 2, 3, 'https://www.christianbook.com/vol-1-ancient-times-story-world/9781933339214/pd/339214', NULL, NULL, NULL, NULL);
INSERT INTO resource_acquisition (id, resource, type, source, url, cost_cents, pages, listening_hours, note) VALUES (89, 26, 2, 3, 'https://www.christianbook.com/vol-2-middle-ages-story-world/9781933339207/pd/412838', NULL, NULL, NULL, NULL);
INSERT INTO resource_acquisition (id, resource, type, source, url, cost_cents, pages, listening_hours, note) VALUES (90, 27, 2, 3, 'https://www.christianbook.com/early-modern-times-story-world/9781933339221/pd/412833', NULL, NULL, NULL, NULL);
INSERT INTO resource_acquisition (id, resource, type, source, url, cost_cents, pages, listening_hours, note) VALUES (91, 28, 2, 3, 'https://www.christianbook.com/book-vol-4-modern-story-world/9781933339023/pd/86037X', NULL, NULL, NULL, NULL);
INSERT INTO resource_acquisition (id, resource, type, source, url, cost_cents, pages, listening_hours, note) VALUES (92, 29, 2, 3, 'https://www.christianbook.com/apologia-exploring-creation-physical-science-basic/jay-wile/pd/336402', NULL, NULL, NULL, 'This is the set, including "Solutions and Tests"');
INSERT INTO resource_acquisition (id, resource, type, source, url, cost_cents, pages, listening_hours, note) VALUES (93, 29, 2, 1, 'https://www.amazon.com/gp/offer-listing/193201277X/', NULL, NULL, NULL, NULL);
INSERT INTO resource_acquisition (id, resource, type, source, url, cost_cents, pages, listening_hours, note) VALUES (94, 30, 2, 1, 'https://www.amazon.com/Roar-Other-Side-Guide-Student/dp/1885767668', NULL, NULL, NULL, NULL);
INSERT INTO resource_acquisition (id, resource, type, source, url, cost_cents, pages, listening_hours, note) VALUES (95, 30, 2, 3, 'https://www.christianbook.com/roar-other-side-guide-student-poets/suzanne-clark/9781885767660/pd/67668', NULL, NULL, NULL, NULL);
INSERT INTO resource_acquisition (id, resource, type, source, url, cost_cents, pages, listening_hours, note) VALUES (96, 30, 2, 7, 'https://www.ebay.com/sch/i.html?_nkw=the+roar+on+the+other+side', NULL, NULL, NULL, NULL);
INSERT INTO resource_acquisition (id, resource, type, source, url, cost_cents, pages, listening_hours, note) VALUES (97, 29, 2, 7, 'https://www.ebay.com/sch/i.html?_nkw=Exploring+Creation+with+physical+science', NULL, NULL, NULL, 'Some of these are sets, including "Solutions and Tests"');
INSERT INTO resource_acquisition (id, resource, type, source, url, cost_cents, pages, listening_hours, note) VALUES (98, 31, 2, 1, 'https://www.amazon.com/Magicians-Nephew-C-S-Lewis/dp/0064405052/', NULL, NULL, NULL, NULL);
INSERT INTO resource_acquisition (id, resource, type, source, url, cost_cents, pages, listening_hours, note) VALUES (99, 31, 2, 7, 'https://www.ebay.com/sch/i.html?_nkw=magicians+nephew', NULL, NULL, NULL, NULL);
INSERT INTO resource_acquisition (id, resource, type, source, url, cost_cents, pages, listening_hours, note) VALUES (100, 31, 5, 5, 'https://www.amazon.com/The-Magicians-Nephew-C-S-Lewis-audiobook/dp/B0009NS99C/', NULL, NULL, NULL, NULL);
INSERT INTO resource_acquisition (id, resource, type, source, url, cost_cents, pages, listening_hours, note) VALUES (101, 31, 4, 1, 'https://www.amazon.com/Magicians-Nephew-C-S-Lewis-ebook/dp/B085BVG548/', NULL, NULL, NULL, NULL);
INSERT INTO resource_acquisition (id, resource, type, source, url, cost_cents, pages, listening_hours, note) VALUES (102, 31, 2, 3, 'https://www.christianbook.com/the-chronicles-narnia-magicians-nephew-softcover/c-s-lewis/9780064471107/pd/44230', NULL, NULL, NULL, NULL);
INSERT INTO resource_acquisition (id, resource, type, source, url, cost_cents, pages, listening_hours, note) VALUES (103, 32, 4, 1, 'https://www.amazon.com/Horse-His-Chronicles-Narnia-Book-ebook/dp/B001I45UFM/', NULL, NULL, NULL, NULL);
INSERT INTO resource_acquisition (id, resource, type, source, url, cost_cents, pages, listening_hours, note) VALUES (104, 32, 5, 5, 'https://www.amazon.com/The-Horse-and-His-Boy-audiobook/dp/B0009NS992/', NULL, NULL, NULL, NULL);
INSERT INTO resource_acquisition (id, resource, type, source, url, cost_cents, pages, listening_hours, note) VALUES (105, 32, 2, 1, 'https://www.amazon.com/Horse-His-Boy-C-Lewis/dp/0064471063/', NULL, NULL, NULL, NULL);
INSERT INTO resource_acquisition (id, resource, type, source, url, cost_cents, pages, listening_hours, note) VALUES (106, 32, 2, 3, 'https://www.christianbook.com/chronicles-narnia-horse-his-boy-softcover/c-s-lewis/9780064471060/pd/44200', NULL, NULL, NULL, NULL);
INSERT INTO resource_acquisition (id, resource, type, source, url, cost_cents, pages, listening_hours, note) VALUES (107, 32, 5, 3, 'https://www.christianbook.com/horse-his-boy-radio-theatre-cds/c-s-lewis/9781624053603/pd/053603', NULL, NULL, NULL, NULL);
INSERT INTO resource_acquisition (id, resource, type, source, url, cost_cents, pages, listening_hours, note) VALUES (108, 33, 2, 1, 'https://www.amazon.com/Anansi-Jamaican-stories-Spider-God/dp/9492355175/', NULL, NULL, NULL, NULL);
INSERT INTO resource_acquisition (id, resource, type, source, url, cost_cents, pages, listening_hours, note) VALUES (109, 33, 4, 1, 'https://www.amazon.com/Anansi-Jamaican-stories-Spider-God-ebook/dp/B087QSZN8L/', NULL, NULL, NULL, NULL);
INSERT INTO resource_acquisition (id, resource, type, source, url, cost_cents, pages, listening_hours, note) VALUES (110, 33, 2, 7, 'https://www.ebay.com/sch/i.html?_nkw=Anansi+the+Spider+Stories', NULL, NULL, NULL, NULL);
INSERT INTO resource_acquisition (id, resource, type, source, url, cost_cents, pages, listening_hours, note) VALUES (111, 34, 2, 7, 'https://www.ebay.com/sch/i.html?_nkw=omnibus+1+classical+civilizations', NULL, NULL, NULL, NULL);
INSERT INTO resource_acquisition (id, resource, type, source, url, cost_cents, pages, listening_hours, note) VALUES (112, 34, 2, 1, 'https://www.amazon.com/s?k=omnibus+1+classical+civilizations', NULL, NULL, NULL, NULL);
INSERT INTO resource_acquisition (id, resource, type, source, url, cost_cents, pages, listening_hours, note) VALUES (113, 35, 2, 1, 'https://www.amazon.com/s?k=omnibus+II+church+fathers', NULL, NULL, NULL, NULL);
INSERT INTO resource_acquisition (id, resource, type, source, url, cost_cents, pages, listening_hours, note) VALUES (114, 35, 2, 7, 'https://www.ebay.com/sch/i.html?_nkw=omnibus+II+church+fathers', NULL, NULL, NULL, NULL);
INSERT INTO resource_acquisition (id, resource, type, source, url, cost_cents, pages, listening_hours, note) VALUES (115, 37, 2, 1, 'https://www.amazon.com/Solutions-Exploring-Creation-Physical-Science-dp-1932012788/dp/1932012788/', NULL, NULL, NULL, NULL);
INSERT INTO resource_acquisition (id, resource, type, source, url, cost_cents, pages, listening_hours, note) VALUES (116, 37, 2, 3, 'https://www.christianbook.com/exploring-creation-physical-solutions-2nd-edition/jay-wile/9781932012781/pd/338402', NULL, NULL, NULL, NULL);
INSERT INTO resource_acquisition (id, resource, type, source, url, cost_cents, pages, listening_hours, note) VALUES (117, 29, 2, 3, 'https://www.christianbook.com/exploring-creation-physical-textbook-2nd-edition/jay-wile/9781932012774/pd/337402', NULL, NULL, NULL, NULL);
INSERT INTO resource_acquisition (id, resource, type, source, url, cost_cents, pages, listening_hours, note) VALUES (118, 38, 2, 1, 'https://www.amazon.com/God-King-Hezekiah-History-Library/dp/1883937736/', NULL, NULL, NULL, NULL);
INSERT INTO resource_acquisition (id, resource, type, source, url, cost_cents, pages, listening_hours, note) VALUES (119, 38, 4, 1, 'https://www.amazon.com/God-King-Joanne-Williamson-ebook/dp/B002RAQLFO/', NULL, NULL, NULL, NULL);
INSERT INTO resource_acquisition (id, resource, type, source, url, cost_cents, pages, listening_hours, note) VALUES (120, 38, 2, 7, 'https://www.ebay.com/sch/i.html?_nkw=God+King+days+of+Hezekiah', NULL, NULL, NULL, NULL);
INSERT INTO resource_acquisition (id, resource, type, source, url, cost_cents, pages, listening_hours, note) VALUES (121, 39, 2, 7, 'https://www.ebay.com/sch/i.html?_nkw=lost+tools+of+writing+level+1', NULL, NULL, NULL, NULL);
INSERT INTO resource_acquisition (id, resource, type, source, url, cost_cents, pages, listening_hours, note) VALUES (122, 1, 2, 8, 'https://www.rainbowresource.com/product/SOTWSS/Story-of-the-World-Volume-1-4-Set-softcover.html', NULL, NULL, NULL, 'entire set, but paperback');
INSERT INTO resource_acquisition (id, resource, type, source, url, cost_cents, pages, listening_hours, note) VALUES (123, 2, 2, 8, 'https://www.rainbowresource.com/product/SOTWSS/Story-of-the-World-Volume-1-4-Set-softcover.html', NULL, NULL, NULL, 'entire set, but paperback');
INSERT INTO resource_acquisition (id, resource, type, source, url, cost_cents, pages, listening_hours, note) VALUES (124, 19, 2, 8, 'https://www.rainbowresource.com/product/SOTWSS/Story-of-the-World-Volume-1-4-Set-softcover.html', NULL, NULL, NULL, 'entire set, but paperback');
INSERT INTO resource_acquisition (id, resource, type, source, url, cost_cents, pages, listening_hours, note) VALUES (125, 20, 2, 8, 'https://www.rainbowresource.com/product/SOTWSS/Story-of-the-World-Volume-1-4-Set-softcover.html', NULL, NULL, NULL, 'entire set, but paperback');
INSERT INTO resource_acquisition (id, resource, type, source, url, cost_cents, pages, listening_hours, note) VALUES (126, 28, 2, 1, 'https://www.amazon.com/Story-World-History-Classical-Modern/dp/1933339020/', NULL, NULL, NULL, NULL);

-- Table: resource_details
DROP TABLE IF EXISTS resource_details;
CREATE TABLE resource_details (id INTEGER PRIMARY KEY AUTOINCREMENT, resource INTEGER REFERENCES resource (id) ON DELETE CASCADE ON UPDATE CASCADE, author STRING);

-- Table: resource_instance
DROP TABLE IF EXISTS resource_instance;
CREATE TABLE resource_instance (id INTEGER PRIMARY KEY AUTOINCREMENT, resource INTEGER REFERENCES resource (id) ON DELETE CASCADE ON UPDATE CASCADE, type INTEGER REFERENCES resource_type (id) ON DELETE CASCADE ON UPDATE CASCADE, source INTEGER REFERENCES resource_source (id) ON DELETE CASCADE ON UPDATE CASCADE, url STRING, cost_cents INTEGER, pages INTEGER, listening_hours INTEGER, note STRING);
INSERT INTO resource_instance (id, resource, type, source, url, cost_cents, pages, listening_hours, note) VALUES (1, 3, 4, 2, 'https://www.gutenberg.org/ebooks/32488', NULL, NULL, NULL, NULL);
INSERT INTO resource_instance (id, resource, type, source, url, cost_cents, pages, listening_hours, note) VALUES (4, 3, 2, 1, 'https://www.amazon.com/Illustrated-Just-So-Stories/dp/149730170X/', NULL, NULL, NULL, 'paperbacks on Amazon seem to be notoriously bad quality / cheap');
INSERT INTO resource_instance (id, resource, type, source, url, cost_cents, pages, listening_hours, note) VALUES (5, 3, 5, 4, 'https://librivox.org/just-so-stories-ver-6-by-rudyard-kipling/', NULL, NULL, 3, 'there are several librivox recordings; this is just one');
INSERT INTO resource_instance (id, resource, type, source, url, cost_cents, pages, listening_hours, note) VALUES (6, 3, 5, 5, 'https://www.amazon.com/Just-So-Stories/dp/B01E7I34EY/
', NULL, NULL, 3, NULL);
INSERT INTO resource_instance (id, resource, type, source, url, cost_cents, pages, listening_hours, note) VALUES (7, 4, 2, 1, 'https://www.amazon.com/Sweet-Sour-Tales-Yao-Wen-Li/dp/0618752455/', NULL, NULL, NULL, NULL);
INSERT INTO resource_instance (id, resource, type, source, url, cost_cents, pages, listening_hours, note) VALUES (10, 5, 2, 1, 'https://www.amazon.com/Tales-Ancient-Egypt-Puffin-Classics/dp/014133259X/', NULL, NULL, NULL, NULL);
INSERT INTO resource_instance (id, resource, type, source, url, cost_cents, pages, listening_hours, note) VALUES (11, 6, 2, 1, 'https://www.amazon.com/Golden-Goblet-Newbery-Library-Puffin/dp/0140303359/', NULL, NULL, NULL, NULL);
INSERT INTO resource_instance (id, resource, type, source, url, cost_cents, pages, listening_hours, note) VALUES (12, 6, 5, 5, 'https://www.amazon.com/The-Golden-Goblet/dp/B008RNZY4O/', NULL, NULL, NULL, NULL);
INSERT INTO resource_instance (id, resource, type, source, url, cost_cents, pages, listening_hours, note) VALUES (15, 7, 2, 1, 'https://www.amazon.com/Where-Mountain-Meets-Moon-Grace/dp/0316038636/', NULL, NULL, NULL, NULL);
INSERT INTO resource_instance (id, resource, type, source, url, cost_cents, pages, listening_hours, note) VALUES (16, 7, 5, 5, 'https://www.amazon.com/Where-Mountain-Meets-Moon/dp/B003CN7DYI/', NULL, NULL, NULL, NULL);
INSERT INTO resource_instance (id, resource, type, source, url, cost_cents, pages, listening_hours, note) VALUES (17, 9, 2, 1, 'https://www.amazon.com/Book-Virtues-Treasury-Great-Stories/dp/0671683063/', NULL, NULL, NULL, NULL);
INSERT INTO resource_instance (id, resource, type, source, url, cost_cents, pages, listening_hours, note) VALUES (18, 8, 2, 1, 'https://www.amazon.com/Young-Upper-Yangtze-Elizabeth-Foreman/dp/0312380070/', NULL, NULL, NULL, NULL);
INSERT INTO resource_instance (id, resource, type, source, url, cost_cents, pages, listening_hours, note) VALUES (19, 10, 2, 1, 'https://www.amazon.com/Seven-Daughters-Sons-Barbara-Cohen/dp/0688135633/', NULL, NULL, NULL, NULL);
INSERT INTO resource_instance (id, resource, type, source, url, cost_cents, pages, listening_hours, note) VALUES (20, 11, 2, 1, 'https://www.amazon.com/Inside-Out-Back-Again-Thanhha/dp/0061962791/', NULL, NULL, NULL, NULL);
INSERT INTO resource_instance (id, resource, type, source, url, cost_cents, pages, listening_hours, note) VALUES (21, 12, 2, 1, 'https://www.amazon.com/Kite-Fighters-Linda-Sue-Park/dp/054732863X/', NULL, NULL, NULL, NULL);
INSERT INTO resource_instance (id, resource, type, source, url, cost_cents, pages, listening_hours, note) VALUES (22, 13, 2, 1, 'https://www.amazon.com/Heart-Samurai-Margi-Preus/dp/1419702009/', NULL, NULL, NULL, NULL);
INSERT INTO resource_instance (id, resource, type, source, url, cost_cents, pages, listening_hours, note) VALUES (23, 14, 2, 1, 'https://www.amazon.com/Breaking-Stalins-Nose-Eugene-Yelchin/dp/1250034108/', NULL, NULL, NULL, NULL);
INSERT INTO resource_instance (id, resource, type, source, url, cost_cents, pages, listening_hours, note) VALUES (24, 15, 2, 1, 'https://www.amazon.com/Endless-Steppe-Growing-Up-Siberia/dp/006440577X/', NULL, NULL, NULL, NULL);
INSERT INTO resource_instance (id, resource, type, source, url, cost_cents, pages, listening_hours, note) VALUES (25, 16, 2, 1, 'https://www.amazon.com/Daughter-Mountains-Newbery-Library-Puffin/dp/0140363351/', NULL, NULL, NULL, NULL);
INSERT INTO resource_instance (id, resource, type, source, url, cost_cents, pages, listening_hours, note) VALUES (26, 17, 2, 1, 'https://www.amazon.com/Around-World-Days-Jules-Verne/dp/1514683687/', NULL, NULL, NULL, NULL);
INSERT INTO resource_instance (id, resource, type, source, url, cost_cents, pages, listening_hours, note) VALUES (27, 18, 2, 1, 'https://www.amazon.com/Red-Sand-Blue-Girls-First/dp/1558612785/', NULL, NULL, NULL, NULL);
INSERT INTO resource_instance (id, resource, type, source, url, cost_cents, pages, listening_hours, note) VALUES (31, 1, 2, 1, 'https://www.amazon.com/Story-World-History-Classical-Earliest-dp-1933339004/dp/1933339004/', NULL, NULL, NULL, NULL);
INSERT INTO resource_instance (id, resource, type, source, url, cost_cents, pages, listening_hours, note) VALUES (32, 2, 2, 1, 'https://www.amazon.com/Story-World-History-Classical-Renaissance/dp/1933339098/', NULL, NULL, NULL, NULL);
INSERT INTO resource_instance (id, resource, type, source, url, cost_cents, pages, listening_hours, note) VALUES (33, 19, 2, 1, 'https://www.amazon.com/History-Classical-Child-Elizabeth-Forty-Niners-dp-1945841443/dp/1945841443/', NULL, NULL, NULL, NULL);
INSERT INTO resource_instance (id, resource, type, source, url, cost_cents, pages, listening_hours, note) VALUES (34, 20, 2, 1, 'https://www.amazon.com/Story-World-History-Classical-Victorias-ebook/dp/B00U75KJ9U/', NULL, NULL, NULL, NULL);
INSERT INTO resource_instance (id, resource, type, source, url, cost_cents, pages, listening_hours, note) VALUES (35, 3, 2, 7, 'https://www.ebay.com/sch/i.html?_nkw=Just+So+Stories', NULL, NULL, NULL, NULL);
INSERT INTO resource_instance (id, resource, type, source, url, cost_cents, pages, listening_hours, note) VALUES (36, 4, 2, 7, 'https://www.ebay.com/sch/i.html?_nkw=Sweet+Sour+Tales+from+China', NULL, NULL, NULL, NULL);
INSERT INTO resource_instance (id, resource, type, source, url, cost_cents, pages, listening_hours, note) VALUES (37, 5, 2, 7, 'https://www.ebay.com/sch/i.html?_nkw=Tales+of+Ancient+Egypt', NULL, NULL, NULL, NULL);
INSERT INTO resource_instance (id, resource, type, source, url, cost_cents, pages, listening_hours, note) VALUES (38, 6, 2, 7, 'https://www.ebay.com/sch/i.html?_nkw=The+Golden+Goblet', NULL, NULL, NULL, NULL);
INSERT INTO resource_instance (id, resource, type, source, url, cost_cents, pages, listening_hours, note) VALUES (39, 7, 2, 7, 'https://www.ebay.com/sch/i.html?_nkw=Where+the+Mountain+Meets+the+Moon', NULL, NULL, NULL, NULL);
INSERT INTO resource_instance (id, resource, type, source, url, cost_cents, pages, listening_hours, note) VALUES (40, 8, 2, 7, 'https://www.ebay.com/sch/i.html?_nkw=Young+Fu+of+the+Upper+Yangtze', NULL, NULL, NULL, NULL);
INSERT INTO resource_instance (id, resource, type, source, url, cost_cents, pages, listening_hours, note) VALUES (41, 9, 2, 7, 'https://www.ebay.com/sch/i.html?_nkw=The+Book+of+Virtues', NULL, NULL, NULL, NULL);
INSERT INTO resource_instance (id, resource, type, source, url, cost_cents, pages, listening_hours, note) VALUES (42, 10, 2, 7, 'https://www.ebay.com/sch/i.html?_nkw=Seven+Daughters+and+Seven+Sons', NULL, NULL, NULL, NULL);
INSERT INTO resource_instance (id, resource, type, source, url, cost_cents, pages, listening_hours, note) VALUES (43, 11, 2, 7, 'https://www.ebay.com/sch/i.html?_nkw=Inside+Out+and+Back+Again', NULL, NULL, NULL, NULL);
INSERT INTO resource_instance (id, resource, type, source, url, cost_cents, pages, listening_hours, note) VALUES (44, 11, 5, 5, 'https://www.amazon.com/Inside-Out-and-Back-Again-audiobook/dp/B00729S3DI/', NULL, NULL, NULL, NULL);
INSERT INTO resource_instance (id, resource, type, source, url, cost_cents, pages, listening_hours, note) VALUES (45, 12, 2, 7, 'https://www.ebay.com/sch/i.html?_nkw=The+Kite+Fighters', NULL, NULL, NULL, NULL);
INSERT INTO resource_instance (id, resource, type, source, url, cost_cents, pages, listening_hours, note) VALUES (46, 12, 5, 5, 'amazon.com/The-Kite-Fighters-Linda-Sue-Park-audiobook/dp/B00QL3GDC4/', NULL, NULL, NULL, NULL);
INSERT INTO resource_instance (id, resource, type, source, url, cost_cents, pages, listening_hours, note) VALUES (47, 13, 2, 7, 'https://www.ebay.com/sch/i.html?_nkw=Heart+of+a+Samurai', NULL, NULL, NULL, NULL);
INSERT INTO resource_instance (id, resource, type, source, url, cost_cents, pages, listening_hours, note) VALUES (48, 13, 5, 5, 'https://www.amazon.com/Heart-of-Samurai-Margi-Preus-audiobook/dp/B005EEZ8QS/', NULL, NULL, NULL, NULL);
INSERT INTO resource_instance (id, resource, type, source, url, cost_cents, pages, listening_hours, note) VALUES (49, 14, 2, 7, 'https://www.ebay.com/sch/i.html?_nkw=Breaking+Stalin+Nose', NULL, NULL, NULL, NULL);
INSERT INTO resource_instance (id, resource, type, source, url, cost_cents, pages, listening_hours, note) VALUES (50, 14, 5, 5, 'https://www.amazon.com/Breaking-Stalins-Nose-audiobook/dp/B0083TGLNA/', NULL, NULL, NULL, NULL);
INSERT INTO resource_instance (id, resource, type, source, url, cost_cents, pages, listening_hours, note) VALUES (51, 15, 2, 7, 'https://www.ebay.com/sch/i.html?_nkw=The+Endless+Steppe', NULL, NULL, NULL, NULL);
INSERT INTO resource_instance (id, resource, type, source, url, cost_cents, pages, listening_hours, note) VALUES (52, 15, 5, 5, 'https://www.amazon.com/The-Endless-Steppe-Esther-Hautzig-audiobook/dp/B001JK65UE/', NULL, NULL, NULL, NULL);
INSERT INTO resource_instance (id, resource, type, source, url, cost_cents, pages, listening_hours, note) VALUES (53, 16, 2, 7, 'https://www.ebay.com/sch/i.html?_nkw=Daughter+of+the+Mountains+rankin', NULL, NULL, NULL, NULL);
INSERT INTO resource_instance (id, resource, type, source, url, cost_cents, pages, listening_hours, note) VALUES (54, 16, 5, 5, 'https://www.amazon.com/Daughter-of-the-Mountains/dp/B07BF6RH49/', NULL, NULL, NULL, NULL);
INSERT INTO resource_instance (id, resource, type, source, url, cost_cents, pages, listening_hours, note) VALUES (55, 17, 2, 7, 'https://www.ebay.com/sch/i.html?_nkw=Around+the+World+in+80+Days', NULL, NULL, NULL, NULL);
INSERT INTO resource_instance (id, resource, type, source, url, cost_cents, pages, listening_hours, note) VALUES (56, 17, 5, 5, 'https://www.amazon.com/Around-World-80-Days/dp/B088P8TPJR/', NULL, NULL, NULL, NULL);
INSERT INTO resource_instance (id, resource, type, source, url, cost_cents, pages, listening_hours, note) VALUES (57, 18, 2, 7, 'https://www.ebay.com/sch/i.html?_nkw=Red+Sand+Blue+Sky', NULL, NULL, NULL, NULL);
INSERT INTO resource_instance (id, resource, type, source, url, cost_cents, pages, listening_hours, note) VALUES (58, 20, 2, 7, 'https://www.ebay.com/sch/i.html?_nkw=Story+of+the+World+4', NULL, NULL, NULL, NULL);
INSERT INTO resource_instance (id, resource, type, source, url, cost_cents, pages, listening_hours, note) VALUES (59, 19, 2, 7, 'https://www.ebay.com/sch/i.html?_nkw=Story+of+the+World+3', NULL, NULL, NULL, NULL);
INSERT INTO resource_instance (id, resource, type, source, url, cost_cents, pages, listening_hours, note) VALUES (60, 2, 2, 7, 'https://www.ebay.com/sch/i.html?_nkw=Story+of+the+World+2', NULL, NULL, NULL, NULL);
INSERT INTO resource_instance (id, resource, type, source, url, cost_cents, pages, listening_hours, note) VALUES (61, 1, 2, 7, 'https://www.ebay.com/sch/i.html?_nkw=Story+of+the+World+1', NULL, NULL, NULL, NULL);
INSERT INTO resource_instance (id, resource, type, source, url, cost_cents, pages, listening_hours, note) VALUES (62, 21, 2, 1, 'https://www.amazon.com/History-World-Map-DK/dp/1465475850/', NULL, NULL, NULL, NULL);
INSERT INTO resource_instance (id, resource, type, source, url, cost_cents, pages, listening_hours, note) VALUES (63, 21, 2, 7, 'https://www.ebay.com/sch/i.html?_nkw=History+of+the+World+Map+by+Map', NULL, NULL, NULL, NULL);
INSERT INTO resource_instance (id, resource, type, source, url, cost_cents, pages, listening_hours, note) VALUES (64, 22, 2, 1, 'https://www.amazon.com/Amy-Carmichael-Rescuer-Precious-Christian/dp/1576580180/', NULL, NULL, NULL, NULL);
INSERT INTO resource_instance (id, resource, type, source, url, cost_cents, pages, listening_hours, note) VALUES (65, 22, 2, 7, 'https://www.ebay.com/sch/i.html?_nkw=Amy+Carmichael+Rescuer+of+Precious+Gems', NULL, NULL, NULL, NULL);
INSERT INTO resource_instance (id, resource, type, source, url, cost_cents, pages, listening_hours, note) VALUES (66, 22, 5, 5, 'https://www.amazon.com/Amy-Carmichael-audiobook/dp/B00HEY2DVY/', NULL, NULL, NULL, NULL);
INSERT INTO resource_instance (id, resource, type, source, url, cost_cents, pages, listening_hours, note) VALUES (67, 23, 2, 1, 'https://www.amazon.com/David-Livingstone-Africas-Trailblazer-Christian/dp/1576581535/', NULL, NULL, NULL, NULL);
INSERT INTO resource_instance (id, resource, type, source, url, cost_cents, pages, listening_hours, note) VALUES (68, 23, 5, 5, 'https://www.amazon.com/David-Livingstone-audiobook/dp/B00K6R1PQ0/', NULL, NULL, NULL, NULL);
INSERT INTO resource_instance (id, resource, type, source, url, cost_cents, pages, listening_hours, note) VALUES (69, 24, 2, 1, 'https://www.amazon.com/Complete-Works-Count-Tolstoy-XII/dp/1500215058/', NULL, NULL, NULL, NULL);
INSERT INTO resource_instance (id, resource, type, source, url, cost_cents, pages, listening_hours, note) VALUES (70, 24, 2, 7, 'https://www.ebay.com/sch/i.html?_nkw=The+Complete+Works+of+Count+Tolstoy+XII', NULL, NULL, NULL, NULL);
INSERT INTO resource_instance (id, resource, type, source, url, cost_cents, pages, listening_hours, note) VALUES (71, 24, 4, 2, 'http://www.gutenberg.org/files/38025/38025-h/38025-h.htm', NULL, NULL, NULL, NULL);
INSERT INTO resource_instance (id, resource, type, source, url, cost_cents, pages, listening_hours, note) VALUES (72, 1, 2, 3, 'https://www.christianbook.com/the-story-of-the-world-volume/susan-bauer/pd/612997', NULL, NULL, NULL, 'entire set, but paperback');
INSERT INTO resource_instance (id, resource, type, source, url, cost_cents, pages, listening_hours, note) VALUES (73, 1, 2, 1, 'https://www.amazon.com/Story-World-Text-Bundle-Paperback/dp/1945841761', NULL, NULL, NULL, 'entire set, but paperback');
INSERT INTO resource_instance (id, resource, type, source, url, cost_cents, pages, listening_hours, note) VALUES (74, 2, 2, 3, 'https://www.christianbook.com/the-story-of-the-world-volume/susan-bauer/pd/612997', NULL, NULL, NULL, 'entire set, but paperback');
INSERT INTO resource_instance (id, resource, type, source, url, cost_cents, pages, listening_hours, note) VALUES (75, 19, 2, 3, 'https://www.christianbook.com/the-story-of-the-world-volume/susan-bauer/pd/612997', NULL, NULL, NULL, 'entire set, but paperback');
INSERT INTO resource_instance (id, resource, type, source, url, cost_cents, pages, listening_hours, note) VALUES (76, 20, 2, 3, 'https://www.christianbook.com/the-story-of-the-world-volume/susan-bauer/pd/612997', NULL, NULL, NULL, 'entire set, but paperback');
INSERT INTO resource_instance (id, resource, type, source, url, cost_cents, pages, listening_hours, note) VALUES (77, 2, 2, 1, 'https://www.amazon.com/Story-World-Text-Bundle-Paperback/dp/1945841761', NULL, NULL, NULL, 'entire set, but paperback');
INSERT INTO resource_instance (id, resource, type, source, url, cost_cents, pages, listening_hours, note) VALUES (78, 19, 2, 1, 'https://www.amazon.com/Story-World-Text-Bundle-Paperback/dp/1945841761', NULL, NULL, NULL, 'entire set, but paperback');
INSERT INTO resource_instance (id, resource, type, source, url, cost_cents, pages, listening_hours, note) VALUES (79, 20, 2, 1, 'https://www.amazon.com/Story-World-Text-Bundle-Paperback/dp/1945841761', NULL, NULL, NULL, 'entire set, but paperback');
INSERT INTO resource_instance (id, resource, type, source, url, cost_cents, pages, listening_hours, note) VALUES (80, 1, 2, 3, 'https://www.christianbook.com/hardcover-ancient-times-story-world/susan-bauer/9781933339016/pd/339012', NULL, NULL, NULL, NULL);
INSERT INTO resource_instance (id, resource, type, source, url, cost_cents, pages, listening_hours, note) VALUES (81, 2, 2, 3, 'https://www.christianbook.com/hardcover-vol-2-middle-story-world/9781933339108/pd/339108', NULL, NULL, NULL, NULL);
INSERT INTO resource_instance (id, resource, type, source, url, cost_cents, pages, listening_hours, note) VALUES (82, 19, 2, 3, 'https://www.christianbook.com/hardcover-early-modern-times-story-world/susan-bauer/9780972860307/pd/860304', NULL, NULL, NULL, NULL);
INSERT INTO resource_instance (id, resource, type, source, url, cost_cents, pages, listening_hours, note) VALUES (83, 20, 2, 3, 'https://www.christianbook.com/hardcover-vol-4-modern-story-world/susan-bauer/9780972860345/pd/860347', NULL, NULL, NULL, NULL);
INSERT INTO resource_instance (id, resource, type, source, url, cost_cents, pages, listening_hours, note) VALUES (84, 25, 2, 1, 'https://www.amazon.com/Story-World-History-Classical-Ancient/dp/1933339217/', NULL, NULL, NULL, NULL);
INSERT INTO resource_instance (id, resource, type, source, url, cost_cents, pages, listening_hours, note) VALUES (85, 26, 2, 1, 'https://www.amazon.com/Story-World-History-Classical-Middle/dp/1933339209/', NULL, NULL, NULL, NULL);
INSERT INTO resource_instance (id, resource, type, source, url, cost_cents, pages, listening_hours, note) VALUES (86, 27, 2, 1, 'https://www.amazon.com/Story-World-History-Classical-Modern/dp/1933339225/', NULL, NULL, NULL, NULL);
INSERT INTO resource_instance (id, resource, type, source, url, cost_cents, pages, listening_hours, note) VALUES (88, 25, 2, 3, 'https://www.christianbook.com/vol-1-ancient-times-story-world/9781933339214/pd/339214', NULL, NULL, NULL, NULL);
INSERT INTO resource_instance (id, resource, type, source, url, cost_cents, pages, listening_hours, note) VALUES (89, 26, 2, 3, 'https://www.christianbook.com/vol-2-middle-ages-story-world/9781933339207/pd/412838', NULL, NULL, NULL, NULL);
INSERT INTO resource_instance (id, resource, type, source, url, cost_cents, pages, listening_hours, note) VALUES (90, 27, 2, 3, 'https://www.christianbook.com/early-modern-times-story-world/9781933339221/pd/412833', NULL, NULL, NULL, NULL);
INSERT INTO resource_instance (id, resource, type, source, url, cost_cents, pages, listening_hours, note) VALUES (91, 28, 2, 3, 'https://www.christianbook.com/book-vol-4-modern-story-world/9781933339023/pd/86037X', NULL, NULL, NULL, NULL);
INSERT INTO resource_instance (id, resource, type, source, url, cost_cents, pages, listening_hours, note) VALUES (92, 29, 2, 3, 'https://www.christianbook.com/apologia-exploring-creation-physical-science-basic/jay-wile/pd/336402', NULL, NULL, NULL, 'This is the set, including "Solutions and Tests"');
INSERT INTO resource_instance (id, resource, type, source, url, cost_cents, pages, listening_hours, note) VALUES (93, 29, 2, 1, 'https://www.amazon.com/gp/offer-listing/193201277X/', NULL, NULL, NULL, NULL);
INSERT INTO resource_instance (id, resource, type, source, url, cost_cents, pages, listening_hours, note) VALUES (94, 30, 2, 1, 'https://www.amazon.com/Roar-Other-Side-Guide-Student/dp/1885767668', NULL, NULL, NULL, NULL);
INSERT INTO resource_instance (id, resource, type, source, url, cost_cents, pages, listening_hours, note) VALUES (95, 30, 2, 3, 'https://www.christianbook.com/roar-other-side-guide-student-poets/suzanne-clark/9781885767660/pd/67668', NULL, NULL, NULL, NULL);
INSERT INTO resource_instance (id, resource, type, source, url, cost_cents, pages, listening_hours, note) VALUES (96, 30, 2, 7, 'https://www.ebay.com/sch/i.html?_nkw=the+roar+on+the+other+side', NULL, NULL, NULL, NULL);
INSERT INTO resource_instance (id, resource, type, source, url, cost_cents, pages, listening_hours, note) VALUES (97, 29, 2, 7, 'https://www.ebay.com/sch/i.html?_nkw=Exploring+Creation+with+physical+science', NULL, NULL, NULL, 'Some of these are sets, including "Solutions and Tests"');
INSERT INTO resource_instance (id, resource, type, source, url, cost_cents, pages, listening_hours, note) VALUES (98, 31, 2, 1, 'https://www.amazon.com/Magicians-Nephew-C-S-Lewis/dp/0064405052/', NULL, NULL, NULL, NULL);
INSERT INTO resource_instance (id, resource, type, source, url, cost_cents, pages, listening_hours, note) VALUES (99, 31, 2, 7, 'https://www.ebay.com/sch/i.html?_nkw=magicians+nephew', NULL, NULL, NULL, NULL);
INSERT INTO resource_instance (id, resource, type, source, url, cost_cents, pages, listening_hours, note) VALUES (100, 31, 5, 5, 'https://www.amazon.com/The-Magicians-Nephew-C-S-Lewis-audiobook/dp/B0009NS99C/', NULL, NULL, NULL, NULL);
INSERT INTO resource_instance (id, resource, type, source, url, cost_cents, pages, listening_hours, note) VALUES (101, 31, 4, 1, 'https://www.amazon.com/Magicians-Nephew-C-S-Lewis-ebook/dp/B085BVG548/', NULL, NULL, NULL, NULL);
INSERT INTO resource_instance (id, resource, type, source, url, cost_cents, pages, listening_hours, note) VALUES (102, 31, 2, 3, 'https://www.christianbook.com/the-chronicles-narnia-magicians-nephew-softcover/c-s-lewis/9780064471107/pd/44230', NULL, NULL, NULL, NULL);
INSERT INTO resource_instance (id, resource, type, source, url, cost_cents, pages, listening_hours, note) VALUES (103, 32, 4, 1, 'https://www.amazon.com/Horse-His-Chronicles-Narnia-Book-ebook/dp/B001I45UFM/', NULL, NULL, NULL, NULL);
INSERT INTO resource_instance (id, resource, type, source, url, cost_cents, pages, listening_hours, note) VALUES (104, 32, 5, 5, 'https://www.amazon.com/The-Horse-and-His-Boy-audiobook/dp/B0009NS992/', NULL, NULL, NULL, NULL);
INSERT INTO resource_instance (id, resource, type, source, url, cost_cents, pages, listening_hours, note) VALUES (105, 32, 2, 1, 'https://www.amazon.com/Horse-His-Boy-C-Lewis/dp/0064471063/', NULL, NULL, NULL, NULL);
INSERT INTO resource_instance (id, resource, type, source, url, cost_cents, pages, listening_hours, note) VALUES (106, 32, 2, 3, 'https://www.christianbook.com/chronicles-narnia-horse-his-boy-softcover/c-s-lewis/9780064471060/pd/44200', NULL, NULL, NULL, NULL);
INSERT INTO resource_instance (id, resource, type, source, url, cost_cents, pages, listening_hours, note) VALUES (107, 32, 5, 3, 'https://www.christianbook.com/horse-his-boy-radio-theatre-cds/c-s-lewis/9781624053603/pd/053603', NULL, NULL, NULL, NULL);
INSERT INTO resource_instance (id, resource, type, source, url, cost_cents, pages, listening_hours, note) VALUES (108, 33, 2, 1, 'https://www.amazon.com/Anansi-Jamaican-stories-Spider-God/dp/9492355175/', NULL, NULL, NULL, NULL);
INSERT INTO resource_instance (id, resource, type, source, url, cost_cents, pages, listening_hours, note) VALUES (109, 33, 4, 1, 'https://www.amazon.com/Anansi-Jamaican-stories-Spider-God-ebook/dp/B087QSZN8L/', NULL, NULL, NULL, NULL);
INSERT INTO resource_instance (id, resource, type, source, url, cost_cents, pages, listening_hours, note) VALUES (110, 33, 2, 7, 'https://www.ebay.com/sch/i.html?_nkw=Anansi+the+Spider+Stories', NULL, NULL, NULL, NULL);
INSERT INTO resource_instance (id, resource, type, source, url, cost_cents, pages, listening_hours, note) VALUES (111, 34, 2, 7, 'https://www.ebay.com/sch/i.html?_nkw=omnibus+1+classical+civilizations', NULL, NULL, NULL, NULL);
INSERT INTO resource_instance (id, resource, type, source, url, cost_cents, pages, listening_hours, note) VALUES (112, 34, 2, 1, 'https://www.amazon.com/s?k=omnibus+1+classical+civilizations', NULL, NULL, NULL, NULL);
INSERT INTO resource_instance (id, resource, type, source, url, cost_cents, pages, listening_hours, note) VALUES (113, 35, 2, 1, 'https://www.amazon.com/s?k=omnibus+II+church+fathers', NULL, NULL, NULL, NULL);
INSERT INTO resource_instance (id, resource, type, source, url, cost_cents, pages, listening_hours, note) VALUES (114, 35, 2, 7, 'https://www.ebay.com/sch/i.html?_nkw=omnibus+II+church+fathers', NULL, NULL, NULL, NULL);
INSERT INTO resource_instance (id, resource, type, source, url, cost_cents, pages, listening_hours, note) VALUES (115, 37, 2, 1, 'https://www.amazon.com/Solutions-Exploring-Creation-Physical-Science-dp-1932012788/dp/1932012788/', NULL, NULL, NULL, NULL);
INSERT INTO resource_instance (id, resource, type, source, url, cost_cents, pages, listening_hours, note) VALUES (116, 37, 2, 3, 'https://www.christianbook.com/exploring-creation-physical-solutions-2nd-edition/jay-wile/9781932012781/pd/338402', NULL, NULL, NULL, NULL);
INSERT INTO resource_instance (id, resource, type, source, url, cost_cents, pages, listening_hours, note) VALUES (117, 29, 2, 3, 'https://www.christianbook.com/exploring-creation-physical-textbook-2nd-edition/jay-wile/9781932012774/pd/337402', NULL, NULL, NULL, NULL);
INSERT INTO resource_instance (id, resource, type, source, url, cost_cents, pages, listening_hours, note) VALUES (118, 38, 2, 1, 'https://www.amazon.com/God-King-Hezekiah-History-Library/dp/1883937736/', NULL, NULL, NULL, NULL);
INSERT INTO resource_instance (id, resource, type, source, url, cost_cents, pages, listening_hours, note) VALUES (119, 38, 4, 1, 'https://www.amazon.com/God-King-Joanne-Williamson-ebook/dp/B002RAQLFO/', NULL, NULL, NULL, NULL);
INSERT INTO resource_instance (id, resource, type, source, url, cost_cents, pages, listening_hours, note) VALUES (120, 38, 2, 7, 'https://www.ebay.com/sch/i.html?_nkw=God+King+days+of+Hezekiah', NULL, NULL, NULL, NULL);

-- Table: resource_source
DROP TABLE IF EXISTS resource_source;
CREATE TABLE resource_source (id INTEGER PRIMARY KEY AUTOINCREMENT, name STRING, logo STRING);
INSERT INTO resource_source (id, name, logo) VALUES (1, 'Amazon', 'amazon-tiny.png');
INSERT INTO resource_source (id, name, logo) VALUES (2, 'Gutenberg', 'gutenberg-tiny.png');
INSERT INTO resource_source (id, name, logo) VALUES (3, 'Christianbook', 'christianbook-tiny.png');
INSERT INTO resource_source (id, name, logo) VALUES (4, 'Librivox', 'librivox-tiny.png');
INSERT INTO resource_source (id, name, logo) VALUES (5, 'Audible', 'audible-tiny.png');
INSERT INTO resource_source (id, name, logo) VALUES (6, 'Web', NULL);
INSERT INTO resource_source (id, name, logo) VALUES (7, 'Ebay', 'ebay-tiny.png');
INSERT INTO resource_source (id, name, logo) VALUES (8, 'Rainbow', 'rainbow-tiny.png');

-- Table: resource_type
DROP TABLE IF EXISTS resource_type;
CREATE TABLE resource_type (id INTEGER PRIMARY KEY AUTOINCREMENT, name STRING UNIQUE);
INSERT INTO resource_type (id, name) VALUES (2, 'traditional book');
INSERT INTO resource_type (id, name) VALUES (4, 'ebook');
INSERT INTO resource_type (id, name) VALUES (5, 'audiobook');
INSERT INTO resource_type (id, name) VALUES (7, 'web page');

-- Table: role
DROP TABLE IF EXISTS role;
CREATE TABLE role (id INTEGER PRIMARY KEY AUTOINCREMENT, name STRING UNIQUE);
INSERT INTO role (id, name) VALUES (1, 'student');
INSERT INTO role (id, name) VALUES (2, 'admin');
INSERT INTO role (id, name) VALUES (3, 'tutor');
INSERT INTO role (id, name) VALUES (4, 'coordinator');

-- Table: science
DROP TABLE IF EXISTS science;
CREATE TABLE science (id INTEGER PRIMARY KEY AUTOINCREMENT, cw INTEGER REFERENCES cycle_week (id) ON DELETE RESTRICT ON UPDATE CASCADE NOT NULL, run INTEGER, prompt_prefix STRING, prompt STRING UNIQUE NOT NULL, answer_prefix STRING, answer_verb STRING, answer STRING NOT NULL, note STRING, qr_key INTEGER REFERENCES qr_key (id) ON DELETE RESTRICT ON UPDATE CASCADE, lighter_bg BOOLEAN);
INSERT INTO science (id, cw, run, prompt_prefix, prompt, answer_prefix, answer_verb, answer, note, qr_key, lighter_bg) VALUES (1, 11, NULL, 'is', 'mass', '', 'is', 'the amount of matter (substance) in an object, usually measured in grams (g) or pound-mass (lbm)', NULL, 257, NULL);
INSERT INTO science (id, cw, run, prompt_prefix, prompt, answer_prefix, answer_verb, answer, note, qr_key, lighter_bg) VALUES (2, 12, NULL, 'is', 'weight', '', 'is', 'the force of gravity on a mass, usually measured in Newtons (N) or pound-force (lbf)', 'A given mass will weigh *more* on earth than on the moon, since the earth''s gravitaional force is greater than, e.g., that of the moon.', 258, 1);
INSERT INTO science (id, cw, run, prompt_prefix, prompt, answer_prefix, answer_verb, answer, note, qr_key, lighter_bg) VALUES (3, 1, NULL, 'is an', 'atom', 'an', 'is', 'the smallest unit of matter of a chemical element, consisting of protons, neutrons, and electrons', 'Atoms consist of protons, neutrons, and electrons.  The Periodic Table of Elements details chemical elements.', 259, NULL);
INSERT INTO science (id, cw, run, prompt_prefix, prompt, answer_prefix, answer_verb, answer, note, qr_key, lighter_bg) VALUES (4, 2, NULL, 'is a', 'molecule', 'a', 'is', 'matter that consists of two or more atoms held together by chemical bonds', NULL, 260, 1);
INSERT INTO science (id, cw, run, prompt_prefix, prompt, answer_prefix, answer_verb, answer, note, qr_key, lighter_bg) VALUES (5, 57, NULL, 'is a', 'chemical solution', 'a', 'is', 'a chemical mixture; a solvent is the substance in which a solute is dissolved', 'Mixtures are commonly (but not necessarily) liquid.', 261, NULL);
INSERT INTO science (id, cw, run, prompt_prefix, prompt, answer_prefix, answer_verb, answer, note, qr_key, lighter_bg) VALUES (6, 6, NULL, 'is the', 'water cycle', 'the', 'is', 'the cycle in which water enters the atmosphere through evaporation and transpiration, forms clouds through condensation, and falls as rain and snow, called precipitation', 'The water cycle is also known as the hydrologic cycle.', 262, 1);
INSERT INTO science (id, cw, run, prompt_prefix, prompt, answer_prefix, answer_verb, answer, note, qr_key, lighter_bg) VALUES (7, 3, NULL, 'are the', 'atmospheric layers', 'the', 'are:', 'troposphere, stratosphere, mesosphere, thermosphere, and exosphere', 'The troposphere, stratosphere, and mesosphere are grouped into "the homosphere", and the thermosphere and exosphere are grouped into "the heterosphere".', 263, 1);
INSERT INTO science (id, cw, run, prompt_prefix, prompt, answer_prefix, answer_verb, answer, note, qr_key, lighter_bg) VALUES (8, 8, NULL, 'are the', 'layers of the earth', 'the', 'are:', 'inner core, outer core, mantle, and crust', 'The mantle includes a layer called the asthenosphere, and the crust includes a layer called the lithosphere.', 264, NULL);
INSERT INTO science (id, cw, run, prompt_prefix, prompt, answer_prefix, answer_verb, answer, note, qr_key, lighter_bg) VALUES (9, 9, NULL, 'are', 'some kinds of rock', '', 'are:', 'sedimentary, igneous, and metamorphic', 'Rocks are made up of minerals, and minerals are crystalline structures made of distinctive (atomic) elements.', 265, NULL);
INSERT INTO science (id, cw, run, prompt_prefix, prompt, answer_prefix, answer_verb, answer, note, qr_key, lighter_bg) VALUES (10, 7, NULL, 'are', 'some types of clouds', '', 'are:', 'cumulus, cirrus, stratus, and lenticular', 'Clouds form in the homosphere (troposphere, stratosphere, and mesosphere).  Using "alto-" and "-nimbus" modifiers, as well as combinations (like "cirrocumulus") are common approaches to further classifying clouds. These are all Latin terms: Cumulus = "heap", "pile" ("accumulate"). Cirrus = "ringlet", "curling lock of hair". Stratus = "layer" ("strategy"). Lenticular = "lens-shaped" or "lentil-shaped". Nimbus = "dark cloud".', 266, NULL);
INSERT INTO science (id, cw, run, prompt_prefix, prompt, answer_prefix, answer_verb, answer, note, qr_key, lighter_bg) VALUES (11, 13, 2, 'is', 'velocity', '', 'is', 'the speed and direction of an object in motion, usually measured in meters per second', 'miles per hour and many other units can apply here. A "vector" is a quantity that has both magnitude and direction components, such as velocity.', 267, NULL);
INSERT INTO science (id, cw, run, prompt_prefix, prompt, answer_prefix, answer_verb, answer, note, qr_key, lighter_bg) VALUES (12, 14, 2, 'is', 'acceleration', '', 'is', 'the rate of change in velocity, usually measured in meters per second per second', 'meters per second per second can also be written meters per second-squared, but meters per second per second is easier to visualize.  If a car is accelerating at 3 m/s/s, then it is increasing in speed by 3 m/s every second ("per second").', 268, NULL);
INSERT INTO science (id, cw, run, prompt_prefix, prompt, answer_prefix, answer_verb, answer, note, qr_key, lighter_bg) VALUES (13, 15, 2, 'is', 'force', '', 'is', 'an interaction which can change the velocity of an object; force = mass x acceleration (F = ma), usually measured in Newtons', NULL, 269, NULL);
INSERT INTO science (id, cw, run, prompt_prefix, prompt, answer_prefix, answer_verb, answer, note, qr_key, lighter_bg) VALUES (14, 28, NULL, 'is', 'momentum', '', 'is', 'the product of an object''s mass and its velocity (p = mv), usually measured in kilogram-meters per second', 'momentum = mass times velocity', 270, NULL);
INSERT INTO science (id, cw, run, prompt_prefix, prompt, answer_prefix, answer_verb, answer, note, qr_key, lighter_bg) VALUES (15, 4, NULL, 'is a', 'chemical reaction', 'a', 'is', 'the rearrangement of molecular structure, usually involving an exchange of atoms in the reactants that results in transformed substances', NULL, 271, 1);
INSERT INTO science (id, cw, run, prompt_prefix, prompt, answer_prefix, answer_verb, answer, note, qr_key, lighter_bg) VALUES (16, 5, NULL, 'are the', 'states of matter', 'the', 'are:', 'solid, liquid, gas, and plasma', 'Consider the Mpemba Effect, which states that water that starts hotter may freeze faster than cooler water.', 272, NULL);
INSERT INTO science (id, cw, run, prompt_prefix, prompt, answer_prefix, answer_verb, answer, note, qr_key, lighter_bg) VALUES (17, 10, 2, 'are', 'some common minerals', '', 'are:', 'quartz, feldspar, copper, cobalt, talc, and pyrite', NULL, 273, 1);
INSERT INTO science (id, cw, run, prompt_prefix, prompt, answer_prefix, answer_verb, answer, note, qr_key, lighter_bg) VALUES (18, 16, 2, 'is', 'Newton''s First Law', '', 'states that', 'an object in motion will remain in motion until it is acted upon by an outside force', 'An object at rest will remain at rest until it is acted upon by an outside force; rest is just "motion = 0".', 366, NULL);
INSERT INTO science (id, cw, run, prompt_prefix, prompt, answer_prefix, answer_verb, answer, note, qr_key, lighter_bg) VALUES (19, 17, 2, 'is', 'Newton''s Second Law', '', 'states that', 'the acceleration of an object caused by a force is proportional to the force and inversely proportional to the mass of the object (i.e. F = ma)', NULL, 367, NULL);
INSERT INTO science (id, cw, run, prompt_prefix, prompt, answer_prefix, answer_verb, answer, note, qr_key, lighter_bg) VALUES (20, 18, 2, 'is', 'Newton''s Third Law', '', 'states that', 'for every action, there is an equal and opposite reaction', NULL, 368, NULL);
INSERT INTO science (id, cw, run, prompt_prefix, prompt, answer_prefix, answer_verb, answer, note, qr_key, lighter_bg) VALUES (21, 19, 2, 'is', 'centripetal force', '', 'is', 'the force needed to keep an object moving in a circular path, directed toward the center of that path', 'That is, the force that constantly changes the directional component of the objects''s path "toward" the center of the circle.  Without this force, the object would continue in a straight path, until acted on by a force, according to Newton''s First Law.  Centripetal force is the force acting on the object, changing its direction constantly ("pulling" it toward the center of the circle).', 369, NULL);
INSERT INTO science (id, cw, run, prompt_prefix, prompt, answer_prefix, answer_verb, answer, note, qr_key, lighter_bg) VALUES (22, 20, 2, 'is', 'voltage', '', 'is', 'the force that drives an electrical current, measured in volts', 'Voltage is the difference in electrical potential between two points; the higher this difference, the greater the potential energey, and thus the greater the electromotive force to drive electrical charges between the points, if there is a pathway to do so.', 370, NULL);

-- Table: science_grammar_audio_DEPRECATE
DROP TABLE IF EXISTS science_grammar_audio_DEPRECATE;
CREATE TABLE science_grammar_audio_DEPRECATE (science INTEGER REFERENCES science (id) ON DELETE CASCADE ON UPDATE CASCADE, audio INTEGER REFERENCES grammar_audio_DEPRECATE (id) ON DELETE CASCADE ON UPDATE CASCADE);
INSERT INTO science_grammar_audio_DEPRECATE (science, audio) VALUES (3, 7);
INSERT INTO science_grammar_audio_DEPRECATE (science, audio) VALUES (4, 8);
INSERT INTO science_grammar_audio_DEPRECATE (science, audio) VALUES (1, 9);

-- Table: subject
DROP TABLE IF EXISTS subject;
CREATE TABLE subject (id INTEGER PRIMARY KEY AUTOINCREMENT, name strig UNIQUE);
INSERT INTO subject (id, name) VALUES (0, 'All Subjects');
INSERT INTO subject (id, name) VALUES (1, 'Timeline');
INSERT INTO subject (id, name) VALUES (2, 'History');
INSERT INTO subject (id, name) VALUES (3, 'Geography');
INSERT INTO subject (id, name) VALUES (4, 'Math');
INSERT INTO subject (id, name) VALUES (5, 'Science');
INSERT INTO subject (id, name) VALUES (6, 'English');
INSERT INTO subject (id, name) VALUES (7, 'Latin');
INSERT INTO subject (id, name) VALUES (8, 'Literature');
INSERT INTO subject (id, name) VALUES (9, 'Poetry');
INSERT INTO subject (id, name) VALUES (10, 'Computer');

-- Table: test_event_sequence_answer
DROP TABLE IF EXISTS test_event_sequence_answer;
CREATE TABLE test_event_sequence_answer (id INTEGER PRIMARY KEY AUTOINCREMENT, target INTEGER REFERENCES test_event_sequence_target (id) ON DELETE CASCADE ON UPDATE CASCADE, chosen_answer INTEGER REFERENCES event (id) ON DELETE CASCADE ON UPDATE CASCADE);

-- Table: test_event_sequence_incorrect_option
DROP TABLE IF EXISTS test_event_sequence_incorrect_option;
CREATE TABLE test_event_sequence_incorrect_option (id INTEGER PRIMARY KEY AUTOINCREMENT, target INTEGER REFERENCES test_event_sequence_target (id) ON DELETE CASCADE ON UPDATE CASCADE, incorrect_option INTEGER REFERENCES event (id) ON DELETE CASCADE ON UPDATE CASCADE);

-- Table: test_event_sequence_score
DROP TABLE IF EXISTS test_event_sequence_score;
CREATE TABLE test_event_sequence_score (id INTEGER PRIMARY KEY AUTOINCREMENT, user INTEGER REFERENCES user (id) ON DELETE CASCADE ON UPDATE CASCADE, event INTEGER REFERENCES event (id) ON DELETE CASCADE ON UPDATE CASCADE, score INTEGER, count INTEGER);

-- Table: test_event_sequence_target
DROP TABLE IF EXISTS test_event_sequence_target;
CREATE TABLE test_event_sequence_target (id INTEGER PRIMARY KEY AUTOINCREMENT, event INTEGER REFERENCES event (id) ON DELETE CASCADE ON UPDATE CASCADE NOT NULL, correct_answer INTEGER REFERENCES event (id) ON DELETE CASCADE ON UPDATE CASCADE NOT NULL);

-- Table: test_event_sequence_target_threshold
DROP TABLE IF EXISTS test_event_sequence_target_threshold;
CREATE TABLE test_event_sequence_target_threshold (id INTEGER PRIMARY KEY AUTOINCREMENT, user INTEGER REFERENCES user (id) ON DELETE CASCADE ON UPDATE CASCADE UNIQUE, threshold INTEGER);

-- Table: test_event_sequence_user_answer
DROP TABLE IF EXISTS test_event_sequence_user_answer;
CREATE TABLE test_event_sequence_user_answer (id INTEGER PRIMARY KEY AUTOINCREMENT, user INTEGER REFERENCES user (id) ON DELETE CASCADE ON UPDATE CASCADE, chosen_answer INTEGER REFERENCES test_event_sequence_answer (id) ON DELETE CASCADE ON UPDATE CASCADE);

-- Table: test_user
DROP TABLE IF EXISTS test_user;
CREATE TABLE test_user (id INTEGER PRIMARY KEY AUTOINCREMENT, username STRING UNIQUE, password STRING, salt STRING, email STRING);
INSERT INTO test_user (id, username, password, salt, email) VALUES (1, 'jmcaine', NULL, NULL, NULL);
INSERT INTO test_user (id, username, password, salt, email) VALUES (2, 'bobo', 'bobo', NULL, 'bobo@email.com');
INSERT INTO test_user (id, username, password, salt, email) VALUES (3, 'bobo2', 'bobo', NULL, 'bobo@email.com');
INSERT INTO test_user (id, username, password, salt, email) VALUES (4, 'test-1_', 'hello', NULL, 'bye@no.com');
INSERT INTO test_user (id, username, password, salt, email) VALUES (5, 'reginald', 'loosey', NULL, 'nope@spam.org');
INSERT INTO test_user (id, username, password, salt, email) VALUES (6, 'spanky', X'E82C7D2418F1E26836C0BD37F6BEE94E6647EBBA90F262D37928870F4B57D0FB', X'196B9F9348B34977E20B864104B25272DFCBE186976C654407F4ABD30FB3D38C', 'essential@email.com');
INSERT INTO test_user (id, username, password, salt, email) VALUES (7, 'wiggle', X'A9EBE9C011B5D40BCE84423ADBBA448B9323E1E1FB04EA9AEF26460F369C23AD', X'4F39E1599A3F92A91AE9701C86B93E09B66DB39F8E90D4DC572C0E0FBBB1F999', 'what@what.com');
INSERT INTO test_user (id, username, password, salt, email) VALUES (8, 'ab', X'7F444A1D9BC2178C06383B0F2247914B45F095A8254428BE6A1C096F73FE2B57', X'FCDBEF1E048D6168089FC2FEB47309E6B8408FBAF1A2E29BE8DFC808DE660CB5', '');
INSERT INTO test_user (id, username, password, salt, email) VALUES (9, 'hao', X'D2073D5DC5023D2429945FC1CE63004503DBD8E282AB39B1C3046B42FE268D27', X'9AB56EE805A6178C9F5182F68AA4EDD8830A98576A73C18D6DBD58345081F84A', 'j@jo.co');
INSERT INTO test_user (id, username, password, salt, email) VALUES (10, 'the', X'C42355561B62B48083724181E4CE946CFB1A42017C8383C517241356C2A270B1', X'D29759402E43ED79F161B784D0D6EBE498FB027193948EF4CAAA8486A001BA92', '');
INSERT INTO test_user (id, username, password, salt, email) VALUES (11, 'thea', X'25D7E7CFD42CF7CF7D6F150AFE687137BF9E1C8FB56967D9F10FFAFA0AF92B30', X'A8A6C0C6BCAF523E54EBC5F23D20C0DA047FFDB63E6DDFA4548CC267395D3C12', '');
INSERT INTO test_user (id, username, password, salt, email) VALUES (12, 'ujil', X'D6DDC41AC6942025086CBC2DB9257BC0877B1D57EC2A947E79B869CF6252FC55', X'0D98B0633C8D430B0FBC6AF7F9EB435E5ECDC65A505CAE243A3A808653F37DD4', 'test@bobo.com');
INSERT INTO test_user (id, username, password, salt, email) VALUES (13, 'frank', X'784BF6D34CDD8B3A40C5A45937725B74160C672B7A50639099D48B298F289562', X'699358B6036B770B3608B07A5B4FCBF27C1E184E05D7313BA89B4AEB56D8004D', 'jj@j.co');
INSERT INTO test_user (id, username, password, salt, email) VALUES (14, 'zac', X'E1FFA70F40439A6A0F1B06CE4570103170E30C41EB7C208DB6A1752A2AB54E82', X'02D1FD83E8560DE39E5E729D9F32D6E53F5AF3C626E826749B703F9CFA546D30', 'none@go.com');

-- Table: user
DROP TABLE IF EXISTS user;
CREATE TABLE user (id INTEGER PRIMARY KEY AUTOINCREMENT, username STRING UNIQUE, password STRING, salt STRING, person INTEGER REFERENCES person (id) ON DELETE CASCADE ON UPDATE CASCADE);
INSERT INTO user (id, username, password, salt, person) VALUES (1, 'jmcaine', NULL, NULL, NULL);

-- Table: user_role
DROP TABLE IF EXISTS user_role;
CREATE TABLE user_role (user INTEGER REFERENCES user (id) ON DELETE CASCADE ON UPDATE CASCADE, role INTEGER REFERENCES role (id) ON DELETE RESTRICT ON UPDATE CASCADE);
INSERT INTO user_role (user, role) VALUES (1, 1);
INSERT INTO user_role (user, role) VALUES (1, 2);
INSERT INTO user_role (user, role) VALUES (1, 3);
INSERT INTO user_role (user, role) VALUES (1, 4);

-- Table: vocabulary
DROP TABLE IF EXISTS vocabulary;
CREATE TABLE vocabulary (id INTEGER PRIMARY KEY AUTOINCREMENT, cw INTEGER REFERENCES cycle_week (id) ON DELETE RESTRICT ON UPDATE CASCADE NOT NULL, run INTEGER, position INTEGER, level INTEGER, word STRING NOT NULL UNIQUE, pos INTEGER REFERENCES part_of_speech (id) ON DELETE RESTRICT ON UPDATE CASCADE NOT NULL, definition STRING NOT NULL, root STRING, qr_key INTEGER REFERENCES qr_key (id) ON DELETE RESTRICT ON UPDATE CASCADE, lighter_bg BOOLEAN);
INSERT INTO vocabulary (id, cw, run, position, level, word, pos, definition, root, qr_key, lighter_bg) VALUES (1, 2, NULL, 5, 1, 'amicable', 3, 'friendly', 'amīcus, amīcī (friend)', 299, NULL);
INSERT INTO vocabulary (id, cw, run, position, level, word, pos, definition, root, qr_key, lighter_bg) VALUES (2, 21, 0, 10, 2, 'benevolent', 3, 'kind, compassionate', 'bene (well, agreeably) + velle (to wish)', NULL, NULL);
INSERT INTO vocabulary (id, cw, run, position, level, word, pos, definition, root, qr_key, lighter_bg) VALUES (3, 333, NULL, 3, NULL, 'sagacious
', 3, 'wise', 'sagāx, sagāc (wise)', NULL, NULL);
INSERT INTO vocabulary (id, cw, run, position, level, word, pos, definition, root, qr_key, lighter_bg) VALUES (4, 2, NULL, 1, 1, 'paternal', 3, 'fatherly', 'pater, patris (father)', 299, NULL);
INSERT INTO vocabulary (id, cw, run, position, level, word, pos, definition, root, qr_key, lighter_bg) VALUES (5, 2, NULL, 2, 1, 'maternal', 3, 'motherly', 'māter, mātris (mother)', 299, NULL);
INSERT INTO vocabulary (id, cw, run, position, level, word, pos, definition, root, qr_key, lighter_bg) VALUES (6, 2, NULL, 3, 1, 'fraternal', 3, 'brotherly', 'frāter, frātris (brother)', 299, NULL);
INSERT INTO vocabulary (id, cw, run, position, level, word, pos, definition, root, qr_key, lighter_bg) VALUES (7, 1, NULL, 2, 1, 'lucid', 3, 'clear, understandable', 'lūx, lūcis (light)', 298, NULL);
INSERT INTO vocabulary (id, cw, run, position, level, word, pos, definition, root, qr_key, lighter_bg) VALUES (8, 1, NULL, 4, 1, 'omnipresent', 3, 'everywhere', 'omnis, omne (all, every)', 298, NULL);
INSERT INTO vocabulary (id, cw, run, position, level, word, pos, definition, root, qr_key, lighter_bg) VALUES (9, 20, 2, 2, 1, 'elaborate', 3, 'detailed, complex, embellished', 'labor, labōris (effort, toil, labor)', 303, NULL);
INSERT INTO vocabulary (id, cw, run, position, level, word, pos, definition, root, qr_key, lighter_bg) VALUES (10, 1, NULL, 3, 1, 'veritable', 3, 'true, indisputable', 'vēritās, vēritātis (truth)', 298, NULL);
INSERT INTO vocabulary (id, cw, run, position, level, word, pos, definition, root, qr_key, lighter_bg) VALUES (11, 5, NULL, 3, 1, 'virtuous', 3, 'honorable, principled', 'virtūs, virtūtis (virtue, courage)', 300, NULL);
INSERT INTO vocabulary (id, cw, run, position, level, word, pos, definition, root, qr_key, lighter_bg) VALUES (12, 1, NULL, 10, 2, 'vociferous', 3, 'noisy, outspoken', 'vōx, vōcis (voice, cry)', 298, NULL);
INSERT INTO vocabulary (id, cw, run, position, level, word, pos, definition, root, qr_key, lighter_bg) VALUES (13, 999, NULL, 1, NULL, 'conundrum', 1, 'difficult problem', '', NULL, NULL);
INSERT INTO vocabulary (id, cw, run, position, level, word, pos, definition, root, qr_key, lighter_bg) VALUES (14, 6, NULL, 1, 1, 'compromise', 1, 'bargain, settlement', '', 301, NULL);
INSERT INTO vocabulary (id, cw, run, position, level, word, pos, definition, root, qr_key, lighter_bg) VALUES (15, 6, NULL, 2, 1, 'conformist', 1, 'follower, team-player', '', 301, NULL);
INSERT INTO vocabulary (id, cw, run, position, level, word, pos, definition, root, qr_key, lighter_bg) VALUES (16, 6, NULL, 3, 1, 'diplomacy', 1, 'art of political relationship', '', 301, NULL);
INSERT INTO vocabulary (id, cw, run, position, level, word, pos, definition, root, qr_key, lighter_bg) VALUES (17, 999, NULL, 5, NULL, 'digression', 1, 'detour from main point; AND divest: get rid of, deprive', '', NULL, NULL);
INSERT INTO vocabulary (id, cw, run, position, level, word, pos, definition, root, qr_key, lighter_bg) VALUES (18, 6, NULL, 4, 1, 'demagogue', 1, 'populist leader', '', 301, NULL);
INSERT INTO vocabulary (id, cw, run, position, level, word, pos, definition, root, qr_key, lighter_bg) VALUES (19, 27, NULL, 1, NULL, 'abate', 4, 'become less', 'ab (away) + battere (to batter, beat away)', NULL, NULL);
INSERT INTO vocabulary (id, cw, run, position, level, word, pos, definition, root, qr_key, lighter_bg) VALUES (20, 27, NULL, 3, NULL, 'abdicate', 4, 'give up (throne), give away', 'ab (away) + dicare (decree, declare)', NULL, NULL);
INSERT INTO vocabulary (id, cw, run, position, level, word, pos, definition, root, qr_key, lighter_bg) VALUES (21, 27, NULL, 4, NULL, 'abstain (from)', 4, 'don’t participate (in)', 'ab (away) + tenere (to hold)', NULL, NULL);
INSERT INTO vocabulary (id, cw, run, position, level, word, pos, definition, root, qr_key, lighter_bg) VALUES (22, 28, NULL, 5, NULL, 'allure', 4, 'draw toward, attract', 'ad (to/toward) + trahere (to drag, pull)', NULL, NULL);
INSERT INTO vocabulary (id, cw, run, position, level, word, pos, definition, root, qr_key, lighter_bg) VALUES (23, 28, NULL, 6, NULL, 'assist', 4, 'help, support', 'ad (to/toward) + sistere (to stand firmly)', NULL, NULL);
INSERT INTO vocabulary (id, cw, run, position, level, word, pos, definition, root, qr_key, lighter_bg) VALUES (24, 28, NULL, 7, NULL, 'accomplish', 4, 'achieve, finish, fulfill', 'ad (to) + complere (complete)', NULL, NULL);
INSERT INTO vocabulary (id, cw, run, position, level, word, pos, definition, root, qr_key, lighter_bg) VALUES (25, 12, NULL, 1, 1, 'pacific', 3, 'peaceful, calm', 'pāx, pācis (peace)', 304, NULL);
INSERT INTO vocabulary (id, cw, run, position, level, word, pos, definition, root, qr_key, lighter_bg) VALUES (26, 333, NULL, 2, NULL, 'clamorous', 3, 'loud, vociferous', 'clāmor, clāmōris (shout, shouting)', NULL, NULL);
INSERT INTO vocabulary (id, cw, run, position, level, word, pos, definition, root, qr_key, lighter_bg) VALUES (27, 12, NULL, 2, 1, 'advent', 1, 'arrival, coming', 'adventus, adventūs (arrival, coming)', 304, NULL);
INSERT INTO vocabulary (id, cw, run, position, level, word, pos, definition, root, qr_key, lighter_bg) VALUES (28, 17, 2, 1, 1, 'voyage', 1, 'journey, excursion', 'via, viae (way, road)', 306, NULL);
INSERT INTO vocabulary (id, cw, run, position, level, word, pos, definition, root, qr_key, lighter_bg) VALUES (29, 17, 2, 2, 1, 'vitality', 1, 'fullness of life', 'vīta, vītae (life)', 306, NULL);
INSERT INTO vocabulary (id, cw, run, position, level, word, pos, definition, root, qr_key, lighter_bg) VALUES (30, 17, 2, 3, 1, 'itinerary', 1, 'planned route, journey, agenda', 'iter, itineris (journey, march, route)', 306, NULL);
INSERT INTO vocabulary (id, cw, run, position, level, word, pos, definition, root, qr_key, lighter_bg) VALUES (31, 5, NULL, 10, 2, 'principle', 1, 'ethical foundation, first value', 'prīnceps, prīncipis (chief, primary leader)', 300, NULL);
INSERT INTO vocabulary (id, cw, run, position, level, word, pos, definition, root, qr_key, lighter_bg) VALUES (32, 5, NULL, 1, 1, 'principal', 1, 'chief, primary leader', 'prīnceps, prīncipis (chief, primary leader)', 300, NULL);
INSERT INTO vocabulary (id, cw, run, position, level, word, pos, definition, root, qr_key, lighter_bg) VALUES (33, 5, NULL, 2, 1, 'fidelity', 1, 'loyalty, devotion', 'fidēs, fideī (faith, faithfulness)', 300, NULL);
INSERT INTO vocabulary (id, cw, run, position, level, word, pos, definition, root, qr_key, lighter_bg) VALUES (34, 5, NULL, 4, 1, 'fortitude', 1, 'courage, perseverance, strength', 'fortis, forte (brave, strong)', 300, NULL);
INSERT INTO vocabulary (id, cw, run, position, level, word, pos, definition, root, qr_key, lighter_bg) VALUES (35, 20, 2, 3, 1, 'difficulty', 1, 'adversity, hardship', 'difficilis, difficile (difficult)', 303, NULL);
INSERT INTO vocabulary (id, cw, run, position, level, word, pos, definition, root, qr_key, lighter_bg) VALUES (36, 20, 2, 4, 1, 'facilitate', 4, 'make easy, coordinate', 'facilis, facile (easy)', 303, NULL);
INSERT INTO vocabulary (id, cw, run, position, level, word, pos, definition, root, qr_key, lighter_bg) VALUES (37, 2, NULL, 10, 2, 'camaraderie', 1, 'friendship, companionship', '', 299, NULL);
INSERT INTO vocabulary (id, cw, run, position, level, word, pos, definition, root, qr_key, lighter_bg) VALUES (38, 2, NULL, 11, 2, 'colleague', 1, 'co-worker, companion, teammate', '', 299, NULL);
INSERT INTO vocabulary (id, cw, run, position, level, word, pos, definition, root, qr_key, lighter_bg) VALUES (39, 999, NULL, 4, NULL, 'significance', 1, 'importance, relevance, gravity', '', NULL, NULL);
INSERT INTO vocabulary (id, cw, run, position, level, word, pos, definition, root, qr_key, lighter_bg) VALUES (40, 999, NULL, 5, NULL, 'tension', 1, 'strain, pull, stretch', '', NULL, NULL);
INSERT INTO vocabulary (id, cw, run, position, level, word, pos, definition, root, qr_key, lighter_bg) VALUES (41, 999, NULL, 6, NULL, 'compression', 1, 'stress, squeeze, pressure', '', NULL, NULL);
INSERT INTO vocabulary (id, cw, run, position, level, word, pos, definition, root, qr_key, lighter_bg) VALUES (42, 999, NULL, 7, NULL, 'investigation', 1, 'quest for truth or explanation', '', NULL, NULL);
INSERT INTO vocabulary (id, cw, run, position, level, word, pos, definition, root, qr_key, lighter_bg) VALUES (43, 57, NULL, 8, NULL, 'diagram', 1, 'information picture', '', NULL, NULL);
INSERT INTO vocabulary (id, cw, run, position, level, word, pos, definition, root, qr_key, lighter_bg) VALUES (44, 57, NULL, 7, NULL, 'nomenclature', 1, 'system of names, taxonomy', 'nōmen, nōminis (name)', NULL, NULL);
INSERT INTO vocabulary (id, cw, run, position, level, word, pos, definition, root, qr_key, lighter_bg) VALUES (45, 999, NULL, NULL, NULL, 'capacious', 3, 'roomy, ample', 'capax, capac- (capable)', NULL, NULL);
INSERT INTO vocabulary (id, cw, run, position, level, word, pos, definition, root, qr_key, lighter_bg) VALUES (46, 13, 2, 4, 1, 'condescending', 3, 'arrogant, haughty', 'scandere (to climb)', 305, NULL);
INSERT INTO vocabulary (id, cw, run, position, level, word, pos, definition, root, qr_key, lighter_bg) VALUES (47, 13, 2, 3, 1, 'deleterious', 3, 'harmful, destructive, unhealthy', 'delere (blotted out, deleted)', 305, NULL);
INSERT INTO vocabulary (id, cw, run, position, level, word, pos, definition, root, qr_key, lighter_bg) VALUES (48, 13, 2, 2, 1, 'diligent', 3, 'persevering carefully', 'diligere (love, take delight in)', 305, NULL);
INSERT INTO vocabulary (id, cw, run, position, level, word, pos, definition, root, qr_key, lighter_bg) VALUES (49, 9, NULL, 4, NULL, 'exemplary', 3, 'excellent, admirable, best model', 'exemplum, exemplī (model, sample, copy)', NULL, NULL);
INSERT INTO vocabulary (id, cw, run, position, level, word, pos, definition, root, qr_key, lighter_bg) VALUES (50, 999, NULL, NULL, NULL, 'florid', 3, 'elaborately ornamented', 'flos, flor- (flower)', NULL, NULL);
INSERT INTO vocabulary (id, cw, run, position, level, word, pos, definition, root, qr_key, lighter_bg) VALUES (51, 999, NULL, NULL, NULL, 'fortuitous', 3, 'lucky, fortunate', 'forte (by chance)', NULL, NULL);
INSERT INTO vocabulary (id, cw, run, position, level, word, pos, definition, root, qr_key, lighter_bg) VALUES (52, 13, 2, 1, 1, 'dormant', 3, 'deeply asleep, inactive', 'dormire (to sleep)', 305, NULL);
INSERT INTO vocabulary (id, cw, run, position, level, word, pos, definition, root, qr_key, lighter_bg) VALUES (53, 20, 2, 1, 1, 'bilingual', 3, 'speaking two languages', 'lingua, linguae (language, speech)', 303, NULL);
INSERT INTO vocabulary (id, cw, run, position, level, word, pos, definition, root, qr_key, lighter_bg) VALUES (54, 1, NULL, 11, 2, 'ex nihilo', 7, 'out of nothing', 'ex (out of) + nihil (nothing)', 298, NULL);
INSERT INTO vocabulary (id, cw, run, position, level, word, pos, definition, root, qr_key, lighter_bg) VALUES (55, 12, NULL, 3, 1, 'expectation', 1, 'hope, anticipation', 'ex (out) + exspectāre (look for)', 304, NULL);
INSERT INTO vocabulary (id, cw, run, position, level, word, pos, definition, root, qr_key, lighter_bg) VALUES (56, 12, NULL, 4, 1, 'exaltation', 1, 'praise, elevation', 'exultāre (to exalt)', 304, NULL);
INSERT INTO vocabulary (id, cw, run, position, level, word, pos, definition, root, qr_key, lighter_bg) VALUES (57, 1, NULL, 1, 1, 'vocabulary', 1, 'word variety', 'vōx (voice), vocare (to name, call)', 298, NULL);
INSERT INTO vocabulary (id, cw, run, position, level, word, pos, definition, root, qr_key, lighter_bg) VALUES (58, 1, NULL, 12, 2, 'tenebrious', 3, 'dark, gloomy', 'tenebra, tenebrae (darkness, ignorance)', 298, NULL);
INSERT INTO vocabulary (id, cw, run, position, level, word, pos, definition, root, qr_key, lighter_bg) VALUES (59, 21, NULL, 12, 2, 'collaborate', 4, 'create cooperatively', 'col (together) + laborare (to work)', NULL, NULL);
INSERT INTO vocabulary (id, cw, run, position, level, word, pos, definition, root, qr_key, lighter_bg) VALUES (60, 2, NULL, 12, 2, 'cohort', 1, 'partners in activity; tenth of a legion', '', 299, NULL);
INSERT INTO vocabulary (id, cw, run, position, level, word, pos, definition, root, qr_key, lighter_bg) VALUES (61, 2, NULL, 4, 1, 'sororal', 4, 'sisterly', 'soror, sorōris (sister)', 299, NULL);
INSERT INTO vocabulary (id, cw, run, position, level, word, pos, definition, root, qr_key, lighter_bg) VALUES (62, 5, NULL, 11, 2, 'fortification', 1, 'strengthening, building-up', 'fortis, forte', 300, NULL);
INSERT INTO vocabulary (id, cw, run, position, level, word, pos, definition, root, qr_key, lighter_bg) VALUES (63, 6, NULL, 10, 2, 'narrative', 1, 'story, account', 'narrare (narrate, tell)', 301, NULL);
INSERT INTO vocabulary (id, cw, run, position, level, word, pos, definition, root, qr_key, lighter_bg) VALUES (64, 6, NULL, 11, 2, 'per diem', 7, 'per day', 'diēs, diem (day)', 301, NULL);
INSERT INTO vocabulary (id, cw, run, position, level, word, pos, definition, root, qr_key, lighter_bg) VALUES (65, 21, NULL, 11, 2, 'optimistic', 3, 'hopeful, expectant', 'optimus (best)', NULL, NULL);
INSERT INTO vocabulary (id, cw, run, position, level, word, pos, definition, root, qr_key, lighter_bg) VALUES (66, 12, NULL, 10, 2, 'enunciate', 4, 'announce clearly', 'nūntiu, nūntiī (messenger)', 304, NULL);
INSERT INTO vocabulary (id, cw, run, position, level, word, pos, definition, root, qr_key, lighter_bg) VALUES (67, 12, NULL, 11, 2, 'miraculous', 3, 'extraordinary, by miracle', 'mīrābilis, mīrābile (wonderful, extraordinary)', 304, NULL);
INSERT INTO vocabulary (id, cw, run, position, level, word, pos, definition, root, qr_key, lighter_bg) VALUES (68, 6, NULL, 12, 2, 'carpe diem', 4, 'live for the day', 'diēs, diem (day)', 301, NULL);
INSERT INTO vocabulary (id, cw, run, position, level, word, pos, definition, root, qr_key, lighter_bg) VALUES (69, 8, NULL, 1, 1, 'recess', 4, 'retreat, withdraw', 're (back) + cedere (to go)', 302, NULL);
INSERT INTO vocabulary (id, cw, run, position, level, word, pos, definition, root, qr_key, lighter_bg) VALUES (70, 8, NULL, 2, 1, 'procession', 1, 'group moving forward', 'proc (forward) + cedere (to go)', 302, NULL);
INSERT INTO vocabulary (id, cw, run, position, level, word, pos, definition, root, qr_key, lighter_bg) VALUES (71, 8, NULL, 3, 1, 'succession', 1, 'in sequence, coming after', 'suc (after) + cedere (to go)', 302, NULL);
INSERT INTO vocabulary (id, cw, run, position, level, word, pos, definition, root, qr_key, lighter_bg) VALUES (72, 8, NULL, 4, 1, 'excessive', 3, 'beyond ordinary', 'ex (beyond) + cedere (to go)', 302, NULL);
INSERT INTO vocabulary (id, cw, run, position, level, word, pos, definition, root, qr_key, lighter_bg) VALUES (73, 8, NULL, 11, 2, 'incessantly', 5, 'constantly, without stopping', 'in (not) + cessare (to stop)', 302, NULL);
INSERT INTO vocabulary (id, cw, run, position, level, word, pos, definition, root, qr_key, lighter_bg) VALUES (74, 8, NULL, 10, 2, 'cessation', 1, 'ceasing, stopping', 'cessare (to stop)', 302, NULL);
INSERT INTO vocabulary (id, cw, run, position, level, word, pos, definition, root, qr_key, lighter_bg) VALUES (75, 8, NULL, 12, 2, 'concession', 1, 'yielding, giving in', 'con (fully) + cedere (to yield)', 302, NULL);
INSERT INTO vocabulary (id, cw, run, position, level, word, pos, definition, root, qr_key, lighter_bg) VALUES (76, 17, 2, 4, 1, 'emancipation', 1, 'liberation, new freedom', 'ex (out), mancipium (slave)', 306, NULL);
INSERT INTO vocabulary (id, cw, run, position, level, word, pos, definition, root, qr_key, lighter_bg) VALUES (77, 16, 2, 2, 1, 'liberate', 3, 'to set free', 'līber (free, unrestricted)', 362, NULL);
INSERT INTO vocabulary (id, cw, run, position, level, word, pos, definition, root, qr_key, lighter_bg) VALUES (78, 16, 2, 3, 1, 'subservient', 3, 'inferior, dependent, subordinate', 'servus, servī (servant, slave)', 362, NULL);
INSERT INTO vocabulary (id, cw, run, position, level, word, pos, definition, root, qr_key, lighter_bg) VALUES (79, 16, 2, 1, 1, 'librarian', 1, 'manager of books', 'liber, librī (book)', 362, NULL);
INSERT INTO vocabulary (id, cw, run, position, level, word, pos, definition, root, qr_key, lighter_bg) VALUES (80, 16, 2, 4, 1, 'equilibrium', 1, 'equal balance, equanimity', 'lībra, lībrae (balance, pound)', 362, NULL);
INSERT INTO vocabulary (id, cw, run, position, level, word, pos, definition, root, qr_key, lighter_bg) VALUES (81, 9, NULL, 1, NULL, 'ignite', 4, 'light on fire, inspire', 'īgnis (fire)', NULL, NULL);
INSERT INTO vocabulary (id, cw, run, position, level, word, pos, definition, root, qr_key, lighter_bg) VALUES (82, 9, NULL, 2, NULL, 'frigidly', 5, 'coldly, unenthusiastically', 'frigidus (cold, winter)', NULL, NULL);
INSERT INTO vocabulary (id, cw, run, position, level, word, pos, definition, root, qr_key, lighter_bg) VALUES (83, 9, NULL, 3, NULL, 'sedentary', 3, 'always sitting, inactive', 'sedēre (to sit, to settle)', NULL, NULL);

COMMIT TRANSACTION;
PRAGMA foreign_keys = on;
