--
-- File generated with SQLiteStudio v3.2.1 on Sat Jul 25 00:46:54 2020
--
-- Text encoding used: UTF-8
--
PRAGMA foreign_keys = off;
BEGIN TRANSACTION;

-- Table: academic_year
DROP TABLE IF EXISTS academic_year;
CREATE TABLE academic_year (id INTEGER PRIMARY KEY AUTOINCREMENT, name STRING);
INSERT INTO academic_year (id, name) VALUES (1, '2020-21');

-- Table: address
DROP TABLE IF EXISTS address;
CREATE TABLE address (id INTEGER PRIMARY KEY AUTOINCREMENT, po_box STRING, street_1 STRING, street_2 STRING, city STRING, state STRING, postal_code STRING, country STRING, note STRING, unlisted INTEGER);
INSERT INTO address (id, po_box, street_1, street_2, city, state, postal_code, country, note, unlisted) VALUES (1, NULL, '505 East Main St.', NULL, 'Enterprise', 'OR', 97828, NULL, NULL, NULL);
INSERT INTO address (id, po_box, street_1, street_2, city, state, postal_code, country, note, unlisted) VALUES (2, NULL, '306 SE 2nd St.', NULL, 'Enterprise', 'OR', 97828, NULL, NULL, NULL);
INSERT INTO address (id, po_box, street_1, street_2, city, state, postal_code, country, note, unlisted) VALUES (3, NULL, '301 SE 5th St.', NULL, 'Enterprise', 'OR', 97828, NULL, NULL, NULL);
INSERT INTO address (id, po_box, street_1, street_2, city, state, postal_code, country, note, unlisted) VALUES (4, NULL, '1202 Sagewood St.', NULL, 'Enterprise', 'OR', 97828, NULL, NULL, NULL);
INSERT INTO address (id, po_box, street_1, street_2, city, state, postal_code, country, note, unlisted) VALUES (5, NULL, '207 SE 2nd St.', NULL, 'Enterprise', 'OR', 97828, NULL, NULL, NULL);
INSERT INTO address (id, po_box, street_1, street_2, city, state, postal_code, country, note, unlisted) VALUES (6, NULL, '213 SW Broadmore St.', NULL, 'Enterprise', 'OR', 97828, NULL, NULL, NULL);
INSERT INTO address (id, po_box, street_1, street_2, city, state, postal_code, country, note, unlisted) VALUES (7, NULL, '79054 Hartshorn Rd.', NULL, 'Imnaha', 'OR', 97842, NULL, NULL, NULL);
INSERT INTO address (id, po_box, street_1, street_2, city, state, postal_code, country, note, unlisted) VALUES (8, NULL, '81733 Reavis Ln.', NULL, 'Enterprise', 'OR', 97828, NULL, NULL, NULL);
INSERT INTO address (id, po_box, street_1, street_2, city, state, postal_code, country, note, unlisted) VALUES (9, NULL, '62401 Edgewater Rd.', NULL, 'Joseph', 'OR', 97846, NULL, NULL, NULL);
INSERT INTO address (id, po_box, street_1, street_2, city, state, postal_code, country, note, unlisted) VALUES (10, NULL, '200 E. Greenwood St.', NULL, 'Enterprise', 'OR', 97828, NULL, NULL, NULL);
INSERT INTO address (id, po_box, street_1, street_2, city, state, postal_code, country, note, unlisted) VALUES (11, NULL, '1200 Highland Ave.', NULL, 'Enterprise', 'OR', 97828, NULL, NULL, NULL);
INSERT INTO address (id, po_box, street_1, street_2, city, state, postal_code, country, note, unlisted) VALUES (12, NULL, '205 E. Grant St.', NULL, 'Enterprise', 'OR', 97828, NULL, NULL, NULL);
INSERT INTO address (id, po_box, street_1, street_2, city, state, postal_code, country, note, unlisted) VALUES (13, NULL, '205 E. Greenwood St.', NULL, 'Enterprise', 'OR', 97828, NULL, NULL, NULL);
INSERT INTO address (id, po_box, street_1, street_2, city, state, postal_code, country, note, unlisted) VALUES (14, NULL, '66205 Getting Rd.', NULL, 'Enterprise', 'OR', 97828, NULL, NULL, NULL);

-- Table: assignment
DROP TABLE IF EXISTS assignment;
CREATE TABLE assignment (id INTEGER PRIMARY KEY AUTOINCREMENT, resource INTEGER REFERENCES resource (id) ON DELETE RESTRICT ON UPDATE CASCADE, subject INTEGER REFERENCES subject (id) ON DELETE RESTRICT ON UPDATE CASCADE, program INTEGER REFERENCES program (id) ON DELETE RESTRICT ON UPDATE CASCADE, grade_first INTEGER, grade_last INTEGER, cw_first INTEGER REFERENCES cycle_week (id) ON DELETE RESTRICT ON UPDATE CASCADE, cw_last INTEGER REFERENCES cycle_week (id) ON DELETE RESTRICT ON UPDATE CASCADE, pages STRING, chapters STRING, items STRING, instruction INTEGER REFERENCES instructions (id) ON DELETE CASCADE ON UPDATE CASCADE, "order" INTEGER, optional INTEGER DEFAULT (0));
INSERT INTO assignment (id, resource, subject, program, grade_first, grade_last, cw_first, cw_last, pages, chapters, items, instruction, "order", optional) VALUES (1, 39, 8, 3, NULL, NULL, 2, 2, NULL, NULL, 'your favorite summer reading', 30, 5, 0);
INSERT INTO assignment (id, resource, subject, program, grade_first, grade_last, cw_first, cw_last, pages, chapters, items, instruction, "order", optional) VALUES (2, 39, 8, 3, 7, 7, 2, 2, NULL, NULL, 10, 31, 20, 0);
INSERT INTO assignment (id, resource, subject, program, grade_first, grade_last, cw_first, cw_last, pages, chapters, items, instruction, "order", optional) VALUES (3, 39, 8, 3, 8, 9, 2, 2, NULL, NULL, 15, 33, 30, 0);
INSERT INTO assignment (id, resource, subject, program, grade_first, grade_last, cw_first, cw_last, pages, chapters, items, instruction, "order", optional) VALUES (5, 39, 8, 3, 8, 9, 2, 2, NULL, NULL, NULL, 32, 31, 0);
INSERT INTO assignment (id, resource, subject, program, grade_first, grade_last, cw_first, cw_last, pages, chapters, items, instruction, "order", optional) VALUES (7, 39, 8, 3, 9, 9, 2, 2, NULL, NULL, NULL, 34, 40, 0);
INSERT INTO assignment (id, resource, subject, program, grade_first, grade_last, cw_first, cw_last, pages, chapters, items, instruction, "order", optional) VALUES (8, 38, 8, 3, NULL, NULL, 2, 2, NULL, NULL, NULL, 1, 50, 0);
INSERT INTO assignment (id, resource, subject, program, grade_first, grade_last, cw_first, cw_last, pages, chapters, items, instruction, "order", optional) VALUES (9, 39, 8, 3, 7, 7, 3, 3, NULL, NULL, NULL, 35, 5, 0);
INSERT INTO assignment (id, resource, subject, program, grade_first, grade_last, cw_first, cw_last, pages, chapters, items, instruction, "order", optional) VALUES (10, 39, 8, 3, NULL, NULL, 3, 3, NULL, NULL, NULL, 41, 30, 0);
INSERT INTO assignment (id, resource, subject, program, grade_first, grade_last, cw_first, cw_last, pages, chapters, items, instruction, "order", optional) VALUES (11, 39, 8, 3, 8, 8, 3, 3, NULL, NULL, NULL, 37, 10, 0);
INSERT INTO assignment (id, resource, subject, program, grade_first, grade_last, cw_first, cw_last, pages, chapters, items, instruction, "order", optional) VALUES (12, 39, 8, 3, 8, 8, 3, 3, NULL, NULL, NULL, 38, 11, 0);
INSERT INTO assignment (id, resource, subject, program, grade_first, grade_last, cw_first, cw_last, pages, chapters, items, instruction, "order", optional) VALUES (13, 39, 8, 3, 9, 9, 3, 3, NULL, NULL, NULL, 37, 20, 0);
INSERT INTO assignment (id, resource, subject, program, grade_first, grade_last, cw_first, cw_last, pages, chapters, items, instruction, "order", optional) VALUES (14, 39, 8, 3, 9, 9, 3, 3, NULL, NULL, NULL, 39, 21, 0);
INSERT INTO assignment (id, resource, subject, program, grade_first, grade_last, cw_first, cw_last, pages, chapters, items, instruction, "order", optional) VALUES (15, 39, 8, 3, 9, 9, 3, 3, NULL, NULL, NULL, 40, 22, 0);
INSERT INTO assignment (id, resource, subject, program, grade_first, grade_last, cw_first, cw_last, pages, chapters, items, instruction, "order", optional) VALUES (16, 39, 8, 3, 7, 7, 4, 4, NULL, NULL, NULL, 42, 5, 0);
INSERT INTO assignment (id, resource, subject, program, grade_first, grade_last, cw_first, cw_last, pages, chapters, items, instruction, "order", optional) VALUES (17, 39, 8, 3, NULL, NULL, 4, 4, NULL, NULL, NULL, 47, 30, 0);
INSERT INTO assignment (id, resource, subject, program, grade_first, grade_last, cw_first, cw_last, pages, chapters, items, instruction, "order", optional) VALUES (18, 39, 8, 3, 8, 9, 4, 4, NULL, NULL, NULL, 43, 10, 0);
INSERT INTO assignment (id, resource, subject, program, grade_first, grade_last, cw_first, cw_last, pages, chapters, items, instruction, "order", optional) VALUES (19, 39, 8, 3, 8, 8, 4, 4, NULL, NULL, NULL, 44, 6, 0);
INSERT INTO assignment (id, resource, subject, program, grade_first, grade_last, cw_first, cw_last, pages, chapters, items, instruction, "order", optional) VALUES (21, 39, 8, 3, 9, 9, 4, 4, NULL, NULL, NULL, 45, 20, 0);
INSERT INTO assignment (id, resource, subject, program, grade_first, grade_last, cw_first, cw_last, pages, chapters, items, instruction, "order", optional) VALUES (22, 39, 8, 3, 9, 9, 4, 4, NULL, NULL, NULL, 46, 7, 0);
INSERT INTO assignment (id, resource, subject, program, grade_first, grade_last, cw_first, cw_last, pages, chapters, items, instruction, "order", optional) VALUES (23, 29, 5, 3, NULL, NULL, 1, 1, '1-7, 17-20', 1, '', 78, 1, 0);
INSERT INTO assignment (id, resource, subject, program, grade_first, grade_last, cw_first, cw_last, pages, chapters, items, instruction, "order", optional) VALUES (24, 29, 5, 3, NULL, NULL, 1, 1, NULL, NULL, 1.3, 76, 2, 0);
INSERT INTO assignment (id, resource, subject, program, grade_first, grade_last, cw_first, cw_last, pages, chapters, items, instruction, "order", optional) VALUES (25, 29, 5, 3, NULL, NULL, 1, 1, NULL, NULL, '1.1, 1.2, 1.9, 1.10', 74, 3, 0);
INSERT INTO assignment (id, resource, subject, program, grade_first, grade_last, cw_first, cw_last, pages, chapters, items, instruction, "order", optional) VALUES (27, 29, 5, 3, NULL, NULL, 1, 1, NULL, 1, NULL, 75, 4, 0);
INSERT INTO assignment (id, resource, subject, program, grade_first, grade_last, cw_first, cw_last, pages, chapters, items, instruction, "order", optional) VALUES (28, 29, 5, 3, NULL, NULL, 2, 2, NULL, 2, NULL, 72, 1, 0);
INSERT INTO assignment (id, resource, subject, program, grade_first, grade_last, cw_first, cw_last, pages, chapters, items, instruction, "order", optional) VALUES (29, 29, 5, 3, NULL, NULL, 2, 2, NULL, NULL, '2.1, 2.2', 73, 2, 0);
INSERT INTO assignment (id, resource, subject, program, grade_first, grade_last, cw_first, cw_last, pages, chapters, items, instruction, "order", optional) VALUES (30, 29, 5, 3, NULL, NULL, 2, 2, NULL, NULL, '2.1-2.11', 74, 3, 0);
INSERT INTO assignment (id, resource, subject, program, grade_first, grade_last, cw_first, cw_last, pages, chapters, items, instruction, "order", optional) VALUES (32, 29, 5, 3, NULL, NULL, 2, 2, NULL, 2, NULL, 75, 4, 0);
INSERT INTO assignment (id, resource, subject, program, grade_first, grade_last, cw_first, cw_last, pages, chapters, items, instruction, "order", optional) VALUES (33, 29, 5, 3, NULL, NULL, 3, 3, NULL, 3, NULL, 72, 1, 0);
INSERT INTO assignment (id, resource, subject, program, grade_first, grade_last, cw_first, cw_last, pages, chapters, items, instruction, "order", optional) VALUES (34, 29, 5, 3, NULL, NULL, 3, 3, NULL, NULL, 3.1, 76, 2, 0);
INSERT INTO assignment (id, resource, subject, program, grade_first, grade_last, cw_first, cw_last, pages, chapters, items, instruction, "order", optional) VALUES (35, 29, 5, 3, NULL, NULL, 3, 3, NULL, NULL, '3.1-3.11', 74, 3, 0);
INSERT INTO assignment (id, resource, subject, program, grade_first, grade_last, cw_first, cw_last, pages, chapters, items, instruction, "order", optional) VALUES (36, 29, 5, 3, NULL, NULL, 3, 3, NULL, 3, NULL, 75, 4, 0);
INSERT INTO assignment (id, resource, subject, program, grade_first, grade_last, cw_first, cw_last, pages, chapters, items, instruction, "order", optional) VALUES (37, 29, 5, 3, NULL, NULL, 4, 4, '81-97', 4, '(Stop at “Water''s Cohesion”)', 77, 1, 0);
INSERT INTO assignment (id, resource, subject, program, grade_first, grade_last, cw_first, cw_last, pages, chapters, items, instruction, "order", optional) VALUES (38, 29, 5, 3, NULL, NULL, 4, 4, NULL, NULL, '4.2, 4.3, 4.4', 73, 2, 0);
INSERT INTO assignment (id, resource, subject, program, grade_first, grade_last, cw_first, cw_last, pages, chapters, items, instruction, "order", optional) VALUES (39, 29, 5, 3, NULL, NULL, 4, 4, NULL, NULL, '4.1-4.11', 74, 3, 0);
INSERT INTO assignment (id, resource, subject, program, grade_first, grade_last, cw_first, cw_last, pages, chapters, items, instruction, "order", optional) VALUES (40, 1, 2, 3, 7, 9, 197, 197, NULL, '1-5, 8-9', NULL, 12, 10, 0);
INSERT INTO assignment (id, resource, subject, program, grade_first, grade_last, cw_first, cw_last, pages, chapters, items, instruction, "order", optional) VALUES (42, 21, 2, 3, 7, 8, 197, 197, '30-37', NULL, NULL, 13, 20, 1);
INSERT INTO assignment (id, resource, subject, program, grade_first, grade_last, cw_first, cw_last, pages, chapters, items, instruction, "order", optional) VALUES (43, 41, 2, 3, 7, 9, 1, 1, NULL, NULL, NULL, 14, 2, 0);
INSERT INTO assignment (id, resource, subject, program, grade_first, grade_last, cw_first, cw_last, pages, chapters, items, instruction, "order", optional) VALUES (44, 34, 2, 3, 7, 9, 197, 197, NULL, '"Genesis" and "Gilgamesh"', NULL, 15, 30, 1);
INSERT INTO assignment (id, resource, subject, program, grade_first, grade_last, cw_first, cw_last, pages, chapters, items, instruction, "order", optional) VALUES (45, 30, 9, 3, 7, 9, 197, 1, '', 1, NULL, 10, 1, 0);
INSERT INTO assignment (id, resource, subject, program, grade_first, grade_last, cw_first, cw_last, pages, chapters, items, instruction, "order", optional) VALUES (46, 40, 2, 3, 7, 9, 197, 197, NULL, 'Genesis 1-11', NULL, 11, 1, 0);
INSERT INTO assignment (id, resource, subject, program, grade_first, grade_last, cw_first, cw_last, pages, chapters, items, instruction, "order", optional) VALUES (47, 21, 2, 3, 9, 9, 197, 197, '30-37', NULL, NULL, 13, 20, 0);
INSERT INTO assignment (id, resource, subject, program, grade_first, grade_last, cw_first, cw_last, pages, chapters, items, instruction, "order", optional) VALUES (48, 41, 2, 3, 7, 9, 1, 1, NULL, NULL, NULL, 17, 1, 0);
INSERT INTO assignment (id, resource, subject, program, grade_first, grade_last, cw_first, cw_last, pages, chapters, items, instruction, "order", optional) VALUES (49, 25, 2, 3, 7, 9, 1, 1, NULL, '1-5, 8-9', NULL, 18, 10, 0);
INSERT INTO assignment (id, resource, subject, program, grade_first, grade_last, cw_first, cw_last, pages, chapters, items, instruction, "order", optional) VALUES (51, 41, 2, 3, 7, 9, 2, 2, NULL, NULL, NULL, 19, 1, 0);
INSERT INTO assignment (id, resource, subject, program, grade_first, grade_last, cw_first, cw_last, pages, chapters, items, instruction, "order", optional) VALUES (52, 34, 2, 3, 7, 9, 1, 1, NULL, '"Genesis" and "Gilgamesh"', NULL, 20, 40, 1);
INSERT INTO assignment (id, resource, subject, program, grade_first, grade_last, cw_first, cw_last, pages, chapters, items, instruction, "order", optional) VALUES (54, 1, 2, 3, 7, 9, 3, 3, NULL, '6-7, 10-15', NULL, 12, 10, 0);
INSERT INTO assignment (id, resource, subject, program, grade_first, grade_last, cw_first, cw_last, pages, chapters, items, instruction, "order", optional) VALUES (55, 42, 2, 3, 7, 9, 1, 1, NULL, '1-3', NULL, 22, 20, 0);
INSERT INTO assignment (id, resource, subject, program, grade_first, grade_last, cw_first, cw_last, pages, chapters, items, instruction, "order", optional) VALUES (56, 42, 2, 3, 7, 9, 2, 2, NULL, '1-3', NULL, 23, 10, 0);
INSERT INTO assignment (id, resource, subject, program, grade_first, grade_last, cw_first, cw_last, pages, chapters, items, instruction, "order", optional) VALUES (57, 40, 2, 3, 7, 9, 3, 3, NULL, 'Genesis 11-15; Psalm 40', NULL, 11, 1, 0);
INSERT INTO assignment (id, resource, subject, program, grade_first, grade_last, cw_first, cw_last, pages, chapters, items, instruction, "order", optional) VALUES (58, 21, 2, 3, 7, 8, 3, 3, '40-45', NULL, NULL, 13, 20, 1);
INSERT INTO assignment (id, resource, subject, program, grade_first, grade_last, cw_first, cw_last, pages, chapters, items, instruction, "order", optional) VALUES (59, 21, 2, 3, 9, 9, 3, 3, '40-45', NULL, NULL, 13, 20, 0);
INSERT INTO assignment (id, resource, subject, program, grade_first, grade_last, cw_first, cw_last, pages, chapters, items, instruction, "order", optional) VALUES (60, 34, 2, 3, 7, 9, 3, 3, NULL, '"Exodus", "Code of Hammurabi", and "First and Second Samuel"', NULL, 15, 40, 1);
INSERT INTO assignment (id, resource, subject, program, grade_first, grade_last, cw_first, cw_last, pages, chapters, items, instruction, "order", optional) VALUES (61, 41, 2, 3, 7, 9, 3, 3, NULL, NULL, NULL, 26, 13, 1);
INSERT INTO assignment (id, resource, subject, program, grade_first, grade_last, cw_first, cw_last, pages, chapters, items, instruction, "order", optional) VALUES (62, 41, 2, 3, 7, 9, 4, 4, NULL, NULL, NULL, 14, 1, 0);
INSERT INTO assignment (id, resource, subject, program, grade_first, grade_last, cw_first, cw_last, pages, chapters, items, instruction, "order", optional) VALUES (63, 25, 2, 3, 7, 9, 4, 4, NULL, '6-7, 10-15', NULL, 18, 10, 0);
INSERT INTO assignment (id, resource, subject, program, grade_first, grade_last, cw_first, cw_last, pages, chapters, items, instruction, "order", optional) VALUES (64, 42, 2, 3, 7, 9, 4, 4, NULL, '4-6', NULL, 22, 20, 0);
INSERT INTO assignment (id, resource, subject, program, grade_first, grade_last, cw_first, cw_last, pages, chapters, items, instruction, "order", optional) VALUES (65, 34, 2, 3, 7, 9, 4, 4, NULL, '"Exodus", "Code of Hammurabi", and "First and Second Samuel"', NULL, 20, 40, 1);
INSERT INTO assignment (id, resource, subject, program, grade_first, grade_last, cw_first, cw_last, pages, chapters, items, instruction, "order", optional) VALUES (66, 41, 2, 3, 7, 9, 4, 4, NULL, NULL, NULL, 25, 2, 0);
INSERT INTO assignment (id, resource, subject, program, grade_first, grade_last, cw_first, cw_last, pages, chapters, items, instruction, "order", optional) VALUES (67, 40, 2, 3, 7, 9, 4, 4, NULL, 'Jeremiah 31:31-34; Romans 2', NULL, 2, 3, 0);
INSERT INTO assignment (id, resource, subject, program, grade_first, grade_last, cw_first, cw_last, pages, chapters, items, instruction, "order", optional) VALUES (68, 41, 2, 3, 7, 9, 5, 5, NULL, NULL, NULL, 19, 1, 0);
INSERT INTO assignment (id, resource, subject, program, grade_first, grade_last, cw_first, cw_last, pages, chapters, items, instruction, "order", optional) VALUES (69, 42, 2, 3, 7, 9, 5, 5, NULL, '4-6', NULL, 23, 10, 0);
INSERT INTO assignment (id, resource, subject, program, grade_first, grade_last, cw_first, cw_last, pages, chapters, items, instruction, "order", optional) VALUES (70, 40, 2, 3, 7, 9, 6, 6, NULL, '2 Kings 15:17-21, 2 Chronicles 32:1-22, Nahum 3 (especially note verse 18, and note: the Assyrian capital of Nineveh fell after just 3 months of battle in 612 BC.), Ezekiel 31:16, Ezra, Nehemiah [optional], Isaiah 44, Daniel 5, 6', NULL, 11, 1, 0);
INSERT INTO assignment (id, resource, subject, program, grade_first, grade_last, cw_first, cw_last, pages, chapters, items, instruction, "order", optional) VALUES (71, 1, 2, 3, 7, 9, 6, 6, NULL, '16-17, 21, 25, 30-33', NULL, 12, 10, 0);
INSERT INTO assignment (id, resource, subject, program, grade_first, grade_last, cw_first, cw_last, pages, chapters, items, instruction, "order", optional) VALUES (72, 21, 2, 3, 7, 8, 6, 6, '48-51, 60-61, 70-77, and optionally 82-85', NULL, NULL, 13, 20, 1);
INSERT INTO assignment (id, resource, subject, program, grade_first, grade_last, cw_first, cw_last, pages, chapters, items, instruction, "order", optional) VALUES (73, 21, 2, 3, 9, 9, 6, 6, '48-51, 60-61, 70-77, and optionally 82-85', NULL, NULL, 13, 20, 0);
INSERT INTO assignment (id, resource, subject, program, grade_first, grade_last, cw_first, cw_last, pages, chapters, items, instruction, "order", optional) VALUES (74, 41, 2, 3, 7, 9, 7, 7, NULL, NULL, NULL, 27, 30, 1);
INSERT INTO assignment (id, resource, subject, program, grade_first, grade_last, cw_first, cw_last, pages, chapters, items, instruction, "order", optional) VALUES (75, 34, 2, 3, 7, 9, 6, 6, NULL, '"<a href="http://classics.mit.edu/Herodotus/history.html">Histories [Herodotus]</a>" and "First and Second Kings"', NULL, 15, 40, 1);
INSERT INTO assignment (id, resource, subject, program, grade_first, grade_last, cw_first, cw_last, pages, chapters, items, instruction, "order", optional) VALUES (76, 41, 2, 3, 7, 9, 7, 7, NULL, NULL, NULL, 14, 1, 0);
INSERT INTO assignment (id, resource, subject, program, grade_first, grade_last, cw_first, cw_last, pages, chapters, items, instruction, "order", optional) VALUES (77, 25, 2, 3, 7, 9, 7, 7, NULL, '16-17, 21, 25, 30-33', NULL, 18, 10, 0);
INSERT INTO assignment (id, resource, subject, program, grade_first, grade_last, cw_first, cw_last, pages, chapters, items, instruction, "order", optional) VALUES (78, 42, 2, 3, 7, 9, 7, 7, NULL, '7-9', NULL, 22, 20, 0);
INSERT INTO assignment (id, resource, subject, program, grade_first, grade_last, cw_first, cw_last, pages, chapters, items, instruction, "order", optional) VALUES (79, 34, 2, 3, 7, 9, 7, 7, NULL, '"<a href="http://classics.mit.edu/Herodotus/history.html">Histories [Herodotus]</a>" and "First and Second Kings"', NULL, 20, 40, 1);
INSERT INTO assignment (id, resource, subject, program, grade_first, grade_last, cw_first, cw_last, pages, chapters, items, instruction, "order", optional) VALUES (80, 41, 2, 3, 7, 9, 8, 8, NULL, NULL, NULL, 19, 1, 0);
INSERT INTO assignment (id, resource, subject, program, grade_first, grade_last, cw_first, cw_last, pages, chapters, items, instruction, "order", optional) VALUES (81, 42, 2, 3, 7, 9, 8, 8, NULL, '7-9', NULL, 23, 10, 0);
INSERT INTO assignment (id, resource, subject, program, grade_first, grade_last, cw_first, cw_last, pages, chapters, items, instruction, "order", optional) VALUES (82, 40, 2, 3, 7, 9, 9, 9, NULL, 'Matthew 1-2, Luke 1:26-2:52, Luke 23-24, Mark 15-16:8, 1 Peter 1', NULL, 11, 1, 0);
INSERT INTO assignment (id, resource, subject, program, grade_first, grade_last, cw_first, cw_last, pages, chapters, items, instruction, "order", optional) VALUES (83, 1, 2, 3, 7, 9, 9, 9, NULL, '36-40', NULL, 12, 10, 0);
INSERT INTO assignment (id, resource, subject, program, grade_first, grade_last, cw_first, cw_last, pages, chapters, items, instruction, "order", optional) VALUES (84, 21, 2, 3, 7, 8, 9, 9, '86-87', NULL, NULL, 13, 20, 1);
INSERT INTO assignment (id, resource, subject, program, grade_first, grade_last, cw_first, cw_last, pages, chapters, items, instruction, "order", optional) VALUES (85, 21, 2, 3, 9, 9, 9, 9, '86-87', NULL, NULL, 13, 20, 0);
INSERT INTO assignment (id, resource, subject, program, grade_first, grade_last, cw_first, cw_last, pages, chapters, items, instruction, "order", optional) VALUES (86, 34, 2, 3, 7, 9, 9, 9, NULL, '"Luke and Acts" and "Plutarch’s Lives" and/or "Theban Trilogy"', NULL, 15, 40, 1);
INSERT INTO assignment (id, resource, subject, program, grade_first, grade_last, cw_first, cw_last, pages, chapters, items, instruction, "order", optional) VALUES (87, 41, 2, 3, 7, 9, 10, 10, NULL, NULL, NULL, 14, 1, NULL);
INSERT INTO assignment (id, resource, subject, program, grade_first, grade_last, cw_first, cw_last, pages, chapters, items, instruction, "order", optional) VALUES (88, 25, 2, 3, 7, 9, 10, 10, NULL, '36-40', NULL, 18, 10, 0);
INSERT INTO assignment (id, resource, subject, program, grade_first, grade_last, cw_first, cw_last, pages, chapters, items, instruction, "order", optional) VALUES (89, 42, 2, 3, 7, 9, 10, 10, NULL, '10-12', NULL, 22, 20, 0);
INSERT INTO assignment (id, resource, subject, program, grade_first, grade_last, cw_first, cw_last, pages, chapters, items, instruction, "order", optional) VALUES (90, 40, 2, 3, 7, 9, 10, 10, NULL, 'the Book of Acts', NULL, 28, 30, 0);
INSERT INTO assignment (id, resource, subject, program, grade_first, grade_last, cw_first, cw_last, pages, chapters, items, instruction, "order", optional) VALUES (91, 34, 2, 3, 7, 9, 10, 10, NULL, '"Luke and Acts" and "Plutarch’s Lives" and/or "Theban Trilogy"', NULL, 20, 40, 1);
INSERT INTO assignment (id, resource, subject, program, grade_first, grade_last, cw_first, cw_last, pages, chapters, items, instruction, "order", optional) VALUES (92, 41, 2, 3, 7, 9, 11, 11, NULL, NULL, NULL, 19, 1, 0);
INSERT INTO assignment (id, resource, subject, program, grade_first, grade_last, cw_first, cw_last, pages, chapters, items, instruction, "order", optional) VALUES (93, 42, 2, 3, 7, 9, 11, 11, NULL, '10-12', NULL, 23, 10, 0);
INSERT INTO assignment (id, resource, subject, program, grade_first, grade_last, cw_first, cw_last, pages, chapters, items, instruction, "order", optional) VALUES (94, 3, 8, 3, NULL, NULL, 197, 197, NULL, NULL, NULL, 29, 1, 1);
INSERT INTO assignment (id, resource, subject, program, grade_first, grade_last, cw_first, cw_last, pages, chapters, items, instruction, "order", optional) VALUES (95, 4, 8, 3, NULL, NULL, 197, 197, NULL, NULL, NULL, 2, 10, 0);
INSERT INTO assignment (id, resource, subject, program, grade_first, grade_last, cw_first, cw_last, pages, chapters, items, instruction, "order", optional) VALUES (96, 5, 8, 3, NULL, NULL, 197, 197, NULL, NULL, NULL, 29, 11, 1);
INSERT INTO assignment (id, resource, subject, program, grade_first, grade_last, cw_first, cw_last, pages, chapters, items, instruction, "order", optional) VALUES (97, 33, 8, 3, NULL, NULL, 197, 197, NULL, NULL, NULL, 29, 2, 1);
INSERT INTO assignment (id, resource, subject, program, grade_first, grade_last, cw_first, cw_last, pages, chapters, items, instruction, "order", optional) VALUES (98, 31, 8, 3, NULL, NULL, 197, 197, NULL, NULL, NULL, 29, 3, 1);
INSERT INTO assignment (id, resource, subject, program, grade_first, grade_last, cw_first, cw_last, pages, chapters, items, instruction, "order", optional) VALUES (99, 32, 8, 3, NULL, NULL, 197, 197, NULL, NULL, NULL, 29, 4, 1);
INSERT INTO assignment (id, resource, subject, program, grade_first, grade_last, cw_first, cw_last, pages, chapters, items, instruction, "order", optional) VALUES (100, 43, 8, 3, NULL, NULL, 197, 197, NULL, NULL, NULL, 29, 5, 1);
INSERT INTO assignment (id, resource, subject, program, grade_first, grade_last, cw_first, cw_last, pages, chapters, items, instruction, "order", optional) VALUES (101, 10, 8, 3, NULL, NULL, 2, 2, NULL, NULL, NULL, 1, 160, 1);
INSERT INTO assignment (id, resource, subject, program, grade_first, grade_last, cw_first, cw_last, pages, chapters, items, instruction, "order", optional) VALUES (102, 4, 8, 3, NULL, NULL, 1, 1, NULL, NULL, NULL, 7, 120, 0);
INSERT INTO assignment (id, resource, subject, program, grade_first, grade_last, cw_first, cw_last, pages, chapters, items, instruction, "order", optional) VALUES (103, 5, 8, 3, NULL, NULL, 1, 1, NULL, NULL, NULL, 7, 121, 1);
INSERT INTO assignment (id, resource, subject, program, grade_first, grade_last, cw_first, cw_last, pages, chapters, items, instruction, "order", optional) VALUES (105, 38, 8, 3, NULL, NULL, 3, 3, NULL, NULL, NULL, 2, 150, 0);
INSERT INTO assignment (id, resource, subject, program, grade_first, grade_last, cw_first, cw_last, pages, chapters, items, instruction, "order", optional) VALUES (106, 10, 8, 3, NULL, NULL, 3, 3, NULL, NULL, NULL, 2, 160, 1);
INSERT INTO assignment (id, resource, subject, program, grade_first, grade_last, cw_first, cw_last, pages, chapters, items, instruction, "order", optional) VALUES (107, 38, 8, 3, NULL, NULL, 4, 4, NULL, NULL, NULL, 7, 150, 0);
INSERT INTO assignment (id, resource, subject, program, grade_first, grade_last, cw_first, cw_last, pages, chapters, items, instruction, "order", optional) VALUES (108, 10, 8, 3, NULL, NULL, 4, 4, NULL, NULL, NULL, 7, 160, 1);
INSERT INTO assignment (id, resource, subject, program, grade_first, grade_last, cw_first, cw_last, pages, chapters, items, instruction, "order", optional) VALUES (109, 6, 8, 3, NULL, NULL, 2, 2, NULL, NULL, NULL, 1, 170, 1);
INSERT INTO assignment (id, resource, subject, program, grade_first, grade_last, cw_first, cw_last, pages, chapters, items, instruction, "order", optional) VALUES (110, 6, 8, 3, NULL, NULL, 3, 3, NULL, NULL, NULL, 2, 180, 1);
INSERT INTO assignment (id, resource, subject, program, grade_first, grade_last, cw_first, cw_last, pages, chapters, items, instruction, "order", optional) VALUES (111, 6, 8, 3, NULL, NULL, 4, 4, NULL, NULL, NULL, 7, 170, 1);
INSERT INTO assignment (id, resource, subject, program, grade_first, grade_last, cw_first, cw_last, pages, chapters, items, instruction, "order", optional) VALUES (112, 7, 8, 3, NULL, NULL, 5, 5, NULL, NULL, NULL, 1, 160, 0);
INSERT INTO assignment (id, resource, subject, program, grade_first, grade_last, cw_first, cw_last, pages, chapters, items, instruction, "order", optional) VALUES (113, 7, 8, 3, NULL, NULL, 6, 6, NULL, NULL, NULL, 2, 160, 0);
INSERT INTO assignment (id, resource, subject, program, grade_first, grade_last, cw_first, cw_last, pages, chapters, items, instruction, "order", optional) VALUES (114, 7, 8, 3, NULL, NULL, 7, 7, NULL, NULL, NULL, 7, 160, 0);
INSERT INTO assignment (id, resource, subject, program, grade_first, grade_last, cw_first, cw_last, pages, chapters, items, instruction, "order", optional) VALUES (115, 8, 8, 3, NULL, NULL, 5, 5, NULL, NULL, NULL, 1, 170, 1);
INSERT INTO assignment (id, resource, subject, program, grade_first, grade_last, cw_first, cw_last, pages, chapters, items, instruction, "order", optional) VALUES (116, 8, 8, 3, NULL, NULL, 6, 6, NULL, NULL, NULL, 2, 170, 1);
INSERT INTO assignment (id, resource, subject, program, grade_first, grade_last, cw_first, cw_last, pages, chapters, items, instruction, "order", optional) VALUES (117, 8, 8, 3, NULL, NULL, 7, 7, NULL, NULL, NULL, 7, 170, 1);
INSERT INTO assignment (id, resource, subject, program, grade_first, grade_last, cw_first, cw_last, pages, chapters, items, instruction, "order", optional) VALUES (118, 16, 8, 3, NULL, NULL, 8, 8, NULL, NULL, NULL, 1, 160, 0);
INSERT INTO assignment (id, resource, subject, program, grade_first, grade_last, cw_first, cw_last, pages, chapters, items, instruction, "order", optional) VALUES (119, 16, 8, 3, NULL, NULL, 9, 9, NULL, NULL, NULL, 2, 160, 0);
INSERT INTO assignment (id, resource, subject, program, grade_first, grade_last, cw_first, cw_last, pages, chapters, items, instruction, "order", optional) VALUES (120, 16, 8, 3, NULL, NULL, 10, 10, NULL, NULL, NULL, 7, 160, 0);
INSERT INTO assignment (id, resource, subject, program, grade_first, grade_last, cw_first, cw_last, pages, chapters, items, instruction, "order", optional) VALUES (121, 22, 8, 3, NULL, NULL, 8, 8, NULL, NULL, NULL, 1, 170, 1);
INSERT INTO assignment (id, resource, subject, program, grade_first, grade_last, cw_first, cw_last, pages, chapters, items, instruction, "order", optional) VALUES (122, 22, 8, 3, NULL, NULL, 9, 9, NULL, NULL, NULL, 2, 170, 1);
INSERT INTO assignment (id, resource, subject, program, grade_first, grade_last, cw_first, cw_last, pages, chapters, items, instruction, "order", optional) VALUES (123, 22, 8, 3, NULL, NULL, 10, 10, NULL, NULL, NULL, 7, 170, 1);
INSERT INTO assignment (id, resource, subject, program, grade_first, grade_last, cw_first, cw_last, pages, chapters, items, instruction, "order", optional) VALUES (124, 11, 8, 3, NULL, NULL, 11, 11, NULL, NULL, NULL, 1, 160, 0);
INSERT INTO assignment (id, resource, subject, program, grade_first, grade_last, cw_first, cw_last, pages, chapters, items, instruction, "order", optional) VALUES (125, 11, 8, 3, NULL, NULL, 12, 12, NULL, NULL, NULL, 2, 160, 0);
INSERT INTO assignment (id, resource, subject, program, grade_first, grade_last, cw_first, cw_last, pages, chapters, items, instruction, "order", optional) VALUES (126, 11, 8, 3, NULL, NULL, 13, 13, NULL, NULL, NULL, 7, 160, 0);
INSERT INTO assignment (id, resource, subject, program, grade_first, grade_last, cw_first, cw_last, pages, chapters, items, instruction, "order", optional) VALUES (127, 12, 8, 3, NULL, NULL, 11, 11, NULL, NULL, NULL, 1, 170, 1);
INSERT INTO assignment (id, resource, subject, program, grade_first, grade_last, cw_first, cw_last, pages, chapters, items, instruction, "order", optional) VALUES (128, 12, 8, 3, NULL, NULL, 12, 12, NULL, NULL, NULL, 2, 170, 1);
INSERT INTO assignment (id, resource, subject, program, grade_first, grade_last, cw_first, cw_last, pages, chapters, items, instruction, "order", optional) VALUES (129, 12, 8, 3, NULL, NULL, 13, 13, NULL, NULL, NULL, 7, 170, 1);
INSERT INTO assignment (id, resource, subject, program, grade_first, grade_last, cw_first, cw_last, pages, chapters, items, instruction, "order", optional) VALUES (130, 13, 8, 3, NULL, NULL, 14, 14, NULL, NULL, NULL, 1, 160, 0);
INSERT INTO assignment (id, resource, subject, program, grade_first, grade_last, cw_first, cw_last, pages, chapters, items, instruction, "order", optional) VALUES (131, 13, 8, 3, NULL, NULL, 15, 15, NULL, NULL, NULL, 2, 160, 0);
INSERT INTO assignment (id, resource, subject, program, grade_first, grade_last, cw_first, cw_last, pages, chapters, items, instruction, "order", optional) VALUES (132, 13, 8, 3, NULL, NULL, 16, 16, NULL, NULL, NULL, 7, 160, 0);
INSERT INTO assignment (id, resource, subject, program, grade_first, grade_last, cw_first, cw_last, pages, chapters, items, instruction, "order", optional) VALUES (133, 24, 8, 3, NULL, NULL, 17, 17, NULL, NULL, NULL, 1, 160, 0);
INSERT INTO assignment (id, resource, subject, program, grade_first, grade_last, cw_first, cw_last, pages, chapters, items, instruction, "order", optional) VALUES (134, 24, 8, 3, NULL, NULL, 18, 18, NULL, NULL, NULL, 2, 160, 0);
INSERT INTO assignment (id, resource, subject, program, grade_first, grade_last, cw_first, cw_last, pages, chapters, items, instruction, "order", optional) VALUES (135, 24, 8, 3, NULL, NULL, 19, 19, NULL, NULL, NULL, 7, 160, 0);
INSERT INTO assignment (id, resource, subject, program, grade_first, grade_last, cw_first, cw_last, pages, chapters, items, instruction, "order", optional) VALUES (136, 14, 8, 3, NULL, NULL, 20, 20, NULL, NULL, NULL, 1, 160, 0);
INSERT INTO assignment (id, resource, subject, program, grade_first, grade_last, cw_first, cw_last, pages, chapters, items, instruction, "order", optional) VALUES (137, 14, 8, 3, NULL, NULL, 21, 21, NULL, NULL, NULL, 2, 160, 0);
INSERT INTO assignment (id, resource, subject, program, grade_first, grade_last, cw_first, cw_last, pages, chapters, items, instruction, "order", optional) VALUES (138, 14, 8, 3, NULL, NULL, 22, 22, NULL, NULL, NULL, 7, 160, 0);
INSERT INTO assignment (id, resource, subject, program, grade_first, grade_last, cw_first, cw_last, pages, chapters, items, instruction, "order", optional) VALUES (139, 15, 8, 3, NULL, NULL, 20, 20, NULL, NULL, NULL, 1, 170, 1);
INSERT INTO assignment (id, resource, subject, program, grade_first, grade_last, cw_first, cw_last, pages, chapters, items, instruction, "order", optional) VALUES (140, 15, 8, 3, NULL, NULL, 21, 21, NULL, NULL, NULL, 2, 170, 1);
INSERT INTO assignment (id, resource, subject, program, grade_first, grade_last, cw_first, cw_last, pages, chapters, items, instruction, "order", optional) VALUES (141, 15, 8, 3, NULL, NULL, 22, 22, NULL, NULL, NULL, 7, 170, 1);
INSERT INTO assignment (id, resource, subject, program, grade_first, grade_last, cw_first, cw_last, pages, chapters, items, instruction, "order", optional) VALUES (142, 23, 8, 3, NULL, NULL, 23, 23, NULL, NULL, NULL, 1, 160, 0);
INSERT INTO assignment (id, resource, subject, program, grade_first, grade_last, cw_first, cw_last, pages, chapters, items, instruction, "order", optional) VALUES (143, 23, 8, 3, NULL, NULL, 24, 24, NULL, NULL, NULL, 2, 160, 0);
INSERT INTO assignment (id, resource, subject, program, grade_first, grade_last, cw_first, cw_last, pages, chapters, items, instruction, "order", optional) VALUES (144, 23, 8, 3, NULL, NULL, 25, 25, NULL, NULL, NULL, 7, 160, 0);
INSERT INTO assignment (id, resource, subject, program, grade_first, grade_last, cw_first, cw_last, pages, chapters, items, instruction, "order", optional) VALUES (145, 18, 8, 3, NULL, NULL, 23, 23, NULL, NULL, NULL, 1, 170, 0);
INSERT INTO assignment (id, resource, subject, program, grade_first, grade_last, cw_first, cw_last, pages, chapters, items, instruction, "order", optional) VALUES (146, 18, 8, 3, NULL, NULL, 24, 24, NULL, NULL, NULL, 2, 170, 0);
INSERT INTO assignment (id, resource, subject, program, grade_first, grade_last, cw_first, cw_last, pages, chapters, items, instruction, "order", optional) VALUES (147, 18, 8, 3, NULL, NULL, 25, 25, NULL, NULL, NULL, 7, 170, 0);
INSERT INTO assignment (id, resource, subject, program, grade_first, grade_last, cw_first, cw_last, pages, chapters, items, instruction, "order", optional) VALUES (148, 17, 8, 3, NULL, NULL, 26, 26, NULL, NULL, NULL, 1, 180, 1);
INSERT INTO assignment (id, resource, subject, program, grade_first, grade_last, cw_first, cw_last, pages, chapters, items, instruction, "order", optional) VALUES (149, 17, 8, 3, NULL, NULL, 27, 27, NULL, NULL, NULL, 2, 180, 1);
INSERT INTO assignment (id, resource, subject, program, grade_first, grade_last, cw_first, cw_last, pages, chapters, items, instruction, "order", optional) VALUES (150, 17, 8, 3, NULL, NULL, 28, 28, NULL, NULL, NULL, 7, 180, 1);
INSERT INTO assignment (id, resource, subject, program, grade_first, grade_last, cw_first, cw_last, pages, chapters, items, instruction, "order", optional) VALUES (159, 39, 8, 3, NULL, NULL, 5, 5, NULL, NULL, '"The God King", "Seven Daughters and Seven Sons", and/or "The Golden Goblet"', 30, 5, 0);
INSERT INTO assignment (id, resource, subject, program, grade_first, grade_last, cw_first, cw_last, pages, chapters, items, instruction, "order", optional) VALUES (160, 39, 8, 3, 7, 8, 5, 5, NULL, NULL, 15, 33, 10, 0);
INSERT INTO assignment (id, resource, subject, program, grade_first, grade_last, cw_first, cw_last, pages, chapters, items, instruction, "order", optional) VALUES (161, 39, 8, 3, NULL, NULL, 5, 5, NULL, NULL, NULL, 32, 20, 0);
INSERT INTO assignment (id, resource, subject, program, grade_first, grade_last, cw_first, cw_last, pages, chapters, items, instruction, "order", optional) VALUES (162, 39, 8, 3, 8, 9, 5, 5, NULL, NULL, NULL, 34, 30, 0);
INSERT INTO assignment (id, resource, subject, program, grade_first, grade_last, cw_first, cw_last, pages, chapters, items, instruction, "order", optional) VALUES (163, 39, 8, 3, 9, 9, 5, 5, NULL, NULL, 20, 33, 11, 0);
INSERT INTO assignment (id, resource, subject, program, grade_first, grade_last, cw_first, cw_last, pages, chapters, items, instruction, "order", optional) VALUES (164, 39, 8, 3, 9, 9, 5, 5, NULL, NULL, NULL, 48, 40, 0);
INSERT INTO assignment (id, resource, subject, program, grade_first, grade_last, cw_first, cw_last, pages, chapters, items, instruction, "order", optional) VALUES (165, 39, 8, 3, NULL, NULL, 6, 6, NULL, NULL, NULL, 37, 5, 0);
INSERT INTO assignment (id, resource, subject, program, grade_first, grade_last, cw_first, cw_last, pages, chapters, items, instruction, "order", optional) VALUES (166, 39, 8, 3, 7, 7, 6, 6, NULL, NULL, NULL, 38, 10, 0);
INSERT INTO assignment (id, resource, subject, program, grade_first, grade_last, cw_first, cw_last, pages, chapters, items, instruction, "order", optional) VALUES (167, 39, 8, 3, 8, 9, 6, 6, NULL, NULL, NULL, 39, 20, 0);
INSERT INTO assignment (id, resource, subject, program, grade_first, grade_last, cw_first, cw_last, pages, chapters, items, instruction, "order", optional) VALUES (168, 39, 8, 3, 8, 8, 6, 6, NULL, NULL, NULL, 40, 21, 0);
INSERT INTO assignment (id, resource, subject, program, grade_first, grade_last, cw_first, cw_last, pages, chapters, items, instruction, "order", optional) VALUES (169, 39, 8, 3, 9, 9, 6, 6, NULL, NULL, NULL, 49, 31, 0);
INSERT INTO assignment (id, resource, subject, program, grade_first, grade_last, cw_first, cw_last, pages, chapters, items, instruction, "order", optional) VALUES (170, 39, 8, 3, 9, 9, 6, 6, NULL, NULL, NULL, 50, 32, 0);
INSERT INTO assignment (id, resource, subject, program, grade_first, grade_last, cw_first, cw_last, pages, chapters, items, instruction, "order", optional) VALUES (172, 39, 8, 3, 8, 8, 6, 6, NULL, NULL, NULL, 52, 22, 0);
INSERT INTO assignment (id, resource, subject, program, grade_first, grade_last, cw_first, cw_last, pages, chapters, items, instruction, "order", optional) VALUES (173, 39, 8, 3, 9, 9, 3, 3, NULL, NULL, NULL, 52, 23, 0);
INSERT INTO assignment (id, resource, subject, program, grade_first, grade_last, cw_first, cw_last, pages, chapters, items, instruction, "order", optional) VALUES (174, 39, 8, 3, NULL, NULL, 6, 6, NULL, NULL, NULL, 41, 50, 0);
INSERT INTO assignment (id, resource, subject, program, grade_first, grade_last, cw_first, cw_last, pages, chapters, items, instruction, "order", optional) VALUES (175, 39, 8, 3, 7, 7, 3, 3, NULL, NULL, NULL, 54, 6, 0);
INSERT INTO assignment (id, resource, subject, program, grade_first, grade_last, cw_first, cw_last, pages, chapters, items, instruction, "order", optional) VALUES (176, 39, 8, 3, 8, 8, 3, 3, NULL, NULL, NULL, 53, 12, 0);
INSERT INTO assignment (id, resource, subject, program, grade_first, grade_last, cw_first, cw_last, pages, chapters, items, instruction, "order", optional) VALUES (177, 39, 8, 3, 7, 7, 6, 6, NULL, NULL, NULL, 53, 11, 0);
INSERT INTO assignment (id, resource, subject, program, grade_first, grade_last, cw_first, cw_last, pages, chapters, items, instruction, "order", optional) VALUES (178, 39, 8, 3, NULL, NULL, 6, 7, NULL, NULL, '"The God King", "Seven Daughters and Seven Sons", and/or "The Golden Goblet"', 55, 4, 0);
INSERT INTO assignment (id, resource, subject, program, grade_first, grade_last, cw_first, cw_last, pages, chapters, items, instruction, "order", optional) VALUES (179, 39, 8, 3, 7, 7, 7, 7, NULL, NULL, NULL, 44, 10, 0);
INSERT INTO assignment (id, resource, subject, program, grade_first, grade_last, cw_first, cw_last, pages, chapters, items, instruction, "order", optional) VALUES (180, 39, 8, 3, NULL, NULL, 7, 7, NULL, NULL, NULL, 43, 31, 0);
INSERT INTO assignment (id, resource, subject, program, grade_first, grade_last, cw_first, cw_last, pages, chapters, items, instruction, "order", optional) VALUES (181, 39, 8, 3, 8, 8, 7, 7, NULL, NULL, NULL, 46, 20, 0);
INSERT INTO assignment (id, resource, subject, program, grade_first, grade_last, cw_first, cw_last, pages, chapters, items, instruction, "order", optional) VALUES (182, 39, 8, 3, 8, 9, 7, 7, NULL, NULL, NULL, 45, 32, 0);
INSERT INTO assignment (id, resource, subject, program, grade_first, grade_last, cw_first, cw_last, pages, chapters, items, instruction, "order", optional) VALUES (183, 39, 8, 3, 9, 9, 6, 6, NULL, NULL, NULL, 51, 33, 0);
INSERT INTO assignment (id, resource, subject, program, grade_first, grade_last, cw_first, cw_last, pages, chapters, items, instruction, "order", optional) VALUES (184, 39, 8, 3, 9, 9, 7, 7, NULL, NULL, NULL, 57, 30, 0);
INSERT INTO assignment (id, resource, subject, program, grade_first, grade_last, cw_first, cw_last, pages, chapters, items, instruction, "order", optional) VALUES (185, 39, 8, 3, 9, 9, 7, 7, NULL, NULL, NULL, 56, 33, 0);
INSERT INTO assignment (id, resource, subject, program, grade_first, grade_last, cw_first, cw_last, pages, chapters, items, instruction, "order", optional) VALUES (186, 39, 8, 3, NULL, NULL, 7, 7, NULL, NULL, NULL, 47, 50, 0);
INSERT INTO assignment (id, resource, subject, program, grade_first, grade_last, cw_first, cw_last, pages, chapters, items, instruction, "order", optional) VALUES (187, 39, 8, 3, NULL, NULL, 8, 8, NULL, NULL, '"Where the Mountain Meets the Moon" or "Young Fu of the Upper Yangtze"', 30, 4, 0);
INSERT INTO assignment (id, resource, subject, program, grade_first, grade_last, cw_first, cw_last, pages, chapters, items, instruction, "order", optional) VALUES (188, 39, 8, 3, 7, 7, 8, 8, NULL, NULL, 15, 33, 10, 0);
INSERT INTO assignment (id, resource, subject, program, grade_first, grade_last, cw_first, cw_last, pages, chapters, items, instruction, "order", optional) VALUES (189, 39, 8, 3, 8, 9, 8, 8, NULL, NULL, 20, 33, 20, 0);
INSERT INTO assignment (id, resource, subject, program, grade_first, grade_last, cw_first, cw_last, pages, chapters, items, instruction, "order", optional) VALUES (190, 39, 8, 3, 7, 8, 8, 8, NULL, NULL, NULL, 32, 21, 0);
INSERT INTO assignment (id, resource, subject, program, grade_first, grade_last, cw_first, cw_last, pages, chapters, items, instruction, "order", optional) VALUES (191, 39, 8, 3, 7, 8, 8, 8, NULL, NULL, NULL, 34, 22, 0);
INSERT INTO assignment (id, resource, subject, program, grade_first, grade_last, cw_first, cw_last, pages, chapters, items, instruction, "order", optional) VALUES (192, 39, 8, 3, 8, 8, 8, 8, NULL, NULL, NULL, 48, 23, 0);
INSERT INTO assignment (id, resource, subject, program, grade_first, grade_last, cw_first, cw_last, pages, chapters, items, instruction, "order", optional) VALUES (193, 39, 8, 3, 9, 9, 8, 8, NULL, NULL, NULL, 58, 31, 0);
INSERT INTO assignment (id, resource, subject, program, grade_first, grade_last, cw_first, cw_last, pages, chapters, items, instruction, "order", optional) VALUES (194, 39, 8, 3, NULL, NULL, 9, 10, NULL, NULL, '"Where the Mountain Meets the Moon" or "Young Fu of the Upper Yangtze"', 55, 4, 0);
INSERT INTO assignment (id, resource, subject, program, grade_first, grade_last, cw_first, cw_last, pages, chapters, items, instruction, "order", optional) VALUES (195, 39, 8, 3, NULL, NULL, 9, 9, NULL, NULL, NULL, 37, 5, 0);
INSERT INTO assignment (id, resource, subject, program, grade_first, grade_last, cw_first, cw_last, pages, chapters, items, instruction, "order", optional) VALUES (196, 39, 8, 3, NULL, NULL, 9, 9, NULL, NULL, NULL, 39, 6, 0);
INSERT INTO assignment (id, resource, subject, program, grade_first, grade_last, cw_first, cw_last, pages, chapters, items, instruction, "order", optional) VALUES (197, 39, 8, 3, 7, 7, 9, 9, NULL, NULL, NULL, 40, 10, 0);
INSERT INTO assignment (id, resource, subject, program, grade_first, grade_last, cw_first, cw_last, pages, chapters, items, instruction, "order", optional) VALUES (198, 39, 8, 3, 7, 7, 9, 9, NULL, NULL, NULL, 52, 11, 0);
INSERT INTO assignment (id, resource, subject, program, grade_first, grade_last, cw_first, cw_last, pages, chapters, items, instruction, "order", optional) VALUES (199, 39, 8, 3, 8, 9, 9, 9, NULL, NULL, NULL, 49, 20, 0);
INSERT INTO assignment (id, resource, subject, program, grade_first, grade_last, cw_first, cw_last, pages, chapters, items, instruction, "order", optional) VALUES (200, 39, 8, 3, 8, 8, 9, 9, NULL, NULL, NULL, 50, 21, 0);
INSERT INTO assignment (id, resource, subject, program, grade_first, grade_last, cw_first, cw_last, pages, chapters, items, instruction, "order", optional) VALUES (201, 39, 8, 3, 8, 8, 9, 9, NULL, NULL, NULL, 51, 22, 0);
INSERT INTO assignment (id, resource, subject, program, grade_first, grade_last, cw_first, cw_last, pages, chapters, items, instruction, "order", optional) VALUES (202, 39, 8, 3, 9, 9, 9, 9, NULL, NULL, NULL, 59, 30, 0);
INSERT INTO assignment (id, resource, subject, program, grade_first, grade_last, cw_first, cw_last, pages, chapters, items, instruction, "order", optional) VALUES (203, 39, 8, 3, 9, 9, 9, 9, NULL, NULL, NULL, 60, 31, 0);
INSERT INTO assignment (id, resource, subject, program, grade_first, grade_last, cw_first, cw_last, pages, chapters, items, instruction, "order", optional) VALUES (204, 39, 8, 3, 9, 9, 9, 9, NULL, NULL, NULL, 61, 32, 0);
INSERT INTO assignment (id, resource, subject, program, grade_first, grade_last, cw_first, cw_last, pages, chapters, items, instruction, "order", optional) VALUES (205, 39, 8, 3, NULL, NULL, 9, 9, NULL, NULL, NULL, 41, 40, 0);
INSERT INTO assignment (id, resource, subject, program, grade_first, grade_last, cw_first, cw_last, pages, chapters, items, instruction, "order", optional) VALUES (206, 39, 8, 3, 7, 7, 10, 10, NULL, NULL, NULL, 46, 10, 0);
INSERT INTO assignment (id, resource, subject, program, grade_first, grade_last, cw_first, cw_last, pages, chapters, items, instruction, "order", optional) VALUES (207, 39, 8, 3, 8, 8, 10, 10, NULL, NULL, NULL, 57, 20, 0);
INSERT INTO assignment (id, resource, subject, program, grade_first, grade_last, cw_first, cw_last, pages, chapters, items, instruction, "order", optional) VALUES (208, 39, 8, 3, 9, 9, 10, 10, NULL, NULL, NULL, 63, 30, 0);
INSERT INTO assignment (id, resource, subject, program, grade_first, grade_last, cw_first, cw_last, pages, chapters, items, instruction, "order", optional) VALUES (209, 39, 8, 3, 7, 8, 10, 10, NULL, NULL, NULL, 43, 31, 0);
INSERT INTO assignment (id, resource, subject, program, grade_first, grade_last, cw_first, cw_last, pages, chapters, items, instruction, "order", optional) VALUES (210, 39, 8, 3, 7, 8, 10, 10, NULL, NULL, NULL, 45, 32, 0);
INSERT INTO assignment (id, resource, subject, program, grade_first, grade_last, cw_first, cw_last, pages, chapters, items, instruction, "order", optional) VALUES (211, 39, 8, 3, 8, 8, 10, 10, NULL, NULL, NULL, 56, 33, 0);
INSERT INTO assignment (id, resource, subject, program, grade_first, grade_last, cw_first, cw_last, pages, chapters, items, instruction, "order", optional) VALUES (212, 39, 8, 3, 9, 9, 10, 10, NULL, NULL, NULL, 64, 41, 0);
INSERT INTO assignment (id, resource, subject, program, grade_first, grade_last, cw_first, cw_last, pages, chapters, items, instruction, "order", optional) VALUES (213, 39, 8, 3, NULL, NULL, 10, 10, NULL, NULL, NULL, 47, 45, 0);
INSERT INTO assignment (id, resource, subject, program, grade_first, grade_last, cw_first, cw_last, pages, chapters, items, instruction, "order", optional) VALUES (214, 39, 8, 3, NULL, NULL, 11, 11, NULL, NULL, '"Daughter of the Mountains" or "Amy Carmichael: Rescuer of Precious Gems"', 30, 4, 0);
INSERT INTO assignment (id, resource, subject, program, grade_first, grade_last, cw_first, cw_last, pages, chapters, items, instruction, "order", optional) VALUES (215, 39, 8, 3, NULL, NULL, 11, 11, NULL, NULL, 20, 33, 5, 0);
INSERT INTO assignment (id, resource, subject, program, grade_first, grade_last, cw_first, cw_last, pages, chapters, items, instruction, "order", optional) VALUES (216, 39, 8, 3, 7, 7, 11, 11, NULL, NULL, NULL, 32, 10, 0);
INSERT INTO assignment (id, resource, subject, program, grade_first, grade_last, cw_first, cw_last, pages, chapters, items, instruction, "order", optional) VALUES (217, 39, 8, 3, 7, 7, 11, 11, NULL, NULL, NULL, 34, 11, 0);
INSERT INTO assignment (id, resource, subject, program, grade_first, grade_last, cw_first, cw_last, pages, chapters, items, instruction, "order", optional) VALUES (218, 39, 8, 3, 7, 7, 11, 11, NULL, NULL, NULL, 48, 12, 0);
INSERT INTO assignment (id, resource, subject, program, grade_first, grade_last, cw_first, cw_last, pages, chapters, items, instruction, "order", optional) VALUES (219, 39, 8, 3, 8, 8, 11, 11, NULL, NULL, NULL, 65, 20, 0);
INSERT INTO assignment (id, resource, subject, program, grade_first, grade_last, cw_first, cw_last, pages, chapters, items, instruction, "order", optional) VALUES (220, 39, 8, 3, 8, 8, 11, 11, NULL, NULL, NULL, 58, 21, 0);
INSERT INTO assignment (id, resource, subject, program, grade_first, grade_last, cw_first, cw_last, pages, chapters, items, instruction, "order", optional) VALUES (221, 39, 8, 3, 9, 9, 8, 8, NULL, NULL, NULL, 65, 30, 0);
INSERT INTO assignment (id, resource, subject, program, grade_first, grade_last, cw_first, cw_last, pages, chapters, items, instruction, "order", optional) VALUES (222, 39, 8, 3, 9, 9, 11, 11, NULL, NULL, NULL, 66, 30, 0);
INSERT INTO assignment (id, resource, subject, program, grade_first, grade_last, cw_first, cw_last, pages, chapters, items, instruction, "order", optional) VALUES (223, 39, 8, 3, 9, 9, 11, 11, NULL, NULL, NULL, 67, 31, 0);
INSERT INTO assignment (id, resource, subject, program, grade_first, grade_last, cw_first, cw_last, pages, chapters, items, instruction, "order", optional) VALUES (224, 39, 8, 3, NULL, NULL, 12, 12, NULL, NULL, NULL, 37, 4, 0);
INSERT INTO assignment (id, resource, subject, program, grade_first, grade_last, cw_first, cw_last, pages, chapters, items, instruction, "order", optional) VALUES (225, 39, 8, 3, 7, 8, 12, 12, NULL, NULL, NULL, 39, 10, 0);
INSERT INTO assignment (id, resource, subject, program, grade_first, grade_last, cw_first, cw_last, pages, chapters, items, instruction, "order", optional) VALUES (226, 39, 8, 3, 7, 8, 12, 12, NULL, NULL, NULL, 49, 11, 0);
INSERT INTO assignment (id, resource, subject, program, grade_first, grade_last, cw_first, cw_last, pages, chapters, items, instruction, "order", optional) VALUES (227, 39, 8, 3, 7, 7, 12, 12, NULL, NULL, NULL, 50, 12, 0);
INSERT INTO assignment (id, resource, subject, program, grade_first, grade_last, cw_first, cw_last, pages, chapters, items, instruction, "order", optional) VALUES (228, 39, 8, 3, 7, 7, 12, 12, NULL, NULL, NULL, 51, 13, 0);
INSERT INTO assignment (id, resource, subject, program, grade_first, grade_last, cw_first, cw_last, pages, chapters, items, instruction, "order", optional) VALUES (229, 39, 8, 3, 8, 8, 12, 12, NULL, NULL, NULL, 59, 20, NULL);
INSERT INTO assignment (id, resource, subject, program, grade_first, grade_last, cw_first, cw_last, pages, chapters, items, instruction, "order", optional) VALUES (230, 39, 8, 3, 8, 8, 12, 12, NULL, NULL, NULL, 60, 21, 0);
INSERT INTO assignment (id, resource, subject, program, grade_first, grade_last, cw_first, cw_last, pages, chapters, items, instruction, "order", optional) VALUES (231, 39, 8, 3, 8, 8, 12, 12, NULL, NULL, NULL, 61, 22, 0);
INSERT INTO assignment (id, resource, subject, program, grade_first, grade_last, cw_first, cw_last, pages, chapters, items, instruction, "order", optional) VALUES (232, 39, 8, 3, 9, 9, 12, 12, NULL, NULL, NULL, 62, 30, NULL);
INSERT INTO assignment (id, resource, subject, program, grade_first, grade_last, cw_first, cw_last, pages, chapters, items, instruction, "order", optional) VALUES (233, 39, 8, 3, 9, 9, 12, 12, NULL, NULL, NULL, 68, 31, 0);
INSERT INTO assignment (id, resource, subject, program, grade_first, grade_last, cw_first, cw_last, pages, chapters, items, instruction, "order", optional) VALUES (234, 39, 8, 3, 9, 9, 12, 12, NULL, NULL, NULL, 69, 32, 0);
INSERT INTO assignment (id, resource, subject, program, grade_first, grade_last, cw_first, cw_last, pages, chapters, items, instruction, "order", optional) VALUES (235, 39, 8, 3, 9, 9, 12, 12, NULL, NULL, NULL, 70, 33, 0);
INSERT INTO assignment (id, resource, subject, program, grade_first, grade_last, cw_first, cw_last, pages, chapters, items, instruction, "order", optional) VALUES (236, 39, 8, 3, NULL, NULL, 12, 12, NULL, NULL, NULL, 41, 40, 0);
INSERT INTO assignment (id, resource, subject, program, grade_first, grade_last, cw_first, cw_last, pages, chapters, items, instruction, "order", optional) VALUES (237, 39, 8, 3, 9, 9, 10, 10, NULL, NULL, NULL, 71, 40, 0);
INSERT INTO assignment (id, resource, subject, program, grade_first, grade_last, cw_first, cw_last, pages, chapters, items, instruction, "order", optional) VALUES (238, 29, 5, 3, NULL, NULL, 5, 5, '97-103', 4, NULL, 78, 1, 0);
INSERT INTO assignment (id, resource, subject, program, grade_first, grade_last, cw_first, cw_last, pages, chapters, items, instruction, "order", optional) VALUES (239, 29, 5, 3, NULL, NULL, 5, 5, NULL, NULL, 4.6, 76, 2, 0);
INSERT INTO assignment (id, resource, subject, program, grade_first, grade_last, cw_first, cw_last, pages, chapters, items, instruction, "order", optional) VALUES (240, 29, 5, 3, NULL, NULL, 5, 5, NULL, NULL, 4.12, 74, 3, 0);
INSERT INTO assignment (id, resource, subject, program, grade_first, grade_last, cw_first, cw_last, pages, chapters, items, instruction, "order", optional) VALUES (241, 29, 5, 3, NULL, NULL, 5, 5, NULL, 4, NULL, 75, 4, 0);
INSERT INTO assignment (id, resource, subject, program, grade_first, grade_last, cw_first, cw_last, pages, chapters, items, instruction, "order", optional) VALUES (242, 29, 5, 3, NULL, NULL, 6, 6, '105-120', 5, '(Stop at "Ground Water and Soil Moisture")', 77, 1, 0);
INSERT INTO assignment (id, resource, subject, program, grade_first, grade_last, cw_first, cw_last, pages, chapters, items, instruction, "order", optional) VALUES (243, 29, 5, 3, NULL, NULL, 6, 6, NULL, NULL, '5.1-5.7', 74, 2, 0);
INSERT INTO assignment (id, resource, subject, program, grade_first, grade_last, cw_first, cw_last, pages, chapters, items, instruction, "order", optional) VALUES (244, 29, 5, 3, NULL, NULL, 7, 7, '120-127', 5, NULL, 78, 1, 0);
INSERT INTO assignment (id, resource, subject, program, grade_first, grade_last, cw_first, cw_last, pages, chapters, items, instruction, "order", optional) VALUES (245, 29, 5, 3, NULL, NULL, 7, 7, NULL, NULL, '5.8-5.10', 74, 2, 0);
INSERT INTO assignment (id, resource, subject, program, grade_first, grade_last, cw_first, cw_last, pages, chapters, items, instruction, "order", optional) VALUES (246, 29, 5, 3, NULL, NULL, 7, 7, NULL, 5, NULL, 75, 3, 0);
INSERT INTO assignment (id, resource, subject, program, grade_first, grade_last, cw_first, cw_last, pages, chapters, items, instruction, "order", optional) VALUES (247, 29, 5, 3, NULL, NULL, 8, 8, '130-138', 6, NULL, 78, 1, 0);
INSERT INTO assignment (id, resource, subject, program, grade_first, grade_last, cw_first, cw_last, pages, chapters, items, instruction, "order", optional) VALUES (248, 29, 5, 3, NULL, NULL, 8, 8, NULL, NULL, 6.2, 76, 2, 0);
INSERT INTO assignment (id, resource, subject, program, grade_first, grade_last, cw_first, cw_last, pages, chapters, items, instruction, "order", optional) VALUES (249, 29, 5, 3, NULL, NULL, 8, 8, NULL, NULL, '6.1-6.3', 74, 3, 0);
INSERT INTO assignment (id, resource, subject, program, grade_first, grade_last, cw_first, cw_last, pages, chapters, items, instruction, "order", optional) VALUES (250, 29, 5, 3, NULL, NULL, 9, 9, '139-153', 6, NULL, 78, 1, 0);
INSERT INTO assignment (id, resource, subject, program, grade_first, grade_last, cw_first, cw_last, pages, chapters, items, instruction, "order", optional) VALUES (251, 29, 5, 3, NULL, NULL, 9, 9, NULL, NULL, 6.4, 76, 2, 0);
INSERT INTO assignment (id, resource, subject, program, grade_first, grade_last, cw_first, cw_last, pages, chapters, items, instruction, "order", optional) VALUES (252, 29, 5, 3, NULL, NULL, 9, 9, NULL, NULL, '6.4-6.9', 74, 3, 0);
INSERT INTO assignment (id, resource, subject, program, grade_first, grade_last, cw_first, cw_last, pages, chapters, items, instruction, "order", optional) VALUES (253, 29, 5, 3, NULL, NULL, 9, 9, NULL, 6, NULL, 75, 4, 0);
INSERT INTO assignment (id, resource, subject, program, grade_first, grade_last, cw_first, cw_last, pages, chapters, items, instruction, "order", optional) VALUES (254, 29, 5, 3, NULL, NULL, 10, 10, NULL, 7, NULL, 72, 1, 0);
INSERT INTO assignment (id, resource, subject, program, grade_first, grade_last, cw_first, cw_last, pages, chapters, items, instruction, "order", optional) VALUES (255, 29, 5, 3, NULL, NULL, 10, 10, NULL, NULL, '7.1-7.10', 74, 2, 0);
INSERT INTO assignment (id, resource, subject, program, grade_first, grade_last, cw_first, cw_last, pages, chapters, items, instruction, "order", optional) VALUES (256, 29, 5, 3, NULL, NULL, 10, 10, NULL, NULL, 7.1, 79, 3, 0);
INSERT INTO assignment (id, resource, subject, program, grade_first, grade_last, cw_first, cw_last, pages, chapters, items, instruction, "order", optional) VALUES (257, 29, 5, 3, NULL, NULL, 10, 10, NULL, 7, NULL, 75, 4, 0);
INSERT INTO assignment (id, resource, subject, program, grade_first, grade_last, cw_first, cw_last, pages, chapters, items, instruction, "order", optional) VALUES (258, 29, 5, 3, NULL, NULL, 197, 197, 'iv-vi', NULL, NULL, 80, 1, 0);
INSERT INTO assignment (id, resource, subject, program, grade_first, grade_last, cw_first, cw_last, pages, chapters, items, instruction, "order", optional) VALUES (259, 29, 5, 3, NULL, NULL, 197, 197, '7-17', NULL, 'Measurement and Units', 81, 2, 0);
INSERT INTO assignment (id, resource, subject, program, grade_first, grade_last, cw_first, cw_last, pages, chapters, items, instruction, "order", optional) VALUES (260, 29, 5, 3, NULL, NULL, 197, 197, NULL, NULL, 1.2, 79, 3, 0);
INSERT INTO assignment (id, resource, subject, program, grade_first, grade_last, cw_first, cw_last, pages, chapters, items, instruction, "order", optional) VALUES (261, 29, 5, 3, NULL, NULL, 197, 197, NULL, NULL, '1.3-1.8', 74, 4, 0);
INSERT INTO assignment (id, resource, subject, program, grade_first, grade_last, cw_first, cw_last, pages, chapters, items, instruction, "order", optional) VALUES (262, 29, 5, 3, NULL, NULL, 197, 197, NULL, NULL, NULL, 83, 5, 0);
INSERT INTO assignment (id, resource, subject, program, grade_first, grade_last, cw_first, cw_last, pages, chapters, items, instruction, "order", optional) VALUES (263, 37, 5, 3, NULL, NULL, 1, 28, NULL, NULL, NULL, 84, 9999, 0);
INSERT INTO assignment (id, resource, subject, program, grade_first, grade_last, cw_first, cw_last, pages, chapters, items, instruction, "order", optional) VALUES (264, 2, 2, 3, 7, 9, 9, 9, NULL, '4, 5', NULL, 12, 11, 0);
INSERT INTO assignment (id, resource, subject, program, grade_first, grade_last, cw_first, cw_last, pages, chapters, items, instruction, "order", optional) VALUES (265, 2, 2, 3, 7, 9, 12, 12, NULL, '6-10, 12, 17-18, 20-24', NULL, 12, 10, 0);
INSERT INTO assignment (id, resource, subject, program, grade_first, grade_last, cw_first, cw_last, pages, chapters, items, instruction, "order", optional) VALUES (266, 2, 2, 3, 7, 9, 15, 15, NULL, '29, 30', NULL, 12, 10, 0);
INSERT INTO assignment (id, resource, subject, program, grade_first, grade_last, cw_first, cw_last, pages, chapters, items, instruction, "order", optional) VALUES (267, 19, 2, 3, 7, 9, 15, 15, NULL, '5, 8, 10, 11, 17-20', NULL, 12, 11, 0);
INSERT INTO assignment (id, resource, subject, program, grade_first, grade_last, cw_first, cw_last, pages, chapters, items, instruction, "order", optional) VALUES (268, 19, 2, 3, 7, 9, 18, 18, NULL, '24, 28, 36, 37, 39, 41', NULL, 12, 10, 0);
INSERT INTO assignment (id, resource, subject, program, grade_first, grade_last, cw_first, cw_last, pages, chapters, items, instruction, "order", optional) VALUES (270, 20, 2, 3, 7, 9, 24, 24, NULL, '22 (pp. 237-242), 24 (pp. 257-260), 25, 29 (pp. 323-327), 30, 31 (pp. 339-343), 32, 33, 34 (pp.379-383), 37, 39, 41 (pp.455-458), 42', NULL, 12, 10, 0);
INSERT INTO assignment (id, resource, subject, program, grade_first, grade_last, cw_first, cw_last, pages, chapters, items, instruction, "order", optional) VALUES (271, 26, 2, 3, 7, 9, 10, 10, NULL, '4, 5', NULL, 18, 11, 0);
INSERT INTO assignment (id, resource, subject, program, grade_first, grade_last, cw_first, cw_last, pages, chapters, items, instruction, "order", optional) VALUES (272, 26, 2, 3, 7, 9, 13, 13, NULL, '6-10, 12, 17-18, 20-24', NULL, 18, 10, 0);
INSERT INTO assignment (id, resource, subject, program, grade_first, grade_last, cw_first, cw_last, pages, chapters, items, instruction, "order", optional) VALUES (273, 26, 2, 3, 7, 9, 16, 16, NULL, '29, 30', NULL, 18, 10, 0);
INSERT INTO assignment (id, resource, subject, program, grade_first, grade_last, cw_first, cw_last, pages, chapters, items, instruction, "order", optional) VALUES (274, 27, 2, 3, 7, 9, 16, 16, NULL, '5, 8, 10, 11, 17-20', NULL, 18, 11, 0);
INSERT INTO assignment (id, resource, subject, program, grade_first, grade_last, cw_first, cw_last, pages, chapters, items, instruction, "order", optional) VALUES (275, 27, 2, 3, 7, 9, 19, 19, NULL, '24, 28, 36, 37, 39, 41', NULL, 18, 10, 0);
INSERT INTO assignment (id, resource, subject, program, grade_first, grade_last, cw_first, cw_last, pages, chapters, items, instruction, "order", optional) VALUES (276, 20, 2, 3, 7, 9, 21, 21, NULL, '2, 3, 4 (pp. 41-46), 8 (pp.86-90), 10 (pp. 107-111), 11, 12 (pp. 127-133), 13 (pp. 139-144), 14, 15 (pp. 157-161), 17-19', NULL, 12, 10, 0);
INSERT INTO assignment (id, resource, subject, program, grade_first, grade_last, cw_first, cw_last, pages, chapters, items, instruction, "order", optional) VALUES (277, 28, 2, 3, 7, 9, 25, 25, NULL, '22 (pp. 237-242), 24 (pp. 257-260), 25, 29 (pp. 323-327), 30, 31 (pp. 339-343), 32, 33, 34 (pp.379-383), 37, 39, 41 (pp.455-458), 42', NULL, 18, 10, 0);
INSERT INTO assignment (id, resource, subject, program, grade_first, grade_last, cw_first, cw_last, pages, chapters, items, instruction, "order", optional) VALUES (278, 28, 2, 3, 7, 9, 22, 22, NULL, '2, 3, 4 (pp. 41-46), 8 (pp.86-90), 10 (pp. 107-111), 11, 12 (pp. 127-133), 13 (pp. 139-144), 14, 15 (pp. 157-161), 17-19', NULL, 18, 10, 0);
INSERT INTO assignment (id, resource, subject, program, grade_first, grade_last, cw_first, cw_last, pages, chapters, items, instruction, "order", optional) VALUES (279, 42, 2, 3, 7, 9, 197, 197, NULL, NULL, NULL, 86, 11, 0);
INSERT INTO assignment (id, resource, subject, program, grade_first, grade_last, cw_first, cw_last, pages, chapters, items, instruction, "order", optional) VALUES (280, 42, 2, 3, 7, 9, 3, 3, NULL, NULL, NULL, 86, 11, 0);
INSERT INTO assignment (id, resource, subject, program, grade_first, grade_last, cw_first, cw_last, pages, chapters, items, instruction, "order", optional) VALUES (281, 42, 2, 3, 7, 9, 6, 6, NULL, NULL, NULL, 86, 11, 0);
INSERT INTO assignment (id, resource, subject, program, grade_first, grade_last, cw_first, cw_last, pages, chapters, items, instruction, "order", optional) VALUES (282, 42, 2, 3, 7, 9, 9, 9, NULL, NULL, NULL, 86, 12, 0);
INSERT INTO assignment (id, resource, subject, program, grade_first, grade_last, cw_first, cw_last, pages, chapters, items, instruction, "order", optional) VALUES (283, 42, 2, 3, 7, 9, 12, 12, NULL, NULL, NULL, 86, 11, 0);
INSERT INTO assignment (id, resource, subject, program, grade_first, grade_last, cw_first, cw_last, pages, chapters, items, instruction, "order", optional) VALUES (284, 42, 2, 3, 7, 9, 15, 15, NULL, NULL, NULL, 86, 12, 0);
INSERT INTO assignment (id, resource, subject, program, grade_first, grade_last, cw_first, cw_last, pages, chapters, items, instruction, "order", optional) VALUES (285, 42, 2, 3, 7, 9, 18, 18, NULL, NULL, NULL, 86, 11, 0);
INSERT INTO assignment (id, resource, subject, program, grade_first, grade_last, cw_first, cw_last, pages, chapters, items, instruction, "order", optional) VALUES (286, 42, 2, 3, 7, 9, 21, 21, NULL, NULL, NULL, 86, 11, 0);
INSERT INTO assignment (id, resource, subject, program, grade_first, grade_last, cw_first, cw_last, pages, chapters, items, instruction, "order", optional) VALUES (287, 42, 2, 3, 7, 9, 24, 24, NULL, NULL, NULL, 86, 11, 0);
INSERT INTO assignment (id, resource, subject, program, grade_first, grade_last, cw_first, cw_last, pages, chapters, items, instruction, "order", optional) VALUES (288, 41, 2, 3, 7, 9, 197, 197, NULL, NULL, NULL, 87, 12, 0);
INSERT INTO assignment (id, resource, subject, program, grade_first, grade_last, cw_first, cw_last, pages, chapters, items, instruction, "order", optional) VALUES (289, 41, 2, 3, 7, 9, 3, 3, NULL, NULL, NULL, 87, 12, 0);
INSERT INTO assignment (id, resource, subject, program, grade_first, grade_last, cw_first, cw_last, pages, chapters, items, instruction, "order", optional) VALUES (290, 41, 2, 3, 7, 9, 6, 6, NULL, NULL, NULL, 87, 12, 0);
INSERT INTO assignment (id, resource, subject, program, grade_first, grade_last, cw_first, cw_last, pages, chapters, items, instruction, "order", optional) VALUES (291, 41, 2, 3, 7, 9, 9, 9, NULL, NULL, NULL, 87, 13, 0);
INSERT INTO assignment (id, resource, subject, program, grade_first, grade_last, cw_first, cw_last, pages, chapters, items, instruction, "order", optional) VALUES (292, 41, 2, 3, 7, 9, 12, 12, NULL, NULL, NULL, 87, 12, 0);
INSERT INTO assignment (id, resource, subject, program, grade_first, grade_last, cw_first, cw_last, pages, chapters, items, instruction, "order", optional) VALUES (293, 41, 2, 3, 7, 9, 15, 15, NULL, NULL, NULL, 87, 13, 0);
INSERT INTO assignment (id, resource, subject, program, grade_first, grade_last, cw_first, cw_last, pages, chapters, items, instruction, "order", optional) VALUES (294, 41, 2, 3, 7, 9, 18, 18, NULL, NULL, NULL, 87, 12, 0);
INSERT INTO assignment (id, resource, subject, program, grade_first, grade_last, cw_first, cw_last, pages, chapters, items, instruction, "order", optional) VALUES (295, 41, 2, 3, 7, 9, 21, 21, NULL, NULL, NULL, 87, 12, 0);
INSERT INTO assignment (id, resource, subject, program, grade_first, grade_last, cw_first, cw_last, pages, chapters, items, instruction, "order", optional) VALUES (296, 41, 2, 3, 7, 9, 24, 24, NULL, NULL, NULL, 87, 12, 0);
INSERT INTO assignment (id, resource, subject, program, grade_first, grade_last, cw_first, cw_last, pages, chapters, items, instruction, "order", optional) VALUES (298, 26, 2, 3, 7, 9, 13, 13, NULL, NULL, NULL, 14, 1, NULL);
INSERT INTO assignment (id, resource, subject, program, grade_first, grade_last, cw_first, cw_last, pages, chapters, items, instruction, "order", optional) VALUES (299, 26, 2, 3, 7, 9, 13, 13, NULL, '13-15', NULL, 22, 20, NULL);
INSERT INTO assignment (id, resource, subject, program, grade_first, grade_last, cw_first, cw_last, pages, chapters, items, instruction, "order", optional) VALUES (300, 26, 2, 3, 7, 9, 16, 16, NULL, NULL, NULL, 14, 1, NULL);
INSERT INTO assignment (id, resource, subject, program, grade_first, grade_last, cw_first, cw_last, pages, chapters, items, instruction, "order", optional) VALUES (301, 26, 2, 3, 7, 9, 16, 16, NULL, '16-18', NULL, 22, 20, 0);
INSERT INTO assignment (id, resource, subject, program, grade_first, grade_last, cw_first, cw_last, pages, chapters, items, instruction, "order", optional) VALUES (302, 26, 2, 3, 7, 9, 19, 19, NULL, NULL, NULL, 14, 1, 0);
INSERT INTO assignment (id, resource, subject, program, grade_first, grade_last, cw_first, cw_last, pages, chapters, items, instruction, "order", optional) VALUES (303, 26, 2, 3, 7, 9, 19, 19, NULL, '19-21', NULL, 22, 20, 0);
INSERT INTO assignment (id, resource, subject, program, grade_first, grade_last, cw_first, cw_last, pages, chapters, items, instruction, "order", optional) VALUES (304, 26, 2, 3, 7, 9, 22, 22, NULL, NULL, NULL, 14, 1, 0);
INSERT INTO assignment (id, resource, subject, program, grade_first, grade_last, cw_first, cw_last, pages, chapters, items, instruction, "order", optional) VALUES (305, 26, 2, 3, 7, 9, 22, 22, NULL, '22-24', NULL, 22, 20, 0);
INSERT INTO assignment (id, resource, subject, program, grade_first, grade_last, cw_first, cw_last, pages, chapters, items, instruction, "order", optional) VALUES (306, 26, 2, 3, 7, 9, 25, 25, NULL, NULL, NULL, 14, 1, 0);
INSERT INTO assignment (id, resource, subject, program, grade_first, grade_last, cw_first, cw_last, pages, chapters, items, instruction, "order", optional) VALUES (307, 26, 2, 3, 7, 9, 25, 25, NULL, '25-28', NULL, 22, 20, 0);
INSERT INTO assignment (id, resource, subject, program, grade_first, grade_last, cw_first, cw_last, pages, chapters, items, instruction, "order", optional) VALUES (308, 41, 2, 3, 7, 9, 14, 14, NULL, NULL, NULL, 19, 1, 0);
INSERT INTO assignment (id, resource, subject, program, grade_first, grade_last, cw_first, cw_last, pages, chapters, items, instruction, "order", optional) VALUES (309, 41, 2, 3, 7, 9, 17, 17, NULL, NULL, NULL, 19, 1, 0);
INSERT INTO assignment (id, resource, subject, program, grade_first, grade_last, cw_first, cw_last, pages, chapters, items, instruction, "order", optional) VALUES (310, 41, 2, 3, 7, 9, 20, 20, NULL, NULL, NULL, 19, 1, 0);
INSERT INTO assignment (id, resource, subject, program, grade_first, grade_last, cw_first, cw_last, pages, chapters, items, instruction, "order", optional) VALUES (311, 41, 2, 3, 7, 9, 23, 23, NULL, NULL, NULL, 19, 1, 0);
INSERT INTO assignment (id, resource, subject, program, grade_first, grade_last, cw_first, cw_last, pages, chapters, items, instruction, "order", optional) VALUES (312, 41, 2, 3, 7, 9, 26, 26, NULL, NULL, NULL, 19, 1, 0);
INSERT INTO assignment (id, resource, subject, program, grade_first, grade_last, cw_first, cw_last, pages, chapters, items, instruction, "order", optional) VALUES (318, 41, 2, 3, 7, 9, 14, 14, NULL, NULL, NULL, 23, 1, 0);
INSERT INTO assignment (id, resource, subject, program, grade_first, grade_last, cw_first, cw_last, pages, chapters, items, instruction, "order", optional) VALUES (319, 41, 2, 3, 7, 9, 17, 17, NULL, NULL, NULL, 23, 1, 0);
INSERT INTO assignment (id, resource, subject, program, grade_first, grade_last, cw_first, cw_last, pages, chapters, items, instruction, "order", optional) VALUES (320, 41, 2, 3, 7, 9, 20, 20, NULL, NULL, NULL, 23, 1, 0);
INSERT INTO assignment (id, resource, subject, program, grade_first, grade_last, cw_first, cw_last, pages, chapters, items, instruction, "order", optional) VALUES (321, 41, 2, 3, 7, 9, 23, 23, NULL, NULL, NULL, 23, 1, 0);
INSERT INTO assignment (id, resource, subject, program, grade_first, grade_last, cw_first, cw_last, pages, chapters, items, instruction, "order", optional) VALUES (322, 41, 2, 3, 7, 9, 26, 26, NULL, NULL, NULL, 23, 1, 0);

-- Table: child_guardian
DROP TABLE IF EXISTS child_guardian;
CREATE TABLE child_guardian (id INTEGER PRIMARY KEY AUTOINCREMENT, child INTEGER REFERENCES person (id) ON DELETE CASCADE ON UPDATE CASCADE, guardian INTEGER REFERENCES person (id) ON DELETE CASCADE ON UPDATE CASCADE, note STRING);
INSERT INTO child_guardian (id, child, guardian, note) VALUES (1, 1, 7, NULL);
INSERT INTO child_guardian (id, child, guardian, note) VALUES (2, 1, 8, NULL);
INSERT INTO child_guardian (id, child, guardian, note) VALUES (3, 2, 7, NULL);
INSERT INTO child_guardian (id, child, guardian, note) VALUES (4, 2, 8, NULL);
INSERT INTO child_guardian (id, child, guardian, note) VALUES (5, 3, 7, NULL);
INSERT INTO child_guardian (id, child, guardian, note) VALUES (6, 3, 8, NULL);
INSERT INTO child_guardian (id, child, guardian, note) VALUES (7, 13, 11, NULL);
INSERT INTO child_guardian (id, child, guardian, note) VALUES (8, 14, 11, NULL);
INSERT INTO child_guardian (id, child, guardian, note) VALUES (9, 15, 11, NULL);
INSERT INTO child_guardian (id, child, guardian, note) VALUES (10, 13, 12, NULL);
INSERT INTO child_guardian (id, child, guardian, note) VALUES (11, 14, 12, NULL);
INSERT INTO child_guardian (id, child, guardian, note) VALUES (12, 15, 12, NULL);
INSERT INTO child_guardian (id, child, guardian, note) VALUES (13, 18, 16, NULL);
INSERT INTO child_guardian (id, child, guardian, note) VALUES (14, 19, 16, NULL);
INSERT INTO child_guardian (id, child, guardian, note) VALUES (15, 18, 17, NULL);
INSERT INTO child_guardian (id, child, guardian, note) VALUES (16, 19, 17, NULL);
INSERT INTO child_guardian (id, child, guardian, note) VALUES (17, 22, 20, NULL);
INSERT INTO child_guardian (id, child, guardian, note) VALUES (18, 23, 20, NULL);
INSERT INTO child_guardian (id, child, guardian, note) VALUES (19, 22, 21, NULL);
INSERT INTO child_guardian (id, child, guardian, note) VALUES (20, 23, 21, NULL);
INSERT INTO child_guardian (id, child, guardian, note) VALUES (21, 26, 24, NULL);
INSERT INTO child_guardian (id, child, guardian, note) VALUES (22, 26, 25, NULL);
INSERT INTO child_guardian (id, child, guardian, note) VALUES (23, 27, 24, NULL);
INSERT INTO child_guardian (id, child, guardian, note) VALUES (24, 27, 25, NULL);
INSERT INTO child_guardian (id, child, guardian, note) VALUES (25, 30, 28, NULL);
INSERT INTO child_guardian (id, child, guardian, note) VALUES (26, 30, 29, NULL);
INSERT INTO child_guardian (id, child, guardian, note) VALUES (27, 31, 28, NULL);
INSERT INTO child_guardian (id, child, guardian, note) VALUES (28, 31, 29, NULL);
INSERT INTO child_guardian (id, child, guardian, note) VALUES (29, 32, 28, NULL);
INSERT INTO child_guardian (id, child, guardian, note) VALUES (30, 32, 29, NULL);
INSERT INTO child_guardian (id, child, guardian, note) VALUES (31, 33, 28, NULL);
INSERT INTO child_guardian (id, child, guardian, note) VALUES (32, 33, 29, NULL);
INSERT INTO child_guardian (id, child, guardian, note) VALUES (33, 36, 34, NULL);
INSERT INTO child_guardian (id, child, guardian, note) VALUES (34, 36, 35, NULL);
INSERT INTO child_guardian (id, child, guardian, note) VALUES (35, 37, 34, NULL);
INSERT INTO child_guardian (id, child, guardian, note) VALUES (36, 37, 35, NULL);
INSERT INTO child_guardian (id, child, guardian, note) VALUES (37, 38, 34, NULL);
INSERT INTO child_guardian (id, child, guardian, note) VALUES (38, 38, 35, NULL);
INSERT INTO child_guardian (id, child, guardian, note) VALUES (39, 41, 39, NULL);
INSERT INTO child_guardian (id, child, guardian, note) VALUES (40, 41, 40, NULL);
INSERT INTO child_guardian (id, child, guardian, note) VALUES (41, 42, 39, NULL);
INSERT INTO child_guardian (id, child, guardian, note) VALUES (42, 42, 40, NULL);
INSERT INTO child_guardian (id, child, guardian, note) VALUES (43, 43, 39, NULL);
INSERT INTO child_guardian (id, child, guardian, note) VALUES (44, 43, 40, NULL);
INSERT INTO child_guardian (id, child, guardian, note) VALUES (45, 44, 39, NULL);
INSERT INTO child_guardian (id, child, guardian, note) VALUES (46, 44, 40, NULL);
INSERT INTO child_guardian (id, child, guardian, note) VALUES (47, 47, 45, NULL);
INSERT INTO child_guardian (id, child, guardian, note) VALUES (48, 47, 46, NULL);
INSERT INTO child_guardian (id, child, guardian, note) VALUES (49, 48, 45, NULL);
INSERT INTO child_guardian (id, child, guardian, note) VALUES (50, 48, 46, NULL);
INSERT INTO child_guardian (id, child, guardian, note) VALUES (51, 49, 45, NULL);
INSERT INTO child_guardian (id, child, guardian, note) VALUES (52, 49, 46, NULL);
INSERT INTO child_guardian (id, child, guardian, note) VALUES (53, 52, 50, NULL);
INSERT INTO child_guardian (id, child, guardian, note) VALUES (54, 52, 51, NULL);
INSERT INTO child_guardian (id, child, guardian, note) VALUES (55, 53, 50, NULL);
INSERT INTO child_guardian (id, child, guardian, note) VALUES (56, 53, 51, NULL);
INSERT INTO child_guardian (id, child, guardian, note) VALUES (57, 60, 54, NULL);
INSERT INTO child_guardian (id, child, guardian, note) VALUES (58, 60, 55, NULL);
INSERT INTO child_guardian (id, child, guardian, note) VALUES (59, 61, 54, NULL);
INSERT INTO child_guardian (id, child, guardian, note) VALUES (60, 61, 55, NULL);
INSERT INTO child_guardian (id, child, guardian, note) VALUES (61, 62, 54, NULL);
INSERT INTO child_guardian (id, child, guardian, note) VALUES (62, 62, 55, NULL);
INSERT INTO child_guardian (id, child, guardian, note) VALUES (63, 63, 54, NULL);
INSERT INTO child_guardian (id, child, guardian, note) VALUES (64, 63, 55, NULL);
INSERT INTO child_guardian (id, child, guardian, note) VALUES (65, 64, 54, NULL);
INSERT INTO child_guardian (id, child, guardian, note) VALUES (66, 64, 55, NULL);
INSERT INTO child_guardian (id, child, guardian, note) VALUES (67, 4, 9, NULL);
INSERT INTO child_guardian (id, child, guardian, note) VALUES (68, 4, 10, NULL);
INSERT INTO child_guardian (id, child, guardian, note) VALUES (69, 5, 9, NULL);
INSERT INTO child_guardian (id, child, guardian, note) VALUES (70, 5, 10, NULL);
INSERT INTO child_guardian (id, child, guardian, note) VALUES (71, 6, 9, NULL);
INSERT INTO child_guardian (id, child, guardian, note) VALUES (72, 6, 10, NULL);
INSERT INTO child_guardian (id, child, guardian, note) VALUES (73, 65, 58, NULL);
INSERT INTO child_guardian (id, child, guardian, note) VALUES (74, 65, 59, NULL);
INSERT INTO child_guardian (id, child, guardian, note) VALUES (75, 66, 58, NULL);
INSERT INTO child_guardian (id, child, guardian, note) VALUES (76, 66, 59, NULL);
INSERT INTO child_guardian (id, child, guardian, note) VALUES (77, 67, 58, NULL);
INSERT INTO child_guardian (id, child, guardian, note) VALUES (78, 67, 59, NULL);
INSERT INTO child_guardian (id, child, guardian, note) VALUES (79, 68, 56, NULL);
INSERT INTO child_guardian (id, child, guardian, note) VALUES (80, 68, 57, NULL);
INSERT INTO child_guardian (id, child, guardian, note) VALUES (81, 69, 56, NULL);
INSERT INTO child_guardian (id, child, guardian, note) VALUES (82, 69, 57, NULL);
INSERT INTO child_guardian (id, child, guardian, note) VALUES (83, 70, 56, NULL);
INSERT INTO child_guardian (id, child, guardian, note) VALUES (84, 70, 57, NULL);

-- Table: context
DROP TABLE IF EXISTS context;
CREATE TABLE context (id INTEGER PRIMARY KEY AUTOINCREMENT, name STRING UNIQUE);
INSERT INTO context (id, name) VALUES (1, 'Grammar');
INSERT INTO context (id, name) VALUES (2, '4th-6th');
INSERT INTO context (id, name) VALUES (3, '7th-9th');
INSERT INTO context (id, name) VALUES (4, '10th-12th');
INSERT INTO context (id, name) VALUES (5, 'All');

-- Table: cost
DROP TABLE IF EXISTS cost;
CREATE TABLE cost (id INTEGER PRIMARY KEY AUTOINCREMENT, academic_year INTEGER REFERENCES academic_year (id) ON DELETE CASCADE ON UPDATE CASCADE, name STRING, amount INTEGER, due STRING, program INTEGER REFERENCES program (id) ON DELETE CASCADE ON UPDATE CASCADE, per_student INTEGER);
INSERT INTO cost (id, academic_year, name, amount, due, program, per_student) VALUES (1, 1, 'registration', 5000, 'June 5', NULL, NULL);
INSERT INTO cost (id, academic_year, name, amount, due, program, per_student) VALUES (2, 1, 'supply fee', 3500, NULL, 1, 1);
INSERT INTO cost (id, academic_year, name, amount, due, program, per_student) VALUES (3, 1, 'supply fee', 3500, NULL, 2, 1);
INSERT INTO cost (id, academic_year, name, amount, due, program, per_student) VALUES (4, 1, 'supply fee', 5000, NULL, 3, 1);
INSERT INTO cost (id, academic_year, name, amount, due, program, per_student) VALUES (5, 1, 'supply fee', 5000, NULL, 4, 1);
INSERT INTO cost (id, academic_year, name, amount, due, program, per_student) VALUES (6, 1, 'facility fee', 3500, NULL, NULL, 1);
INSERT INTO cost (id, academic_year, name, amount, due, program, per_student) VALUES (7, 1, 'tuition', 25000, NULL, 1, 1);
INSERT INTO cost (id, academic_year, name, amount, due, program, per_student) VALUES (8, 1, 'tuition', 20000, NULL, 2, 1);
INSERT INTO cost (id, academic_year, name, amount, due, program, per_student) VALUES (9, 1, 'tuition', 75000, NULL, 3, 1);
INSERT INTO cost (id, academic_year, name, amount, due, program, per_student) VALUES (10, 1, 'training fund', 10000, NULL, 3, 1);

-- Table: cycle
DROP TABLE IF EXISTS cycle;
CREATE TABLE cycle (id INTEGER PRIMARY KEY AUTOINCREMENT, name STRING, description STRING);
INSERT INTO cycle (id, name, description) VALUES (1, 'C-1', 'AAA (Africa, Asia, Australia)');
INSERT INTO cycle (id, name, description) VALUES (2, 'C-2', 'Europe');
INSERT INTO cycle (id, name, description) VALUES (3, 'C-3', 'Americas (North & South America), Antarctica');
INSERT INTO cycle (id, name, description) VALUES (4, 'All', 'World');

-- Table: cycle_week
DROP TABLE IF EXISTS cycle_week;
CREATE TABLE cycle_week (id INTEGER PRIMARY KEY AUTOINCREMENT, cycle INTEGER REFERENCES cycle (id) ON DELETE CASCADE ON UPDATE CASCADE, week INTEGER NOT NULL CHECK (week >= 0 and week < 29), level INTEGER NOT NULL DEFAULT (1), UNIQUE (cycle, week, level));
INSERT INTO cycle_week (id, cycle, week, level) VALUES (1, 1, 1, 1);
INSERT INTO cycle_week (id, cycle, week, level) VALUES (2, 1, 2, 1);
INSERT INTO cycle_week (id, cycle, week, level) VALUES (3, 1, 3, 1);
INSERT INTO cycle_week (id, cycle, week, level) VALUES (4, 1, 4, 1);
INSERT INTO cycle_week (id, cycle, week, level) VALUES (5, 1, 5, 1);
INSERT INTO cycle_week (id, cycle, week, level) VALUES (6, 1, 6, 1);
INSERT INTO cycle_week (id, cycle, week, level) VALUES (7, 1, 7, 1);
INSERT INTO cycle_week (id, cycle, week, level) VALUES (8, 1, 8, 1);
INSERT INTO cycle_week (id, cycle, week, level) VALUES (9, 1, 9, 1);
INSERT INTO cycle_week (id, cycle, week, level) VALUES (10, 1, 10, 1);
INSERT INTO cycle_week (id, cycle, week, level) VALUES (11, 1, 11, 1);
INSERT INTO cycle_week (id, cycle, week, level) VALUES (12, 1, 12, 1);
INSERT INTO cycle_week (id, cycle, week, level) VALUES (13, 1, 13, 1);
INSERT INTO cycle_week (id, cycle, week, level) VALUES (14, 1, 14, 1);
INSERT INTO cycle_week (id, cycle, week, level) VALUES (15, 1, 15, 1);
INSERT INTO cycle_week (id, cycle, week, level) VALUES (16, 1, 16, 1);
INSERT INTO cycle_week (id, cycle, week, level) VALUES (17, 1, 17, 1);
INSERT INTO cycle_week (id, cycle, week, level) VALUES (18, 1, 18, 1);
INSERT INTO cycle_week (id, cycle, week, level) VALUES (19, 1, 19, 1);
INSERT INTO cycle_week (id, cycle, week, level) VALUES (20, 1, 20, 1);
INSERT INTO cycle_week (id, cycle, week, level) VALUES (21, 1, 21, 1);
INSERT INTO cycle_week (id, cycle, week, level) VALUES (22, 1, 22, 1);
INSERT INTO cycle_week (id, cycle, week, level) VALUES (23, 1, 23, 1);
INSERT INTO cycle_week (id, cycle, week, level) VALUES (24, 1, 24, 1);
INSERT INTO cycle_week (id, cycle, week, level) VALUES (25, 1, 25, 1);
INSERT INTO cycle_week (id, cycle, week, level) VALUES (26, 1, 26, 1);
INSERT INTO cycle_week (id, cycle, week, level) VALUES (27, 1, 27, 1);
INSERT INTO cycle_week (id, cycle, week, level) VALUES (28, 1, 28, 1);
INSERT INTO cycle_week (id, cycle, week, level) VALUES (29, 2, 1, 1);
INSERT INTO cycle_week (id, cycle, week, level) VALUES (30, 2, 2, 1);
INSERT INTO cycle_week (id, cycle, week, level) VALUES (31, 2, 3, 1);
INSERT INTO cycle_week (id, cycle, week, level) VALUES (32, 2, 4, 1);
INSERT INTO cycle_week (id, cycle, week, level) VALUES (33, 2, 5, 1);
INSERT INTO cycle_week (id, cycle, week, level) VALUES (34, 2, 6, 1);
INSERT INTO cycle_week (id, cycle, week, level) VALUES (35, 2, 7, 1);
INSERT INTO cycle_week (id, cycle, week, level) VALUES (36, 2, 8, 1);
INSERT INTO cycle_week (id, cycle, week, level) VALUES (37, 2, 9, 1);
INSERT INTO cycle_week (id, cycle, week, level) VALUES (38, 2, 10, 1);
INSERT INTO cycle_week (id, cycle, week, level) VALUES (39, 2, 11, 1);
INSERT INTO cycle_week (id, cycle, week, level) VALUES (40, 2, 12, 1);
INSERT INTO cycle_week (id, cycle, week, level) VALUES (41, 2, 13, 1);
INSERT INTO cycle_week (id, cycle, week, level) VALUES (42, 2, 14, 1);
INSERT INTO cycle_week (id, cycle, week, level) VALUES (43, 2, 15, 1);
INSERT INTO cycle_week (id, cycle, week, level) VALUES (44, 2, 16, 1);
INSERT INTO cycle_week (id, cycle, week, level) VALUES (45, 2, 17, 1);
INSERT INTO cycle_week (id, cycle, week, level) VALUES (46, 2, 18, 1);
INSERT INTO cycle_week (id, cycle, week, level) VALUES (47, 2, 19, 1);
INSERT INTO cycle_week (id, cycle, week, level) VALUES (48, 2, 20, 1);
INSERT INTO cycle_week (id, cycle, week, level) VALUES (49, 2, 21, 1);
INSERT INTO cycle_week (id, cycle, week, level) VALUES (50, 2, 22, 1);
INSERT INTO cycle_week (id, cycle, week, level) VALUES (51, 2, 23, 1);
INSERT INTO cycle_week (id, cycle, week, level) VALUES (52, 2, 24, 1);
INSERT INTO cycle_week (id, cycle, week, level) VALUES (53, 2, 25, 1);
INSERT INTO cycle_week (id, cycle, week, level) VALUES (54, 2, 26, 1);
INSERT INTO cycle_week (id, cycle, week, level) VALUES (55, 2, 27, 1);
INSERT INTO cycle_week (id, cycle, week, level) VALUES (56, 2, 28, 1);
INSERT INTO cycle_week (id, cycle, week, level) VALUES (57, 3, 1, 1);
INSERT INTO cycle_week (id, cycle, week, level) VALUES (58, 3, 2, 1);
INSERT INTO cycle_week (id, cycle, week, level) VALUES (59, 3, 3, 1);
INSERT INTO cycle_week (id, cycle, week, level) VALUES (60, 3, 4, 1);
INSERT INTO cycle_week (id, cycle, week, level) VALUES (61, 3, 5, 1);
INSERT INTO cycle_week (id, cycle, week, level) VALUES (62, 3, 6, 1);
INSERT INTO cycle_week (id, cycle, week, level) VALUES (63, 3, 7, 1);
INSERT INTO cycle_week (id, cycle, week, level) VALUES (64, 3, 8, 1);
INSERT INTO cycle_week (id, cycle, week, level) VALUES (65, 3, 9, 1);
INSERT INTO cycle_week (id, cycle, week, level) VALUES (66, 3, 10, 1);
INSERT INTO cycle_week (id, cycle, week, level) VALUES (67, 3, 11, 1);
INSERT INTO cycle_week (id, cycle, week, level) VALUES (68, 3, 12, 1);
INSERT INTO cycle_week (id, cycle, week, level) VALUES (69, 3, 13, 1);
INSERT INTO cycle_week (id, cycle, week, level) VALUES (70, 3, 14, 1);
INSERT INTO cycle_week (id, cycle, week, level) VALUES (71, 3, 15, 1);
INSERT INTO cycle_week (id, cycle, week, level) VALUES (72, 3, 16, 1);
INSERT INTO cycle_week (id, cycle, week, level) VALUES (73, 3, 17, 1);
INSERT INTO cycle_week (id, cycle, week, level) VALUES (74, 3, 18, 1);
INSERT INTO cycle_week (id, cycle, week, level) VALUES (75, 3, 19, 1);
INSERT INTO cycle_week (id, cycle, week, level) VALUES (76, 3, 20, 1);
INSERT INTO cycle_week (id, cycle, week, level) VALUES (77, 3, 21, 1);
INSERT INTO cycle_week (id, cycle, week, level) VALUES (78, 3, 22, 1);
INSERT INTO cycle_week (id, cycle, week, level) VALUES (79, 3, 23, 1);
INSERT INTO cycle_week (id, cycle, week, level) VALUES (80, 3, 24, 1);
INSERT INTO cycle_week (id, cycle, week, level) VALUES (81, 3, 25, 1);
INSERT INTO cycle_week (id, cycle, week, level) VALUES (82, 3, 26, 1);
INSERT INTO cycle_week (id, cycle, week, level) VALUES (83, 3, 27, 1);
INSERT INTO cycle_week (id, cycle, week, level) VALUES (84, 3, 28, 1);
INSERT INTO cycle_week (id, cycle, week, level) VALUES (85, 1, 1, 2);
INSERT INTO cycle_week (id, cycle, week, level) VALUES (86, 1, 2, 2);
INSERT INTO cycle_week (id, cycle, week, level) VALUES (87, 1, 3, 2);
INSERT INTO cycle_week (id, cycle, week, level) VALUES (88, 1, 4, 2);
INSERT INTO cycle_week (id, cycle, week, level) VALUES (89, 1, 5, 2);
INSERT INTO cycle_week (id, cycle, week, level) VALUES (90, 1, 6, 2);
INSERT INTO cycle_week (id, cycle, week, level) VALUES (91, 1, 7, 2);
INSERT INTO cycle_week (id, cycle, week, level) VALUES (92, 1, 8, 2);
INSERT INTO cycle_week (id, cycle, week, level) VALUES (93, 1, 9, 2);
INSERT INTO cycle_week (id, cycle, week, level) VALUES (94, 1, 10, 2);
INSERT INTO cycle_week (id, cycle, week, level) VALUES (95, 1, 11, 2);
INSERT INTO cycle_week (id, cycle, week, level) VALUES (96, 1, 12, 2);
INSERT INTO cycle_week (id, cycle, week, level) VALUES (97, 1, 13, 2);
INSERT INTO cycle_week (id, cycle, week, level) VALUES (98, 1, 14, 2);
INSERT INTO cycle_week (id, cycle, week, level) VALUES (99, 1, 15, 2);
INSERT INTO cycle_week (id, cycle, week, level) VALUES (100, 1, 16, 2);
INSERT INTO cycle_week (id, cycle, week, level) VALUES (101, 1, 17, 2);
INSERT INTO cycle_week (id, cycle, week, level) VALUES (102, 1, 18, 2);
INSERT INTO cycle_week (id, cycle, week, level) VALUES (103, 1, 19, 2);
INSERT INTO cycle_week (id, cycle, week, level) VALUES (104, 1, 20, 2);
INSERT INTO cycle_week (id, cycle, week, level) VALUES (105, 1, 21, 2);
INSERT INTO cycle_week (id, cycle, week, level) VALUES (106, 1, 22, 2);
INSERT INTO cycle_week (id, cycle, week, level) VALUES (107, 1, 23, 2);
INSERT INTO cycle_week (id, cycle, week, level) VALUES (108, 1, 24, 2);
INSERT INTO cycle_week (id, cycle, week, level) VALUES (109, 1, 25, 2);
INSERT INTO cycle_week (id, cycle, week, level) VALUES (110, 1, 26, 2);
INSERT INTO cycle_week (id, cycle, week, level) VALUES (111, 1, 27, 2);
INSERT INTO cycle_week (id, cycle, week, level) VALUES (112, 1, 28, 2);
INSERT INTO cycle_week (id, cycle, week, level) VALUES (113, 2, 1, 2);
INSERT INTO cycle_week (id, cycle, week, level) VALUES (114, 2, 2, 2);
INSERT INTO cycle_week (id, cycle, week, level) VALUES (115, 2, 3, 2);
INSERT INTO cycle_week (id, cycle, week, level) VALUES (116, 2, 4, 2);
INSERT INTO cycle_week (id, cycle, week, level) VALUES (117, 2, 5, 2);
INSERT INTO cycle_week (id, cycle, week, level) VALUES (118, 2, 6, 2);
INSERT INTO cycle_week (id, cycle, week, level) VALUES (119, 2, 7, 2);
INSERT INTO cycle_week (id, cycle, week, level) VALUES (120, 2, 8, 2);
INSERT INTO cycle_week (id, cycle, week, level) VALUES (121, 2, 9, 2);
INSERT INTO cycle_week (id, cycle, week, level) VALUES (122, 2, 10, 2);
INSERT INTO cycle_week (id, cycle, week, level) VALUES (123, 2, 11, 2);
INSERT INTO cycle_week (id, cycle, week, level) VALUES (124, 2, 12, 2);
INSERT INTO cycle_week (id, cycle, week, level) VALUES (125, 2, 13, 2);
INSERT INTO cycle_week (id, cycle, week, level) VALUES (126, 2, 14, 2);
INSERT INTO cycle_week (id, cycle, week, level) VALUES (127, 2, 15, 2);
INSERT INTO cycle_week (id, cycle, week, level) VALUES (128, 2, 16, 2);
INSERT INTO cycle_week (id, cycle, week, level) VALUES (129, 2, 17, 2);
INSERT INTO cycle_week (id, cycle, week, level) VALUES (130, 2, 18, 2);
INSERT INTO cycle_week (id, cycle, week, level) VALUES (131, 2, 19, 2);
INSERT INTO cycle_week (id, cycle, week, level) VALUES (132, 2, 20, 2);
INSERT INTO cycle_week (id, cycle, week, level) VALUES (133, 2, 21, 2);
INSERT INTO cycle_week (id, cycle, week, level) VALUES (134, 2, 22, 2);
INSERT INTO cycle_week (id, cycle, week, level) VALUES (135, 2, 23, 2);
INSERT INTO cycle_week (id, cycle, week, level) VALUES (136, 2, 24, 2);
INSERT INTO cycle_week (id, cycle, week, level) VALUES (137, 2, 25, 2);
INSERT INTO cycle_week (id, cycle, week, level) VALUES (138, 2, 26, 2);
INSERT INTO cycle_week (id, cycle, week, level) VALUES (139, 2, 27, 2);
INSERT INTO cycle_week (id, cycle, week, level) VALUES (140, 2, 28, 2);
INSERT INTO cycle_week (id, cycle, week, level) VALUES (141, 3, 1, 2);
INSERT INTO cycle_week (id, cycle, week, level) VALUES (142, 3, 2, 2);
INSERT INTO cycle_week (id, cycle, week, level) VALUES (143, 3, 3, 2);
INSERT INTO cycle_week (id, cycle, week, level) VALUES (144, 3, 4, 2);
INSERT INTO cycle_week (id, cycle, week, level) VALUES (145, 3, 5, 2);
INSERT INTO cycle_week (id, cycle, week, level) VALUES (146, 3, 6, 2);
INSERT INTO cycle_week (id, cycle, week, level) VALUES (147, 3, 7, 2);
INSERT INTO cycle_week (id, cycle, week, level) VALUES (148, 3, 8, 2);
INSERT INTO cycle_week (id, cycle, week, level) VALUES (149, 3, 9, 2);
INSERT INTO cycle_week (id, cycle, week, level) VALUES (150, 3, 10, 2);
INSERT INTO cycle_week (id, cycle, week, level) VALUES (151, 3, 11, 2);
INSERT INTO cycle_week (id, cycle, week, level) VALUES (152, 3, 12, 2);
INSERT INTO cycle_week (id, cycle, week, level) VALUES (153, 3, 13, 2);
INSERT INTO cycle_week (id, cycle, week, level) VALUES (154, 3, 14, 2);
INSERT INTO cycle_week (id, cycle, week, level) VALUES (155, 3, 15, 2);
INSERT INTO cycle_week (id, cycle, week, level) VALUES (156, 3, 16, 2);
INSERT INTO cycle_week (id, cycle, week, level) VALUES (157, 3, 17, 2);
INSERT INTO cycle_week (id, cycle, week, level) VALUES (158, 3, 18, 2);
INSERT INTO cycle_week (id, cycle, week, level) VALUES (159, 3, 19, 2);
INSERT INTO cycle_week (id, cycle, week, level) VALUES (160, 3, 20, 2);
INSERT INTO cycle_week (id, cycle, week, level) VALUES (161, 3, 21, 2);
INSERT INTO cycle_week (id, cycle, week, level) VALUES (162, 3, 22, 2);
INSERT INTO cycle_week (id, cycle, week, level) VALUES (163, 3, 23, 2);
INSERT INTO cycle_week (id, cycle, week, level) VALUES (164, 3, 24, 2);
INSERT INTO cycle_week (id, cycle, week, level) VALUES (165, 3, 25, 2);
INSERT INTO cycle_week (id, cycle, week, level) VALUES (166, 3, 26, 2);
INSERT INTO cycle_week (id, cycle, week, level) VALUES (167, 3, 27, 2);
INSERT INTO cycle_week (id, cycle, week, level) VALUES (168, 3, 28, 2);
INSERT INTO cycle_week (id, cycle, week, level) VALUES (169, 4, 1, 1);
INSERT INTO cycle_week (id, cycle, week, level) VALUES (170, 4, 2, 1);
INSERT INTO cycle_week (id, cycle, week, level) VALUES (171, 4, 3, 1);
INSERT INTO cycle_week (id, cycle, week, level) VALUES (172, 4, 4, 1);
INSERT INTO cycle_week (id, cycle, week, level) VALUES (173, 4, 5, 1);
INSERT INTO cycle_week (id, cycle, week, level) VALUES (174, 4, 6, 1);
INSERT INTO cycle_week (id, cycle, week, level) VALUES (175, 4, 7, 1);
INSERT INTO cycle_week (id, cycle, week, level) VALUES (176, 4, 8, 1);
INSERT INTO cycle_week (id, cycle, week, level) VALUES (177, 4, 9, 1);
INSERT INTO cycle_week (id, cycle, week, level) VALUES (178, 4, 10, 1);
INSERT INTO cycle_week (id, cycle, week, level) VALUES (179, 4, 11, 1);
INSERT INTO cycle_week (id, cycle, week, level) VALUES (180, 4, 12, 1);
INSERT INTO cycle_week (id, cycle, week, level) VALUES (181, 4, 13, 1);
INSERT INTO cycle_week (id, cycle, week, level) VALUES (182, 4, 14, 1);
INSERT INTO cycle_week (id, cycle, week, level) VALUES (183, 4, 15, 1);
INSERT INTO cycle_week (id, cycle, week, level) VALUES (184, 4, 16, 1);
INSERT INTO cycle_week (id, cycle, week, level) VALUES (185, 4, 17, 1);
INSERT INTO cycle_week (id, cycle, week, level) VALUES (186, 4, 18, 1);
INSERT INTO cycle_week (id, cycle, week, level) VALUES (187, 4, 19, 1);
INSERT INTO cycle_week (id, cycle, week, level) VALUES (188, 4, 20, 1);
INSERT INTO cycle_week (id, cycle, week, level) VALUES (189, 4, 21, 1);
INSERT INTO cycle_week (id, cycle, week, level) VALUES (190, 4, 22, 1);
INSERT INTO cycle_week (id, cycle, week, level) VALUES (191, 4, 23, 1);
INSERT INTO cycle_week (id, cycle, week, level) VALUES (192, 4, 24, 1);
INSERT INTO cycle_week (id, cycle, week, level) VALUES (193, 4, 25, 1);
INSERT INTO cycle_week (id, cycle, week, level) VALUES (194, 4, 26, 1);
INSERT INTO cycle_week (id, cycle, week, level) VALUES (195, 4, 27, 1);
INSERT INTO cycle_week (id, cycle, week, level) VALUES (196, 4, 28, 1);
INSERT INTO cycle_week (id, cycle, week, level) VALUES (197, 1, 0, 1);
INSERT INTO cycle_week (id, cycle, week, level) VALUES (198, 1, 0, 2);
INSERT INTO cycle_week (id, cycle, week, level) VALUES (199, 2, 0, 1);
INSERT INTO cycle_week (id, cycle, week, level) VALUES (200, 2, 0, 2);
INSERT INTO cycle_week (id, cycle, week, level) VALUES (201, 3, 0, 1);
INSERT INTO cycle_week (id, cycle, week, level) VALUES (202, 3, 0, 2);
INSERT INTO cycle_week (id, cycle, week, level) VALUES (203, 4, 0, 1);
INSERT INTO cycle_week (id, cycle, week, level) VALUES (204, 4, 0, 2);

-- Table: direction
DROP TABLE IF EXISTS direction;
CREATE TABLE direction (id INTEGER PRIMARY KEY, name TEXT NOT NULL UNIQUE);
INSERT INTO direction (id, name) VALUES (1, 'northeast');
INSERT INTO direction (id, name) VALUES (2, 'east');
INSERT INTO direction (id, name) VALUES (3, 'southeast');
INSERT INTO direction (id, name) VALUES (4, 'south');
INSERT INTO direction (id, name) VALUES (5, 'southwest');
INSERT INTO direction (id, name) VALUES (6, 'west');
INSERT INTO direction (id, name) VALUES (7, 'northwest');
INSERT INTO direction (id, name) VALUES (8, 'north');

-- Table: email
DROP TABLE IF EXISTS email;
CREATE TABLE email (id INTEGER PRIMARY KEY AUTOINCREMENT, address STRING, note STRING, unlisted INTEGER);
INSERT INTO email (id, address, note, unlisted) VALUES (1, 'casheah05@outlook.com', NULL, NULL);
INSERT INTO email (id, address, note, unlisted) VALUES (2, 'h9sheahan@outlook.com', NULL, NULL);
INSERT INTO email (id, address, note, unlisted) VALUES (4, 'boyd.tribe@gmail.com', NULL, NULL);
INSERT INTO email (id, address, note, unlisted) VALUES (5, 'branntribe@gmail.com', NULL, NULL);
INSERT INTO email (id, address, note, unlisted) VALUES (6, 'steinjjo@gmail.com', NULL, NULL);
INSERT INTO email (id, address, note, unlisted) VALUES (7, 'michael@michaelandkirsten.com', NULL, NULL);
INSERT INTO email (id, address, note, unlisted) VALUES (8, 'zac.cait@gmail.com', NULL, NULL);
INSERT INTO email (id, address, note, unlisted) VALUES (9, 'susanna.w.hurley@gmail.com', NULL, NULL);
INSERT INTO email (id, address, note, unlisted) VALUES (10, 'lena2150@hotmail.com', NULL, NULL);
INSERT INTO email (id, address, note, unlisted) VALUES (11, 'scottwmcd@hotmail.com', NULL, NULL);
INSERT INTO email (id, address, note, unlisted) VALUES (12, 'LBMiller2011@gmail.com', NULL, NULL);
INSERT INTO email (id, address, note, unlisted) VALUES (13, 'horsedr@gmail.com', NULL, NULL);
INSERT INTO email (id, address, note, unlisted) VALUES (14, 'julieboolie_76@hotmail.com', NULL, NULL);
INSERT INTO email (id, address, note, unlisted) VALUES (15, 'deyetteperry@yahoo.com', NULL, NULL);
INSERT INTO email (id, address, note, unlisted) VALUES (16, 'lou@ldperry.com', NULL, NULL);
INSERT INTO email (id, address, note, unlisted) VALUES (17, 'pesheahan@msn.com', NULL, NULL);
INSERT INTO email (id, address, note, unlisted) VALUES (18, 'jamie-m@hotmail.com', NULL, NULL);

-- Table: english
DROP TABLE IF EXISTS english;
CREATE TABLE english (id INTEGER PRIMARY KEY AUTOINCREMENT, cw INTEGER REFERENCES cycle_week (id) ON DELETE RESTRICT ON UPDATE CASCADE NOT NULL, prompt STRING UNIQUE NOT NULL, a BOOLEAN NOT NULL DEFAULT (1), "is" BOOLEAN NOT NULL DEFAULT (1), are BOOLEAN NOT NULL DEFAULT (0), answer STRING NOT NULL, example STRING, advanced STRING);
INSERT INTO english (id, cw, prompt, a, "is", are, answer, example, advanced) VALUES (1, 3, 'parts of speech', 0, 0, 1, 'noun, pronoun, adjective; verb, adverb; conjunction, preposition, interjection', NULL, NULL);
INSERT INTO english (id, cw, prompt, a, "is", are, answer, example, advanced) VALUES (2, 4, 'noun', 1, 1, 0, 'a word that names a person, place, or thing.', '"mother"', 'A noun may name an animal, quality, idea, or action.');
INSERT INTO english (id, cw, prompt, a, "is", are, answer, example, advanced) VALUES (3, 7, 'preposition', 1, 1, 0, 'a word used to show the relationship between two nouns.', '"Gospel of Jesus"', NULL);
INSERT INTO english (id, cw, prompt, a, "is", are, answer, example, advanced) VALUES (4, 7, 'conjunction', 1, 1, 0, 'a word that joins grammatical equals.', '"Jack and Jill"', NULL);
INSERT INTO english (id, cw, prompt, a, "is", are, answer, example, advanced) VALUES (5, 10, 'pronoun', 1, 1, 0, 'a word that replaces one or more nouns.', '"it"', NULL);
INSERT INTO english (id, cw, prompt, a, "is", are, answer, example, advanced) VALUES (6, 10, 'antecedent', 1, 1, 0, 'the noun or nouns that a pronoun replaces.', '"Pizza? It is gone!"', NULL);
INSERT INTO english (id, cw, prompt, a, "is", are, answer, example, advanced) VALUES (7, 11, 'adjective', 1, 1, 0, 'a word that describes or modifies a noun or pronoun, answering the question "Which...?"', NULL, NULL);
INSERT INTO english (id, cw, prompt, a, "is", are, answer, example, advanced) VALUES (8, 14, 'subjective pronouns', 0, 0, 1, 'I, you, he / she / it; we, you, they', NULL, NULL);
INSERT INTO english (id, cw, prompt, a, "is", are, answer, example, advanced) VALUES (9, 14, 'objective pronouns', 0, 0, 1, 'me, you, him / her / it; us, you, them', NULL, NULL);
INSERT INTO english (id, cw, prompt, a, "is", are, answer, example, advanced) VALUES (10, 15, 'possessive pronouns', 0, 0, 1, 'mine, yours, his / hers / its, ours, yours, theirs', NULL, NULL);
INSERT INTO english (id, cw, prompt, a, "is", are, answer, example, advanced) VALUES (11, 15, 'reflexive pronouns', 0, 0, 1, 'myself, yourself, yourselves, himself, herself, itself, ourselves, themselves', NULL, NULL);
INSERT INTO english (id, cw, prompt, a, "is", are, answer, example, advanced) VALUES (12, 18, 'demonstrative pronouns', 0, 0, 1, 'this, that, these, those', NULL, NULL);
INSERT INTO english (id, cw, prompt, a, "is", are, answer, example, advanced) VALUES (13, 19, 'interrogative pronouns', 0, 0, 1, 'who, whom, whose, which, what', 'and: whoever, whomever, whosever, whichever, whatever', NULL);
INSERT INTO english (id, cw, prompt, a, "is", are, answer, example, advanced) VALUES (14, 19, 'relative pronouns', 0, 0, 1, 'who, whom, whose, which, that', NULL, NULL);
INSERT INTO english (id, cw, prompt, a, "is", are, answer, example, advanced) VALUES (15, 22, 'indefinite pronouns', 0, 0, 1, 'all, another, any, anybody, anyone, anything, both, each, either, enough, everybody, everyone, everything, few, fewer, less, little, many, more, most, much, neither, nobody, none, nothing, one, other, others, several, some, somebody, someone, something, such', NULL, NULL);

-- Table: enrollment
DROP TABLE IF EXISTS enrollment;
CREATE TABLE enrollment (id INTEGER PRIMARY KEY AUTOINCREMENT, student INTEGER REFERENCES person (id) ON DELETE CASCADE ON UPDATE CASCADE, grade INTEGER, program INTEGER REFERENCES program (id) ON DELETE RESTRICT ON UPDATE CASCADE, subject INTEGER REFERENCES subject (id) ON DELETE CASCADE ON UPDATE CASCADE, academic_year INTEGER REFERENCES academic_year (id) ON DELETE RESTRICT ON UPDATE CASCADE);
INSERT INTO enrollment (id, student, grade, program, subject, academic_year) VALUES (1, 1, 9, 3, 0, 1);
INSERT INTO enrollment (id, student, grade, program, subject, academic_year) VALUES (2, 2, 7, 3, 0, 1);
INSERT INTO enrollment (id, student, grade, program, subject, academic_year) VALUES (3, 3, 5, 2, 0, 1);
INSERT INTO enrollment (id, student, grade, program, subject, academic_year) VALUES (4, 4, 2, 1, 0, 1);
INSERT INTO enrollment (id, student, grade, program, subject, academic_year) VALUES (5, 5, 8, 3, 0, 1);
INSERT INTO enrollment (id, student, grade, program, subject, academic_year) VALUES (6, 6, 9, 3, 0, 1);
INSERT INTO enrollment (id, student, grade, program, subject, academic_year) VALUES (7, 13, 8, 3, 0, 1);
INSERT INTO enrollment (id, student, grade, program, subject, academic_year) VALUES (8, 14, 7, 3, 0, 1);
INSERT INTO enrollment (id, student, grade, program, subject, academic_year) VALUES (9, 15, 5, 2, 0, 1);
INSERT INTO enrollment (id, student, grade, program, subject, academic_year) VALUES (10, 18, 5, 2, 0, 1);
INSERT INTO enrollment (id, student, grade, program, subject, academic_year) VALUES (11, 19, 2, 1, 0, 1);
INSERT INTO enrollment (id, student, grade, program, subject, academic_year) VALUES (12, 22, 9, 3, 0, 1);
INSERT INTO enrollment (id, student, grade, program, subject, academic_year) VALUES (13, 23, 7, 3, 0, 1);
INSERT INTO enrollment (id, student, grade, program, subject, academic_year) VALUES (14, 26, 9, 3, 0, 1);
INSERT INTO enrollment (id, student, grade, program, subject, academic_year) VALUES (15, 27, 7, 3, 0, 1);
INSERT INTO enrollment (id, student, grade, program, subject, academic_year) VALUES (16, 30, 7, 3, 0, 1);
INSERT INTO enrollment (id, student, grade, program, subject, academic_year) VALUES (17, 31, 5, 2, 0, 1);
INSERT INTO enrollment (id, student, grade, program, subject, academic_year) VALUES (18, 32, 3, 1, 0, 1);
INSERT INTO enrollment (id, student, grade, program, subject, academic_year) VALUES (19, 33, 0, 1, 0, 1);
INSERT INTO enrollment (id, student, grade, program, subject, academic_year) VALUES (20, 36, 5, 2, 0, 1);
INSERT INTO enrollment (id, student, grade, program, subject, academic_year) VALUES (21, 37, 3, 1, 0, 1);
INSERT INTO enrollment (id, student, grade, program, subject, academic_year) VALUES (22, 38, 1, 1, 0, 1);
INSERT INTO enrollment (id, student, grade, program, subject, academic_year) VALUES (23, 41, 4, 2, 0, 1);
INSERT INTO enrollment (id, student, grade, program, subject, academic_year) VALUES (24, 42, 2, 1, 0, 1);
INSERT INTO enrollment (id, student, grade, program, subject, academic_year) VALUES (25, 43, 1, 1, 0, 1);
INSERT INTO enrollment (id, student, grade, program, subject, academic_year) VALUES (26, 44, 0, 1, 0, 1);
INSERT INTO enrollment (id, student, grade, program, subject, academic_year) VALUES (28, 48, 0, 1, 0, 1);
INSERT INTO enrollment (id, student, grade, program, subject, academic_year) VALUES (29, 52, 0, 1, 0, 1);
INSERT INTO enrollment (id, student, grade, program, subject, academic_year) VALUES (30, 60, 9, 3, 0, 1);
INSERT INTO enrollment (id, student, grade, program, subject, academic_year) VALUES (31, 61, 9, 3, 0, 1);
INSERT INTO enrollment (id, student, grade, program, subject, academic_year) VALUES (32, 62, 7, 3, 0, 1);
INSERT INTO enrollment (id, student, grade, program, subject, academic_year) VALUES (33, 63, 5, 2, 0, 1);
INSERT INTO enrollment (id, student, grade, program, subject, academic_year) VALUES (34, 64, 4, 1, 0, 1);
INSERT INTO enrollment (id, student, grade, program, subject, academic_year) VALUES (35, 47, 4, 1, 0, 1);
INSERT INTO enrollment (id, student, grade, program, subject, academic_year) VALUES (36, 3, 5, 1, 0, 1);
INSERT INTO enrollment (id, student, grade, program, subject, academic_year) VALUES (37, 31, 5, 1, 0, 1);
INSERT INTO enrollment (id, student, grade, program, subject, academic_year) VALUES (38, 36, 5, 1, 0, 1);
INSERT INTO enrollment (id, student, grade, program, subject, academic_year) VALUES (39, 18, 5, 1, 0, 1);
INSERT INTO enrollment (id, student, grade, program, subject, academic_year) VALUES (40, 41, 4, 1, 0, 1);
INSERT INTO enrollment (id, student, grade, program, subject, academic_year) VALUES (41, 63, 5, 1, 0, 1);
INSERT INTO enrollment (id, student, grade, program, subject, academic_year) VALUES (42, 65, 8, 3, 0, 1);
INSERT INTO enrollment (id, student, grade, program, subject, academic_year) VALUES (43, 66, 7, 3, 0, 1);
INSERT INTO enrollment (id, student, grade, program, subject, academic_year) VALUES (44, 67, 5, 2, 0, 1);
INSERT INTO enrollment (id, student, grade, program, subject, academic_year) VALUES (45, 67, 5, 1, 0, 1);
INSERT INTO enrollment (id, student, grade, program, subject, academic_year) VALUES (46, 69, 4, 1, 0, 1);
INSERT INTO enrollment (id, student, grade, program, subject, academic_year) VALUES (47, 69, 4, 2, 0, 1);
INSERT INTO enrollment (id, student, grade, program, subject, academic_year) VALUES (48, 68, 3, 1, 0, 1);
INSERT INTO enrollment (id, student, grade, program, subject, academic_year) VALUES (49, 70, 2, 1, 0, 1);

-- Table: enrollment_cost
DROP TABLE IF EXISTS enrollment_cost;
CREATE TABLE enrollment_cost (enrollment INTEGER REFERENCES enrollment (id) ON DELETE CASCADE ON UPDATE CASCADE, cost INTEGER REFERENCES cost (id) ON DELETE CASCADE ON UPDATE CASCADE);

-- Table: event
DROP TABLE IF EXISTS event;
CREATE TABLE event (id INTEGER PRIMARY KEY AUTOINCREMENT, cw INTEGER REFERENCES cycle_week (id) ON DELETE RESTRICT ON UPDATE CASCADE, seq INTEGER NOT NULL, subseq INTEGER, cycle_focus INTEGER REFERENCES cycle (id) ON DELETE RESTRICT ON UPDATE CASCADE, region INTEGER REFERENCES location (id) ON DELETE CASCADE ON UPDATE CASCADE, name TEXT UNIQUE NOT NULL, primary_sentence TEXT, secondary_sentence TEXT, keywords STRING, start_circa BOOLEAN, start INTEGER, fake_start_date INTEGER, end_circa BOOLEAN, "end" INTEGER, tie TEXT, people_group BOOLEAN DEFAULT (0), the BOOLEAN DEFAULT (0), extent INTEGER REFERENCES extent (id) ON DELETE RESTRICT ON UPDATE CASCADE, period INTEGER REFERENCES event (id) ON DELETE RESTRICT ON UPDATE CASCADE, qr_key INTEGER REFERENCES qr_key (id) ON DELETE RESTRICT ON UPDATE CASCADE UNIQUE);
INSERT INTO event (id, cw, seq, subseq, cycle_focus, region, name, primary_sentence, secondary_sentence, keywords, start_circa, start, fake_start_date, end_circa, "end", tie, people_group, the, extent, period, qr_key) VALUES (1, 169, 1, NULL, 1, 24, 'Creation', 'In six days God created the heavens and the earth. On day one He made light and separated it from darkness. On day two He set the sky above the earth''s surface. On day three He gathered the seas from the dry land and made vegetation grow. On day four He created the sun, moon, and stars. On day five He created water creatures and birds. And on day six He created land creatures and people.', NULL, NULL, NULL, NULL, -10010, NULL, NULL, NULL, 0, 0, NULL, NULL, 51);
INSERT INTO event (id, cw, seq, subseq, cycle_focus, region, name, primary_sentence, secondary_sentence, keywords, start_circa, start, fake_start_date, end_circa, "end", tie, people_group, the, extent, period, qr_key) VALUES (2, 169, 2, NULL, 1, 24, 'The Fall of Man', 'Adam and Eve ate the forbidden fruit in the garden of Eden, resulting in the fall of humanity.', NULL, 'Eden', NULL, NULL, -10009, NULL, NULL, NULL, 0, 0, NULL, NULL, 189);
INSERT INTO event (id, cw, seq, subseq, cycle_focus, region, name, primary_sentence, secondary_sentence, keywords, start_circa, start, fake_start_date, end_circa, "end", tie, people_group, the, extent, period, qr_key) VALUES (3, 169, 3, NULL, 1, 24, 'The Flood', 'By faith, Noah obeyed God, built an ark, and saved his family from the great flood.', NULL, 'ark, Noah', NULL, NULL, -10008, NULL, NULL, NULL, 0, 0, NULL, NULL, 190);
INSERT INTO event (id, cw, seq, subseq, cycle_focus, region, name, primary_sentence, secondary_sentence, keywords, start_circa, start, fake_start_date, end_circa, "end", tie, people_group, the, extent, period, qr_key) VALUES (4, 169, 4, NULL, 1, 3, 'Tower of Babel', 'Everyone settled in Shinar and proudly built a tower, but God scattered them abroad.', NULL, 'Shinar', NULL, NULL, -10007, NULL, NULL, NULL, 0, 0, NULL, NULL, 194);
INSERT INTO event (id, cw, seq, subseq, cycle_focus, region, name, primary_sentence, secondary_sentence, keywords, start_circa, start, fake_start_date, end_circa, "end", tie, people_group, the, extent, period, qr_key) VALUES (5, 169, 5, NULL, 1, 3, 'Sumerians', 'Sumerians are famous for their ziggurats, wheeled transportation, invention of the abacus, and story of Gilgamesh.', 'They founded farming, trading, and cuneiform writing in Southern Mesopotamia.', 'ziggurats, abacus, Gilgamesh, cuneiform writing', 1, -4000, NULL, 1, -1700, NULL, 1, 0, 1, NULL, 185);
INSERT INTO event (id, cw, seq, subseq, cycle_focus, region, name, primary_sentence, secondary_sentence, keywords, start_circa, start, fake_start_date, end_circa, "end", tie, people_group, the, extent, period, qr_key) VALUES (6, 169, 6, NULL, 1, 35, 'Egyptians', 'Ancient Egyptians are famous for their pyramids, hieroglyphic writing, and elaborate art.', 'They farmed along the Nile River and developed algebra, geometry, engineering, and building techniques.', 'pyramids, hieroglyphic writing', 1, -3100, NULL, 1, -500, NULL, 1, 0, 2, NULL, 63);
INSERT INTO event (id, cw, seq, subseq, cycle_focus, region, name, primary_sentence, secondary_sentence, keywords, start_circa, start, fake_start_date, end_circa, "end", tie, people_group, the, extent, period, qr_key) VALUES (7, 169, 7, NULL, 1, 52, 'Elamites & Aryan Tribes', 'Elamites and many tribal groups like Medes, Parthians, and Persians wandered and settled the land southeast of Mesopotamia.', NULL, 'Medes, Parthians, Persians, Mesopotamia', 1, -3000, NULL, NULL, NULL, NULL, 1, 0, NULL, NULL, 64);
INSERT INTO event (id, cw, seq, subseq, cycle_focus, region, name, primary_sentence, secondary_sentence, keywords, start_circa, start, fake_start_date, end_circa, "end", tie, people_group, the, extent, period, qr_key) VALUES (8, 170, 1, NULL, 1, 41, 'Phoenicians & Canaanites', 'Phoenicians were Eastern Mediterranean seafaring traders, ship-builders, and dye-makers.', NULL, 'seafaring traders, ship-builders, dye-makers', 1, -3000, NULL, 0, -539, NULL, 1, 0, NULL, NULL, 159);
INSERT INTO event (id, cw, seq, subseq, cycle_focus, region, name, primary_sentence, secondary_sentence, keywords, start_circa, start, fake_start_date, end_circa, "end", tie, people_group, the, extent, period, qr_key) VALUES (9, 170, 2, NULL, 1, 23, 'Indus Valley Civilization', 'Ancient Indus Valley civilization was known for its baked brick houses, advanced water systems, and metallurgy.', NULL, 'baked brick houses', 1, -3000, NULL, 1, -1300, NULL, 1, 0, NULL, NULL, 95);
INSERT INTO event (id, cw, seq, subseq, cycle_focus, region, name, primary_sentence, secondary_sentence, keywords, start_circa, start, fake_start_date, end_circa, "end", tie, people_group, the, extent, period, qr_key) VALUES (10, 170, 3, NULL, 2, 37, 'Minoans & Mycenaeans', 'The Minoans on Crete created great palaces and art. The Mycenaeans founded Greek civilization and legend.', NULL, 'Crete, Greek', 1, -2700, NULL, 1, -1100, NULL, 1, 0, NULL, NULL, 136);
INSERT INTO event (id, cw, seq, subseq, cycle_focus, region, name, primary_sentence, secondary_sentence, keywords, start_circa, start, fake_start_date, end_circa, "end", tie, people_group, the, extent, period, qr_key) VALUES (11, 170, 4, NULL, 1, 50, 'Amorites', 'The Amorites were semi-nomadic people who dwelt from Mesopotamia to the Mediterranean.', NULL, 'Mesopotamia', 1, -2400, NULL, 1, -1600, NULL, 1, NULL, NULL, NULL, 13);
INSERT INTO event (id, cw, seq, subseq, cycle_focus, region, name, primary_sentence, secondary_sentence, keywords, start_circa, start, fake_start_date, end_circa, "end", tie, people_group, the, extent, period, qr_key) VALUES (12, 170, 5, NULL, 1, 3, 'Akkadian Empire', 'The brief Akkadian Empire began with the legendary King Uruk and Sargon the Great, and fell to famine and invasion.', NULL, 'Akkad, Akkadian, Uruk, Sargon', 1, -2334, NULL, 1, -2150, NULL, 0, 0, NULL, NULL, 7);
INSERT INTO event (id, cw, seq, subseq, cycle_focus, region, name, primary_sentence, secondary_sentence, keywords, start_circa, start, fake_start_date, end_circa, "end", tie, people_group, the, extent, period, qr_key) VALUES (13, 170, 6, NULL, 1, 41, 'Israelites', 'Israel began when God called Abraham from Ur, in Sumer, to Canaan. Descendants of Isaac and Jacob became the tribes of Israel.', 'These tribes included Levi, Judah, Naphtali, Ephraim, and Benjamin.', 'Abraham, Ur, Sumer, Canaan, Isasc, Jacob, Levi, Judah, Naphtali, Ephraim, Benjamin', 1, -2100, NULL, 0, -63, NULL, 1, NULL, NULL, NULL, 102);
INSERT INTO event (id, cw, seq, subseq, cycle_focus, region, name, primary_sentence, secondary_sentence, keywords, start_circa, start, fake_start_date, end_circa, "end", tie, people_group, the, extent, period, qr_key) VALUES (14, 170, 7, NULL, 1, 3, 'Assyrians', 'Ancient Assyrian merchants traded, became wealthy, then engaged with the most powerful Mesopotamian empires for millennia.', NULL, 'Mesopotamia', 1, -1900, NULL, 0, -612, NULL, 1, NULL, NULL, NULL, 17);
INSERT INTO event (id, cw, seq, subseq, cycle_focus, region, name, primary_sentence, secondary_sentence, keywords, start_circa, start, fake_start_date, end_circa, "end", tie, people_group, the, extent, period, qr_key) VALUES (15, 171, 1, NULL, 1, 3, 'Hammurabi''s Babylonian Empire', 'Hammurabi, who was an Amorite, united all of Mesopotamia into the first Babylonian Empire through diplomacy, war, and the Code of Hammurabi.', NULL, 'Amorite, Mesopotamia, Code', 1, -1795, NULL, 1, -1750, NULL, 0, NULL, NULL, NULL, 84);
INSERT INTO event (id, cw, seq, subseq, cycle_focus, region, name, primary_sentence, secondary_sentence, keywords, start_circa, start, fake_start_date, end_circa, "end", tie, people_group, the, extent, period, qr_key) VALUES (16, 171, 2, NULL, 1, 35, 'Hyksos conquer Egypt', 'The Hyksos conquered Egypt, ending Egypt’s “Middle Kingdom”, known as the “Classical Age” of Egypt.', NULL, 'Middle Kingdom, Classical Age', 1, -1750, NULL, NULL, NULL, NULL, 0, NULL, NULL, NULL, 92);
INSERT INTO event (id, cw, seq, subseq, cycle_focus, region, name, primary_sentence, secondary_sentence, keywords, start_circa, start, fake_start_date, end_circa, "end", tie, people_group, the, extent, period, qr_key) VALUES (17, 171, 3, NULL, 1, 26, 'Hittites', 'The Hittites, descendants of Noah''s son Ham, ruled Asia Minor and occasionally conquered lands as far south as Mesopotamia and Egypt.', NULL, 'Ham, Asia Minor, Mesopotamia, Egypt', 1, -1700, NULL, 1, -1200, NULL, 1, NULL, NULL, NULL, 88);
INSERT INTO event (id, cw, seq, subseq, cycle_focus, region, name, primary_sentence, secondary_sentence, keywords, start_circa, start, fake_start_date, end_circa, "end", tie, people_group, the, extent, period, qr_key) VALUES (18, 171, 4, NULL, 1, 39, 'Hinduism established', 'Hinduism is a variety of beliefs about the "Oneness" expressing itself in many forms. It evolved from ancient India and is represented in the Vedas, Upanishads, and Bhagavad Gita.', NULL, 'Oneness, India, Vedas, Upanishads, Bhagavad Gita', 1, -1700, NULL, NULL, NULL, NULL, NULL, NULL, NULL, NULL, 87);
INSERT INTO event (id, cw, seq, subseq, cycle_focus, region, name, primary_sentence, secondary_sentence, keywords, start_circa, start, fake_start_date, end_circa, "end", tie, people_group, the, extent, period, qr_key) VALUES (19, 171, 5, NULL, 1, 39, 'Shang Dynasty', 'The Shang Dynasty marked the origin of Chinese culture. Writing, bronze casting, and distinctive religious rituals and art emerged.', NULL, 'China', 1, -1600, NULL, NULL, -1046, NULL, NULL, NULL, NULL, NULL, 175);
INSERT INTO event (id, cw, seq, subseq, cycle_focus, region, name, primary_sentence, secondary_sentence, keywords, start_circa, start, fake_start_date, end_circa, "end", tie, people_group, the, extent, period, qr_key) VALUES (20, 171, 6, NULL, 1, 35, '"New Kingdom" of Egypt', 'Egyptians drove out the Hyksos and Nubians under Ahmose I to begin a 500 year period of famous culture, pharaohs, and great pyramids.', NULL, 'Hyksos, Nubia, Ahmose, pharaohs, pyramids', 1, -1570, NULL, NULL, -1069, NULL, 0, NULL, NULL, NULL, 4);
INSERT INTO event (id, cw, seq, subseq, cycle_focus, region, name, primary_sentence, secondary_sentence, keywords, start_circa, start, fake_start_date, end_circa, "end", tie, people_group, the, extent, period, qr_key) VALUES (21, 172, 1, NULL, 1, 41, 'Moses & Israel’s Exodus', 'Moses, an Israelite, was raised up under Pharaoh''s household until he fled to Midian, where God called him to participate in the Plagues and the freeing of Israel from Egypt.', NULL, 'Midian, plagues, Egypt', 1, -1290, NULL, NULL, NULL, NULL, 0, NULL, NULL, NULL, 140);
INSERT INTO event (id, cw, seq, subseq, cycle_focus, region, name, primary_sentence, secondary_sentence, keywords, start_circa, start, fake_start_date, end_circa, "end", tie, people_group, the, extent, period, qr_key) VALUES (22, 172, 2, NULL, 1, 41, 'Israel occupies Canaan', 'Israel, led by Joshua, invaded Canaan lands after spending forty years in the Sinai desert following their Exodus from Egypt.', NULL, 'Joshua, Sinai, desert, exodus, Egypt', 1, -1250, NULL, NULL, NULL, NULL, NULL, NULL, NULL, NULL, 100);
INSERT INTO event (id, cw, seq, subseq, cycle_focus, region, name, primary_sentence, secondary_sentence, keywords, start_circa, start, fake_start_date, end_circa, "end", tie, people_group, the, extent, period, qr_key) VALUES (23, 171, 7, NULL, 2, 37, 'Trojan War', 'The Trojan War, made famous in Homer’s Iliad, pitted the Mycenaean Greeks against the Hittites in ten years of war, ending in the epic siege of Troy.', NULL, 'Homer, Iliad, Mycenea, Greek, Hittite, Troy', 1, -1334, NULL, NULL, NULL, NULL, NULL, NULL, NULL, NULL, 195);
INSERT INTO event (id, cw, seq, subseq, cycle_focus, region, name, primary_sentence, secondary_sentence, keywords, start_circa, start, fake_start_date, end_circa, "end", tie, people_group, the, extent, period, qr_key) VALUES (24, 172, 3, NULL, 3, 32, 'Mayan Olmec Civilization', 'Olmec Civilization, known for their giant sculptures and vast architectures, was the first of the Mayan Civilizations.', NULL, NULL, 1, -1200, NULL, 1, -400, NULL, 1, NULL, NULL, NULL, 131);
INSERT INTO event (id, cw, seq, subseq, cycle_focus, region, name, primary_sentence, secondary_sentence, keywords, start_circa, start, fake_start_date, end_circa, "end", tie, people_group, the, extent, period, qr_key) VALUES (25, 172, 4, NULL, 2, 37, 'Greek Dark Ages', 'The Greek Dark Ages began with the fall of the Mycenaean civilization, after which writing was abandoned, so we have no record of 300 years of Greek life.', NULL, 'Mycenae', 1, -1100, NULL, 1, -800, NULL, NULL, NULL, NULL, NULL, 80);
INSERT INTO event (id, cw, seq, subseq, cycle_focus, region, name, primary_sentence, secondary_sentence, keywords, start_circa, start, fake_start_date, end_circa, "end", tie, people_group, the, extent, period, qr_key) VALUES (26, 172, 5, NULL, 1, 41, 'Israel''s United Kingdom', 'Israel’s united kingdom prospered under Kings Saul, David, and Solomon, following Israel’s early years under judges like Deborah, Gideon, Samson, and Samuel.', '', 'Saul, David, Solomon', 1, -1080, NULL, 1, -930, NULL, NULL, NULL, NULL, NULL, 101);
INSERT INTO event (id, cw, seq, subseq, cycle_focus, region, name, primary_sentence, secondary_sentence, keywords, start_circa, start, fake_start_date, end_circa, "end", tie, people_group, the, extent, period, qr_key) VALUES (27, 172, 6, NULL, 1, 13, 'Kingdom of Kush', 'The Kush mined gold in Nubia, fueling trade and cultural interaction with Egyptians, which shaped the future civilizations of the region.', NULL, 'gold, Egypt', 1, -1070, NULL, 0, 350, NULL, NULL, NULL, NULL, NULL, 117);
INSERT INTO event (id, cw, seq, subseq, cycle_focus, region, name, primary_sentence, secondary_sentence, keywords, start_circa, start, fake_start_date, end_circa, "end", tie, people_group, the, extent, period, qr_key) VALUES (28, 172, 7, NULL, 1, 41, 'Israel & Judah divide', 'Israel divided into two kingdoms after Solomon: Judah in the South, led by Solomon’s son Rehoboam, and Israel in the North, led by Jeroboam.', NULL, 'Judah, Solomon, Rehoboam, Israel, Jeroboam', 1, -930, NULL, NULL, NULL, NULL, NULL, NULL, NULL, NULL, 99);
INSERT INTO event (id, cw, seq, subseq, cycle_focus, region, name, primary_sentence, secondary_sentence, keywords, start_circa, start, fake_start_date, end_circa, "end", tie, people_group, the, extent, period, qr_key) VALUES (29, 173, 2, NULL, 1, 41, 'Elijah faces prophets of Baal', 'Elijah built an altar to God, who lit the sacrifice, Himself, with heavenly fire, putting the prophets of Baal to shame.', NULL, NULL, 1, -870, NULL, 1, -850, NULL, NULL, NULL, NULL, NULL, 65);
INSERT INTO event (id, cw, seq, subseq, cycle_focus, region, name, primary_sentence, secondary_sentence, keywords, start_circa, start, fake_start_date, end_circa, "end", tie, people_group, the, extent, period, qr_key) VALUES (30, 173, 3, NULL, 2, 37, 'Homer & Hesiod', 'Homer was the legendary Greek poet who wrote Odyssey and Iliad, tending to focus on heroes, virtue, and might.  His contemporary, Hesiod, focused on honesty and common work, by contrast.', NULL, 'Odyssey, Iliad, Greek', 1, -800, NULL, 1, -700, NULL, NULL, NULL, NULL, NULL, 89);
INSERT INTO event (id, cw, seq, subseq, cycle_focus, region, name, primary_sentence, secondary_sentence, keywords, start_circa, start, fake_start_date, end_circa, "end", tie, people_group, the, extent, period, qr_key) VALUES (31, 173, 4, NULL, 2, 30, 'Romulus & Remus found Rome', 'Romulus and Remus, legendary twin founders of Rome, were allegedly sons of Mars, the god of war, and were raised by a wolf after they were abandoned by their uncle.', NULL, NULL, 1, -753, NULL, NULL, NULL, NULL, NULL, NULL, NULL, NULL, 169);
INSERT INTO event (id, cw, seq, subseq, cycle_focus, region, name, primary_sentence, secondary_sentence, keywords, start_circa, start, fake_start_date, end_circa, "end", tie, people_group, the, extent, period, qr_key) VALUES (32, 173, 1, NULL, 1, 50, 'Neo-Assyrian Empire', 'The Neo-Assyrian Empire dominated the Fertile Crescent and Egypt, and Sargon II conquered the northern kingdom of Israel, but Judah alone resisted.', 'Sargon II conquered Israel in 722 BC.  His son, Sennacherib, ruthlessly attacked and expanded, and claims to have bested Judah, but other sources, including the Bible, contradict that account. Ashurbanipal was the last great king of Assyria.', 'Sargon II, Israel, Judah', 0, -912, NULL, 0, -612, NULL, NULL, NULL, NULL, NULL, 146);
INSERT INTO event (id, cw, seq, subseq, cycle_focus, region, name, primary_sentence, secondary_sentence, keywords, start_circa, start, fake_start_date, end_circa, "end", tie, people_group, the, extent, period, qr_key) VALUES (33, 173, 5, NULL, 1, 40, 'Jeremiah prophesies', 'Jeremiah prophesied Judah''s fall and the rise of the New Covenant in Jesus, in which God would write the law on our hearts.', NULL, NULL, 1, -627, NULL, 1, -582, NULL, NULL, NULL, NULL, NULL, 106);
INSERT INTO event (id, cw, seq, subseq, cycle_focus, region, name, primary_sentence, secondary_sentence, keywords, start_circa, start, fake_start_date, end_circa, "end", tie, people_group, the, extent, period, qr_key) VALUES (34, 173, 6, NULL, 1, 50, 'Babylon conquers Assyria', 'Babylon sacked Nineveh and quickly followed by destroying other Assyrian cities, wiping out Assyrian rule in a mere seven years.', NULL, NULL, 0, -612, NULL, 0, -605, NULL, NULL, NULL, NULL, NULL, 25);
INSERT INTO event (id, cw, seq, subseq, cycle_focus, region, name, primary_sentence, secondary_sentence, keywords, start_circa, start, fake_start_date, end_circa, "end", tie, people_group, the, extent, period, qr_key) VALUES (35, 173, 7, NULL, 1, 33, 'Babylon sacks Jerusalem', 'Babylon, under Nebuchadnezzar II, sacked Jerusalem, destroyed the temple, and exiled Judahite leaders to Babylon.', NULL, 'Nebuchadnezzar II, temple, exile', 0, -598, NULL, 0, -582, NULL, NULL, NULL, NULL, NULL, 26);
INSERT INTO event (id, cw, seq, subseq, cycle_focus, region, name, primary_sentence, secondary_sentence, keywords, start_circa, start, fake_start_date, end_circa, "end", tie, people_group, the, extent, period, qr_key) VALUES (36, 174, 1, NULL, 1, 49, 'Cyrus II & the First Persian Empire', 'Cyrus the Great led the First Persian Empire, conquering the Babylonians and others.  He’s famous for humanitarian technology, religious tolerance, and letting the Jews return to rebuild the temple.', 'Persia dominated the region under Cyrus, Darius, and Xerxes.', 'Babylon, temple, Jerusalem', 0, -550, NULL, 0, -530, NULL, NULL, NULL, NULL, NULL, 53);
INSERT INTO event (id, cw, seq, subseq, cycle_focus, region, name, primary_sentence, secondary_sentence, keywords, start_circa, start, fake_start_date, end_circa, "end", tie, people_group, the, extent, period, qr_key) VALUES (37, 174, 2, NULL, 1, 40, 'Isaiah prophesies', 'Isaiah prophesied against the deaf ears and meaningless sacrifices of God''s people, and predicted salvation and restoration.', NULL, NULL, 0, -540, NULL, 0, -500, NULL, NULL, NULL, NULL, NULL, 98);
INSERT INTO event (id, cw, seq, subseq, cycle_focus, region, name, primary_sentence, secondary_sentence, keywords, start_circa, start, fake_start_date, end_circa, "end", tie, people_group, the, extent, period, qr_key) VALUES (38, 174, 3, NULL, 1, 33, 'Judahites return to Jerusalem', 'Judahites exiled by Nebuchadnezzar are allowed to return to Jerusalem under Cyrus and Darius, where they rebuild a smaller version of the temple and city walls.', NULL, 'Nebuchadnezzar, Cyrus, Darius, temple, Persia', 0, -538, NULL, 0, -516, NULL, NULL, NULL, NULL, NULL, 112);
INSERT INTO event (id, cw, seq, subseq, cycle_focus, region, name, primary_sentence, secondary_sentence, keywords, start_circa, start, fake_start_date, end_circa, "end", tie, people_group, the, extent, period, qr_key) VALUES (39, 174, 4, NULL, 2, 25, 'Roman Republic', 'The Roman Republic began with the replacement of King Superbus with patricians and plebians.', 'Romans defended themselves in the Samnite wars, forged peace with Senones, Etruscans, and Celts, eventually partake in the Punic Wars, and finally yield to Caesar''s rule as a dictator.', 'patricians, plebians', 1, -510, NULL, 0, -44, NULL, NULL, NULL, NULL, NULL, 166);
INSERT INTO event (id, cw, seq, subseq, cycle_focus, region, name, primary_sentence, secondary_sentence, keywords, start_circa, start, fake_start_date, end_circa, "end", tie, people_group, the, extent, period, qr_key) VALUES (40, 174, 5, NULL, 3, 32, 'Zapotec Civilization', 'The Zapotecs farmed and mined obsidian in the highlands, and traded with the Olmec, Teotihuacan and other Mayan populations.', NULL, 'Olmec, Teotihuacan, Mayan', 1, -500, NULL, 1, 900, NULL, NULL, NULL, NULL, NULL, 207);
INSERT INTO event (id, cw, seq, subseq, cycle_focus, region, name, primary_sentence, secondary_sentence, keywords, start_circa, start, fake_start_date, end_circa, "end", tie, people_group, the, extent, period, qr_key) VALUES (41, 174, 6, NULL, 1, 39, 'Taoism, Confucianism, & Buddhism', 'Lau-Tsu founded Taoism, exalting simplicity & ignorance as the way of virtue. Confucius taught practical morality & ethics through obedience & respect. Siddhartha Gautama taught the Four Noble Truths & nirvana, emphasizing simplicity & meditation.', NULL, 'Lau-Tsu, virtue, Siddhartha Gautama, Four Noble Truths, nirvana', 1, -500, NULL, NULL, NULL, NULL, NULL, NULL, NULL, NULL, 186);
INSERT INTO event (id, cw, seq, subseq, cycle_focus, region, name, primary_sentence, secondary_sentence, keywords, start_circa, start, fake_start_date, end_circa, "end", tie, people_group, the, extent, period, qr_key) VALUES (42, 174, 7, NULL, 2, 37, 'Golden Age of Greece', 'Greek statesmen, philosophers, poets, and heros like Pericles, Euripides, Socrates, and Plato established the Greek roots of Western culture for millenia to come.', NULL, 'Pericles, Euripides, Socrates, Plato', 0, -479, NULL, 0, -404, NULL, NULL, NULL, NULL, NULL, 78);
INSERT INTO event (id, cw, seq, subseq, cycle_focus, region, name, primary_sentence, secondary_sentence, keywords, start_circa, start, fake_start_date, end_circa, "end", tie, people_group, the, extent, period, qr_key) VALUES (43, 175, 1, NULL, 2, 37, 'Peloponnesian War', 'The Peloponnesian War was fought between Athens, Sparta, and others over resources and Aegean power.', NULL, 'Athens, Sparta, Aegean, Mycenae', 0, -460, NULL, 0, -404, NULL, NULL, NULL, NULL, NULL, 156);
INSERT INTO event (id, cw, seq, subseq, cycle_focus, region, name, primary_sentence, secondary_sentence, keywords, start_circa, start, fake_start_date, end_circa, "end", tie, people_group, the, extent, period, qr_key) VALUES (44, 175, 2, NULL, 1, 49, 'Alexander the Great conquers Persia', 'Alexander the Great conquered Persia, Egypt, Greece, and India. He’s famous for his mystic birth and his study under Aristotle, and for triggering the Hellenistic Period.', NULL, 'Egypt, Greece, India, Aristotle, Hellenistic', 0, -356, NULL, 0, -323, NULL, NULL, NULL, NULL, NULL, 9);
INSERT INTO event (id, cw, seq, subseq, cycle_focus, region, name, primary_sentence, secondary_sentence, keywords, start_circa, start, fake_start_date, end_circa, "end", tie, people_group, the, extent, period, qr_key) VALUES (45, 175, 3, NULL, 2, 24, 'Hellenistic Period', 'The Hellenistic Period is 300 years of Greek culture explosion from Greece to India & Africa, through the empires of Antigonus, Seleucus, & Ptolemy. Aristotle, Archimedes, and Euclid are Hellenist headliners.', 'Wars of the Diadochi, Punic Wars, and Seleucid–Parthian Wars marked the Hellenistic Period.', NULL, 0, -323, NULL, 0, 31, NULL, NULL, NULL, NULL, NULL, 86);
INSERT INTO event (id, cw, seq, subseq, cycle_focus, region, name, primary_sentence, secondary_sentence, keywords, start_circa, start, fake_start_date, end_circa, "end", tie, people_group, the, extent, period, qr_key) VALUES (46, 175, 4, NULL, 3, 23, 'Mauryan Empire', 'The Mauryan Empire expanded into the void left by Alexandar the Great, broadening Buddhism''s influence and temporarily uniting India.', NULL, NULL, 0, -322, NULL, 0, -185, NULL, NULL, NULL, NULL, NULL, 130);
INSERT INTO event (id, cw, seq, subseq, cycle_focus, region, name, primary_sentence, secondary_sentence, keywords, start_circa, start, fake_start_date, end_circa, "end", tie, people_group, the, extent, period, qr_key) VALUES (47, 175, 5, NULL, 2, 27, 'Punic Wars', 'The three Punic Wars were fought between ancient Carthage (Phoenicians, or Punics) and Rome, the weaker city whose trade was oppressed by the great Carthage.', 'Titanic commanders like Hannibal (Carthage) and Marcellus (Rome) clash, but regional early support for Rome and other factors lead to Rome''s final victory.', NULL, 0, -264, NULL, 0, -146, NULL, NULL, NULL, NULL, NULL, 161);
INSERT INTO event (id, cw, seq, subseq, cycle_focus, region, name, primary_sentence, secondary_sentence, keywords, start_circa, start, fake_start_date, end_circa, "end", tie, people_group, the, extent, period, qr_key) VALUES (48, 175, 7, NULL, 2, 27, 'Rome conquers Greece', 'Rome conquered Greece at the Battle of Corinth immediately after defeating Carthage in the Punic Wars.', NULL, NULL, 0, -146, NULL, NULL, NULL, NULL, NULL, NULL, NULL, NULL, 168);
INSERT INTO event (id, cw, seq, subseq, cycle_focus, region, name, primary_sentence, secondary_sentence, keywords, start_circa, start, fake_start_date, end_circa, "end", tie, people_group, the, extent, period, qr_key) VALUES (49, 176, 1, NULL, 2, 27, 'Julius Caesar', 'Julius Caesar rose to fame for his oratory and his military conquests in Spain and Gaul.  He came to power, reformed law and the calendar, and expanded Rome, but he was assassinated by his peers.', NULL, NULL, 0, -100, NULL, 0, -44, NULL, NULL, NULL, NULL, NULL, 113);
INSERT INTO event (id, cw, seq, subseq, cycle_focus, region, name, primary_sentence, secondary_sentence, keywords, start_circa, start, fake_start_date, end_circa, "end", tie, people_group, the, extent, period, qr_key) VALUES (50, 176, 3, NULL, 2, 24, 'Augustus Caesar rules the Roman Empire', 'Augustus (aka Octavian) violently rose to power and led the Roman Empire through a golden age of growth and prosperity.', 'He invigorated the economy, agriculture, ambitious building projects, laws to strengthen marriage and family, and the Pax Romana, and he supported the arts; the poet Virgil composed the epic Aeneid.', NULL, 0, -27, NULL, 0, 14, NULL, NULL, NULL, NULL, NULL, 23);
INSERT INTO event (id, cw, seq, subseq, cycle_focus, region, name, primary_sentence, secondary_sentence, keywords, start_circa, start, fake_start_date, end_circa, "end", tie, people_group, the, extent, period, qr_key) VALUES (51, 176, 2, NULL, 1, 35, 'Queen Cleopatra', 'Queen Cleopatra was the last queen of the Ptolemaic Dynasty in Egypt before it fell to Rome.', NULL, NULL, 0, -69, NULL, 0, -30, NULL, NULL, NULL, NULL, NULL, 163);
INSERT INTO event (id, cw, seq, subseq, cycle_focus, region, name, primary_sentence, secondary_sentence, keywords, start_circa, start, fake_start_date, end_circa, "end", tie, people_group, the, extent, period, qr_key) VALUES (52, 176, 4, NULL, 2, 24, 'Pax Romana', 'Pax Romana means "Peace of Rome", a 200-year period of expansion and peace in the Empire.', NULL, NULL, 0, -27, NULL, 0, 180, NULL, NULL, NULL, NULL, NULL, 155);
INSERT INTO event (id, cw, seq, subseq, cycle_focus, region, name, primary_sentence, secondary_sentence, keywords, start_circa, start, fake_start_date, end_circa, "end", tie, people_group, the, extent, period, qr_key) VALUES (53, 176, 5, NULL, 1, 33, 'Jerusalem''s temple rebuilt by Herod', 'Herod rebuilt the temple and Jerusalem''s city walls to appease the Jews, but he anxiously killed Jewish children when he heard that a prophesied king was born.', 'He also added amphitheaters, harbors, pools, and aqueducts to appease the Romans.', NULL, 0, -20, NULL, 0, -10, NULL, NULL, NULL, NULL, NULL, 108);
INSERT INTO event (id, cw, seq, subseq, cycle_focus, region, name, primary_sentence, secondary_sentence, keywords, start_circa, start, fake_start_date, end_circa, "end", tie, people_group, the, extent, period, qr_key) VALUES (54, 176, 6, NULL, 1, 34, 'Jesus, our Messiah', 'Jesus Christ is God''s only Son, our Lord, who was conceived by the Holy Spirit, born of the Virgin Mary, suffered under Pontius Pilate, was crucified, died, and was buried; he descended to the dead. On the third day he rose again; he ascended into heaven, he is seated at the right hand of the Father, and he will come to judge the living and the dead.', NULL, NULL, 1, -4, NULL, 1, 30, NULL, NULL, NULL, NULL, NULL, 109);
INSERT INTO event (id, cw, seq, subseq, cycle_focus, region, name, primary_sentence, secondary_sentence, keywords, start_circa, start, fake_start_date, end_circa, "end", tie, people_group, the, extent, period, qr_key) VALUES (55, 176, 7, NULL, 1, 24, 'Apostles begin the Great Commission', 'Jesus'' apostles and disciples engaged the Greko-Roman world with the Gospel of Christ.', NULL, NULL, 1, 35, NULL, NULL, NULL, NULL, NULL, NULL, NULL, NULL, 16);
INSERT INTO event (id, cw, seq, subseq, cycle_focus, region, name, primary_sentence, secondary_sentence, keywords, start_circa, start, fake_start_date, end_circa, "end", tie, people_group, the, extent, period, qr_key) VALUES (56, 177, 1, NULL, 1, 27, 'Clement, Ignatius, & Polycarp', 'Clement of Rome emphasized restoration, Ignatius of Antioch refined church organization, and Polycarp of Smyrna defended orthodox teachings and refuted heresies.', NULL, NULL, 1, 35, NULL, 0, 155, NULL, NULL, NULL, NULL, NULL, 40);
INSERT INTO event (id, cw, seq, subseq, cycle_focus, region, name, primary_sentence, secondary_sentence, keywords, start_circa, start, fake_start_date, end_circa, "end", tie, people_group, the, extent, period, qr_key) VALUES (57, 177, 2, NULL, 1, 27, 'Didache authored by Church Fathers', 'The Didache is the earliest Christian catechism, treating fundamental doctrines and church organization.', NULL, NULL, 1, 50, NULL, NULL, NULL, NULL, NULL, NULL, NULL, NULL, 58);
INSERT INTO event (id, cw, seq, subseq, cycle_focus, region, name, primary_sentence, secondary_sentence, keywords, start_circa, start, fake_start_date, end_circa, "end", tie, people_group, the, extent, period, qr_key) VALUES (58, 177, 3, NULL, 2, 30, 'Rome burns under Nero', 'Rome burned for nine days, razing two-thirds of the city. Nero accused the Christians, but evidence suggested that Nero himself ordered the burn.', NULL, NULL, 1, 64, NULL, NULL, NULL, NULL, NULL, NULL, NULL, NULL, 167);
INSERT INTO event (id, cw, seq, subseq, cycle_focus, region, name, primary_sentence, secondary_sentence, keywords, start_circa, start, fake_start_date, end_circa, "end", tie, people_group, the, extent, period, qr_key) VALUES (59, 177, 4, NULL, 1, 24, 'Persecuted church expands', 'The persecuted church expanded vigorously despite the pressure of oppressive emperors like Nero and Trajan.  Many apostles and early church leaders were martyred.', NULL, NULL, 1, 64, NULL, 1, 313, NULL, NULL, NULL, NULL, NULL, 158);
INSERT INTO event (id, cw, seq, subseq, cycle_focus, region, name, primary_sentence, secondary_sentence, keywords, start_circa, start, fake_start_date, end_circa, "end", tie, people_group, the, extent, period, qr_key) VALUES (60, 177, 5, NULL, 1, 33, 'Titus destroys Herod''s Temple', 'Titus destroyed Herod''s Temple and the city in the Siege of Jerusalem following the Jerusalem riots of 66 AD.', NULL, NULL, 0, 70, NULL, NULL, NULL, NULL, NULL, NULL, NULL, NULL, 193);
INSERT INTO event (id, cw, seq, subseq, cycle_focus, region, name, primary_sentence, secondary_sentence, keywords, start_circa, start, fake_start_date, end_circa, "end", tie, people_group, the, extent, period, qr_key) VALUES (61, 177, 6, NULL, 1, 27, 'Martyr, Tertullian, & Origen', 'Martyr (100-165), Tertullian (155-220), & Origen (184-253) authored seminal Christian treatises and apologetics.', NULL, NULL, 0, 100, NULL, 0, 253, NULL, NULL, NULL, NULL, NULL, 128);
INSERT INTO event (id, cw, seq, subseq, cycle_focus, region, name, primary_sentence, secondary_sentence, keywords, start_circa, start, fake_start_date, end_circa, "end", tie, people_group, the, extent, period, qr_key) VALUES (62, 177, 7, NULL, 3, 32, 'Teotihuacan Mayan Civilization', 'Teotihuacan, the "Place of the gods", was the largest and most influential ancient city in the Americas.', NULL, NULL, 1, 200, NULL, 1, 900, NULL, NULL, NULL, NULL, NULL, 187);
INSERT INTO event (id, cw, seq, subseq, cycle_focus, region, name, primary_sentence, secondary_sentence, keywords, start_circa, start, fake_start_date, end_circa, "end", tie, people_group, the, extent, period, qr_key) VALUES (63, 178, 1, NULL, 1, 31, 'Bantu migration', 'The Bantu farmed along the Niger River, but migrated southeast, sewing their language and skill into over 500 different cultures.', NULL, NULL, 1, 200, NULL, 1, 500, NULL, NULL, NULL, NULL, NULL, 27);
INSERT INTO event (id, cw, seq, subseq, cycle_focus, region, name, primary_sentence, secondary_sentence, keywords, start_circa, start, fake_start_date, end_circa, "end", tie, people_group, the, extent, period, qr_key) VALUES (64, 178, 2, NULL, 2, 27, 'Diocletian divides the Roman Empire', 'Diocletian divided the Roman Empire into a tetrarchy because it was too large to manage alone, and ordered the destruction of all churches & church texts because Christians would not confess the deity of the emperor.', 'Diocletian''s reforms apparently saved Rome from falling apart during the Third Century Crisis.', NULL, 0, 286, NULL, NULL, NULL, NULL, NULL, NULL, NULL, NULL, 59);
INSERT INTO event (id, cw, seq, subseq, cycle_focus, region, name, primary_sentence, secondary_sentence, keywords, start_circa, start, fake_start_date, end_circa, "end", tie, people_group, the, extent, period, qr_key) VALUES (65, 178, 3, NULL, 2, 24, 'Constantine legalizes Christianity', 'Constantine reunited the Roman Empire, moved the capital to Constantinople, legalized Christianity, and summoned the Council of Nicea.', NULL, NULL, 0, 313, NULL, NULL, NULL, NULL, NULL, NULL, NULL, NULL, 45);
INSERT INTO event (id, cw, seq, subseq, cycle_focus, region, name, primary_sentence, secondary_sentence, keywords, start_circa, start, fake_start_date, end_circa, "end", tie, people_group, the, extent, period, qr_key) VALUES (66, 178, 4, NULL, 1, 23, 'Gupta Empire', 'The Gupta Empire, from Chandragupta onward, was a period of growth and prosperity in science, art, and culture for 250 years, known as the "Golden Age" of India.', NULL, NULL, 1, 320, NULL, 1, 550, NULL, NULL, NULL, NULL, NULL, 82);
INSERT INTO event (id, cw, seq, subseq, cycle_focus, region, name, primary_sentence, secondary_sentence, keywords, start_circa, start, fake_start_date, end_circa, "end", tie, people_group, the, extent, period, qr_key) VALUES (67, 178, 5, NULL, 1, 26, 'Council of Nicea', 'The Council of Nicea affirmed the deity of Jesus, condemned Arianism, and produced the Nicean creed.', NULL, NULL, 0, 325, NULL, NULL, NULL, NULL, NULL, NULL, NULL, NULL, 49);
INSERT INTO event (id, cw, seq, subseq, cycle_focus, region, name, primary_sentence, secondary_sentence, keywords, start_circa, start, fake_start_date, end_circa, "end", tie, people_group, the, extent, period, qr_key) VALUES (68, 178, 6, NULL, 1, 29, 'Augustine of Hippo', 'Augustine wrote "The City of God", "Confessions", and other works illuminating the doctrine of original sin and the essential grace of Christ.', NULL, NULL, 0, 354, NULL, 0, 430, NULL, NULL, NULL, NULL, NULL, 22);
INSERT INTO event (id, cw, seq, subseq, cycle_focus, region, name, primary_sentence, secondary_sentence, keywords, start_circa, start, fake_start_date, end_circa, "end", tie, people_group, the, extent, period, qr_key) VALUES (69, 179, 1, NULL, 2, 30, 'Jerome translates the Vulgate', 'Jerome translated Greek, Hebrew, & Aramaic manuscripts to Latin to create the Vulgate, which became the standard Bible translation for centuries.', NULL, NULL, 0, 382, NULL, 0, 405, NULL, NULL, NULL, NULL, NULL, 107);
INSERT INTO event (id, cw, seq, subseq, cycle_focus, region, name, primary_sentence, secondary_sentence, keywords, start_circa, start, fake_start_date, end_circa, "end", tie, people_group, the, extent, period, qr_key) VALUES (70, 179, 2, NULL, 2, 30, 'Alaric & Visigoths sack Rome', 'Aleric & his Visigoths attacked Roman territory with little success until they found it weak enough to seige the city thrice, finally sacking it.', NULL, NULL, 0, 410, NULL, NULL, NULL, NULL, NULL, NULL, NULL, NULL, 8);
INSERT INTO event (id, cw, seq, subseq, cycle_focus, region, name, primary_sentence, secondary_sentence, keywords, start_circa, start, fake_start_date, end_circa, "end", tie, people_group, the, extent, period, qr_key) VALUES (71, 179, 3, NULL, 1, 26, 'Council of Chalcedon', 'The Council of Chalcedon affirmed that Jesus is just one person, the only begotten Son of God, with two natures: He is truly God, and truly man.', 'This led to the birth of Coptic Church in Alexandria.', NULL, 0, 451, NULL, NULL, NULL, NULL, NULL, NULL, NULL, NULL, 48);
INSERT INTO event (id, cw, seq, subseq, cycle_focus, region, name, primary_sentence, secondary_sentence, keywords, start_circa, start, fake_start_date, end_circa, "end", tie, people_group, the, extent, period, qr_key) VALUES (72, 179, 4, NULL, 2, 22, 'Western Roman Empire falls to barbarians', 'The Western Roman Empire fell under the opposition and gradual infiltration of Huns, Visigoths, Vandals, and other barbarians who effectively controlled Rome and ultimately abolished the Empire.', NULL, NULL, 1, 476, NULL, NULL, NULL, NULL, NULL, NULL, NULL, NULL, 203);
INSERT INTO event (id, cw, seq, subseq, cycle_focus, region, name, primary_sentence, secondary_sentence, keywords, start_circa, start, fake_start_date, end_circa, "end", tie, people_group, the, extent, period, qr_key) VALUES (73, 179, 5, NULL, 1, 28, 'Ghana Empire', 'The Ghana Empire thrived on trade in iron, copper, gold, and ivory until the Sosso Kingdom and Mali Empire overtook them.', NULL, NULL, 1, 500, NULL, 1, 1240, NULL, NULL, NULL, NULL, NULL, 77);
INSERT INTO event (id, cw, seq, subseq, cycle_focus, region, name, primary_sentence, secondary_sentence, keywords, start_circa, start, fake_start_date, end_circa, "end", tie, people_group, the, extent, period, qr_key) VALUES (74, 179, 6, NULL, 1, 27, 'Justinian rules Byzantine Empire', 'Justinian ruled the Byzantine Empire, attempted to retake Africa from the Vandals and Italy from the Goths, and ordered the rebuilding of the Hagia Sophia.', NULL, NULL, 0, 527, NULL, 0, 565, NULL, NULL, NULL, NULL, NULL, 114);
INSERT INTO event (id, cw, seq, subseq, cycle_focus, region, name, primary_sentence, secondary_sentence, keywords, start_circa, start, fake_start_date, end_circa, "end", tie, people_group, the, extent, period, qr_key) VALUES (75, 179, 7, NULL, 2, 25, 'Benedict expands Monasticism', 'Benedict expanded monasticism with a simple focus on stability, fidelity, obedience, poverty, and chastity.', 'Western monasticism developed in response to the arrogance and corruption that grew up within the church after the legalization of Christianity.', NULL, 1, 529, NULL, NULL, NULL, NULL, NULL, NULL, NULL, NULL, 29);
INSERT INTO event (id, cw, seq, subseq, cycle_focus, region, name, primary_sentence, secondary_sentence, keywords, start_circa, start, fake_start_date, end_circa, "end", tie, people_group, the, extent, period, qr_key) VALUES (76, 180, 1, NULL, 1, 36, 'Muhammad founds Islam', 'Muhammad founded Islam on the oneness of "Allah", and on submission to Him in prayer, alms, fasting, and pilgrimage.', 'Muhammad founded Islam in Mecca, but fled to Medina and raided Mecca after gathering military support in Medina.', NULL, 0, 622, NULL, NULL, NULL, NULL, NULL, NULL, NULL, NULL, 141);
INSERT INTO event (id, cw, seq, subseq, cycle_focus, region, name, primary_sentence, secondary_sentence, keywords, start_circa, start, fake_start_date, end_circa, "end", tie, people_group, the, extent, period, qr_key) VALUES (77, 180, 2, NULL, 1, 36, 'Muslim Conquests & Islamic Golden Age', 'Once established in Mecca and Medina, Muslims launched invasions into both the Persian and Byzantine Empires, and eventually dominated Egypt, Syria, Levant, Persia, North Africa, and Spain.', NULL, NULL, 1, 622, NULL, 1, 750, NULL, NULL, NULL, NULL, NULL, 142);
INSERT INTO event (id, cw, seq, subseq, cycle_focus, region, name, primary_sentence, secondary_sentence, keywords, start_circa, start, fake_start_date, end_circa, "end", tie, people_group, the, extent, period, qr_key) VALUES (78, 180, 3, NULL, 1, 51, 'Kanem-Bornu Empires', 'The Kanem Empire emerged on the eastern shores of Lake Chad and expanded to the western shores in the 1390s, becoming the Bornu Empire.', 'Lake Chad marked the end of a camel caravan route, so it was a trade center for trans-Saharan travel.', NULL, 1, 700, NULL, 1, 1380, NULL, NULL, NULL, NULL, NULL, 115);
INSERT INTO event (id, cw, seq, subseq, cycle_focus, region, name, primary_sentence, secondary_sentence, keywords, start_circa, start, fake_start_date, end_circa, "end", tie, people_group, the, extent, period, qr_key) VALUES (79, 180, 4, NULL, 2, 43, 'Vikings Raid & Migrate', 'The Vikings were Scandinavian seafarers who raided settlements throughout Europe and explored and migrated as far west as North America under Erik the Red.', NULL, NULL, 1, 793, NULL, 1, 1000, NULL, NULL, NULL, NULL, NULL, 199);
INSERT INTO event (id, cw, seq, subseq, cycle_focus, region, name, primary_sentence, secondary_sentence, keywords, start_circa, start, fake_start_date, end_circa, "end", tie, people_group, the, extent, period, qr_key) VALUES (80, 180, 5, NULL, 1, 46, 'Heian Period', 'The Heian Period bore the Samurai to protect the feudal lords and saw the flourish of literature, art, and culture.', 'This was followed by the Kamakura period characterized by shogun-led warriors.', NULL, 0, 794, NULL, 0, 1185, NULL, NULL, NULL, NULL, NULL, 85);
INSERT INTO event (id, cw, seq, subseq, cycle_focus, region, name, primary_sentence, secondary_sentence, keywords, start_circa, start, fake_start_date, end_circa, "end", tie, people_group, the, extent, period, qr_key) VALUES (81, 180, 6, NULL, 2, 43, 'Charlemagne crowned Holy Roman Emperor', 'Charlemagne was crowned Holy Roman Emperor by Pope Leo III after he reunited Europe for the first time since the fall of Rome.', 'Charlemagne''s grandfather, Charles Martel, established the Frankish influence in Europe with his victory in The Battle of Tours in 732.', NULL, 0, 800, NULL, NULL, NULL, NULL, 0, 0, NULL, NULL, 36);
INSERT INTO event (id, cw, seq, subseq, cycle_focus, region, name, primary_sentence, secondary_sentence, keywords, start_circa, start, fake_start_date, end_circa, "end", tie, people_group, the, extent, period, qr_key) VALUES (82, 180, 7, NULL, 2, 48, 'Alfred the Great unites England', 'Alfred the Great, king of Wessex, became king of Anglo-Saxons by defending Britain against Viking invaders.', 'He later became known as "the great" for this and for reforming military and legal code, seting up public schools, and translating Latin texts to English.', NULL, 1, 871, NULL, 0, 899, NULL, NULL, NULL, NULL, NULL, 10);
INSERT INTO event (id, cw, seq, subseq, cycle_focus, region, name, primary_sentence, secondary_sentence, keywords, start_circa, start, fake_start_date, end_circa, "end", tie, people_group, the, extent, period, qr_key) VALUES (83, 181, 1, NULL, 1, 44, 'Vladimir I rules early Russia', 'Vladimir I ruled Rus after conquering Kiev with Norse help.  Later, he was baptized and campaigned the entire region for Christianity, founding churches and living a life of charity.', NULL, NULL, 0, 958, NULL, 0, 1015, NULL, NULL, NULL, NULL, NULL, 200);
INSERT INTO event (id, cw, seq, subseq, cycle_focus, region, name, primary_sentence, secondary_sentence, keywords, start_circa, start, fake_start_date, end_circa, "end", tie, people_group, the, extent, period, qr_key) VALUES (84, 181, 2, NULL, 1, 26, 'Basil II & the Byzantine Empire', 'Basil II and his private army of Vikings ruled the Byzantine Empire and expanded it to include Bulgaria, Greece and the Balkans, and Syria.', NULL, NULL, 0, 976, NULL, 0, 1025, NULL, NULL, NULL, NULL, NULL, 28);
INSERT INTO event (id, cw, seq, subseq, cycle_focus, region, name, primary_sentence, secondary_sentence, keywords, start_circa, start, fake_start_date, end_circa, "end", tie, people_group, the, extent, period, qr_key) VALUES (85, 181, 3, NULL, 1, 33, 'Church of the Holy Sepulchre destroyed', 'The Church of the Holy Sepulchre was destroyed by Caliph Al-Hakim, the "mad Caliph".  Other Jerusalem churches, synagogues, and precious scrolls were also destroyed.', NULL, NULL, 0, 1009, NULL, NULL, NULL, NULL, NULL, NULL, NULL, NULL, 38);
INSERT INTO event (id, cw, seq, subseq, cycle_focus, region, name, primary_sentence, secondary_sentence, keywords, start_circa, start, fake_start_date, end_circa, "end", tie, people_group, the, extent, period, qr_key) VALUES (86, 181, 4, NULL, 3, 42, 'Cahokia & Mississippians', 'The Cahokia and other Mississippian Native American cultures farmed and hunted along Midwestern rivers and built giant mounds for various purposes.', NULL, NULL, 1, 1050, NULL, 0, 1521, NULL, NULL, NULL, NULL, NULL, 34);
INSERT INTO event (id, cw, seq, subseq, cycle_focus, region, name, primary_sentence, secondary_sentence, keywords, start_circa, start, fake_start_date, end_circa, "end", tie, people_group, the, extent, period, qr_key) VALUES (87, 181, 5, NULL, 1, 27, 'Roman Catholic & Eastern Orthodox split', 'Theological and organizational disputes between the Greek East and Latin West churches led to the great East-West Schism of 1054.', NULL, NULL, 0, 1054, NULL, NULL, NULL, NULL, NULL, NULL, NULL, NULL, 165);
INSERT INTO event (id, cw, seq, subseq, cycle_focus, region, name, primary_sentence, secondary_sentence, keywords, start_circa, start, fake_start_date, end_circa, "end", tie, people_group, the, extent, period, qr_key) VALUES (88, 181, 6, NULL, 2, 43, 'Norman Conquest & European Feudalism', 'The Norman conquest by William the Conqueror brought French culture and language, Norman land ownership, and feudalism to England.', 'The death of King Harold in the Battle of Hastings marked the beginning of this Norman influence in England.', NULL, 0, 1066, NULL, 1, 1550, NULL, NULL, NULL, NULL, NULL, 148);
INSERT INTO event (id, cw, seq, subseq, cycle_focus, region, name, primary_sentence, secondary_sentence, keywords, start_circa, start, fake_start_date, end_circa, "end", tie, people_group, the, extent, period, qr_key) VALUES (89, 181, 7, NULL, 1, 33, 'Crusades', 'The Crusades were a series of military campaigns launched in Jerusalem to reclaim the Holy Land from Muslim powers.', 'Richard the Lionheart was a central commander in the Third Crusade, winning victories against Saladin, but not taking Jerusalem from him.', NULL, 0, 1095, NULL, 0, 1291, NULL, NULL, NULL, NULL, NULL, 52);
INSERT INTO event (id, cw, seq, subseq, cycle_focus, region, name, primary_sentence, secondary_sentence, keywords, start_circa, start, fake_start_date, end_circa, "end", tie, people_group, the, extent, period, qr_key) VALUES (90, 182, 1, NULL, 1, 31, 'Great Zimbabwe', 'Great Zimbabwe, the capital city of the kingdom of Zimbabwe, was known for the impressive granite monuments built by the Bantu-speaking Shona people.', NULL, NULL, 1, 1100, NULL, 1, 1550, NULL, NULL, NULL, NULL, NULL, 79);
INSERT INTO event (id, cw, seq, subseq, cycle_focus, region, name, primary_sentence, secondary_sentence, keywords, start_circa, start, fake_start_date, end_circa, "end", tie, people_group, the, extent, period, qr_key) VALUES (91, 182, 2, NULL, 3, 32, 'Aztec Civilization', 'Aztec civilization is known for its advanced agriculture, extraordinary architecture, and well-documented history, including their history of encounters with Europeans.', NULL, NULL, 1, 1100, NULL, 0, 1521, NULL, NULL, NULL, NULL, NULL, 24);
INSERT INTO event (id, cw, seq, subseq, cycle_focus, region, name, primary_sentence, secondary_sentence, keywords, start_circa, start, fake_start_date, end_circa, "end", tie, people_group, the, extent, period, qr_key) VALUES (92, 182, 3, NULL, 3, 45, 'Inca Civilization', 'Inca Civilization endured the harsh Andean mountain challenges, and are also known for their agriculture, technology, and temples.', NULL, NULL, 1, 1100, NULL, 0, 1533, NULL, NULL, NULL, NULL, NULL, 93);
INSERT INTO event (id, cw, seq, subseq, cycle_focus, region, name, primary_sentence, secondary_sentence, keywords, start_circa, start, fake_start_date, end_circa, "end", tie, people_group, the, extent, period, qr_key) VALUES (93, 182, 4, NULL, 2, 25, 'Francis of Assisi & Thomas Aquinas', 'Francis of Assisi (1181-1226) was a friar, deacon, and preacher with a special love for the Eucharist.  Thomas Aquinas (1225-1274) was a philosopher and theologian who identified with Aristotle and argued that reason is found in God.', NULL, NULL, 0, 1181, NULL, 0, 1274, NULL, NULL, NULL, NULL, NULL, 72);
INSERT INTO event (id, cw, seq, subseq, cycle_focus, region, name, primary_sentence, secondary_sentence, keywords, start_circa, start, fake_start_date, end_circa, "end", tie, people_group, the, extent, period, qr_key) VALUES (94, 182, 5, NULL, 1, 46, 'Shogunate Feudalism', 'Shogunate feudalism involved informal relationships between lords (shoguns) and vassals (samurai), including land exchanges for loyal protection.', NULL, NULL, 0, 1185, NULL, 0, 1868, NULL, NULL, NULL, NULL, NULL, 176);
INSERT INTO event (id, cw, seq, subseq, cycle_focus, region, name, primary_sentence, secondary_sentence, keywords, start_circa, start, fake_start_date, end_circa, "end", tie, people_group, the, extent, period, qr_key) VALUES (95, 182, 6, NULL, 1, 39, 'Genghis & Kublai Khan, & the Mongol Empire', 'Genghis and his grandson Kublai (the "Great") Kahn extended the Mongol Empire to include China and Western territories.', NULL, NULL, 0, 1206, NULL, 0, 1368, NULL, NULL, NULL, NULL, NULL, 76);
INSERT INTO event (id, cw, seq, subseq, cycle_focus, region, name, primary_sentence, secondary_sentence, keywords, start_circa, start, fake_start_date, end_circa, "end", tie, people_group, the, extent, period, qr_key) VALUES (96, 182, 7, NULL, 2, 48, 'Magna Carta', 'The Magna Carta was an agreement that English King John was forced to sign; it limited his power to take land and force steep taxes.', 'This establishing rule of law as a check on absolute monarchies.', NULL, 0, 1215, NULL, NULL, NULL, NULL, NULL, NULL, NULL, NULL, 125);
INSERT INTO event (id, cw, seq, subseq, cycle_focus, region, name, primary_sentence, secondary_sentence, keywords, start_circa, start, fake_start_date, end_circa, "end", tie, people_group, the, extent, period, qr_key) VALUES (97, 183, 1, NULL, 1, 28, 'Mali Empire', 'The Mali Empire was the largest yet seen in Africa.  it was founded by Sundiata Keita whose centralized government, effective diplomacy, and well-trained army led to the success of the empire.', NULL, NULL, 0, 1240, NULL, 0, 1645, NULL, NULL, NULL, NULL, NULL, 126);
INSERT INTO event (id, cw, seq, subseq, cycle_focus, region, name, primary_sentence, secondary_sentence, keywords, start_circa, start, fake_start_date, end_circa, "end", tie, people_group, the, extent, period, qr_key) VALUES (98, 183, 2, NULL, 1, 27, 'Ottoman Empire', 'The Ottoman Empire was a Turkish- Persian state and caliphate that controlled much of the Mediterranean, Middle East, and Central Europe at its peak.', NULL, NULL, 0, 1250, NULL, 0, 1923, NULL, NULL, NULL, NULL, NULL, 154);
INSERT INTO event (id, cw, seq, subseq, cycle_focus, region, name, primary_sentence, secondary_sentence, keywords, start_circa, start, fake_start_date, end_circa, "end", tie, people_group, the, extent, period, qr_key) VALUES (99, 175, 6, NULL, 1, 47, 'Qin Dynasty', 'The Qin ("Chin") dynasty finally unified China via ingenuity and legalism; this empire started the Great Wall of China and the Grand Canal.', 'This formative dynasty was very short; Shi Huangdi''s tomb is guarded by 8,000 warriors of the Terracotta Army, and the Han Dynasty took leadership in 202 BC.', NULL, 0, -221, NULL, 0, -206, NULL, NULL, NULL, NULL, NULL, 162);
INSERT INTO event (id, cw, seq, subseq, cycle_focus, region, name, primary_sentence, secondary_sentence, keywords, start_circa, start, fake_start_date, end_circa, "end", tie, people_group, the, extent, period, qr_key) VALUES (100, 178, 7, NULL, 2, 44, 'Attila & the Huns drive Goths south', 'Attila and the Huns invaded Russia and drove west and south, conquering vast territories and driving migrations and the fall of the Roman Empire.', NULL, NULL, 1, 370, NULL, 1, 440, NULL, NULL, NULL, NULL, NULL, 20);
INSERT INTO event (id, cw, seq, subseq, cycle_focus, region, name, primary_sentence, secondary_sentence, keywords, start_circa, start, fake_start_date, end_circa, "end", tie, people_group, the, extent, period, qr_key) VALUES (101, 183, 3, NULL, 1, 39, 'Marco Polo travels east', NULL, NULL, NULL, NULL, 1271, NULL, NULL, 1295, NULL, NULL, NULL, NULL, NULL, 127);
INSERT INTO event (id, cw, seq, subseq, cycle_focus, region, name, primary_sentence, secondary_sentence, keywords, start_circa, start, fake_start_date, end_circa, "end", tie, people_group, the, extent, period, qr_key) VALUES (102, 183, 4, NULL, NULL, NULL, 'Wars of Scottish Independence', NULL, NULL, NULL, NULL, 1296, NULL, NULL, 1357, NULL, NULL, NULL, NULL, NULL, 202);
INSERT INTO event (id, cw, seq, subseq, cycle_focus, region, name, primary_sentence, secondary_sentence, keywords, start_circa, start, fake_start_date, end_circa, "end", tie, people_group, the, extent, period, qr_key) VALUES (103, 183, 5, NULL, NULL, NULL, 'Hundred Years War & Wars of the Roses', '(Battle of Agincourt....)', NULL, NULL, NULL, 1337, NULL, NULL, 1453, NULL, NULL, NULL, NULL, NULL, 91);
INSERT INTO event (id, cw, seq, subseq, cycle_focus, region, name, primary_sentence, secondary_sentence, keywords, start_circa, start, fake_start_date, end_circa, "end", tie, people_group, the, extent, period, qr_key) VALUES (104, 183, 6, NULL, NULL, NULL, 'Bubonic Plague', NULL, NULL, NULL, NULL, 1348, NULL, NULL, 1350, NULL, NULL, NULL, NULL, NULL, 31);
INSERT INTO event (id, cw, seq, subseq, cycle_focus, region, name, primary_sentence, secondary_sentence, keywords, start_circa, start, fake_start_date, end_circa, "end", tie, people_group, the, extent, period, qr_key) VALUES (105, 183, 7, NULL, 1, 47, 'Ming Dynasty', 'The Ming Dynasty followed 90 years of Mongol rule with rigid order and a giant army & navy, and birthed Beijing and the Forbidden City.', 'Ming used forced labor to construct the sections of the Great Wall which are best-known and best-preserved today.', NULL, NULL, 1368, NULL, NULL, 1644, NULL, NULL, NULL, NULL, NULL, 135);
INSERT INTO event (id, cw, seq, subseq, cycle_focus, region, name, primary_sentence, secondary_sentence, keywords, start_circa, start, fake_start_date, end_circa, "end", tie, people_group, the, extent, period, qr_key) VALUES (106, 184, 1, NULL, NULL, NULL, 'Kongo Kingdom & Swahili culture flourish', NULL, NULL, NULL, 1, 1390, NULL, NULL, NULL, NULL, NULL, NULL, NULL, NULL, 118);
INSERT INTO event (id, cw, seq, subseq, cycle_focus, region, name, primary_sentence, secondary_sentence, keywords, start_circa, start, fake_start_date, end_circa, "end", tie, people_group, the, extent, period, qr_key) VALUES (108, 184, 2, NULL, NULL, NULL, 'Prince Henry Founds School of Navigation', NULL, NULL, NULL, NULL, 1418, NULL, NULL, NULL, NULL, NULL, NULL, NULL, NULL, 160);
INSERT INTO event (id, cw, seq, subseq, cycle_focus, region, name, primary_sentence, secondary_sentence, keywords, start_circa, start, fake_start_date, end_circa, "end", tie, people_group, the, extent, period, qr_key) VALUES (109, 184, 3, NULL, 1, 24, 'African slave trade', 'African slave trade on the Atlantic followed a triangular route that delivered people into bondage and great wealth into European and American hands.', NULL, NULL, NULL, 1441, NULL, NULL, 1888, NULL, NULL, NULL, NULL, NULL, 6);
INSERT INTO event (id, cw, seq, subseq, cycle_focus, region, name, primary_sentence, secondary_sentence, keywords, start_circa, start, fake_start_date, end_circa, "end", tie, people_group, the, extent, period, qr_key) VALUES (110, 184, 4, NULL, 1, 26, 'Byzantine Empire falls to the Ottomans', 'The Byzantine Empire fell to the Ottoman Turks in Constantinople after a 53-day siege by their giant army and novel cannons.', 'This marked the definitive end to the dwindling 1500-year-old Roman Empire, and Constantinople became Istanbul.', NULL, NULL, 1453, NULL, NULL, NULL, NULL, NULL, NULL, NULL, NULL, 32);
INSERT INTO event (id, cw, seq, subseq, cycle_focus, region, name, primary_sentence, secondary_sentence, keywords, start_circa, start, fake_start_date, end_circa, "end", tie, people_group, the, extent, period, qr_key) VALUES (111, 184, 5, NULL, NULL, NULL, 'Gutenberg develops the Printing Press', NULL, NULL, NULL, NULL, 1455, NULL, NULL, NULL, NULL, NULL, NULL, NULL, NULL, 83);
INSERT INTO event (id, cw, seq, subseq, cycle_focus, region, name, primary_sentence, secondary_sentence, keywords, start_circa, start, fake_start_date, end_circa, "end", tie, people_group, the, extent, period, qr_key) VALUES (112, 185, 4, NULL, NULL, NULL, 'Songhai Empire defeats Mali', '(completing the Ghana->Mali->Songhai trilogy...)', NULL, NULL, 1, 1500, NULL, NULL, NULL, NULL, NULL, NULL, NULL, NULL, 178);
INSERT INTO event (id, cw, seq, subseq, cycle_focus, region, name, primary_sentence, secondary_sentence, keywords, start_circa, start, fake_start_date, end_circa, "end", tie, people_group, the, extent, period, qr_key) VALUES (113, 184, 6, NULL, NULL, NULL, 'Czar Ivan the Great rules Russia', NULL, NULL, NULL, NULL, 1462, NULL, NULL, 1505, NULL, NULL, NULL, NULL, NULL, 54);
INSERT INTO event (id, cw, seq, subseq, cycle_focus, region, name, primary_sentence, secondary_sentence, keywords, start_circa, start, fake_start_date, end_circa, "end", tie, people_group, the, extent, period, qr_key) VALUES (114, 184, 7, NULL, NULL, NULL, 'Japan''s Civil War', NULL, NULL, NULL, NULL, 1467, NULL, NULL, 1615, NULL, NULL, NULL, NULL, NULL, 103);
INSERT INTO event (id, cw, seq, subseq, cycle_focus, region, name, primary_sentence, secondary_sentence, keywords, start_circa, start, fake_start_date, end_circa, "end", tie, people_group, the, extent, period, qr_key) VALUES (115, 185, 1, NULL, NULL, NULL, 'Spanish Inquisition', NULL, NULL, NULL, NULL, 1478, NULL, NULL, 1834, NULL, NULL, NULL, NULL, NULL, 180);
INSERT INTO event (id, cw, seq, subseq, cycle_focus, region, name, primary_sentence, secondary_sentence, keywords, start_circa, start, fake_start_date, end_circa, "end", tie, people_group, the, extent, period, qr_key) VALUES (116, 185, 2, NULL, NULL, NULL, 'Columbus sails to the Caribbean', NULL, NULL, NULL, NULL, 1492, NULL, NULL, NULL, NULL, NULL, NULL, NULL, NULL, 41);
INSERT INTO event (id, cw, seq, subseq, cycle_focus, region, name, primary_sentence, secondary_sentence, keywords, start_circa, start, fake_start_date, end_circa, "end", tie, people_group, the, extent, period, qr_key) VALUES (117, 185, 3, NULL, NULL, NULL, 'Cabot, da Gama, & Vespucci, explore', NULL, NULL, NULL, NULL, 1497, NULL, NULL, 1501, NULL, NULL, NULL, NULL, NULL, 33);
INSERT INTO event (id, cw, seq, subseq, cycle_focus, region, name, primary_sentence, secondary_sentence, keywords, start_circa, start, fake_start_date, end_circa, "end", tie, people_group, the, extent, period, qr_key) VALUES (118, 185, 6, NULL, NULL, NULL, 'Luther ignites the Protestant Reformation', NULL, NULL, NULL, NULL, 1517, NULL, NULL, NULL, NULL, NULL, NULL, NULL, NULL, 123);
INSERT INTO event (id, cw, seq, subseq, cycle_focus, region, name, primary_sentence, secondary_sentence, keywords, start_circa, start, fake_start_date, end_circa, "end", tie, people_group, the, extent, period, qr_key) VALUES (119, 186, 1, NULL, NULL, NULL, 'Magellan''s crew circumnavigates', NULL, NULL, NULL, NULL, 1519, NULL, NULL, 1522, NULL, NULL, NULL, NULL, NULL, 124);
INSERT INTO event (id, cw, seq, subseq, cycle_focus, region, name, primary_sentence, secondary_sentence, keywords, start_circa, start, fake_start_date, end_circa, "end", tie, people_group, the, extent, period, qr_key) VALUES (120, 186, 2, NULL, NULL, NULL, 'Sir Francis Drake & English naval dominance', NULL, NULL, NULL, NULL, 1577, NULL, NULL, 1588, NULL, NULL, NULL, NULL, NULL, 177);
INSERT INTO event (id, cw, seq, subseq, cycle_focus, region, name, primary_sentence, secondary_sentence, keywords, start_circa, start, fake_start_date, end_circa, "end", tie, people_group, the, extent, period, qr_key) VALUES (121, 185, 5, NULL, NULL, NULL, 'Conquistadors explore & conquer', NULL, NULL, NULL, NULL, 1500, NULL, NULL, 1600, NULL, NULL, NULL, NULL, NULL, 44);
INSERT INTO event (id, cw, seq, subseq, cycle_focus, region, name, primary_sentence, secondary_sentence, keywords, start_circa, start, fake_start_date, end_circa, "end", tie, people_group, the, extent, period, qr_key) VALUES (122, 186, 3, NULL, NULL, NULL, 'John Calvin joins the Reformation', NULL, NULL, NULL, NULL, 1530, NULL, NULL, NULL, NULL, NULL, NULL, NULL, NULL, 111);
INSERT INTO event (id, cw, seq, subseq, cycle_focus, region, name, primary_sentence, secondary_sentence, keywords, start_circa, start, fake_start_date, end_circa, "end", tie, people_group, the, extent, period, qr_key) VALUES (123, 186, 4, NULL, NULL, NULL, 'Council of Trent & Counter-reformation', NULL, NULL, NULL, NULL, 1545, NULL, NULL, 1563, NULL, NULL, NULL, NULL, NULL, 50);
INSERT INTO event (id, cw, seq, subseq, cycle_focus, region, name, primary_sentence, secondary_sentence, keywords, start_circa, start, fake_start_date, end_circa, "end", tie, people_group, the, extent, period, qr_key) VALUES (124, 186, 6, NULL, 1, 46, 'Japan''s isolation policy', 'Japan''s isolation policy, called Sakoku, severely restricted trade and travel with the rest of the world under the Tokugawa shogunate.', NULL, NULL, NULL, 1633, NULL, NULL, 1854, NULL, NULL, NULL, NULL, NULL, 104);
INSERT INTO event (id, cw, seq, subseq, cycle_focus, region, name, primary_sentence, secondary_sentence, keywords, start_circa, start, fake_start_date, end_circa, "end", tie, people_group, the, extent, period, qr_key) VALUES (125, 186, 5, NULL, NULL, NULL, 'North American colonization climax', NULL, NULL, NULL, NULL, 1607, NULL, NULL, 1783, NULL, NULL, NULL, NULL, NULL, 149);
INSERT INTO event (id, cw, seq, subseq, cycle_focus, region, name, primary_sentence, secondary_sentence, keywords, start_circa, start, fake_start_date, end_circa, "end", tie, people_group, the, extent, period, qr_key) VALUES (126, 186, 7, NULL, NULL, NULL, 'Dutch colonize South Africa', NULL, NULL, NULL, NULL, 1652, NULL, NULL, NULL, NULL, NULL, NULL, NULL, NULL, 62);
INSERT INTO event (id, cw, seq, subseq, cycle_focus, region, name, primary_sentence, secondary_sentence, keywords, start_circa, start, fake_start_date, end_circa, "end", tie, people_group, the, extent, period, qr_key) VALUES (127, 187, 1, NULL, NULL, NULL, 'Hudson''s Bay Company founded', NULL, NULL, NULL, NULL, 1670, NULL, NULL, NULL, NULL, NULL, NULL, NULL, NULL, 90);
INSERT INTO event (id, cw, seq, subseq, cycle_focus, region, name, primary_sentence, secondary_sentence, keywords, start_circa, start, fake_start_date, end_circa, "end", tie, people_group, the, extent, period, qr_key) VALUES (128, 187, 2, NULL, NULL, NULL, 'First Great Awakening', NULL, NULL, NULL, NULL, 1734, NULL, NULL, 1750, NULL, NULL, NULL, NULL, NULL, 70);
INSERT INTO event (id, cw, seq, subseq, cycle_focus, region, name, primary_sentence, secondary_sentence, keywords, start_circa, start, fake_start_date, end_circa, "end", tie, people_group, the, extent, period, qr_key) VALUES (129, 187, 3, NULL, NULL, NULL, 'Seven Years'' War', NULL, NULL, NULL, NULL, 1756, NULL, NULL, 1763, NULL, NULL, NULL, NULL, NULL, 174);
INSERT INTO event (id, cw, seq, subseq, cycle_focus, region, name, primary_sentence, secondary_sentence, keywords, start_circa, start, fake_start_date, end_circa, "end", tie, people_group, the, extent, period, qr_key) VALUES (130, 187, 5, NULL, NULL, NULL, 'Captain James Cook''s Southern adventures', NULL, NULL, NULL, NULL, 1769, NULL, NULL, 1779, NULL, NULL, NULL, NULL, NULL, 35);
INSERT INTO event (id, cw, seq, subseq, cycle_focus, region, name, primary_sentence, secondary_sentence, keywords, start_circa, start, fake_start_date, end_circa, "end", tie, people_group, the, extent, period, qr_key) VALUES (131, 187, 6, NULL, NULL, NULL, 'American Revolution', NULL, NULL, NULL, NULL, 1775, NULL, NULL, 1783, NULL, NULL, NULL, NULL, NULL, 12);
INSERT INTO event (id, cw, seq, subseq, cycle_focus, region, name, primary_sentence, secondary_sentence, keywords, start_circa, start, fake_start_date, end_circa, "end", tie, people_group, the, extent, period, qr_key) VALUES (132, 187, 7, NULL, NULL, NULL, 'Federalist Papers, US Constitution, & Bill of Rights', NULL, NULL, NULL, NULL, 1787, NULL, NULL, 1791, NULL, NULL, NULL, NULL, NULL, 68);
INSERT INTO event (id, cw, seq, subseq, cycle_focus, region, name, primary_sentence, secondary_sentence, keywords, start_circa, start, fake_start_date, end_circa, "end", tie, people_group, the, extent, period, qr_key) VALUES (133, 188, 1, NULL, NULL, NULL, 'French Revolution', NULL, NULL, NULL, NULL, 1789, NULL, NULL, 1799, NULL, NULL, NULL, NULL, NULL, 73);
INSERT INTO event (id, cw, seq, subseq, cycle_focus, region, name, primary_sentence, secondary_sentence, keywords, start_circa, start, fake_start_date, end_circa, "end", tie, people_group, the, extent, period, qr_key) VALUES (134, 188, 2, NULL, NULL, NULL, 'Second Great Awakening', NULL, NULL, NULL, NULL, 1790, NULL, NULL, 1840, NULL, NULL, NULL, NULL, NULL, 171);
INSERT INTO event (id, cw, seq, subseq, cycle_focus, region, name, primary_sentence, secondary_sentence, keywords, start_circa, start, fake_start_date, end_circa, "end", tie, people_group, the, extent, period, qr_key) VALUES (135, 188, 3, NULL, 1, 35, 'Rosetta Stone discovered', 'The Rosetta Stone was discovered in Egypt by Napoleon''s soldiers. On it were written Hellenistic Egyptian decrees in three scripts: Hieroglyphic, Demotic, and Greek.', 'This proved to be the key to finally deciphering Egyptian hieroglyphics.', NULL, NULL, 1799, NULL, NULL, NULL, NULL, NULL, NULL, NULL, NULL, 170);
INSERT INTO event (id, cw, seq, subseq, cycle_focus, region, name, primary_sentence, secondary_sentence, keywords, start_circa, start, fake_start_date, end_circa, "end", tie, people_group, the, extent, period, qr_key) VALUES (136, 188, 4, NULL, NULL, NULL, 'Louisiana Purchase', NULL, NULL, NULL, NULL, 1803, NULL, NULL, NULL, NULL, NULL, NULL, NULL, NULL, 122);
INSERT INTO event (id, cw, seq, subseq, cycle_focus, region, name, primary_sentence, secondary_sentence, keywords, start_circa, start, fake_start_date, end_circa, "end", tie, people_group, the, extent, period, qr_key) VALUES (137, 188, 5, NULL, 1, 23, 'British East India Company rules India', 'The British East India Company began as a collection of trading posts in India, but became a network of commerce and power that led to the British colonial rule of India.', NULL, NULL, NULL, 1803, NULL, NULL, 1857, NULL, NULL, NULL, NULL, NULL, 30);
INSERT INTO event (id, cw, seq, subseq, cycle_focus, region, name, primary_sentence, secondary_sentence, keywords, start_circa, start, fake_start_date, end_circa, "end", tie, people_group, the, extent, period, qr_key) VALUES (138, 188, 6, NULL, NULL, NULL, 'Lewis & Clark Expedition', NULL, NULL, NULL, NULL, 1804, NULL, NULL, 1806, NULL, NULL, NULL, NULL, NULL, 121);
INSERT INTO event (id, cw, seq, subseq, cycle_focus, region, name, primary_sentence, secondary_sentence, keywords, start_circa, start, fake_start_date, end_circa, "end", tie, people_group, the, extent, period, qr_key) VALUES (139, 188, 7, NULL, NULL, NULL, 'Napoleon''s European conquests', NULL, NULL, NULL, NULL, 1804, NULL, NULL, 1821, NULL, NULL, NULL, NULL, NULL, 144);
INSERT INTO event (id, cw, seq, subseq, cycle_focus, region, name, primary_sentence, secondary_sentence, keywords, start_circa, start, fake_start_date, end_circa, "end", tie, people_group, the, extent, period, qr_key) VALUES (140, 189, 1, NULL, NULL, NULL, 'South American Independence', NULL, NULL, NULL, NULL, 1808, NULL, NULL, 1830, NULL, NULL, NULL, NULL, NULL, 179);
INSERT INTO event (id, cw, seq, subseq, cycle_focus, region, name, primary_sentence, secondary_sentence, keywords, start_circa, start, fake_start_date, end_circa, "end", tie, people_group, the, extent, period, qr_key) VALUES (141, 189, 2, NULL, NULL, NULL, 'War of 1812', NULL, NULL, NULL, NULL, 1812, NULL, NULL, 1814, NULL, NULL, NULL, NULL, NULL, 201);
INSERT INTO event (id, cw, seq, subseq, cycle_focus, region, name, primary_sentence, secondary_sentence, keywords, start_circa, start, fake_start_date, end_circa, "end", tie, people_group, the, extent, period, qr_key) VALUES (142, 189, 3, NULL, NULL, NULL, 'Missouri Compromise', NULL, NULL, NULL, NULL, 1820, NULL, NULL, NULL, NULL, NULL, NULL, NULL, NULL, 137);
INSERT INTO event (id, cw, seq, subseq, cycle_focus, region, name, primary_sentence, secondary_sentence, keywords, start_circa, start, fake_start_date, end_circa, "end", tie, people_group, the, extent, period, qr_key) VALUES (143, 189, 4, NULL, NULL, NULL, 'America attracts immigrants', NULL, NULL, NULL, NULL, 1836, NULL, NULL, 1914, NULL, NULL, NULL, NULL, NULL, 11);
INSERT INTO event (id, cw, seq, subseq, cycle_focus, region, name, primary_sentence, secondary_sentence, keywords, start_circa, start, fake_start_date, end_circa, "end", tie, people_group, the, extent, period, qr_key) VALUES (144, 189, 5, NULL, NULL, NULL, 'Monroe Doctrine', NULL, NULL, NULL, NULL, 1823, NULL, NULL, NULL, NULL, NULL, NULL, NULL, NULL, 139);
INSERT INTO event (id, cw, seq, subseq, cycle_focus, region, name, primary_sentence, secondary_sentence, keywords, start_circa, start, fake_start_date, end_circa, "end", tie, people_group, the, extent, period, qr_key) VALUES (145, 189, 6, NULL, NULL, NULL, 'Cherokee Trail of Tears', NULL, NULL, NULL, NULL, 1838, NULL, NULL, 1839, NULL, NULL, NULL, NULL, NULL, 37);
INSERT INTO event (id, cw, seq, subseq, cycle_focus, region, name, primary_sentence, secondary_sentence, keywords, start_circa, start, fake_start_date, end_circa, "end", tie, people_group, the, extent, period, qr_key) VALUES (146, 189, 7, NULL, NULL, NULL, 'Oregon Trail, Gold Rush, & Manifest Destiny', NULL, NULL, NULL, NULL, 1843, NULL, NULL, 1869, NULL, NULL, NULL, NULL, NULL, 152);
INSERT INTO event (id, cw, seq, subseq, cycle_focus, region, name, primary_sentence, secondary_sentence, keywords, start_circa, start, fake_start_date, end_circa, "end", tie, people_group, the, extent, period, qr_key) VALUES (147, 190, 1, NULL, NULL, NULL, 'Marx Publishes The Communist Manifesto', NULL, NULL, NULL, NULL, 1848, NULL, NULL, NULL, NULL, NULL, NULL, NULL, NULL, 129);
INSERT INTO event (id, cw, seq, subseq, cycle_focus, region, name, primary_sentence, secondary_sentence, keywords, start_circa, start, fake_start_date, end_circa, "end", tie, people_group, the, extent, period, qr_key) VALUES (148, 190, 2, NULL, NULL, NULL, 'Compromise of 1850', NULL, NULL, NULL, NULL, 1850, NULL, NULL, NULL, NULL, NULL, NULL, NULL, NULL, 43);
INSERT INTO event (id, cw, seq, subseq, cycle_focus, region, name, primary_sentence, secondary_sentence, keywords, start_circa, start, fake_start_date, end_circa, "end", tie, people_group, the, extent, period, qr_key) VALUES (149, 190, 3, NULL, NULL, NULL, 'Gadsden Purchase', NULL, NULL, NULL, NULL, 1853, NULL, NULL, NULL, NULL, NULL, NULL, NULL, NULL, 74);
INSERT INTO event (id, cw, seq, subseq, cycle_focus, region, name, primary_sentence, secondary_sentence, keywords, start_circa, start, fake_start_date, end_circa, "end", tie, people_group, the, extent, period, qr_key) VALUES (150, 190, 4, NULL, NULL, NULL, 'Dred Scott Decision', NULL, NULL, NULL, NULL, 1857, NULL, NULL, NULL, NULL, NULL, NULL, NULL, NULL, 61);
INSERT INTO event (id, cw, seq, subseq, cycle_focus, region, name, primary_sentence, secondary_sentence, keywords, start_circa, start, fake_start_date, end_circa, "end", tie, people_group, the, extent, period, qr_key) VALUES (151, 190, 5, NULL, NULL, NULL, 'Japan''s isolationism dissolved', 'Japan''s isolationism dissolved when US Commodore Perry initiated trade...', '(Note Japan''s trade with Duch as the exception up to this point)', NULL, NULL, 1853, NULL, NULL, 1854, NULL, NULL, NULL, NULL, NULL, 105);
INSERT INTO event (id, cw, seq, subseq, cycle_focus, region, name, primary_sentence, secondary_sentence, keywords, start_circa, start, fake_start_date, end_circa, "end", tie, people_group, the, extent, period, qr_key) VALUES (152, 190, 6, NULL, 1, 35, 'Suez Canal built', 'The Suez Canal was built by 1.5 million workers from several countries, including forced laborers. It survived opposition, financial challenge, and later military crisis, but conducts 50-80 vessels per day.', '(Note previous canals, partial canals, and canal plans that predate the Suez Canal; note Napoleon''s interest in canal history, and building a canal, and the erroneous survey calculations regarding the two sea levels. Note that the slave labor ended in 1864, along with the end of the Atlantic slave trade.)', NULL, NULL, 1859, NULL, NULL, 1869, NULL, NULL, NULL, NULL, NULL, 183);
INSERT INTO event (id, cw, seq, subseq, cycle_focus, region, name, primary_sentence, secondary_sentence, keywords, start_circa, start, fake_start_date, end_circa, "end", tie, people_group, the, extent, period, qr_key) VALUES (153, 190, 7, NULL, NULL, NULL, 'Darwin''s "Origin of Species"', NULL, NULL, NULL, NULL, 1859, NULL, NULL, NULL, NULL, NULL, NULL, NULL, NULL, 56);
INSERT INTO event (id, cw, seq, subseq, cycle_focus, region, name, primary_sentence, secondary_sentence, keywords, start_circa, start, fake_start_date, end_circa, "end", tie, people_group, the, extent, period, qr_key) VALUES (154, 191, 1, NULL, NULL, NULL, 'US Civil War', NULL, NULL, NULL, NULL, 1861, NULL, NULL, 1865, NULL, NULL, NULL, NULL, NULL, 196);
INSERT INTO event (id, cw, seq, subseq, cycle_focus, region, name, primary_sentence, secondary_sentence, keywords, start_circa, start, fake_start_date, end_circa, "end", tie, people_group, the, extent, period, qr_key) VALUES (155, 191, 2, NULL, NULL, NULL, 'Atlantic slave trade ends', NULL, NULL, NULL, 1, 1865, NULL, NULL, NULL, NULL, NULL, NULL, NULL, NULL, 18);
INSERT INTO event (id, cw, seq, subseq, cycle_focus, region, name, primary_sentence, secondary_sentence, keywords, start_circa, start, fake_start_date, end_circa, "end", tie, people_group, the, extent, period, qr_key) VALUES (156, 191, 3, NULL, NULL, NULL, 'Dominion of Canada', NULL, NULL, NULL, NULL, 1867, NULL, NULL, NULL, NULL, NULL, NULL, NULL, NULL, 60);
INSERT INTO event (id, cw, seq, subseq, cycle_focus, region, name, primary_sentence, secondary_sentence, keywords, start_circa, start, fake_start_date, end_circa, "end", tie, people_group, the, extent, period, qr_key) VALUES (157, 191, 4, NULL, NULL, NULL, 'Otto von Bismarck unifies Germany', NULL, NULL, NULL, NULL, 1864, NULL, NULL, 1871, NULL, NULL, NULL, NULL, NULL, 153);
INSERT INTO event (id, cw, seq, subseq, cycle_focus, region, name, primary_sentence, secondary_sentence, keywords, start_circa, start, fake_start_date, end_circa, "end", tie, people_group, the, extent, period, qr_key) VALUES (158, 191, 5, NULL, NULL, NULL, 'Zulu Wars & Boer Wars', NULL, NULL, NULL, 1, 1870, NULL, NULL, 1902, NULL, NULL, NULL, NULL, NULL, 208);
INSERT INTO event (id, cw, seq, subseq, cycle_focus, region, name, primary_sentence, secondary_sentence, keywords, start_circa, start, fake_start_date, end_circa, "end", tie, people_group, the, extent, period, qr_key) VALUES (159, 191, 7, NULL, NULL, NULL, 'Queen Victoria named Empress of India', NULL, NULL, NULL, NULL, 1876, NULL, NULL, NULL, NULL, NULL, NULL, NULL, NULL, 164);
INSERT INTO event (id, cw, seq, subseq, cycle_focus, region, name, primary_sentence, secondary_sentence, keywords, start_circa, start, fake_start_date, end_circa, "end", tie, people_group, the, extent, period, qr_key) VALUES (160, 192, 1, NULL, NULL, NULL, 'Spanish-American War', NULL, NULL, NULL, NULL, 1898, NULL, NULL, NULL, NULL, NULL, NULL, NULL, NULL, 181);
INSERT INTO event (id, cw, seq, subseq, cycle_focus, region, name, primary_sentence, secondary_sentence, keywords, start_circa, start, fake_start_date, end_circa, "end", tie, people_group, the, extent, period, qr_key) VALUES (161, 192, 2, NULL, NULL, NULL, 'Commonwealth of Australia', NULL, NULL, NULL, NULL, 1901, NULL, NULL, NULL, NULL, NULL, NULL, NULL, NULL, 42);
INSERT INTO event (id, cw, seq, subseq, cycle_focus, region, name, primary_sentence, secondary_sentence, keywords, start_circa, start, fake_start_date, end_circa, "end", tie, people_group, the, extent, period, qr_key) VALUES (162, 192, 3, NULL, NULL, NULL, 'Oil discovered in Iran', NULL, NULL, NULL, NULL, 1901, NULL, NULL, NULL, NULL, NULL, NULL, NULL, NULL, 151);
INSERT INTO event (id, cw, seq, subseq, cycle_focus, region, name, primary_sentence, secondary_sentence, keywords, start_circa, start, fake_start_date, end_circa, "end", tie, people_group, the, extent, period, qr_key) VALUES (163, 192, 4, NULL, NULL, NULL, 'Mexican Revolution', NULL, NULL, NULL, NULL, 1910, NULL, NULL, 1920, NULL, NULL, NULL, NULL, NULL, 134);
INSERT INTO event (id, cw, seq, subseq, cycle_focus, region, name, primary_sentence, secondary_sentence, keywords, start_circa, start, fake_start_date, end_circa, "end", tie, people_group, the, extent, period, qr_key) VALUES (164, 192, 5, NULL, NULL, NULL, 'World War I', NULL, NULL, NULL, NULL, 1914, NULL, NULL, 1918, NULL, NULL, NULL, NULL, NULL, 204);
INSERT INTO event (id, cw, seq, subseq, cycle_focus, region, name, primary_sentence, secondary_sentence, keywords, start_circa, start, fake_start_date, end_circa, "end", tie, people_group, the, extent, period, qr_key) VALUES (165, 192, 6, NULL, NULL, NULL, 'Lenin & the October Revolution', NULL, NULL, NULL, NULL, 1917, NULL, NULL, NULL, NULL, NULL, NULL, NULL, NULL, 120);
INSERT INTO event (id, cw, seq, subseq, cycle_focus, region, name, primary_sentence, secondary_sentence, keywords, start_circa, start, fake_start_date, end_circa, "end", tie, people_group, the, extent, period, qr_key) VALUES (166, 192, 7, NULL, NULL, NULL, 'Irish Republican Army fights for independence', NULL, NULL, NULL, NULL, 1919, NULL, NULL, 1922, NULL, NULL, NULL, NULL, NULL, 97);
INSERT INTO event (id, cw, seq, subseq, cycle_focus, region, name, primary_sentence, secondary_sentence, keywords, start_circa, start, fake_start_date, end_circa, "end", tie, people_group, the, extent, period, qr_key) VALUES (167, 193, 1, NULL, NULL, NULL, 'Stalin, USSR, & the Katyn Massacre', NULL, NULL, NULL, NULL, 1924, NULL, NULL, 1940, NULL, NULL, NULL, NULL, NULL, 182);
INSERT INTO event (id, cw, seq, subseq, cycle_focus, region, name, primary_sentence, secondary_sentence, keywords, start_circa, start, fake_start_date, end_circa, "end", tie, people_group, the, extent, period, qr_key) VALUES (168, 193, 2, NULL, NULL, NULL, 'The Great Depression & the New Deal', NULL, NULL, NULL, NULL, 1929, NULL, NULL, 1939, NULL, NULL, NULL, NULL, NULL, 191);
INSERT INTO event (id, cw, seq, subseq, cycle_focus, region, name, primary_sentence, secondary_sentence, keywords, start_circa, start, fake_start_date, end_circa, "end", tie, people_group, the, extent, period, qr_key) VALUES (169, 193, 3, NULL, NULL, NULL, 'World War II', NULL, NULL, NULL, NULL, 1939, NULL, NULL, 1945, NULL, NULL, NULL, NULL, NULL, 205);
INSERT INTO event (id, cw, seq, subseq, cycle_focus, region, name, primary_sentence, secondary_sentence, keywords, start_circa, start, fake_start_date, end_circa, "end", tie, people_group, the, extent, period, qr_key) VALUES (170, 193, 4, NULL, NULL, NULL, 'Atomic bombs end WWII in Japan', NULL, NULL, NULL, NULL, 1945, NULL, NULL, NULL, NULL, NULL, NULL, NULL, NULL, 19);
INSERT INTO event (id, cw, seq, subseq, cycle_focus, region, name, primary_sentence, secondary_sentence, keywords, start_circa, start, fake_start_date, end_circa, "end", tie, people_group, the, extent, period, qr_key) VALUES (171, 193, 5, NULL, NULL, NULL, 'United Nations formed', NULL, NULL, NULL, NULL, 1945, NULL, NULL, NULL, NULL, NULL, NULL, NULL, NULL, 197);
INSERT INTO event (id, cw, seq, subseq, cycle_focus, region, name, primary_sentence, secondary_sentence, keywords, start_circa, start, fake_start_date, end_circa, "end", tie, people_group, the, extent, period, qr_key) VALUES (172, 193, 6, NULL, NULL, NULL, 'The Cold War', NULL, NULL, NULL, NULL, 1945, NULL, NULL, 1991, NULL, NULL, NULL, NULL, NULL, 188);
INSERT INTO event (id, cw, seq, subseq, cycle_focus, region, name, primary_sentence, secondary_sentence, keywords, start_circa, start, fake_start_date, end_circa, "end", tie, people_group, the, extent, period, qr_key) VALUES (173, 193, 7, NULL, 1, 23, 'India''s Independence', 'India''s independence movements started in the days of British East India Company rule, gained momentum with Gandhi''s nonviolent resistance, and ultimately influenced civil-rights and freedom movements worldwide.', NULL, NULL, NULL, 1915, NULL, NULL, 1947, NULL, NULL, NULL, NULL, NULL, 94);
INSERT INTO event (id, cw, seq, subseq, cycle_focus, region, name, primary_sentence, secondary_sentence, keywords, start_circa, start, fake_start_date, end_circa, "end", tie, people_group, the, extent, period, qr_key) VALUES (174, 194, 1, NULL, NULL, NULL, 'Dead Sea Scrolls found', NULL, NULL, NULL, NULL, 1946, NULL, NULL, 1956, NULL, NULL, NULL, NULL, NULL, 57);
INSERT INTO event (id, cw, seq, subseq, cycle_focus, region, name, primary_sentence, secondary_sentence, keywords, start_circa, start, fake_start_date, end_circa, "end", tie, people_group, the, extent, period, qr_key) VALUES (175, 194, 2, NULL, 1, 34, 'Jewish State established', 'The Jewish State was established officially as the national homeland of Israel by the United Nations, and the significance of this has been extraordinary ever since.', NULL, NULL, NULL, 1948, NULL, NULL, NULL, NULL, NULL, NULL, NULL, NULL, 110);
INSERT INTO event (id, cw, seq, subseq, cycle_focus, region, name, primary_sentence, secondary_sentence, keywords, start_circa, start, fake_start_date, end_circa, "end", tie, people_group, the, extent, period, qr_key) VALUES (176, 194, 3, NULL, 1, 47, 'People''s Republic of China', 'The People''s Republic of China was born out of the Chinese Civil War, led to vice-grip power by Mao Zedong, and is now one of the few remaining Communist states in the world.', NULL, NULL, NULL, 1949, NULL, NULL, NULL, NULL, NULL, NULL, NULL, NULL, 157);
INSERT INTO event (id, cw, seq, subseq, cycle_focus, region, name, primary_sentence, secondary_sentence, keywords, start_circa, start, fake_start_date, end_circa, "end", tie, people_group, the, extent, period, qr_key) VALUES (177, 194, 4, NULL, NULL, NULL, 'North Atlantic Treaty Organization formed', NULL, NULL, NULL, NULL, 1949, NULL, NULL, NULL, NULL, NULL, NULL, NULL, NULL, 150);
INSERT INTO event (id, cw, seq, subseq, cycle_focus, region, name, primary_sentence, secondary_sentence, keywords, start_circa, start, fake_start_date, end_circa, "end", tie, people_group, the, extent, period, qr_key) VALUES (178, 194, 5, NULL, NULL, NULL, 'Geneva Conventions', NULL, NULL, NULL, NULL, 1949, NULL, NULL, NULL, NULL, NULL, NULL, NULL, NULL, 75);
INSERT INTO event (id, cw, seq, subseq, cycle_focus, region, name, primary_sentence, secondary_sentence, keywords, start_circa, start, fake_start_date, end_circa, "end", tie, people_group, the, extent, period, qr_key) VALUES (179, 194, 6, NULL, 1, 53, 'Korean War', 'The Korean War, between communist North Korea and capitalist South Korea, killed three million, and is still a "frozen conflict" today, with no peace treaty.', NULL, NULL, NULL, 1950, NULL, NULL, 1953, NULL, NULL, NULL, NULL, NULL, 119);
INSERT INTO event (id, cw, seq, subseq, cycle_focus, region, name, primary_sentence, secondary_sentence, keywords, start_circa, start, fake_start_date, end_circa, "end", tie, people_group, the, extent, period, qr_key) VALUES (180, 194, 7, NULL, NULL, NULL, 'Civil Rights Movement', NULL, NULL, NULL, 1, 1945, NULL, NULL, 1968, NULL, NULL, NULL, NULL, NULL, 39);
INSERT INTO event (id, cw, seq, subseq, cycle_focus, region, name, primary_sentence, secondary_sentence, keywords, start_circa, start, fake_start_date, end_circa, "end", tie, people_group, the, extent, period, qr_key) VALUES (181, 195, 1, NULL, NULL, NULL, 'African Independence movements', NULL, NULL, NULL, NULL, 1947, NULL, NULL, 1962, NULL, NULL, NULL, NULL, NULL, 5);
INSERT INTO event (id, cw, seq, subseq, cycle_focus, region, name, primary_sentence, secondary_sentence, keywords, start_circa, start, fake_start_date, end_circa, "end", tie, people_group, the, extent, period, qr_key) VALUES (182, 195, 2, NULL, NULL, NULL, 'Antarctic Treaty', NULL, NULL, NULL, NULL, 1959, NULL, NULL, NULL, NULL, NULL, NULL, NULL, NULL, 15);
INSERT INTO event (id, cw, seq, subseq, cycle_focus, region, name, primary_sentence, secondary_sentence, keywords, start_circa, start, fake_start_date, end_circa, "end", tie, people_group, the, extent, period, qr_key) VALUES (183, 195, 3, NULL, NULL, NULL, 'Vietnam War', NULL, NULL, NULL, NULL, 1965, NULL, NULL, 1975, NULL, NULL, NULL, NULL, NULL, 198);
INSERT INTO event (id, cw, seq, subseq, cycle_focus, region, name, primary_sentence, secondary_sentence, keywords, start_circa, start, fake_start_date, end_circa, "end", tie, people_group, the, extent, period, qr_key) VALUES (184, 195, 4, NULL, NULL, NULL, 'First Lunar Landing', NULL, NULL, NULL, NULL, 1969, NULL, NULL, NULL, NULL, NULL, NULL, NULL, NULL, 71);
INSERT INTO event (id, cw, seq, subseq, cycle_focus, region, name, primary_sentence, secondary_sentence, keywords, start_circa, start, fake_start_date, end_circa, "end", tie, people_group, the, extent, period, qr_key) VALUES (185, 195, 5, NULL, NULL, NULL, 'Nixon & the Watergate scandal', NULL, NULL, NULL, NULL, 1972, NULL, NULL, 1974, NULL, NULL, NULL, NULL, NULL, 147);
INSERT INTO event (id, cw, seq, subseq, cycle_focus, region, name, primary_sentence, secondary_sentence, keywords, start_circa, start, fake_start_date, end_circa, "end", tie, people_group, the, extent, period, qr_key) VALUES (186, 195, 6, NULL, NULL, NULL, 'Fall of Berlin Wall & European Communism', NULL, NULL, NULL, NULL, 1989, NULL, NULL, 1991, NULL, NULL, NULL, NULL, NULL, 67);
INSERT INTO event (id, cw, seq, subseq, cycle_focus, region, name, primary_sentence, secondary_sentence, keywords, start_circa, start, fake_start_date, end_circa, "end", tie, people_group, the, extent, period, qr_key) VALUES (187, 195, 7, NULL, NULL, NULL, 'Gulf War', NULL, NULL, NULL, NULL, 1990, NULL, NULL, 1991, NULL, NULL, NULL, NULL, NULL, 81);
INSERT INTO event (id, cw, seq, subseq, cycle_focus, region, name, primary_sentence, secondary_sentence, keywords, start_circa, start, fake_start_date, end_circa, "end", tie, people_group, the, extent, period, qr_key) VALUES (188, 196, 1, NULL, NULL, NULL, 'European Union formed', NULL, NULL, NULL, NULL, 1993, NULL, NULL, NULL, NULL, NULL, NULL, NULL, NULL, 66);
INSERT INTO event (id, cw, seq, subseq, cycle_focus, region, name, primary_sentence, secondary_sentence, keywords, start_circa, start, fake_start_date, end_circa, "end", tie, people_group, the, extent, period, qr_key) VALUES (189, 196, 2, NULL, NULL, NULL, 'Kim Jong-il assumes control of North Korea', NULL, NULL, NULL, NULL, 1994, NULL, NULL, NULL, NULL, NULL, NULL, NULL, NULL, 116);
INSERT INTO event (id, cw, seq, subseq, cycle_focus, region, name, primary_sentence, secondary_sentence, keywords, start_circa, start, fake_start_date, end_circa, "end", tie, people_group, the, extent, period, qr_key) VALUES (190, 196, 3, NULL, NULL, NULL, 'Nelson Mandela sees Apartheid Abolished', NULL, NULL, NULL, NULL, 1994, NULL, NULL, NULL, NULL, NULL, NULL, NULL, NULL, 145);
INSERT INTO event (id, cw, seq, subseq, cycle_focus, region, name, primary_sentence, secondary_sentence, keywords, start_circa, start, fake_start_date, end_circa, "end", tie, people_group, the, extent, period, qr_key) VALUES (191, 196, 4, NULL, NULL, NULL, 'September 11 terrorist attacks', NULL, NULL, NULL, NULL, 2001, NULL, NULL, NULL, NULL, NULL, NULL, NULL, NULL, 173);
INSERT INTO event (id, cw, seq, subseq, cycle_focus, region, name, primary_sentence, secondary_sentence, keywords, start_circa, start, fake_start_date, end_circa, "end", tie, people_group, the, extent, period, qr_key) VALUES (192, 196, 5, NULL, NULL, NULL, 'Darfur Civil War', NULL, NULL, NULL, NULL, 2003, NULL, NULL, 2009, NULL, NULL, NULL, NULL, NULL, 55);
INSERT INTO event (id, cw, seq, subseq, cycle_focus, region, name, primary_sentence, secondary_sentence, keywords, start_circa, start, fake_start_date, end_circa, "end", tie, people_group, the, extent, period, qr_key) VALUES (193, 178, 1, 1, NULL, NULL, 'Yamato Period', 'The Yamato Period saw the inheritance of Chinese government organization as well as Buddhism and Confucianism, especially during the Asuka period (538–710).', NULL, NULL, NULL, 250, NULL, NULL, 710, NULL, NULL, NULL, NULL, NULL, 206);
INSERT INTO event (id, cw, seq, subseq, cycle_focus, region, name, primary_sentence, secondary_sentence, keywords, start_circa, start, fake_start_date, end_circa, "end", tie, people_group, the, extent, period, qr_key) VALUES (194, 176, 2, 1, NULL, NULL, 'Three Kingdoms of Korea', 'The Three Kingdoms Period of Korea saw the centralization of states and kings who ruled with increasingly rigid, aristocratic heirarchies.', NULL, NULL, NULL, -57, NULL, NULL, 668, NULL, NULL, NULL, NULL, NULL, 192);
INSERT INTO event (id, cw, seq, subseq, cycle_focus, region, name, primary_sentence, secondary_sentence, keywords, start_circa, start, fake_start_date, end_circa, "end", tie, people_group, the, extent, period, qr_key) VALUES (195, 179, 7, 1, NULL, NULL, 'Sui & Tang dynasties', 'The Sui and Tang dynasty period saw the re-unification of China, much like the Quin-Han dynasty succession saw the original unification of China.', NULL, NULL, NULL, 581, NULL, NULL, 907, NULL, NULL, NULL, NULL, NULL, 184);
INSERT INTO event (id, cw, seq, subseq, cycle_focus, region, name, primary_sentence, secondary_sentence, keywords, start_circa, start, fake_start_date, end_circa, "end", tie, people_group, the, extent, period, qr_key) VALUES (196, 179, 3, 1, NULL, NULL, 'Merovech & Aetius defeat Attila', 'Merovech, Frankish, and Aetius, Roman, joined to defeat Attilla and the Huns at the Battle of the Catalaunian Plains in Gaul.', NULL, NULL, NULL, 451, NULL, NULL, NULL, NULL, NULL, NULL, NULL, NULL, 132);
INSERT INTO event (id, cw, seq, subseq, cycle_focus, region, name, primary_sentence, secondary_sentence, keywords, start_circa, start, fake_start_date, end_circa, "end", tie, people_group, the, extent, period, qr_key) VALUES (197, 196, 6, NULL, NULL, NULL, 'Coronavirus pandemic', NULL, NULL, NULL, NULL, 2020, NULL, NULL, NULL, NULL, NULL, NULL, NULL, NULL, 47);
INSERT INTO event (id, cw, seq, subseq, cycle_focus, region, name, primary_sentence, secondary_sentence, keywords, start_circa, start, fake_start_date, end_circa, "end", tie, people_group, the, extent, period, qr_key) VALUES (198, 187, 4, NULL, NULL, NULL, 'Industrial Revolution innovation', 'Industrial Revolution innovations included Watt''s steam engine (1765), Cartwright''s power loom (1787), Whitney''s cotton gin (1793), and Morse''s telegraph (1844).', NULL, NULL, NULL, 1765, NULL, NULL, 1844, NULL, NULL, NULL, NULL, NULL, 96);
INSERT INTO event (id, cw, seq, subseq, cycle_focus, region, name, primary_sentence, secondary_sentence, keywords, start_circa, start, fake_start_date, end_circa, "end", tie, people_group, the, extent, period, qr_key) VALUES (199, 191, 6, NULL, NULL, NULL, 'Second Industrial Revolution innovation', 'Second Industrial Revolution innovations included Edison''s lightbulb (1879), Bentz''s automobile (1886), ', NULL, NULL, NULL, 1870, NULL, NULL, 1914, NULL, NULL, NULL, NULL, NULL, 172);
INSERT INTO event (id, cw, seq, subseq, cycle_focus, region, name, primary_sentence, secondary_sentence, keywords, start_circa, start, fake_start_date, end_circa, "end", tie, people_group, the, extent, period, qr_key) VALUES (200, 179, 2, 2, NULL, NULL, 'Anglo-Saxons invade England', NULL, NULL, NULL, NULL, 449, NULL, NULL, NULL, NULL, NULL, NULL, NULL, NULL, 14);
INSERT INTO event (id, cw, seq, subseq, cycle_focus, region, name, primary_sentence, secondary_sentence, keywords, start_circa, start, fake_start_date, end_circa, "end", tie, people_group, the, extent, period, qr_key) VALUES (201, 179, 2, 1, NULL, NULL, 'Merovius leads Franks', NULL, NULL, NULL, NULL, 447, NULL, NULL, NULL, NULL, NULL, NULL, NULL, NULL, 133);
INSERT INTO event (id, cw, seq, subseq, cycle_focus, region, name, primary_sentence, secondary_sentence, keywords, start_circa, start, fake_start_date, end_circa, "end", tie, people_group, the, extent, period, qr_key) VALUES (202, 179, 7, 1, NULL, NULL, 'Augustine of Canterbury', 'Augustine of Canterbury, a Benedictine monk, was sent to England, became the Archbishop of Canterbury, and is known as the "Apostle to the English" and founder of the English Church.', NULL, NULL, NULL, 597, NULL, NULL, NULL, NULL, NULL, NULL, NULL, NULL, 21);
INSERT INTO event (id, cw, seq, subseq, cycle_focus, region, name, primary_sentence, secondary_sentence, keywords, start_circa, start, fake_start_date, end_circa, "end", tie, people_group, the, extent, period, qr_key) VALUES (203, 183, 4, 1, NULL, NULL, 'Māori journey to New Zealand', NULL, NULL, NULL, 1, 1320, NULL, 1, 1350, NULL, NULL, NULL, NULL, NULL, 143);
INSERT INTO event (id, cw, seq, subseq, cycle_focus, region, name, primary_sentence, secondary_sentence, keywords, start_circa, start, fake_start_date, end_circa, "end", tie, people_group, the, extent, period, qr_key) VALUES (204, 184, 6, 1, NULL, NULL, 'Ferdinand & Isabella Unite Spain', NULL, NULL, NULL, NULL, 1469, NULL, NULL, NULL, NULL, NULL, NULL, NULL, NULL, 69);
INSERT INTO event (id, cw, seq, subseq, cycle_focus, region, name, primary_sentence, secondary_sentence, keywords, start_circa, start, fake_start_date, end_circa, "end", tie, people_group, the, extent, period, qr_key) VALUES (205, 185, 6, 1, NULL, NULL, 'Moghul rule of India', NULL, NULL, NULL, NULL, 1526, NULL, NULL, 1761, NULL, NULL, NULL, NULL, NULL, 138);
INSERT INTO event (id, cw, seq, subseq, cycle_focus, region, name, primary_sentence, secondary_sentence, keywords, start_circa, start, fake_start_date, end_circa, "end", tie, people_group, the, extent, period, qr_key) VALUES (206, 185, 5, 1, NULL, NULL, 'Copernicus, Galileo, Kepler, & Newton', 'Copernicus, Galileo, Kepler, & Newton fuel the Scientific Revolution with their discoveries and advances in scientific unerstanding.', 'Copernicus'' work (c.1514-1540),
Galileo''s work (1607-1638),
Kepler''s work (1603-1638), and
Newton''s work (1669-1733
)', NULL, NULL, 1514, NULL, NULL, 1733, NULL, NULL, NULL, NULL, NULL, 46);

-- Table: event_location
DROP TABLE IF EXISTS event_location;
CREATE TABLE event_location (event INTEGER REFERENCES event (id) ON DELETE RESTRICT ON UPDATE CASCADE NOT NULL, location INTEGER REFERENCES location (id) ON DELETE RESTRICT ON UPDATE CASCADE NOT NULL, UNIQUE (event, location));
INSERT INTO event_location (event, location) VALUES (5, 3);
INSERT INTO event_location (event, location) VALUES (5, 4);
INSERT INTO event_location (event, location) VALUES (6, 10);

-- Table: event_resource
DROP TABLE IF EXISTS event_resource;
CREATE TABLE event_resource (id INTEGER PRIMARY KEY AUTOINCREMENT, event INTEGER REFERENCES event (id) ON DELETE RESTRICT ON UPDATE CASCADE NOT NULL, resource INTEGER REFERENCES resource (id) ON DELETE RESTRICT ON UPDATE CASCADE NOT NULL, reference1 STRING, reference2 STRING, priority INTEGER, "order" INTEGER, UNIQUE (event, priority, "order"));
INSERT INTO event_resource (id, event, resource, reference1, reference2, priority, "order") VALUES (1, 24, 1, 'ch', 26, 1, 1);
INSERT INTO event_resource (id, event, resource, reference1, reference2, priority, "order") VALUES (2, 31, 1, 'ch', 27, 1, 1);
INSERT INTO event_resource (id, event, resource, reference1, reference2, priority, "order") VALUES (3, 39, 1, 'ch', 27, 1, 1);
INSERT INTO event_resource (id, event, resource, reference1, reference2, priority, "order") VALUES (4, 39, 1, 'ch', 28, 1, 2);
INSERT INTO event_resource (id, event, resource, reference1, reference2, priority, "order") VALUES (5, 40, 1, 'ch', 26, 1, 1);
INSERT INTO event_resource (id, event, resource, reference1, reference2, priority, "order") VALUES (6, 41, 1, 'ch', 33, 1, 1);
INSERT INTO event_resource (id, event, resource, reference1, reference2, priority, "order") VALUES (7, 42, 1, 'ch', 23, 1, 2);
INSERT INTO event_resource (id, event, resource, reference1, reference2, priority, "order") VALUES (8, 42, 1, 'ch', 24, 1, 3);
INSERT INTO event_resource (id, event, resource, reference1, reference2, priority, "order") VALUES (9, 42, 1, 'ch', 22, 1, 1);
INSERT INTO event_resource (id, event, resource, reference1, reference2, priority, "order") VALUES (10, 43, 1, 'ch', 24, 1, 1);
INSERT INTO event_resource (id, event, resource, reference1, reference2, priority, "order") VALUES (11, 44, 1, 'ch', 25, 1, 1);
INSERT INTO event_resource (id, event, resource, reference1, reference2, priority, "order") VALUES (12, 46, 1, 'ch', 30, 1, 1);
INSERT INTO event_resource (id, event, resource, reference1, reference2, priority, "order") VALUES (13, 46, 1, 'ch', 31, 1, 2);
INSERT INTO event_resource (id, event, resource, reference1, reference2, priority, "order") VALUES (14, 47, 1, 'ch', 29, 1, 1);
INSERT INTO event_resource (id, event, resource, reference1, reference2, priority, "order") VALUES (15, 48, 1, 'ch', 29, 1, 1);
INSERT INTO event_resource (id, event, resource, reference1, reference2, priority, "order") VALUES (16, 49, 1, 'ch', 34, 1, 1);
INSERT INTO event_resource (id, event, resource, reference1, reference2, priority, "order") VALUES (17, 49, 1, 'ch', 35, 1, 2);
INSERT INTO event_resource (id, event, resource, reference1, reference2, priority, "order") VALUES (18, 50, 1, 'ch', 36, 1, 1);
INSERT INTO event_resource (id, event, resource, reference1, reference2, priority, "order") VALUES (19, 99, 1, 'ch', 32, 1, 1);
INSERT INTO event_resource (id, event, resource, reference1, reference2, priority, "order") VALUES (20, 54, 1, 'ch', 37, 1, 1);
INSERT INTO event_resource (id, event, resource, reference1, reference2, priority, "order") VALUES (21, 58, 1, 'ch', 39, 1, 1);
INSERT INTO event_resource (id, event, resource, reference1, reference2, priority, "order") VALUES (22, 60, 1, 'ch', 38, 1, 1);
INSERT INTO event_resource (id, event, resource, reference1, reference2, priority, "order") VALUES (23, 62, 2, 'ch', 32, 1, 1);
INSERT INTO event_resource (id, event, resource, reference1, reference2, priority, "order") VALUES (24, 64, 1, 'ch', 40, 1, 1);
INSERT INTO event_resource (id, event, resource, reference1, reference2, priority, "order") VALUES (25, 65, 1, 'ch', 39, 1, 1);
INSERT INTO event_resource (id, event, resource, reference1, reference2, priority, "order") VALUES (26, 193, 2, 'ch', 9, 1, 1);
INSERT INTO event_resource (id, event, resource, reference1, reference2, priority, "order") VALUES (27, 194, 2, 'ch', 9, 1, 1);
INSERT INTO event_resource (id, event, resource, reference1, reference2, priority, "order") VALUES (28, 195, 2, 'ch', 8, 1, 1);
INSERT INTO event_resource (id, event, resource, reference1, reference2, priority, "order") VALUES (29, 70, 1, 'ch', 41, 1, 1);
INSERT INTO event_resource (id, event, resource, reference1, reference2, priority, "order") VALUES (30, 72, 1, 'ch', 42, 1, 1);
INSERT INTO event_resource (id, event, resource, reference1, reference2, priority, "order") VALUES (31, 72, 2, 'ch', 1, 1, 2);
INSERT INTO event_resource (id, event, resource, reference1, reference2, priority, "order") VALUES (32, 73, 2, 'ch', 29, 1, 1);
INSERT INTO event_resource (id, event, resource, reference1, reference2, priority, "order") VALUES (33, 74, 2, 'ch', 4, 1, 1);
INSERT INTO event_resource (id, event, resource, reference1, reference2, priority, "order") VALUES (34, 75, 2, 'ch', 3, 1, 1);
INSERT INTO event_resource (id, event, resource, reference1, reference2, priority, "order") VALUES (35, 76, 2, 'ch', 6, 1, 1);
INSERT INTO event_resource (id, event, resource, reference1, reference2, priority, "order") VALUES (36, 77, 2, 'ch', 7, 1, 1);
INSERT INTO event_resource (id, event, resource, reference1, reference2, priority, "order") VALUES (37, 77, 2, 'ch', 12, 1, 2);
INSERT INTO event_resource (id, event, resource, reference1, reference2, priority, "order") VALUES (38, 77, 2, 'ch', 29, 1, 3);
INSERT INTO event_resource (id, event, resource, reference1, reference2, priority, "order") VALUES (39, 66, 2, 'ch', 5, 1, 1);
INSERT INTO event_resource (id, event, resource, reference1, reference2, priority, "order") VALUES (40, 6, 1, 'ch', 2, 1, 1);
INSERT INTO event_resource (id, event, resource, reference1, reference2, priority, "order") VALUES (41, 6, 1, 'ch', 3, 1, 2);
INSERT INTO event_resource (id, event, resource, reference1, reference2, priority, "order") VALUES (42, 6, 1, 'ch', 4, 1, 3);
INSERT INTO event_resource (id, event, resource, reference1, reference2, priority, "order") VALUES (43, 5, 1, 'ch', 3, 1, 1);
INSERT INTO event_resource (id, event, resource, reference1, reference2, priority, "order") VALUES (44, 5, 1, 'ch', 5, 1, 2);
INSERT INTO event_resource (id, event, resource, reference1, reference2, priority, "order") VALUES (45, 13, 1, 'ch', 6, 1, 1);
INSERT INTO event_resource (id, event, resource, reference1, reference2, priority, "order") VALUES (46, 15, 1, 'ch', 7, 1, 1);
INSERT INTO event_resource (id, event, resource, reference1, reference2, priority, "order") VALUES (47, 14, 1, 'ch', 8, 1, 1);
INSERT INTO event_resource (id, event, resource, reference1, reference2, priority, "order") VALUES (48, 9, 1, 'ch', 9, 1, 1);
INSERT INTO event_resource (id, event, resource, reference1, reference2, priority, "order") VALUES (49, 19, 1, 'ch', 10, 1, 1);
INSERT INTO event_resource (id, event, resource, reference1, reference2, priority, "order") VALUES (50, 16, 1, 'ch', 12, 1, 1);
INSERT INTO event_resource (id, event, resource, reference1, reference2, priority, "order") VALUES (51, 20, 1, 'ch', 13, 1, 1);
INSERT INTO event_resource (id, event, resource, reference1, reference2, priority, "order") VALUES (52, 21, 1, 'ch', 14, 1, 1);
INSERT INTO event_resource (id, event, resource, reference1, reference2, priority, "order") VALUES (53, 8, 1, 'ch', 15, 1, 1);
INSERT INTO event_resource (id, event, resource, reference1, reference2, priority, "order") VALUES (54, 32, 1, 'ch', 16, 1, 1);
INSERT INTO event_resource (id, event, resource, reference1, reference2, priority, "order") VALUES (55, 34, 1, 'ch', 17, 1, 1);
INSERT INTO event_resource (id, event, resource, reference1, reference2, priority, "order") VALUES (56, 10, 1, 'ch', 18, 1, 1);
INSERT INTO event_resource (id, event, resource, reference1, reference2, priority, "order") VALUES (57, 10, 1, 'ch', 19, 1, 2);
INSERT INTO event_resource (id, event, resource, reference1, reference2, priority, "order") VALUES (58, 25, 1, 'ch', 19, 1, 1);
INSERT INTO event_resource (id, event, resource, reference1, reference2, priority, "order") VALUES (59, 30, 1, 'ch', 20, 1, 1);
INSERT INTO event_resource (id, event, resource, reference1, reference2, priority, "order") VALUES (60, 36, 1, 'ch', 21, 1, 1);
INSERT INTO event_resource (id, event, resource, reference1, reference2, priority, "order") VALUES (61, 200, 2, 'ch', 2, 1, 1);
INSERT INTO event_resource (id, event, resource, reference1, reference2, priority, "order") VALUES (62, 201, 2, 'ch', 11, 1, 1);
INSERT INTO event_resource (id, event, resource, reference1, reference2, priority, "order") VALUES (63, 202, 2, 'ch', 3, 1, 1);
INSERT INTO event_resource (id, event, resource, reference1, reference2, priority, "order") VALUES (64, 203, 2, 'ch', 10, 1, 1);
INSERT INTO event_resource (id, event, resource, reference1, reference2, priority, "order") VALUES (65, 79, 2, 'ch', 14, 1, 1);
INSERT INTO event_resource (id, event, resource, reference1, reference2, priority, "order") VALUES (66, 79, 2, 'ch', 15, 1, 2);
INSERT INTO event_resource (id, event, resource, reference1, reference2, priority, "order") VALUES (67, 82, 2, 'ch', 15, 1, 1);
INSERT INTO event_resource (id, event, resource, reference1, reference2, priority, "order") VALUES (68, 81, 2, 'ch', 13, 1, 1);
INSERT INTO event_resource (id, event, resource, reference1, reference2, priority, "order") VALUES (69, 83, 2, 'ch', 23, 1, 1);
INSERT INTO event_resource (id, event, resource, reference1, reference2, priority, "order") VALUES (70, 88, 2, 'ch', 15, 1, 1);
INSERT INTO event_resource (id, event, resource, reference1, reference2, priority, "order") VALUES (71, 88, 2, 'ch', 16, 1, 2);
INSERT INTO event_resource (id, event, resource, reference1, reference2, priority, "order") VALUES (72, 88, 2, 'ch', 17, 1, 3);
INSERT INTO event_resource (id, event, resource, reference1, reference2, priority, "order") VALUES (73, 89, 2, 'ch', 18, 1, 1);
INSERT INTO event_resource (id, event, resource, reference1, reference2, priority, "order") VALUES (74, 89, 2, 'ch', 20, 1, 2);
INSERT INTO event_resource (id, event, resource, reference1, reference2, priority, "order") VALUES (75, 94, 2, 'ch', 17, 1, 1);
INSERT INTO event_resource (id, event, resource, reference1, reference2, priority, "order") VALUES (76, 95, 2, 'ch', 21, 1, 1);
INSERT INTO event_resource (id, event, resource, reference1, reference2, priority, "order") VALUES (77, 96, 2, 'ch', 19, 1, 1);
INSERT INTO event_resource (id, event, resource, reference1, reference2, priority, "order") VALUES (78, 97, 2, 'ch', 29, 1, 1);
INSERT INTO event_resource (id, event, resource, reference1, reference2, priority, "order") VALUES (79, 98, 2, 'ch', 24, 1, 1);
INSERT INTO event_resource (id, event, resource, reference1, reference2, priority, "order") VALUES (80, 101, 2, 'ch', 22, 1, 1);
INSERT INTO event_resource (id, event, resource, reference1, reference2, priority, "order") VALUES (81, 104, 2, 'ch', 25, 1, 1);
INSERT INTO event_resource (id, event, resource, reference1, reference2, priority, "order") VALUES (82, 112, 2, 'ch', 29, 1, 1);
INSERT INTO event_resource (id, event, resource, reference1, reference2, priority, "order") VALUES (83, 103, 2, 'ch', 26, 1, 1);
INSERT INTO event_resource (id, event, resource, reference1, reference2, priority, "order") VALUES (84, 103, 2, 'ch', 27, 1, 2);
INSERT INTO event_resource (id, event, resource, reference1, reference2, priority, "order") VALUES (85, 116, 2, 'ch', 31, 1, 1);
INSERT INTO event_resource (id, event, resource, reference1, reference2, priority, "order") VALUES (86, 117, 2, 'ch', 31, 1, 1);
INSERT INTO event_resource (id, event, resource, reference1, reference2, priority, "order") VALUES (87, 119, 2, 'ch', 31, 1, 1);
INSERT INTO event_resource (id, event, resource, reference1, reference2, priority, "order") VALUES (88, 92, 2, 'ch', 32, 1, 1);
INSERT INTO event_resource (id, event, resource, reference1, reference2, priority, "order") VALUES (89, 109, 2, 'ch', 33, 1, 1);
INSERT INTO event_resource (id, event, resource, reference1, reference2, priority, "order") VALUES (90, 118, 2, 'ch', 34, 1, 1);
INSERT INTO event_resource (id, event, resource, reference1, reference2, priority, "order") VALUES (91, 111, 2, 'ch', 35, 1, 1);
INSERT INTO event_resource (id, event, resource, reference1, reference2, priority, "order") VALUES (92, 118, 2, 'ch', 36, 1, 2);
INSERT INTO event_resource (id, event, resource, reference1, reference2, priority, "order") VALUES (93, 122, 2, 'ch', 36, 1, 1);
INSERT INTO event_resource (id, event, resource, reference1, reference2, priority, "order") VALUES (94, 123, 2, 'ch', 36, 1, 1);

-- Table: event_web_resource
DROP TABLE IF EXISTS event_web_resource;
CREATE TABLE event_web_resource (id INTEGER PRIMARY KEY AUTOINCREMENT, event INTEGER REFERENCES event (id) ON DELETE RESTRICT ON UPDATE CASCADE, url STRING);
INSERT INTO event_web_resource (id, event, url) VALUES (1, 15, 'https://www.gotquestions.org/Moses-Hammurabi-code.html');

-- Table: extent
DROP TABLE IF EXISTS extent;
CREATE TABLE extent (id INTEGER PRIMARY KEY AUTOINCREMENT, north INTEGER REFERENCES location (id) ON DELETE RESTRICT ON UPDATE CASCADE, south INTEGER REFERENCES location (id) ON DELETE CASCADE ON UPDATE RESTRICT, east INTEGER REFERENCES location (id) ON DELETE CASCADE ON UPDATE RESTRICT, west INTEGER REFERENCES location (id) ON DELETE RESTRICT ON UPDATE CASCADE);
INSERT INTO extent (id, north, south, east, west) VALUES (1, NULL, 18, 2, 1);
INSERT INTO extent (id, north, south, east, west) VALUES (2, 20, 16, 12, NULL);

-- Table: grammar_audio
DROP TABLE IF EXISTS grammar_audio;
CREATE TABLE grammar_audio (id INTEGER PRIMARY KEY AUTOINCREMENT, base_url STRING);
INSERT INTO grammar_audio (id, base_url) VALUES (1, 'history/c1w1-creation');
INSERT INTO grammar_audio (id, base_url) VALUES (2, 'history/c1w2-sumerians');
INSERT INTO grammar_audio (id, base_url) VALUES (3, 'history/c1w3-egyptians');
INSERT INTO grammar_audio (id, base_url) VALUES (4, 'history/c1w4-israelites');
INSERT INTO grammar_audio (id, base_url) VALUES (5, 'history/c1w5-hammurabi');
INSERT INTO grammar_audio (id, base_url) VALUES (6, 'history/c1w6-israel-united');
INSERT INTO grammar_audio (id, base_url) VALUES (7, 'science/c1w1-atom');
INSERT INTO grammar_audio (id, base_url) VALUES (8, 'science/c1w2-molecule');
INSERT INTO grammar_audio (id, base_url) VALUES (9, 'science/c1w3-mass');

-- Table: history
DROP TABLE IF EXISTS history;
CREATE TABLE history (id INTEGER PRIMARY KEY AUTOINCREMENT, cw INTEGER REFERENCES cycle_week (id) ON DELETE RESTRICT ON UPDATE CASCADE, event INTEGER REFERENCES event (id) ON DELETE RESTRICT ON UPDATE CASCADE UNIQUE NOT NULL);
INSERT INTO history (id, cw, event) VALUES (1, 3, 6);
INSERT INTO history (id, cw, event) VALUES (2, 2, 5);
INSERT INTO history (id, cw, event) VALUES (3, 1, 1);
INSERT INTO history (id, cw, event) VALUES (4, 29, 10);
INSERT INTO history (id, cw, event) VALUES (5, 4, 13);
INSERT INTO history (id, cw, event) VALUES (6, 5, 15);
INSERT INTO history (id, cw, event) VALUES (7, 6, 26);
INSERT INTO history (id, cw, event) VALUES (8, 7, 32);
INSERT INTO history (id, cw, event) VALUES (9, 8, 36);
INSERT INTO history (id, cw, event) VALUES (10, 9, 44);
INSERT INTO history (id, cw, event) VALUES (11, 10, 54);
INSERT INTO history (id, cw, event) VALUES (12, 11, 59);
INSERT INTO history (id, cw, event) VALUES (13, 12, 71);
INSERT INTO history (id, cw, event) VALUES (14, 13, 76);
INSERT INTO history (id, cw, event) VALUES (15, 14, 98);
INSERT INTO history (id, cw, event) VALUES (16, 30, 23);
INSERT INTO history (id, cw, event) VALUES (17, 57, 24);
INSERT INTO history (id, cw, event) VALUES (18, 31, 25);
INSERT INTO history (id, cw, event) VALUES (19, 32, 30);
INSERT INTO history (id, cw, event) VALUES (21, 33, 39);
INSERT INTO history (id, cw, event) VALUES (22, 58, 40);
INSERT INTO history (id, cw, event) VALUES (23, 34, 42);
INSERT INTO history (id, cw, event) VALUES (24, 35, 45);
INSERT INTO history (id, cw, event) VALUES (25, 36, 49);
INSERT INTO history (id, cw, event) VALUES (26, 37, 52);
INSERT INTO history (id, cw, event) VALUES (27, 38, 58);
INSERT INTO history (id, cw, event) VALUES (28, 39, 64);
INSERT INTO history (id, cw, event) VALUES (29, 40, 72);
INSERT INTO history (id, cw, event) VALUES (30, 41, 82);
INSERT INTO history (id, cw, event) VALUES (31, 59, 86);
INSERT INTO history (id, cw, event) VALUES (32, 42, 88);
INSERT INTO history (id, cw, event) VALUES (33, 60, 91);
INSERT INTO history (id, cw, event) VALUES (34, 61, 92);
INSERT INTO history (id, cw, event) VALUES (35, 43, 96);

-- Table: history_grammar_audio
DROP TABLE IF EXISTS history_grammar_audio;
CREATE TABLE history_grammar_audio (history INTEGER REFERENCES history (id) ON DELETE CASCADE ON UPDATE CASCADE, audio INTEGER REFERENCES grammar_audio (id) ON DELETE CASCADE ON UPDATE CASCADE);
INSERT INTO history_grammar_audio (history, audio) VALUES (3, 1);
INSERT INTO history_grammar_audio (history, audio) VALUES (2, 2);
INSERT INTO history_grammar_audio (history, audio) VALUES (1, 3);
INSERT INTO history_grammar_audio (history, audio) VALUES (5, 4);
INSERT INTO history_grammar_audio (history, audio) VALUES (6, 5);
INSERT INTO history_grammar_audio (history, audio) VALUES (7, 6);

-- Table: instructions
DROP TABLE IF EXISTS instructions;
CREATE TABLE instructions (id INTEGER PRIMARY KEY AUTOINCREMENT, text STRING);
INSERT INTO instructions (id, text) VALUES (1, 'Begin reading');
INSERT INTO instructions (id, text) VALUES (2, 'Read');
INSERT INTO instructions (id, text) VALUES (3, 'Read studiously');
INSERT INTO instructions (id, text) VALUES (4, 'Read critically');
INSERT INTO instructions (id, text) VALUES (5, 'Complete all exercises');
INSERT INTO instructions (id, text) VALUES (6, 'Complete odd exercises');
INSERT INTO instructions (id, text) VALUES (7, 'Finish reading');
INSERT INTO instructions (id, text) VALUES (8, 'Reference');
INSERT INTO instructions (id, text) VALUES (9, 'See details...');
INSERT INTO instructions (id, text) VALUES (10, 'Read introduction and chapter {chapters} (sans the in-chapter-assignments)');
INSERT INTO instructions (id, text) VALUES (11, 'Studiously read {chapters}');
INSERT INTO instructions (id, text) VALUES (12, 'Read chapters {chapters}');
INSERT INTO instructions (id, text) VALUES (13, 'Read pages {pages}');
INSERT INTO instructions (id, text) VALUES (14, 'Create your summary KWO for your unit topic and practice your presentation; consult at least one external resource (encyclopedia, Internet, etc.)');
INSERT INTO instructions (id, text) VALUES (15, 'Read the {chapters} chapter(s) and related texts');
INSERT INTO instructions (id, text) VALUES (17, 'Look back at the week 0 assignment to confirm that you completed all of the pre-week-1 prep work.');
INSERT INTO instructions (id, text) VALUES (18, 'Complete exercises for chapters {chapters}');
INSERT INTO instructions (id, text) VALUES (19, 'Write your paper, using your KWO and research completed in response to class feedback');
INSERT INTO instructions (id, text) VALUES (20, 'Complete work for the {chapters} chapter(s)');
INSERT INTO instructions (id, text) VALUES (22, 'Study Timeline, History, and Geography grammar for weeks {chapters}');
INSERT INTO instructions (id, text) VALUES (23, 'Master Timeline, History, and Geography grammar for weeks {chapters}');
INSERT INTO instructions (id, text) VALUES (24, 'Read Genesis 11:27 – 15; Psalm 40');
INSERT INTO instructions (id, text) VALUES (25, 'Watch <a href="https://www.youtube.com/watch?v=7TRQfei7JoI">Prager''s 10-Commandment series</a>');
INSERT INTO instructions (id, text) VALUES (26, 'Watch movie: Joseph (Turner Pictures, 2005, 185 min., from “The Bible Collection” series)');
INSERT INTO instructions (id, text) VALUES (27, 'Read <a href="https://www.baslibrary.org/biblical-archaeology-review/45/3/5">“Who Were the Assyrians”</a> in the May/June 2020 Biblical Archaeology Review');
INSERT INTO instructions (id, text) VALUES (28, 'Begin reading {chapters}');
INSERT INTO instructions (id, text) VALUES (29, 'Read for fun');
INSERT INTO instructions (id, text) VALUES (30, 'Choose an issue from {items}');
INSERT INTO instructions (id, text) VALUES (31, 'Complete an ANI with {items} items per column');
INSERT INTO instructions (id, text) VALUES (32, '... questions from the <b>Five Common Topics worksheet, page 9</b>');
INSERT INTO instructions (id, text) VALUES (33, 'Complete an ANI with {items} items per column, using...');
INSERT INTO instructions (id, text) VALUES (34, '... <u>and</u> the <b>Comparison I template, page 23</b>');
INSERT INTO instructions (id, text) VALUES (35, 'Use <b>Essay One Arrangement, pages 4-5</b> to...');
INSERT INTO instructions (id, text) VALUES (37, 'Sort your ANI, refer to <b>pages 10-12</b> for guidance');
INSERT INTO instructions (id, text) VALUES (38, 'Use <b>Essay Two Arrangement B worksheet, pages 13-14</b> to...');
INSERT INTO instructions (id, text) VALUES (39, 'Use <b>A Guide to Exordium, page 24</b>, to develop your exordium');
INSERT INTO instructions (id, text) VALUES (40, 'Use <b>Essay Three Arrangement B worksheet, pages 25-26,</b> to...');
INSERT INTO instructions (id, text) VALUES (41, 'Bring your outline to class');
INSERT INTO instructions (id, text) VALUES (42, 'Write your <b>Rudimentary Persuasive Essay (Essay One Checklist, page 108)</b> from your outline');
INSERT INTO instructions (id, text) VALUES (43, '... using <b>Parallelism I: Words, pages 16-19</b> to add parallelism');
INSERT INTO instructions (id, text) VALUES (44, 'Write your <b>Introductory Persuasive Essay (Essay One Checklist, page 109)</b> from your outline');
INSERT INTO instructions (id, text) VALUES (45, '... using <b>Basic Editing: Verbs, pages 29-31</b> to add strong verbs');
INSERT INTO instructions (id, text) VALUES (46, 'Write your <b>Basic Persuasive Essay (Essay Three Checklist, page 110)</b> from your outline');
INSERT INTO instructions (id, text) VALUES (47, 'Bring your essay to class');
INSERT INTO instructions (id, text) VALUES (48, '... <u>and</u> the <b>Comparison II template, page 35</b>');
INSERT INTO instructions (id, text) VALUES (49, 'Use <b>A Guide to Amplification, page 37,</b> to develop an amplification');
INSERT INTO instructions (id, text) VALUES (50, 'Use <b>Essay Four Arrangement B worksheets, pages 39-41,</b> to...');
INSERT INTO instructions (id, text) VALUES (51, 'Produce a <b>Basic Persuasive Essay Outline</b> with an Amplification (see template on <b>page 42</b>)');
INSERT INTO instructions (id, text) VALUES (52, 'Produce a <b>Basic Persuasive Essay Outline</b> from your ANI chart (like the one found on <b>page 28</b>)');
INSERT INTO instructions (id, text) VALUES (53, 'Produce an <b>Introductory Persuasive Essay Outline</b> from your ANI chart (like the one found on <b>page 15</b>)');
INSERT INTO instructions (id, text) VALUES (54, 'Produce a <b>Rudimentary Persuasive Essay Outline</b> from your ANI chart (like the one found on <b>page 6</b>)');
INSERT INTO instructions (id, text) VALUES (55, 'Using your issue from {items}...');
INSERT INTO instructions (id, text) VALUES (56, '... using <b>Parallelism II, page 43</b> to add parallel phrases or clauses');
INSERT INTO instructions (id, text) VALUES (57, 'Write your <b>Basic Persuasive Essay (Essay Four Checklist, page 111)</b> from your outline');
INSERT INTO instructions (id, text) VALUES (58, '... <u>and</u> the <b>Definition worksheet, page 51</b>');
INSERT INTO instructions (id, text) VALUES (59, 'Use <b>Arrangement: A guide to Division, page 53,</b> to add division to your outline');
INSERT INTO instructions (id, text) VALUES (60, 'Use <b>Essay Five Arrangement B worksheets, pages 55-57,</b> to...');
INSERT INTO instructions (id, text) VALUES (61, 'Produce a <b>Basic Persuasive Essay Outline</b> with Division (see template on <b>page 58</b>)');
INSERT INTO instructions (id, text) VALUES (62, 'Develop your exordium (p.24), amplification (p.37), and division (p.53)');
INSERT INTO instructions (id, text) VALUES (63, 'Write your <b>Basic Persuasive Essay (Essay Five Checklist, page 112)</b> from your outline');
INSERT INTO instructions (id, text) VALUES (64, '... using <b>Antithesis, page 59</b> to add parallel contrast');
INSERT INTO instructions (id, text) VALUES (65, '... the 5CT questions (p.9), Comparison I (p.23), and Comparison II (p.35)');
INSERT INTO instructions (id, text) VALUES (66, '... the 5CT questions (p.9), Comparison I (p.23), Comparison II (p.35), and Definition (p.51)');
INSERT INTO instructions (id, text) VALUES (67, '... <u>and</u> the <b>Circumstance exercises, page 65</b>');
INSERT INTO instructions (id, text) VALUES (68, 'Use <b>A Guide to Refutation, page 66,</b> to add the Refutation to your outline');
INSERT INTO instructions (id, text) VALUES (69, 'Use <b>Essay Six Arrangement B worksheets, pages 68-71,</b> to...');
INSERT INTO instructions (id, text) VALUES (70, 'Produce a <b>Basic Persuasive Essay Outline</b> with Refutation (see template on <b>page 72</b>)');
INSERT INTO instructions (id, text) VALUES (71, '... using Parallelism I (p.16-19), Verbs (p.29-31), and Parallelism II (p.43), and...');
INSERT INTO instructions (id, text) VALUES (72, 'Read Module {chapters}');
INSERT INTO instructions (id, text) VALUES (73, 'Do experiments {items} (choose one to do a Lab Notebook entry)');
INSERT INTO instructions (id, text) VALUES (74, 'Complete OYO {items} and Study Guide exercises');
INSERT INTO instructions (id, text) VALUES (75, 'Complete Module {chapters} test');
INSERT INTO instructions (id, text) VALUES (76, 'Do experiment {items} and Lab Notebook entry');
INSERT INTO instructions (id, text) VALUES (77, 'Read <b>only</b> pages {pages} of Module {chapters} {items}');
INSERT INTO instructions (id, text) VALUES (78, 'Read Module {chapters}, pages {pages}');
INSERT INTO instructions (id, text) VALUES (79, 'Do experiment {items} and Lab Notebook entry - record data');
INSERT INTO instructions (id, text) VALUES (80, 'Read "Student Notes" (Pages {pages})');
INSERT INTO instructions (id, text) VALUES (81, 'Read "{items}" (Pages {pages})');
INSERT INTO instructions (id, text) VALUES (83, '...NOTE: <b>Always</b> use the <b><u>factor-label method</u></b> even if you can work a problem an easier way or mentally.  The important thing is to master the factor-label method!');
INSERT INTO instructions (id, text) VALUES (84, 'Check answers to last week''s exercises if you didn''t already do so');
INSERT INTO instructions (id, text) VALUES (86, 'Highlight all of this unit''s timeline events that significantly involve this year''s geographic region (Africa, Asia (including the Middle East), and Australia)');
INSERT INTO instructions (id, text) VALUES (87, 'Choose your research topic for this unit (from the timeline and history events)');

-- Table: latin
DROP TABLE IF EXISTS latin;
CREATE TABLE latin (id INTEGER PRIMARY KEY AUTOINCREMENT, cw INTEGER REFERENCES cycle_week (id) ON DELETE RESTRICT ON UPDATE CASCADE, name STRING NOT NULL, pattern STRING NOT NULL, example STRING, example_worked STRING, example_translated STRING, UNIQUE (pattern, example, example_worked));
INSERT INTO latin (id, cw, name, pattern, example, example_worked, example_translated) VALUES (1, 3, 'first conjugation, present tense', 'ō, s, t; mus, tis, nt', 'amare (to love)', 'amō, amās, amat; amāmus, amātis, amant', 'I love, you love, he/she/it loves; we love, you all love, they love');
INSERT INTO latin (id, cw, name, pattern, example, example_worked, example_translated) VALUES (2, 4, 'first conjugation, present tense', 'ō, s, t; mus, tis, nt', 'videre (to see)', 'videō, vidēs, videt; vidēmus, vidētis, vident', 'I see, you see, he/she/it sees; we see, you all see, they see');
INSERT INTO latin (id, cw, name, pattern, example, example_worked, example_translated) VALUES (3, 7, 'noun cases', 'subject: nominative, possessive: genetive, indirect-object: dative, direct-object: accusative, object-of-the-preposition: ablative', NULL, NULL, NULL);
INSERT INTO latin (id, cw, name, pattern, example, example_worked, example_translated) VALUES (4, 10, 'noun: first declension', 'a, ae, ae, am, a (singular); ae, arum, is, as, is (plural) [SPIDO]', 'stella (star)', 'stella, stellae, stellae, stellam, stella; stellae, stellarum, stellis, stellas, stellis', NULL);
INSERT INTO latin (id, cw, name, pattern, example, example_worked, example_translated) VALUES (5, 11, 'noun: first declension', 'a, ae, ae, am, a (singular); ae, arum, is, as, is (plural) [SPIDO]', 'rosa (rose)', 'rosa, rosae, rosae, rosam, rosa; rosae, rosarum, rosis, rosas, rosis', NULL);
INSERT INTO latin (id, cw, name, pattern, example, example_worked, example_translated) VALUES (6, 14, 'noun: second declension', 'us, i, o, um, o (singular); i, orum, is, os, is (plural) [SPIDO]', 'filius (son)', 'filius, filii, filio, filium, filio; filii, filiorum, filiis, filios, filiis', NULL);

-- Table: latin_vocabulary
DROP TABLE IF EXISTS latin_vocabulary;
CREATE TABLE latin_vocabulary (id INTEGER PRIMARY KEY AUTOINCREMENT, cw INTEGER REFERENCES cycle_week (id) ON DELETE RESTRICT ON UPDATE CASCADE, word STRING NOT NULL UNIQUE, pos INTEGER REFERENCES part_of_speech (id) ON DELETE RESTRICT ON UPDATE CASCADE NOT NULL, translation STRING);
INSERT INTO latin_vocabulary (id, cw, word, pos, translation) VALUES (1, 1, 'amīcus, amīcī', 1, 'friend');
INSERT INTO latin_vocabulary (id, cw, word, pos, translation) VALUES (2, 1, 'bene', 3, 'well, best');
INSERT INTO latin_vocabulary (id, cw, word, pos, translation) VALUES (3, 1, 'sagāx, sagāc', 3, 'wise');
INSERT INTO latin_vocabulary (id, cw, word, pos, translation) VALUES (4, 1, 'pater, patris', 1, 'father');
INSERT INTO latin_vocabulary (id, cw, word, pos, translation) VALUES (5, 1, 'māter, mātris', 1, 'mother');
INSERT INTO latin_vocabulary (id, cw, word, pos, translation) VALUES (6, 2, 'lūx, lūcis', 1, 'light');
INSERT INTO latin_vocabulary (id, cw, word, pos, translation) VALUES (8, 2, 'omnis', 3, 'all, every');
INSERT INTO latin_vocabulary (id, cw, word, pos, translation) VALUES (9, 2, 'labor, labōris', 1, 'effort, toil, labor');
INSERT INTO latin_vocabulary (id, cw, word, pos, translation) VALUES (10, 2, 'vēritās, vēritātis', 1, 'truth');
INSERT INTO latin_vocabulary (id, cw, word, pos, translation) VALUES (11, 2, 'viritūs, virtūtis', 1, 'virtue, courage');
INSERT INTO latin_vocabulary (id, cw, word, pos, translation) VALUES (12, 2, 'vōx, vōcis', 1, 'voice, cry');
INSERT INTO latin_vocabulary (id, cw, word, pos, translation) VALUES (13, 5, 'soror, sorōris', 1, 'sister');
INSERT INTO latin_vocabulary (id, cw, word, pos, translation) VALUES (15, 5, 'hesterno', 5, 'yesterday');
INSERT INTO latin_vocabulary (id, cw, word, pos, translation) VALUES (16, 5, 'hodie', 5, 'today');
INSERT INTO latin_vocabulary (id, cw, word, pos, translation) VALUES (17, 5, 'semper', 5, 'always, ever');
INSERT INTO latin_vocabulary (id, cw, word, pos, translation) VALUES (19, 5, 'frigidus', 3, 'cold, winter');
INSERT INTO latin_vocabulary (id, cw, word, pos, translation) VALUES (20, 5, 'īgnis', 1, 'fire');
INSERT INTO latin_vocabulary (id, cw, word, pos, translation) VALUES (21, 6, 'glōria, glōriae', 1, 'glory, fame');
INSERT INTO latin_vocabulary (id, cw, word, pos, translation) VALUES (22, 6, 'juvenis', 1, 'juvenile, youth');
INSERT INTO latin_vocabulary (id, cw, word, pos, translation) VALUES (23, 6, 'lingua, linguae', 1, 'language, speech');
INSERT INTO latin_vocabulary (id, cw, word, pos, translation) VALUES (24, 6, 'lūdus, lūdī', 1, 'game, sport');
INSERT INTO latin_vocabulary (id, cw, word, pos, translation) VALUES (25, 6, 'lūdiō, lūdiōnis', 1, 'player, actor, dancer');
INSERT INTO latin_vocabulary (id, cw, word, pos, translation) VALUES (26, 8, 'pāx', 1, 'peace');
INSERT INTO latin_vocabulary (id, cw, word, pos, translation) VALUES (27, 8, 'clāmor', 1, 'shout, shouting');
INSERT INTO latin_vocabulary (id, cw, word, pos, translation) VALUES (28, 8, 'adventus', 1, 'arrival, coming');
INSERT INTO latin_vocabulary (id, cw, word, pos, translation) VALUES (29, 8, 'via', 1, 'way, road');
INSERT INTO latin_vocabulary (id, cw, word, pos, translation) VALUES (30, 8, 'vita', 1, 'life');
INSERT INTO latin_vocabulary (id, cw, word, pos, translation) VALUES (31, 8, 'iter', 1, 'journey, march, route');
INSERT INTO latin_vocabulary (id, cw, word, pos, translation) VALUES (32, 9, 'prīnceps', 1, 'chief, primary leader');
INSERT INTO latin_vocabulary (id, cw, word, pos, translation) VALUES (34, 9, 'fidēs', 1, 'faith, faithfulness');
INSERT INTO latin_vocabulary (id, cw, word, pos, translation) VALUES (35, 9, 'fortis', 1, 'brave, strong');
INSERT INTO latin_vocabulary (id, cw, word, pos, translation) VALUES (36, 9, 'difficilis', 1, 'difficult');
INSERT INTO latin_vocabulary (id, cw, word, pos, translation) VALUES (37, 9, 'facilis', 1, 'easy');
INSERT INTO latin_vocabulary (id, cw, word, pos, translation) VALUES (38, 12, 'memoria', 1, 'memory, recall');
INSERT INTO latin_vocabulary (id, cw, word, pos, translation) VALUES (39, 12, 'nihil', 1, 'nothing');
INSERT INTO latin_vocabulary (id, cw, word, pos, translation) VALUES (40, 12, 'nefas', 1, 'wrong, sin');
INSERT INTO latin_vocabulary (id, cw, word, pos, translation) VALUES (41, 12, 'exerceo', 1, 'exercise, train');
INSERT INTO latin_vocabulary (id, cw, word, pos, translation) VALUES (42, 12, 'exspecto', 4, 'expect, look for');
INSERT INTO latin_vocabulary (id, cw, word, pos, translation) VALUES (43, 12, 'exulto', 4, 'exult, be joyful');
INSERT INTO latin_vocabulary (id, cw, word, pos, translation) VALUES (44, 13, 'capax', 3, 'capable');
INSERT INTO latin_vocabulary (id, cw, word, pos, translation) VALUES (45, 13, 'scandere', 4, 'to climb');
INSERT INTO latin_vocabulary (id, cw, word, pos, translation) VALUES (46, 13, 'delere', 4, 'blotted out (“deleted”)');
INSERT INTO latin_vocabulary (id, cw, word, pos, translation) VALUES (47, 13, 'diligere', 4, 'love, take delight in');
INSERT INTO latin_vocabulary (id, cw, word, pos, translation) VALUES (48, 13, 'exemplum', 1, 'imitation, sample');
INSERT INTO latin_vocabulary (id, cw, word, pos, translation) VALUES (49, 13, 'flos', 1, 'flower');
INSERT INTO latin_vocabulary (id, cw, word, pos, translation) VALUES (50, 12, 'gusto', 1, 'taste');
INSERT INTO latin_vocabulary (id, cw, word, pos, translation) VALUES (51, 9, 'nōmen', 1, 'name');
INSERT INTO latin_vocabulary (id, cw, word, pos, translation) VALUES (600, 1, 'frāter, frātris', 1, 'brother');

-- Table: leadership_role
DROP TABLE IF EXISTS leadership_role;
CREATE TABLE leadership_role (id INTEGER PRIMARY KEY AUTOINCREMENT, name STRING);
INSERT INTO leadership_role (id, name) VALUES (1, 'Community Coordinator');
INSERT INTO leadership_role (id, name) VALUES (2, 'Art Coordinator');
INSERT INTO leadership_role (id, name) VALUES (3, 'Science Coordinator');
INSERT INTO leadership_role (id, name) VALUES (4, 'Tutor');
INSERT INTO leadership_role (id, name) VALUES (5, 'Board Member');

-- Table: location
DROP TABLE IF EXISTS location;
CREATE TABLE location (id INTEGER PRIMARY KEY AUTOINCREMENT, cw INTEGER NOT NULL, name TEXT NOT NULL, city BOOLEAN NOT NULL DEFAULT 0, feature BOOLEAN NOT NULL DEFAULT 0, FOREIGN KEY (cw) REFERENCES cycle_week (id) ON UPDATE RESTRICT ON DELETE RESTRICT, UNIQUE (cw, name));
INSERT INTO location (id, cw, name, city, feature) VALUES (1, 1, 'Euphrates River', 0, 1);
INSERT INTO location (id, cw, name, city, feature) VALUES (2, 1, 'Tigris River', 0, 1);
INSERT INTO location (id, cw, name, city, feature) VALUES (3, 1, 'Mesopotamia', 0, 0);
INSERT INTO location (id, cw, name, city, feature) VALUES (4, 1, 'Sumer', 0, 0);
INSERT INTO location (id, cw, name, city, feature) VALUES (5, 1, 'Akkad', 1, 0);
INSERT INTO location (id, cw, name, city, feature) VALUES (6, 1, 'Ur', 1, 0);
INSERT INTO location (id, cw, name, city, feature) VALUES (7, 1, 'Uruk', 1, 0);
INSERT INTO location (id, cw, name, city, feature) VALUES (8, 85, 'Eridu', 1, 0);
INSERT INTO location (id, cw, name, city, feature) VALUES (9, 1, 'AAA', 0, 0);
INSERT INTO location (id, cw, name, city, feature) VALUES (10, 2, 'Nile Valley', 0, 0);
INSERT INTO location (id, cw, name, city, feature) VALUES (11, 2, 'Nile River', 0, 1);
INSERT INTO location (id, cw, name, city, feature) VALUES (12, 2, 'Red Sea', 0, 1);
INSERT INTO location (id, cw, name, city, feature) VALUES (13, 2, 'Upper Egypt', 0, 0);
INSERT INTO location (id, cw, name, city, feature) VALUES (14, 2, 'Lower Egypt', 0, 0);
INSERT INTO location (id, cw, name, city, feature) VALUES (15, 2, 'Memphis', 1, 0);
INSERT INTO location (id, cw, name, city, feature) VALUES (16, 2, 'Nubia', 0, 0);
INSERT INTO location (id, cw, name, city, feature) VALUES (17, 1, 'Arabian Desert', 0, 1);
INSERT INTO location (id, cw, name, city, feature) VALUES (18, 1, 'Persian Gulf', 0, 1);
INSERT INTO location (id, cw, name, city, feature) VALUES (19, 2, 'Nile Delta', 0, 1);
INSERT INTO location (id, cw, name, city, feature) VALUES (20, 2, 'Mediterranean Sea', 0, 1);
INSERT INTO location (id, cw, name, city, feature) VALUES (21, 29, 'Mediterranean Sea', 0, 1);
INSERT INTO location (id, cw, name, city, feature) VALUES (22, 29, 'Europe', 0, 0);
INSERT INTO location (id, cw, name, city, feature) VALUES (23, 5, 'India', 0, 0);
INSERT INTO location (id, cw, name, city, feature) VALUES (24, 169, 'World', 0, 0);
INSERT INTO location (id, cw, name, city, feature) VALUES (25, 169, 'Italy', 0, 0);
INSERT INTO location (id, cw, name, city, feature) VALUES (26, 169, 'Asia Minor', 0, 0);
INSERT INTO location (id, cw, name, city, feature) VALUES (27, 169, 'Mediterranean', 0, 0);
INSERT INTO location (id, cw, name, city, feature) VALUES (28, 169, 'West Africa', 0, 0);
INSERT INTO location (id, cw, name, city, feature) VALUES (29, 169, 'North Africa', 0, 0);
INSERT INTO location (id, cw, name, city, feature) VALUES (30, 169, 'Rome', 0, 0);
INSERT INTO location (id, cw, name, city, feature) VALUES (31, 169, 'South Africa', 0, 0);
INSERT INTO location (id, cw, name, city, feature) VALUES (32, 169, 'Mesoamerica', 0, 0);
INSERT INTO location (id, cw, name, city, feature) VALUES (33, 169, 'Jerusalem', 0, 0);
INSERT INTO location (id, cw, name, city, feature) VALUES (34, 169, 'Israel', 0, 0);
INSERT INTO location (id, cw, name, city, feature) VALUES (35, 169, 'Egypt', 0, 0);
INSERT INTO location (id, cw, name, city, feature) VALUES (36, 169, 'Middle East', 0, 0);
INSERT INTO location (id, cw, name, city, feature) VALUES (37, 169, 'Aegean / Mycenaean', 0, 0);
INSERT INTO location (id, cw, name, city, feature) VALUES (38, 169, 'Greece', 0, 0);
INSERT INTO location (id, cw, name, city, feature) VALUES (39, 169, 'Asia', 0, 0);
INSERT INTO location (id, cw, name, city, feature) VALUES (40, 169, 'Judah', 0, 0);
INSERT INTO location (id, cw, name, city, feature) VALUES (41, 169, 'Levant', 0, 0);
INSERT INTO location (id, cw, name, city, feature) VALUES (42, 169, 'North America', 0, 0);
INSERT INTO location (id, cw, name, city, feature) VALUES (43, 169, 'Western Europe', 0, 0);
INSERT INTO location (id, cw, name, city, feature) VALUES (44, 169, 'Eastern Europe', 0, 0);
INSERT INTO location (id, cw, name, city, feature) VALUES (45, 169, 'South America', 0, 0);
INSERT INTO location (id, cw, name, city, feature) VALUES (46, 169, 'Japan', 0, 0);
INSERT INTO location (id, cw, name, city, feature) VALUES (47, 169, 'China', 0, 0);
INSERT INTO location (id, cw, name, city, feature) VALUES (48, 169, 'England', 0, 0);
INSERT INTO location (id, cw, name, city, feature) VALUES (49, 169, 'Persia', 0, 0);
INSERT INTO location (id, cw, name, city, feature) VALUES (50, 169, 'Fertile Crescent', 0, 0);
INSERT INTO location (id, cw, name, city, feature) VALUES (51, 169, 'Central Africa', 0, 0);
INSERT INTO location (id, cw, name, city, feature) VALUES (52, 169, 'Persian Desert', 0, 1);
INSERT INTO location (id, cw, name, city, feature) VALUES (53, 169, 'Korea', 0, 0);

-- Table: new_user_invitation
DROP TABLE IF EXISTS new_user_invitation;
CREATE TABLE new_user_invitation (id INTEGER PRIMARY KEY AUTOINCREMENT, person INTEGER REFERENCES person (id) ON DELETE CASCADE ON UPDATE CASCADE, code STRING UNIQUE, issue_date DATE, accepted_date DATE, confirmation_problems STRING);
INSERT INTO new_user_invitation (id, person, code, issue_date, accepted_date, confirmation_problems) VALUES (1, 12, 'bueihdw584a8', '2020-06-05', NULL, NULL);
INSERT INTO new_user_invitation (id, person, code, issue_date, accepted_date, confirmation_problems) VALUES (2, 10, '5nxt919rz7hp', '2020-06-05', NULL, NULL);
INSERT INTO new_user_invitation (id, person, code, issue_date, accepted_date, confirmation_problems) VALUES (3, 46, 'dncgpq2zmvty', '2020-06-05', NULL, NULL);
INSERT INTO new_user_invitation (id, person, code, issue_date, accepted_date, confirmation_problems) VALUES (4, 7, 'il07ntpcxu06', '2020-06-05', NULL, NULL);
INSERT INTO new_user_invitation (id, person, code, issue_date, accepted_date, confirmation_problems) VALUES (5, 29, 'xk5j1bvtrubr', '2020-06-05', NULL, NULL);
INSERT INTO new_user_invitation (id, person, code, issue_date, accepted_date, confirmation_problems) VALUES (6, 25, 'dpine1q1gcu1', '2020-06-05', NULL, NULL);
INSERT INTO new_user_invitation (id, person, code, issue_date, accepted_date, confirmation_problems) VALUES (7, 35, '32ms1ug4a4q2', '2020-06-05', NULL, NULL);
INSERT INTO new_user_invitation (id, person, code, issue_date, accepted_date, confirmation_problems) VALUES (8, 55, 'z2sgj9tn0llh', '2020-06-05', NULL, NULL);
INSERT INTO new_user_invitation (id, person, code, issue_date, accepted_date, confirmation_problems) VALUES (9, 51, '74tqgvndzirm', '2020-06-05', NULL, NULL);
INSERT INTO new_user_invitation (id, person, code, issue_date, accepted_date, confirmation_problems) VALUES (10, 17, 'w75e9oqo3qfx', '2020-06-05', NULL, NULL);
INSERT INTO new_user_invitation (id, person, code, issue_date, accepted_date, confirmation_problems) VALUES (11, 57, 'bk9idxjs4qae', '2020-06-05', NULL, NULL);
INSERT INTO new_user_invitation (id, person, code, issue_date, accepted_date, confirmation_problems) VALUES (12, 58, 'qsuo0y2g5934', '2020-06-05', NULL, NULL);
INSERT INTO new_user_invitation (id, person, code, issue_date, accepted_date, confirmation_problems) VALUES (13, 59, 'l72ex7vvujtg', '2020-06-05', NULL, NULL);
INSERT INTO new_user_invitation (id, person, code, issue_date, accepted_date, confirmation_problems) VALUES (14, 20, '4fyg1pgh4cxc', '2020-06-05', NULL, NULL);
INSERT INTO new_user_invitation (id, person, code, issue_date, accepted_date, confirmation_problems) VALUES (16, 40, 'ojxa1e56gx2n', '2020-06-05', NULL, NULL);

-- Table: orientation
DROP TABLE IF EXISTS orientation;
CREATE TABLE orientation (location1 INTEGER REFERENCES location (id) ON DELETE CASCADE ON UPDATE CASCADE NOT NULL, direction INTEGER REFERENCES direction (id) ON DELETE RESTRICT ON UPDATE RESTRICT NOT NULL, location2 INTEGER REFERENCES location (id) ON DELETE CASCADE ON UPDATE CASCADE NOT NULL, UNIQUE (location1, direction, location2));
INSERT INTO orientation (location1, direction, location2) VALUES (13, 4, 14);
INSERT INTO orientation (location1, direction, location2) VALUES (16, 4, 13);
INSERT INTO orientation (location1, direction, location2) VALUES (1, 8, 18);
INSERT INTO orientation (location1, direction, location2) VALUES (2, 8, 18);
INSERT INTO orientation (location1, direction, location2) VALUES (3, 8, 18);
INSERT INTO orientation (location1, direction, location2) VALUES (4, 8, 18);
INSERT INTO orientation (location1, direction, location2) VALUES (5, 8, 18);
INSERT INTO orientation (location1, direction, location2) VALUES (6, 8, 18);
INSERT INTO orientation (location1, direction, location2) VALUES (7, 8, 18);
INSERT INTO orientation (location1, direction, location2) VALUES (1, 1, 17);
INSERT INTO orientation (location1, direction, location2) VALUES (3, 1, 17);
INSERT INTO orientation (location1, direction, location2) VALUES (8, 8, 18);
INSERT INTO orientation (location1, direction, location2) VALUES (2, 2, 1);
INSERT INTO orientation (location1, direction, location2) VALUES (10, 6, 12);
INSERT INTO orientation (location1, direction, location2) VALUES (11, 6, 12);
INSERT INTO orientation (location1, direction, location2) VALUES (13, 6, 12);
INSERT INTO orientation (location1, direction, location2) VALUES (14, 6, 12);
INSERT INTO orientation (location1, direction, location2) VALUES (15, 6, 12);
INSERT INTO orientation (location1, direction, location2) VALUES (19, 6, 12);
INSERT INTO orientation (location1, direction, location2) VALUES (16, 6, 12);
INSERT INTO orientation (location1, direction, location2) VALUES (12, 6, 17);
INSERT INTO orientation (location1, direction, location2) VALUES (14, 8, 13);
INSERT INTO orientation (location1, direction, location2) VALUES (12, 6, 18);
INSERT INTO orientation (location1, direction, location2) VALUES (17, 6, 18);
INSERT INTO orientation (location1, direction, location2) VALUES (19, 4, 20);

-- Table: part_of_speech
DROP TABLE IF EXISTS part_of_speech;
CREATE TABLE part_of_speech (id INTEGER PRIMARY KEY AUTOINCREMENT, name STRING);
INSERT INTO part_of_speech (id, name) VALUES (1, 'noun');
INSERT INTO part_of_speech (id, name) VALUES (2, 'pronoun');
INSERT INTO part_of_speech (id, name) VALUES (3, 'adjective');
INSERT INTO part_of_speech (id, name) VALUES (4, 'verb');
INSERT INTO part_of_speech (id, name) VALUES (5, 'adverb');
INSERT INTO part_of_speech (id, name) VALUES (6, 'conjunction');
INSERT INTO part_of_speech (id, name) VALUES (7, 'preposition');
INSERT INTO part_of_speech (id, name) VALUES (8, 'interjection');

-- Table: payment
DROP TABLE IF EXISTS payment;
CREATE TABLE payment (id INTEGER PRIMARY KEY AUTOINCREMENT, academic_year INTEGER REFERENCES academic_year (id) ON DELETE CASCADE ON UPDATE CASCADE, person INTEGER REFERENCES person (id) ON DELETE RESTRICT ON UPDATE CASCADE, amount INTEGER, check_number STRING, date DATE);
INSERT INTO payment (id, academic_year, person, amount, check_number, date) VALUES (1, 1, 7, 15000, 1741, '2020-05-27');
INSERT INTO payment (id, academic_year, person, amount, check_number, date) VALUES (2, 1, 9, 5000, 6669, '2020-06-03');
INSERT INTO payment (id, academic_year, person, amount, check_number, date) VALUES (3, 1, 34, 5000, 137, '2020-06-03');
INSERT INTO payment (id, academic_year, person, amount, check_number, date) VALUES (4, 1, 39, 5000, 1295, '2020-06-03');
INSERT INTO payment (id, academic_year, person, amount, check_number, date) VALUES (5, 1, 45, 5000, 1105, '2020-06-04');
INSERT INTO payment (id, academic_year, person, amount, check_number, date) VALUES (6, 1, 50, 5000, 189, '2020-06-03');
INSERT INTO payment (id, academic_year, person, amount, check_number, date) VALUES (7, 1, 54, 5000, 153, '2020-06-06');
INSERT INTO payment (id, academic_year, person, amount, check_number, date) VALUES (8, 1, 24, 5000, 3869, '2020-06-05');
INSERT INTO payment (id, academic_year, person, amount, check_number, date) VALUES (9, 1, 28, 5000, 1984, '2020-06-05');
INSERT INTO payment (id, academic_year, person, amount, check_number, date) VALUES (10, 1, 16, 10000, 1754, '2020-06-05');
INSERT INTO payment (id, academic_year, person, amount, check_number, date) VALUES (11, 1, 11, 5000, 1839, '2020-06-05');
INSERT INTO payment (id, academic_year, person, amount, check_number, date) VALUES (12, 1, 20, 5000, 1421, '2020-06-05');

-- Table: person
DROP TABLE IF EXISTS person;
CREATE TABLE person (id INTEGER PRIMARY KEY AUTOINCREMENT, first_name STRING, last_name STRING, user INTEGER REFERENCES user (id) ON DELETE CASCADE ON UPDATE CASCADE, birthdate DATE, male INTEGER, head_of_household INTEGER);
INSERT INTO person (id, first_name, last_name, user, birthdate, male, head_of_household) VALUES (1, 'Michaila', 'Caine', NULL, '2006-04-10', 0, NULL);
INSERT INTO person (id, first_name, last_name, user, birthdate, male, head_of_household) VALUES (2, 'Alana', 'Caine', NULL, '2008-10-08', 0, NULL);
INSERT INTO person (id, first_name, last_name, user, birthdate, male, head_of_household) VALUES (3, 'Emma', 'Caine', NULL, '2010-06-05', 0, NULL);
INSERT INTO person (id, first_name, last_name, user, birthdate, male, head_of_household) VALUES (4, 'Parker', 'Brann', NULL, '2013-05-17', 1, NULL);
INSERT INTO person (id, first_name, last_name, user, birthdate, male, head_of_household) VALUES (5, 'Alden', 'Brann', NULL, '2007-09-13', 1, NULL);
INSERT INTO person (id, first_name, last_name, user, birthdate, male, head_of_household) VALUES (6, 'Isabella', 'Brann', NULL, '2005-10-05', 0, NULL);
INSERT INTO person (id, first_name, last_name, user, birthdate, male, head_of_household) VALUES (7, 'Michael', 'Caine', NULL, NULL, 1, 1);
INSERT INTO person (id, first_name, last_name, user, birthdate, male, head_of_household) VALUES (8, 'Kirsten', 'Caine', NULL, NULL, NULL, NULL);
INSERT INTO person (id, first_name, last_name, user, birthdate, male, head_of_household) VALUES (9, 'Darrell', 'Brann', NULL, NULL, 1, 1);
INSERT INTO person (id, first_name, last_name, user, birthdate, male, head_of_household) VALUES (10, 'Christi', 'Brann', NULL, NULL, NULL, NULL);
INSERT INTO person (id, first_name, last_name, user, birthdate, male, head_of_household) VALUES (11, 'Ben', 'Boyd', NULL, NULL, 1, 1);
INSERT INTO person (id, first_name, last_name, user, birthdate, male, head_of_household) VALUES (12, 'Sheri', 'Boyd', NULL, NULL, NULL, NULL);
INSERT INTO person (id, first_name, last_name, user, birthdate, male, head_of_household) VALUES (13, 'Gloriana', 'Boyd', NULL, '2007-01-22', NULL, NULL);
INSERT INTO person (id, first_name, last_name, user, birthdate, male, head_of_household) VALUES (14, 'Zion', 'Boyd', NULL, '2008-06-11', NULL, NULL);
INSERT INTO person (id, first_name, last_name, user, birthdate, male, head_of_household) VALUES (15, 'Jamin', 'Boyd', NULL, '2010-07-02', 1, NULL);
INSERT INTO person (id, first_name, last_name, user, birthdate, male, head_of_household) VALUES (16, 'Charley', 'Neveau', NULL, NULL, 1, 1);
INSERT INTO person (id, first_name, last_name, user, birthdate, male, head_of_household) VALUES (17, 'Liz', 'Neveau', NULL, NULL, NULL, NULL);
INSERT INTO person (id, first_name, last_name, user, birthdate, male, head_of_household) VALUES (18, 'Gabriel', 'Neveau', NULL, '2009-10-27', 1, NULL);
INSERT INTO person (id, first_name, last_name, user, birthdate, male, head_of_household) VALUES (19, 'Ruth', 'Neveau', NULL, '2013-2-24', NULL, NULL);
INSERT INTO person (id, first_name, last_name, user, birthdate, male, head_of_household) VALUES (20, 'Phil', 'Sheahan', NULL, NULL, 1, 1);
INSERT INTO person (id, first_name, last_name, user, birthdate, male, head_of_household) VALUES (21, 'Emily', 'Sheahan', NULL, NULL, NULL, NULL);
INSERT INTO person (id, first_name, last_name, user, birthdate, male, head_of_household) VALUES (22, 'Caleb', 'Sheahan', NULL, '2005-06-06', 1, NULL);
INSERT INTO person (id, first_name, last_name, user, birthdate, male, head_of_household) VALUES (23, 'Hannah', 'Sheahan', NULL, '2008-07-16', NULL, NULL);
INSERT INTO person (id, first_name, last_name, user, birthdate, male, head_of_household) VALUES (24, 'David', 'Hurley', NULL, NULL, 1, 1);
INSERT INTO person (id, first_name, last_name, user, birthdate, male, head_of_household) VALUES (25, 'Susanna', 'Hurley', NULL, NULL, NULL, NULL);
INSERT INTO person (id, first_name, last_name, user, birthdate, male, head_of_household) VALUES (26, 'Andrew', 'Hurley', NULL, '2006-08-21', 1, NULL);
INSERT INTO person (id, first_name, last_name, user, birthdate, male, head_of_household) VALUES (27, 'Abigail', 'Hurley', NULL, '2008-06-22', NULL, NULL);
INSERT INTO person (id, first_name, last_name, user, birthdate, male, head_of_household) VALUES (28, 'Zac', 'Hostetter', NULL, NULL, 1, 1);
INSERT INTO person (id, first_name, last_name, user, birthdate, male, head_of_household) VALUES (29, 'Caitlin', 'Hostetter', NULL, NULL, NULL, NULL);
INSERT INTO person (id, first_name, last_name, user, birthdate, male, head_of_household) VALUES (30, 'Freyja', 'Hostetter', NULL, '2008-05-15', NULL, NULL);
INSERT INTO person (id, first_name, last_name, user, birthdate, male, head_of_household) VALUES (31, 'Jude', 'Hostetter', NULL, '2010-01-31', 1, NULL);
INSERT INTO person (id, first_name, last_name, user, birthdate, male, head_of_household) VALUES (32, 'Rhys', 'Hostetter', NULL, '2012-02-05', 1, NULL);
INSERT INTO person (id, first_name, last_name, user, birthdate, male, head_of_household) VALUES (33, 'Llew', 'Hostetter', NULL, '2016-01-13', 1, NULL);
INSERT INTO person (id, first_name, last_name, user, birthdate, male, head_of_household) VALUES (34, 'Eddie', 'Kilner', NULL, NULL, 1, 1);
INSERT INTO person (id, first_name, last_name, user, birthdate, male, head_of_household) VALUES (35, 'Carrie', 'Kilner', NULL, NULL, NULL, NULL);
INSERT INTO person (id, first_name, last_name, user, birthdate, male, head_of_household) VALUES (36, 'William', 'Kilner', NULL, '2009-11-07', 1, NULL);
INSERT INTO person (id, first_name, last_name, user, birthdate, male, head_of_household) VALUES (37, 'Duncan', 'Kilner', NULL, '2011-12-29', 1, NULL);
INSERT INTO person (id, first_name, last_name, user, birthdate, male, head_of_household) VALUES (38, 'Fiona', 'Kilner', NULL, '2013-12-03', NULL, NULL);
INSERT INTO person (id, first_name, last_name, user, birthdate, male, head_of_household) VALUES (39, 'Jon', 'VanderZanden', NULL, NULL, 1, 1);
INSERT INTO person (id, first_name, last_name, user, birthdate, male, head_of_household) VALUES (40, 'Jamie', 'VanderZanden', NULL, NULL, NULL, NULL);
INSERT INTO person (id, first_name, last_name, user, birthdate, male, head_of_household) VALUES (41, 'Adelyn', 'VanderZanden', NULL, '2011-01-21', NULL, NULL);
INSERT INTO person (id, first_name, last_name, user, birthdate, male, head_of_household) VALUES (42, 'Josiah', 'VanderZanden', NULL, '2012-12-12', 1, NULL);
INSERT INTO person (id, first_name, last_name, user, birthdate, male, head_of_household) VALUES (43, 'Briggs', 'VanderZanden', NULL, '2014-05-14', 1, NULL);
INSERT INTO person (id, first_name, last_name, user, birthdate, male, head_of_household) VALUES (44, 'Kimber', 'VanderZanden', NULL, '2016-05-23', NULL, NULL);
INSERT INTO person (id, first_name, last_name, user, birthdate, male, head_of_household) VALUES (45, 'Brian', 'Buck', NULL, NULL, 1, 1);
INSERT INTO person (id, first_name, last_name, user, birthdate, male, head_of_household) VALUES (46, 'Jessica', 'Buck', NULL, NULL, NULL, NULL);
INSERT INTO person (id, first_name, last_name, user, birthdate, male, head_of_household) VALUES (47, 'Nolan', 'Buck', NULL, '2011-07-24', 1, NULL);
INSERT INTO person (id, first_name, last_name, user, birthdate, male, head_of_household) VALUES (48, 'Pierce', 'Buck', NULL, '2015-10-24', 1, NULL);
INSERT INTO person (id, first_name, last_name, user, birthdate, male, head_of_household) VALUES (49, 'Selah', 'Buck', NULL, '2018-05-16', NULL, NULL);
INSERT INTO person (id, first_name, last_name, user, birthdate, male, head_of_household) VALUES (50, 'Brandon', 'Miller', NULL, NULL, 1, 1);
INSERT INTO person (id, first_name, last_name, user, birthdate, male, head_of_household) VALUES (51, 'Laura', 'Miller', NULL, NULL, NULL, NULL);
INSERT INTO person (id, first_name, last_name, user, birthdate, male, head_of_household) VALUES (52, 'Samantha', 'Miller', NULL, '2015-05-20', NULL, NULL);
INSERT INTO person (id, first_name, last_name, user, birthdate, male, head_of_household) VALUES (53, 'Eli', 'Miller', NULL, NULL, 1, NULL);
INSERT INTO person (id, first_name, last_name, user, birthdate, male, head_of_household) VALUES (54, 'Scott', 'McDonald', NULL, NULL, 1, 1);
INSERT INTO person (id, first_name, last_name, user, birthdate, male, head_of_household) VALUES (55, 'Mick', 'McDonald', NULL, NULL, NULL, NULL);
INSERT INTO person (id, first_name, last_name, user, birthdate, male, head_of_household) VALUES (56, 'Daniel', 'Paul', NULL, NULL, 1, 1);
INSERT INTO person (id, first_name, last_name, user, birthdate, male, head_of_household) VALUES (57, 'Julie', 'Paul', NULL, NULL, NULL, NULL);
INSERT INTO person (id, first_name, last_name, user, birthdate, male, head_of_household) VALUES (58, 'Lou', 'Perry', NULL, NULL, 1, 1);
INSERT INTO person (id, first_name, last_name, user, birthdate, male, head_of_household) VALUES (59, 'Deyette', 'Perry', NULL, NULL, NULL, NULL);
INSERT INTO person (id, first_name, last_name, user, birthdate, male, head_of_household) VALUES (60, 'Flora', 'McDonald', NULL, '2005-04-25', NULL, NULL);
INSERT INTO person (id, first_name, last_name, user, birthdate, male, head_of_household) VALUES (61, 'Iona', 'McDonald', NULL, '2006-08-26', NULL, NULL);
INSERT INTO person (id, first_name, last_name, user, birthdate, male, head_of_household) VALUES (62, 'Opal', 'McDonald', NULL, '2007-12-22', NULL, NULL);
INSERT INTO person (id, first_name, last_name, user, birthdate, male, head_of_household) VALUES (63, 'George', 'McDonald', NULL, '2010-08-22', 1, NULL);
INSERT INTO person (id, first_name, last_name, user, birthdate, male, head_of_household) VALUES (64, 'Helen', 'McDonald', NULL, '2012-11-08', NULL, NULL);
INSERT INTO person (id, first_name, last_name, user, birthdate, male, head_of_household) VALUES (65, 'Xander', 'Perry', NULL, '2007-04-05', NULL, NULL);
INSERT INTO person (id, first_name, last_name, user, birthdate, male, head_of_household) VALUES (66, 'Dawson', 'Perry', NULL, '2008-12-27', NULL, NULL);
INSERT INTO person (id, first_name, last_name, user, birthdate, male, head_of_household) VALUES (67, 'Genevieve', 'Perry', NULL, '2010-08-13', NULL, NULL);
INSERT INTO person (id, first_name, last_name, user, birthdate, male, head_of_household) VALUES (68, 'Carli Anne', 'Paul', NULL, '2012-01-18', NULL, NULL);
INSERT INTO person (id, first_name, last_name, user, birthdate, male, head_of_household) VALUES (69, 'Lillian', 'Paul', NULL, '2010-07-10', NULL, NULL);
INSERT INTO person (id, first_name, last_name, user, birthdate, male, head_of_household) VALUES (70, 'Riley', 'Paul', NULL, '2013-07-17', NULL, NULL);

-- Table: person_address
DROP TABLE IF EXISTS person_address;
CREATE TABLE person_address (person INTEGER REFERENCES person (id) ON DELETE CASCADE ON UPDATE CASCADE, address INTEGER REFERENCES address (id) ON DELETE CASCADE ON UPDATE CASCADE);
INSERT INTO person_address (person, address) VALUES (11, 1);
INSERT INTO person_address (person, address) VALUES (12, 1);
INSERT INTO person_address (person, address) VALUES (9, 2);
INSERT INTO person_address (person, address) VALUES (10, 2);
INSERT INTO person_address (person, address) VALUES (45, 3);
INSERT INTO person_address (person, address) VALUES (46, 3);
INSERT INTO person_address (person, address) VALUES (7, 4);
INSERT INTO person_address (person, address) VALUES (8, 4);
INSERT INTO person_address (person, address) VALUES (54, 5);
INSERT INTO person_address (person, address) VALUES (55, 5);
INSERT INTO person_address (person, address) VALUES (50, 6);
INSERT INTO person_address (person, address) VALUES (51, 6);
INSERT INTO person_address (person, address) VALUES (16, 7);
INSERT INTO person_address (person, address) VALUES (17, 7);
INSERT INTO person_address (person, address) VALUES (56, 8);
INSERT INTO person_address (person, address) VALUES (57, 8);
INSERT INTO person_address (person, address) VALUES (58, 9);
INSERT INTO person_address (person, address) VALUES (59, 9);
INSERT INTO person_address (person, address) VALUES (28, 10);
INSERT INTO person_address (person, address) VALUES (29, 10);
INSERT INTO person_address (person, address) VALUES (24, 11);
INSERT INTO person_address (person, address) VALUES (25, 11);
INSERT INTO person_address (person, address) VALUES (34, 12);
INSERT INTO person_address (person, address) VALUES (35, 12);
INSERT INTO person_address (person, address) VALUES (20, 13);
INSERT INTO person_address (person, address) VALUES (21, 13);
INSERT INTO person_address (person, address) VALUES (39, 14);
INSERT INTO person_address (person, address) VALUES (40, 14);

-- Table: person_email
DROP TABLE IF EXISTS person_email;
CREATE TABLE person_email (person INTEGER REFERENCES person (id) ON DELETE CASCADE ON UPDATE CASCADE, email INTEGER REFERENCES email (id) ON DELETE CASCADE ON UPDATE CASCADE);
INSERT INTO person_email (person, email) VALUES (22, 1);
INSERT INTO person_email (person, email) VALUES (23, 2);
INSERT INTO person_email (person, email) VALUES (12, 4);
INSERT INTO person_email (person, email) VALUES (10, 5);
INSERT INTO person_email (person, email) VALUES (46, 6);
INSERT INTO person_email (person, email) VALUES (7, 7);
INSERT INTO person_email (person, email) VALUES (29, 8);
INSERT INTO person_email (person, email) VALUES (25, 9);
INSERT INTO person_email (person, email) VALUES (35, 10);
INSERT INTO person_email (person, email) VALUES (55, 11);
INSERT INTO person_email (person, email) VALUES (51, 12);
INSERT INTO person_email (person, email) VALUES (17, 13);
INSERT INTO person_email (person, email) VALUES (57, 14);
INSERT INTO person_email (person, email) VALUES (59, 15);
INSERT INTO person_email (person, email) VALUES (20, 17);
INSERT INTO person_email (person, email) VALUES (58, 16);
INSERT INTO person_email (person, email) VALUES (40, 18);

-- Table: person_phone
DROP TABLE IF EXISTS person_phone;
CREATE TABLE person_phone (person INTEGER REFERENCES person (id) ON DELETE CASCADE ON UPDATE CASCADE, phone INTEGER REFERENCES phone (id) ON DELETE CASCADE ON UPDATE CASCADE);
INSERT INTO person_phone (person, phone) VALUES (21, 1);
INSERT INTO person_phone (person, phone) VALUES (22, 2);
INSERT INTO person_phone (person, phone) VALUES (34, 3);
INSERT INTO person_phone (person, phone) VALUES (12, 4);
INSERT INTO person_phone (person, phone) VALUES (10, 5);
INSERT INTO person_phone (person, phone) VALUES (46, 6);
INSERT INTO person_phone (person, phone) VALUES (7, 7);
INSERT INTO person_phone (person, phone) VALUES (8, 7);
INSERT INTO person_phone (person, phone) VALUES (55, 9);
INSERT INTO person_phone (person, phone) VALUES (51, 10);
INSERT INTO person_phone (person, phone) VALUES (17, 11);
INSERT INTO person_phone (person, phone) VALUES (57, 12);
INSERT INTO person_phone (person, phone) VALUES (59, 13);
INSERT INTO person_phone (person, phone) VALUES (58, 14);
INSERT INTO person_phone (person, phone) VALUES (59, 15);
INSERT INTO person_phone (person, phone) VALUES (29, 16);
INSERT INTO person_phone (person, phone) VALUES (25, 17);
INSERT INTO person_phone (person, phone) VALUES (35, 18);
INSERT INTO person_phone (person, phone) VALUES (20, 19);
INSERT INTO person_phone (person, phone) VALUES (40, 20);
INSERT INTO person_phone (person, phone) VALUES (40, 21);

-- Table: phone
DROP TABLE IF EXISTS phone;
CREATE TABLE phone (id INTEGER PRIMARY KEY AUTOINCREMENT, number STRING, unlisted INTEGER, note STRING);
INSERT INTO phone (id, number, unlisted, note) VALUES (1, 5412632221, 1, NULL);
INSERT INTO phone (id, number, unlisted, note) VALUES (2, 5412631071, NULL, NULL);
INSERT INTO phone (id, number, unlisted, note) VALUES (3, 2088743006, NULL, NULL);
INSERT INTO phone (id, number, unlisted, note) VALUES (4, 3075752090, NULL, NULL);
INSERT INTO phone (id, number, unlisted, note) VALUES (5, 5412632321, NULL, NULL);
INSERT INTO phone (id, number, unlisted, note) VALUES (6, 5418055060, NULL, NULL);
INSERT INTO phone (id, number, unlisted, note) VALUES (7, 5414263060, NULL, 'home');
INSERT INTO phone (id, number, unlisted, note) VALUES (8, 5413980397, NULL, 'cell');
INSERT INTO phone (id, number, unlisted, note) VALUES (9, 5413988208, NULL, NULL);
INSERT INTO phone (id, number, unlisted, note) VALUES (10, 5413980252, NULL, NULL);
INSERT INTO phone (id, number, unlisted, note) VALUES (11, 5413988093, NULL, NULL);
INSERT INTO phone (id, number, unlisted, note) VALUES (12, 2083100587, NULL, NULL);
INSERT INTO phone (id, number, unlisted, note) VALUES (13, 5414320410, NULL, NULL);
INSERT INTO phone (id, number, unlisted, note) VALUES (14, 5412632218, NULL, NULL);
INSERT INTO phone (id, number, unlisted, note) VALUES (15, 5412632219, NULL, NULL);
INSERT INTO phone (id, number, unlisted, note) VALUES (16, 5412632374, NULL, NULL);
INSERT INTO phone (id, number, unlisted, note) VALUES (17, 5413981618, NULL, NULL);
INSERT INTO phone (id, number, unlisted, note) VALUES (18, 2086691599, NULL, NULL);
INSERT INTO phone (id, number, unlisted, note) VALUES (19, 5412632870, NULL, NULL);
INSERT INTO phone (id, number, unlisted, note) VALUES (20, 5413982144, NULL, 'cell');
INSERT INTO phone (id, number, unlisted, note) VALUES (21, 5413981816, NULL, 'home');

-- Table: program
DROP TABLE IF EXISTS program;
CREATE TABLE program (id INTEGER PRIMARY KEY AUTOINCREMENT, name STRING UNIQUE, schedule STRING, start_age INTEGER, grade_first INTEGER, grade_last INTEGER, differentiate INTEGER);
INSERT INTO program (id, name, schedule, start_age, grade_first, grade_last, differentiate) VALUES (1, 'Grammar School', 'Tuesday mornings', 4, 0, 6, 0);
INSERT INTO program (id, name, schedule, start_age, grade_first, grade_last, differentiate) VALUES (2, '4th-6th Grade', 'Tuesday afternoons', 9, 4, 6, 0);
INSERT INTO program (id, name, schedule, start_age, grade_first, grade_last, differentiate) VALUES (3, '7th-9th Grade', 'All day Tuesday', 12, 7, 9, 1);
INSERT INTO program (id, name, schedule, start_age, grade_first, grade_last, differentiate) VALUES (4, '10th-12th Grade', 'All day Tuesday', 15, 10, 12, 1);
INSERT INTO program (id, name, schedule, start_age, grade_first, grade_last, differentiate) VALUES (6, 'Graduate', NULL, 18, 13, 100, 0);
INSERT INTO program (id, name, schedule, start_age, grade_first, grade_last, differentiate) VALUES (7, 'Sibling School', 'Tuesday afternoons', 4, 0, 3, 0);

-- Table: qr_key
DROP TABLE IF EXISTS qr_key;
CREATE TABLE qr_key (id INTEGER PRIMARY KEY AUTOINCREMENT, "key" STRING UNIQUE, in_use INTEGER);
INSERT INTO qr_key (id, "key", in_use) VALUES (4, 'GXA', 1);
INSERT INTO qr_key (id, "key", in_use) VALUES (5, 'VSI', 1);
INSERT INTO qr_key (id, "key", in_use) VALUES (6, 'SVE', 1);
INSERT INTO qr_key (id, "key", in_use) VALUES (7, 'DQR', 1);
INSERT INTO qr_key (id, "key", in_use) VALUES (8, 'TPD', 1);
INSERT INTO qr_key (id, "key", in_use) VALUES (9, 'HPP', 1);
INSERT INTO qr_key (id, "key", in_use) VALUES (10, 'SAZ', 1);
INSERT INTO qr_key (id, "key", in_use) VALUES (11, 'FNL', 1);
INSERT INTO qr_key (id, "key", in_use) VALUES (12, 'DZR', 1);
INSERT INTO qr_key (id, "key", in_use) VALUES (13, 'OBU', 1);
INSERT INTO qr_key (id, "key", in_use) VALUES (14, 'AQZ', 1);
INSERT INTO qr_key (id, "key", in_use) VALUES (15, 'KBZ', 1);
INSERT INTO qr_key (id, "key", in_use) VALUES (16, 'EBS', 1);
INSERT INTO qr_key (id, "key", in_use) VALUES (17, 'DEL', 1);
INSERT INTO qr_key (id, "key", in_use) VALUES (18, 'VWS', 1);
INSERT INTO qr_key (id, "key", in_use) VALUES (19, 'SXI', 1);
INSERT INTO qr_key (id, "key", in_use) VALUES (20, 'XYD', 1);
INSERT INTO qr_key (id, "key", in_use) VALUES (21, 'WAU', 1);
INSERT INTO qr_key (id, "key", in_use) VALUES (22, 'ZJR', 1);
INSERT INTO qr_key (id, "key", in_use) VALUES (23, 'OPF', 1);
INSERT INTO qr_key (id, "key", in_use) VALUES (24, 'LBY', 1);
INSERT INTO qr_key (id, "key", in_use) VALUES (25, 'UHZ', 1);
INSERT INTO qr_key (id, "key", in_use) VALUES (26, 'AYG', 1);
INSERT INTO qr_key (id, "key", in_use) VALUES (27, 'AAQ', 1);
INSERT INTO qr_key (id, "key", in_use) VALUES (28, 'ATR', 1);
INSERT INTO qr_key (id, "key", in_use) VALUES (29, 'ECC', 1);
INSERT INTO qr_key (id, "key", in_use) VALUES (30, 'OML', 1);
INSERT INTO qr_key (id, "key", in_use) VALUES (31, 'BPX', 1);
INSERT INTO qr_key (id, "key", in_use) VALUES (32, 'CUZ', 1);
INSERT INTO qr_key (id, "key", in_use) VALUES (33, 'BBE', 1);
INSERT INTO qr_key (id, "key", in_use) VALUES (34, 'BWB', 1);
INSERT INTO qr_key (id, "key", in_use) VALUES (35, 'ZTJ', 1);
INSERT INTO qr_key (id, "key", in_use) VALUES (36, 'LMB', 1);
INSERT INTO qr_key (id, "key", in_use) VALUES (37, 'BZR', 1);
INSERT INTO qr_key (id, "key", in_use) VALUES (38, 'LDY', 1);
INSERT INTO qr_key (id, "key", in_use) VALUES (39, 'WEL', 1);
INSERT INTO qr_key (id, "key", in_use) VALUES (40, 'BEB', 1);
INSERT INTO qr_key (id, "key", in_use) VALUES (41, 'TPS', 1);
INSERT INTO qr_key (id, "key", in_use) VALUES (42, 'REN', 1);
INSERT INTO qr_key (id, "key", in_use) VALUES (43, 'OZB', 1);
INSERT INTO qr_key (id, "key", in_use) VALUES (44, 'GMQ', 1);
INSERT INTO qr_key (id, "key", in_use) VALUES (45, 'FOE', 1);
INSERT INTO qr_key (id, "key", in_use) VALUES (46, 'FQD', 1);
INSERT INTO qr_key (id, "key", in_use) VALUES (47, 'IDU', 1);
INSERT INTO qr_key (id, "key", in_use) VALUES (48, 'OQJ', 1);
INSERT INTO qr_key (id, "key", in_use) VALUES (49, 'EUB', 1);
INSERT INTO qr_key (id, "key", in_use) VALUES (50, 'KDF', 1);
INSERT INTO qr_key (id, "key", in_use) VALUES (51, 'STC', 1);
INSERT INTO qr_key (id, "key", in_use) VALUES (52, 'LCG', 1);
INSERT INTO qr_key (id, "key", in_use) VALUES (53, 'GOY', 1);
INSERT INTO qr_key (id, "key", in_use) VALUES (54, 'YJU', 1);
INSERT INTO qr_key (id, "key", in_use) VALUES (55, 'LZE', 1);
INSERT INTO qr_key (id, "key", in_use) VALUES (56, 'MCG', 1);
INSERT INTO qr_key (id, "key", in_use) VALUES (57, 'KGW', 1);
INSERT INTO qr_key (id, "key", in_use) VALUES (58, 'JKM', 1);
INSERT INTO qr_key (id, "key", in_use) VALUES (59, 'DVI', 1);
INSERT INTO qr_key (id, "key", in_use) VALUES (60, 'WYN', 1);
INSERT INTO qr_key (id, "key", in_use) VALUES (61, 'RUP', 1);
INSERT INTO qr_key (id, "key", in_use) VALUES (62, 'LVH', 1);
INSERT INTO qr_key (id, "key", in_use) VALUES (63, 'NUK', 1);
INSERT INTO qr_key (id, "key", in_use) VALUES (64, 'WTM', 1);
INSERT INTO qr_key (id, "key", in_use) VALUES (65, 'BEA', 1);
INSERT INTO qr_key (id, "key", in_use) VALUES (66, 'LBC', 1);
INSERT INTO qr_key (id, "key", in_use) VALUES (67, 'SZF', 1);
INSERT INTO qr_key (id, "key", in_use) VALUES (68, 'WZC', 1);
INSERT INTO qr_key (id, "key", in_use) VALUES (69, 'GZR', 1);
INSERT INTO qr_key (id, "key", in_use) VALUES (70, 'RLG', 1);
INSERT INTO qr_key (id, "key", in_use) VALUES (71, 'TSK', 1);
INSERT INTO qr_key (id, "key", in_use) VALUES (72, 'JZB', 1);
INSERT INTO qr_key (id, "key", in_use) VALUES (73, 'LIG', 1);
INSERT INTO qr_key (id, "key", in_use) VALUES (74, 'BSP', 1);
INSERT INTO qr_key (id, "key", in_use) VALUES (75, 'MKB', 1);
INSERT INTO qr_key (id, "key", in_use) VALUES (76, 'FDB', 1);
INSERT INTO qr_key (id, "key", in_use) VALUES (77, 'SCA', 1);
INSERT INTO qr_key (id, "key", in_use) VALUES (78, 'GEM', 1);
INSERT INTO qr_key (id, "key", in_use) VALUES (79, 'UOG', 1);
INSERT INTO qr_key (id, "key", in_use) VALUES (80, 'YZL', 1);
INSERT INTO qr_key (id, "key", in_use) VALUES (81, 'NCC', 1);
INSERT INTO qr_key (id, "key", in_use) VALUES (82, 'UVK', 1);
INSERT INTO qr_key (id, "key", in_use) VALUES (83, 'RRZ', 1);
INSERT INTO qr_key (id, "key", in_use) VALUES (84, 'CMN', 1);
INSERT INTO qr_key (id, "key", in_use) VALUES (85, 'VEX', 1);
INSERT INTO qr_key (id, "key", in_use) VALUES (86, 'EZP', 1);
INSERT INTO qr_key (id, "key", in_use) VALUES (87, 'HRJ', 1);
INSERT INTO qr_key (id, "key", in_use) VALUES (88, 'GQP', 1);
INSERT INTO qr_key (id, "key", in_use) VALUES (89, 'KTP', 1);
INSERT INTO qr_key (id, "key", in_use) VALUES (90, 'EQJ', 1);
INSERT INTO qr_key (id, "key", in_use) VALUES (91, 'PKZ', 1);
INSERT INTO qr_key (id, "key", in_use) VALUES (92, 'XJB', 1);
INSERT INTO qr_key (id, "key", in_use) VALUES (93, 'HSL', 1);
INSERT INTO qr_key (id, "key", in_use) VALUES (94, 'ZWV', 1);
INSERT INTO qr_key (id, "key", in_use) VALUES (95, 'TRR', 1);
INSERT INTO qr_key (id, "key", in_use) VALUES (96, 'ICF', 1);
INSERT INTO qr_key (id, "key", in_use) VALUES (97, 'BSZ', 1);
INSERT INTO qr_key (id, "key", in_use) VALUES (98, 'CRY', 1);
INSERT INTO qr_key (id, "key", in_use) VALUES (99, 'KMP', 1);
INSERT INTO qr_key (id, "key", in_use) VALUES (100, 'CSZ', 1);
INSERT INTO qr_key (id, "key", in_use) VALUES (101, 'GHS', 1);
INSERT INTO qr_key (id, "key", in_use) VALUES (102, 'WSF', 1);
INSERT INTO qr_key (id, "key", in_use) VALUES (103, 'PRL', 1);
INSERT INTO qr_key (id, "key", in_use) VALUES (104, 'CFQ', 1);
INSERT INTO qr_key (id, "key", in_use) VALUES (105, 'DZX', 1);
INSERT INTO qr_key (id, "key", in_use) VALUES (106, 'EQL', 1);
INSERT INTO qr_key (id, "key", in_use) VALUES (107, 'BTH', 1);
INSERT INTO qr_key (id, "key", in_use) VALUES (108, 'FDI', 1);
INSERT INTO qr_key (id, "key", in_use) VALUES (109, 'WCF', 1);
INSERT INTO qr_key (id, "key", in_use) VALUES (110, 'NNK', 1);
INSERT INTO qr_key (id, "key", in_use) VALUES (111, 'SUW', 1);
INSERT INTO qr_key (id, "key", in_use) VALUES (112, 'NIA', 1);
INSERT INTO qr_key (id, "key", in_use) VALUES (113, 'EFK', 1);
INSERT INTO qr_key (id, "key", in_use) VALUES (114, 'KHK', 1);
INSERT INTO qr_key (id, "key", in_use) VALUES (115, 'LPD', 1);
INSERT INTO qr_key (id, "key", in_use) VALUES (116, 'ZLJ', 1);
INSERT INTO qr_key (id, "key", in_use) VALUES (117, 'SFA', 1);
INSERT INTO qr_key (id, "key", in_use) VALUES (118, 'GNJ', 1);
INSERT INTO qr_key (id, "key", in_use) VALUES (119, 'ZED', 1);
INSERT INTO qr_key (id, "key", in_use) VALUES (120, 'CSD', 1);
INSERT INTO qr_key (id, "key", in_use) VALUES (121, 'WMA', 1);
INSERT INTO qr_key (id, "key", in_use) VALUES (122, 'LNK', 1);
INSERT INTO qr_key (id, "key", in_use) VALUES (123, 'CZH', 1);
INSERT INTO qr_key (id, "key", in_use) VALUES (124, 'LOG', 1);
INSERT INTO qr_key (id, "key", in_use) VALUES (125, 'GRN', 1);
INSERT INTO qr_key (id, "key", in_use) VALUES (126, 'KYA', 1);
INSERT INTO qr_key (id, "key", in_use) VALUES (127, 'RCD', 1);
INSERT INTO qr_key (id, "key", in_use) VALUES (128, 'BAG', 1);
INSERT INTO qr_key (id, "key", in_use) VALUES (129, 'TWY', 1);
INSERT INTO qr_key (id, "key", in_use) VALUES (130, 'IZU', 1);
INSERT INTO qr_key (id, "key", in_use) VALUES (131, 'JTO', 1);
INSERT INTO qr_key (id, "key", in_use) VALUES (132, 'JTV', 1);
INSERT INTO qr_key (id, "key", in_use) VALUES (133, 'IFK', 1);
INSERT INTO qr_key (id, "key", in_use) VALUES (134, 'AJC', 1);
INSERT INTO qr_key (id, "key", in_use) VALUES (135, 'OOI', 1);
INSERT INTO qr_key (id, "key", in_use) VALUES (136, 'JTF', 1);
INSERT INTO qr_key (id, "key", in_use) VALUES (137, 'DBY', 1);
INSERT INTO qr_key (id, "key", in_use) VALUES (138, 'SOV', 1);
INSERT INTO qr_key (id, "key", in_use) VALUES (139, 'WGL', 1);
INSERT INTO qr_key (id, "key", in_use) VALUES (140, 'CCD', 1);
INSERT INTO qr_key (id, "key", in_use) VALUES (141, 'DPC', 1);
INSERT INTO qr_key (id, "key", in_use) VALUES (142, 'LGX', 1);
INSERT INTO qr_key (id, "key", in_use) VALUES (143, 'QVO', 1);
INSERT INTO qr_key (id, "key", in_use) VALUES (144, 'ROX', 1);
INSERT INTO qr_key (id, "key", in_use) VALUES (145, 'MFL', 1);
INSERT INTO qr_key (id, "key", in_use) VALUES (146, 'NDG', 1);
INSERT INTO qr_key (id, "key", in_use) VALUES (147, 'YAY', 1);
INSERT INTO qr_key (id, "key", in_use) VALUES (148, 'ESY', 1);
INSERT INTO qr_key (id, "key", in_use) VALUES (149, 'EIK', 1);
INSERT INTO qr_key (id, "key", in_use) VALUES (150, 'EQQ', 1);
INSERT INTO qr_key (id, "key", in_use) VALUES (151, 'RWG', 1);
INSERT INTO qr_key (id, "key", in_use) VALUES (152, 'NGK', 1);
INSERT INTO qr_key (id, "key", in_use) VALUES (153, 'EIY', 1);
INSERT INTO qr_key (id, "key", in_use) VALUES (154, 'BRU', 1);
INSERT INTO qr_key (id, "key", in_use) VALUES (155, 'OZD', 1);
INSERT INTO qr_key (id, "key", in_use) VALUES (156, 'RBS', 1);
INSERT INTO qr_key (id, "key", in_use) VALUES (157, 'JFR', 1);
INSERT INTO qr_key (id, "key", in_use) VALUES (158, 'DJZ', 1);
INSERT INTO qr_key (id, "key", in_use) VALUES (159, 'CQV', 1);
INSERT INTO qr_key (id, "key", in_use) VALUES (160, 'ENI', 1);
INSERT INTO qr_key (id, "key", in_use) VALUES (161, 'NZQ', 1);
INSERT INTO qr_key (id, "key", in_use) VALUES (162, 'WQV', 1);
INSERT INTO qr_key (id, "key", in_use) VALUES (163, 'QNV', 1);
INSERT INTO qr_key (id, "key", in_use) VALUES (164, 'RKF', 1);
INSERT INTO qr_key (id, "key", in_use) VALUES (165, 'ZCR', 1);
INSERT INTO qr_key (id, "key", in_use) VALUES (166, 'DFQ', 1);
INSERT INTO qr_key (id, "key", in_use) VALUES (167, 'WHE', 1);
INSERT INTO qr_key (id, "key", in_use) VALUES (168, 'OCQ', 1);
INSERT INTO qr_key (id, "key", in_use) VALUES (169, 'SXE', 1);
INSERT INTO qr_key (id, "key", in_use) VALUES (170, 'CMC', 1);
INSERT INTO qr_key (id, "key", in_use) VALUES (171, 'LYJ', 1);
INSERT INTO qr_key (id, "key", in_use) VALUES (172, 'HYG', 1);
INSERT INTO qr_key (id, "key", in_use) VALUES (173, 'FEO', 1);
INSERT INTO qr_key (id, "key", in_use) VALUES (174, 'EMX', 1);
INSERT INTO qr_key (id, "key", in_use) VALUES (175, 'WNM', 1);
INSERT INTO qr_key (id, "key", in_use) VALUES (176, 'BIO', 1);
INSERT INTO qr_key (id, "key", in_use) VALUES (177, 'AJS', 1);
INSERT INTO qr_key (id, "key", in_use) VALUES (178, 'ERC', 1);
INSERT INTO qr_key (id, "key", in_use) VALUES (179, 'NEO', 1);
INSERT INTO qr_key (id, "key", in_use) VALUES (180, 'YME', 1);
INSERT INTO qr_key (id, "key", in_use) VALUES (181, 'LLM', 1);
INSERT INTO qr_key (id, "key", in_use) VALUES (182, 'RUA', 1);
INSERT INTO qr_key (id, "key", in_use) VALUES (183, 'UWJ', 1);
INSERT INTO qr_key (id, "key", in_use) VALUES (184, 'LNY', 1);
INSERT INTO qr_key (id, "key", in_use) VALUES (185, 'ENY', 1);
INSERT INTO qr_key (id, "key", in_use) VALUES (186, 'ACX', 1);
INSERT INTO qr_key (id, "key", in_use) VALUES (187, 'CFY', 1);
INSERT INTO qr_key (id, "key", in_use) VALUES (188, 'EIW', 1);
INSERT INTO qr_key (id, "key", in_use) VALUES (189, 'KUK', 1);
INSERT INTO qr_key (id, "key", in_use) VALUES (190, 'PMG', 1);
INSERT INTO qr_key (id, "key", in_use) VALUES (191, 'IMO', 1);
INSERT INTO qr_key (id, "key", in_use) VALUES (192, 'YZI', 1);
INSERT INTO qr_key (id, "key", in_use) VALUES (193, 'TSN', 1);
INSERT INTO qr_key (id, "key", in_use) VALUES (194, 'TGO', 1);
INSERT INTO qr_key (id, "key", in_use) VALUES (195, 'IEA', 1);
INSERT INTO qr_key (id, "key", in_use) VALUES (196, 'ANF', 1);
INSERT INTO qr_key (id, "key", in_use) VALUES (197, 'RTA', 1);
INSERT INTO qr_key (id, "key", in_use) VALUES (198, 'VAB', 1);
INSERT INTO qr_key (id, "key", in_use) VALUES (199, 'PME', 1);
INSERT INTO qr_key (id, "key", in_use) VALUES (200, 'NZF', 1);
INSERT INTO qr_key (id, "key", in_use) VALUES (201, 'DKK', 1);
INSERT INTO qr_key (id, "key", in_use) VALUES (202, 'XKH', 1);
INSERT INTO qr_key (id, "key", in_use) VALUES (203, 'BJN', 1);
INSERT INTO qr_key (id, "key", in_use) VALUES (204, 'HMM', 1);
INSERT INTO qr_key (id, "key", in_use) VALUES (205, 'TJV', 1);
INSERT INTO qr_key (id, "key", in_use) VALUES (206, 'WSR', 1);
INSERT INTO qr_key (id, "key", in_use) VALUES (207, 'SZW', 1);
INSERT INTO qr_key (id, "key", in_use) VALUES (208, 'AFX', 1);
INSERT INTO qr_key (id, "key", in_use) VALUES (209, 'PTH', 0);
INSERT INTO qr_key (id, "key", in_use) VALUES (210, 'LZY', 0);
INSERT INTO qr_key (id, "key", in_use) VALUES (211, 'OBB', 0);
INSERT INTO qr_key (id, "key", in_use) VALUES (212, 'OZR', 0);
INSERT INTO qr_key (id, "key", in_use) VALUES (213, 'GFP', 0);
INSERT INTO qr_key (id, "key", in_use) VALUES (214, 'WIZ', 0);
INSERT INTO qr_key (id, "key", in_use) VALUES (215, 'YNR', 0);
INSERT INTO qr_key (id, "key", in_use) VALUES (216, 'JXQ', 0);
INSERT INTO qr_key (id, "key", in_use) VALUES (217, 'XPC', 0);
INSERT INTO qr_key (id, "key", in_use) VALUES (218, 'QCB', 0);
INSERT INTO qr_key (id, "key", in_use) VALUES (219, 'WLC', 0);
INSERT INTO qr_key (id, "key", in_use) VALUES (220, 'YEC', 0);
INSERT INTO qr_key (id, "key", in_use) VALUES (221, 'LLE', 0);
INSERT INTO qr_key (id, "key", in_use) VALUES (222, 'SZI', 0);
INSERT INTO qr_key (id, "key", in_use) VALUES (223, 'XSR', 0);
INSERT INTO qr_key (id, "key", in_use) VALUES (224, 'FMB', 0);
INSERT INTO qr_key (id, "key", in_use) VALUES (225, 'UGY', 0);
INSERT INTO qr_key (id, "key", in_use) VALUES (226, 'RBU', 0);
INSERT INTO qr_key (id, "key", in_use) VALUES (227, 'URF', 0);
INSERT INTO qr_key (id, "key", in_use) VALUES (228, 'QJI', 0);
INSERT INTO qr_key (id, "key", in_use) VALUES (229, 'YPK', 0);
INSERT INTO qr_key (id, "key", in_use) VALUES (230, 'UEJ', 0);
INSERT INTO qr_key (id, "key", in_use) VALUES (231, 'TVU', 0);
INSERT INTO qr_key (id, "key", in_use) VALUES (232, 'BIA', 0);
INSERT INTO qr_key (id, "key", in_use) VALUES (233, 'ADW', 0);
INSERT INTO qr_key (id, "key", in_use) VALUES (234, 'AUA', 0);
INSERT INTO qr_key (id, "key", in_use) VALUES (235, 'VUT', 0);
INSERT INTO qr_key (id, "key", in_use) VALUES (236, 'NYR', 0);
INSERT INTO qr_key (id, "key", in_use) VALUES (237, 'SIA', 0);
INSERT INTO qr_key (id, "key", in_use) VALUES (238, 'YTD', 0);
INSERT INTO qr_key (id, "key", in_use) VALUES (239, 'YGR', 0);
INSERT INTO qr_key (id, "key", in_use) VALUES (240, 'IGF', 0);
INSERT INTO qr_key (id, "key", in_use) VALUES (241, 'EQB', 0);
INSERT INTO qr_key (id, "key", in_use) VALUES (242, 'ADI', 0);
INSERT INTO qr_key (id, "key", in_use) VALUES (243, 'WLT', 0);
INSERT INTO qr_key (id, "key", in_use) VALUES (244, 'UIQ', 0);
INSERT INTO qr_key (id, "key", in_use) VALUES (245, 'QGZ', 0);
INSERT INTO qr_key (id, "key", in_use) VALUES (246, 'UEP', 0);
INSERT INTO qr_key (id, "key", in_use) VALUES (247, 'APO', 0);
INSERT INTO qr_key (id, "key", in_use) VALUES (248, 'XPO', 0);
INSERT INTO qr_key (id, "key", in_use) VALUES (249, 'OXE', 0);
INSERT INTO qr_key (id, "key", in_use) VALUES (250, 'CSR', 0);
INSERT INTO qr_key (id, "key", in_use) VALUES (251, 'QWN', 0);
INSERT INTO qr_key (id, "key", in_use) VALUES (252, 'TTS', 0);
INSERT INTO qr_key (id, "key", in_use) VALUES (253, 'YBG', 0);
INSERT INTO qr_key (id, "key", in_use) VALUES (254, 'ZRM', 0);
INSERT INTO qr_key (id, "key", in_use) VALUES (255, 'XSD', 0);
INSERT INTO qr_key (id, "key", in_use) VALUES (256, 'BGM', 0);
INSERT INTO qr_key (id, "key", in_use) VALUES (257, 'WSU', 0);
INSERT INTO qr_key (id, "key", in_use) VALUES (258, 'YUD', 0);
INSERT INTO qr_key (id, "key", in_use) VALUES (259, 'RMO', 0);
INSERT INTO qr_key (id, "key", in_use) VALUES (260, 'JYZ', 0);
INSERT INTO qr_key (id, "key", in_use) VALUES (261, 'DQV', 0);
INSERT INTO qr_key (id, "key", in_use) VALUES (262, 'HXX', 0);
INSERT INTO qr_key (id, "key", in_use) VALUES (263, 'LOR', 0);
INSERT INTO qr_key (id, "key", in_use) VALUES (264, 'JMC', 0);
INSERT INTO qr_key (id, "key", in_use) VALUES (265, 'BMD', 0);
INSERT INTO qr_key (id, "key", in_use) VALUES (266, 'ODN', 0);
INSERT INTO qr_key (id, "key", in_use) VALUES (267, 'SQA', 0);
INSERT INTO qr_key (id, "key", in_use) VALUES (268, 'GQQ', 0);
INSERT INTO qr_key (id, "key", in_use) VALUES (269, 'OVF', 0);
INSERT INTO qr_key (id, "key", in_use) VALUES (270, 'XCH', 0);
INSERT INTO qr_key (id, "key", in_use) VALUES (271, 'ISU', 0);
INSERT INTO qr_key (id, "key", in_use) VALUES (272, 'DIX', 0);
INSERT INTO qr_key (id, "key", in_use) VALUES (273, 'HQD', 0);
INSERT INTO qr_key (id, "key", in_use) VALUES (274, 'TNI', 0);
INSERT INTO qr_key (id, "key", in_use) VALUES (275, 'JAV', 0);
INSERT INTO qr_key (id, "key", in_use) VALUES (276, 'ZCU', 0);
INSERT INTO qr_key (id, "key", in_use) VALUES (277, 'VNH', 0);
INSERT INTO qr_key (id, "key", in_use) VALUES (278, 'FYB', 0);
INSERT INTO qr_key (id, "key", in_use) VALUES (279, 'LMJ', 0);
INSERT INTO qr_key (id, "key", in_use) VALUES (280, 'MNN', 0);
INSERT INTO qr_key (id, "key", in_use) VALUES (281, 'YUO', 0);
INSERT INTO qr_key (id, "key", in_use) VALUES (282, 'GGA', 0);
INSERT INTO qr_key (id, "key", in_use) VALUES (283, 'TOQ', 0);
INSERT INTO qr_key (id, "key", in_use) VALUES (284, 'BHR', 0);
INSERT INTO qr_key (id, "key", in_use) VALUES (285, 'RPY', 0);
INSERT INTO qr_key (id, "key", in_use) VALUES (286, 'DCU', 0);
INSERT INTO qr_key (id, "key", in_use) VALUES (287, 'JLU', 0);
INSERT INTO qr_key (id, "key", in_use) VALUES (288, 'LXL', 0);
INSERT INTO qr_key (id, "key", in_use) VALUES (289, 'ENX', 0);
INSERT INTO qr_key (id, "key", in_use) VALUES (290, 'NSE', 0);
INSERT INTO qr_key (id, "key", in_use) VALUES (291, 'UVT', 0);
INSERT INTO qr_key (id, "key", in_use) VALUES (292, 'WSP', 0);
INSERT INTO qr_key (id, "key", in_use) VALUES (293, 'DRQ', 0);
INSERT INTO qr_key (id, "key", in_use) VALUES (294, 'SMW', 0);
INSERT INTO qr_key (id, "key", in_use) VALUES (295, 'YDS', 0);
INSERT INTO qr_key (id, "key", in_use) VALUES (296, 'YCB', 0);
INSERT INTO qr_key (id, "key", in_use) VALUES (297, 'GMX', 0);
INSERT INTO qr_key (id, "key", in_use) VALUES (298, 'EVW', 0);
INSERT INTO qr_key (id, "key", in_use) VALUES (299, 'CEW', 0);
INSERT INTO qr_key (id, "key", in_use) VALUES (300, 'ZVN', 0);
INSERT INTO qr_key (id, "key", in_use) VALUES (301, 'KUS', 0);
INSERT INTO qr_key (id, "key", in_use) VALUES (302, 'HOR', 0);
INSERT INTO qr_key (id, "key", in_use) VALUES (303, 'RLY', 0);
INSERT INTO qr_key (id, "key", in_use) VALUES (304, 'TZD', 0);
INSERT INTO qr_key (id, "key", in_use) VALUES (305, 'ACQ', 0);
INSERT INTO qr_key (id, "key", in_use) VALUES (306, 'ELQ', 0);
INSERT INTO qr_key (id, "key", in_use) VALUES (307, 'FMM', 0);
INSERT INTO qr_key (id, "key", in_use) VALUES (308, 'WTS', 0);
INSERT INTO qr_key (id, "key", in_use) VALUES (309, 'XJJ', 0);
INSERT INTO qr_key (id, "key", in_use) VALUES (310, 'UUM', 0);
INSERT INTO qr_key (id, "key", in_use) VALUES (311, 'WFT', 0);
INSERT INTO qr_key (id, "key", in_use) VALUES (312, 'PZC', 0);
INSERT INTO qr_key (id, "key", in_use) VALUES (313, 'HZN', 0);
INSERT INTO qr_key (id, "key", in_use) VALUES (314, 'FGQ', 0);
INSERT INTO qr_key (id, "key", in_use) VALUES (315, 'ADR', 0);
INSERT INTO qr_key (id, "key", in_use) VALUES (316, 'VSZ', 0);
INSERT INTO qr_key (id, "key", in_use) VALUES (317, 'WFB', 0);
INSERT INTO qr_key (id, "key", in_use) VALUES (318, 'ONW', 0);
INSERT INTO qr_key (id, "key", in_use) VALUES (319, 'TKA', 0);
INSERT INTO qr_key (id, "key", in_use) VALUES (320, 'MZA', 0);
INSERT INTO qr_key (id, "key", in_use) VALUES (321, 'RMB', 0);
INSERT INTO qr_key (id, "key", in_use) VALUES (322, 'DKX', 0);
INSERT INTO qr_key (id, "key", in_use) VALUES (323, 'MRT', 0);
INSERT INTO qr_key (id, "key", in_use) VALUES (324, 'HHR', 0);
INSERT INTO qr_key (id, "key", in_use) VALUES (325, 'QKB', 0);
INSERT INTO qr_key (id, "key", in_use) VALUES (326, 'RIJ', 0);
INSERT INTO qr_key (id, "key", in_use) VALUES (327, 'KZE', 0);
INSERT INTO qr_key (id, "key", in_use) VALUES (328, 'EBJ', 0);
INSERT INTO qr_key (id, "key", in_use) VALUES (329, 'MJJ', 0);
INSERT INTO qr_key (id, "key", in_use) VALUES (330, 'AXQ', 0);
INSERT INTO qr_key (id, "key", in_use) VALUES (331, 'KAE', 0);
INSERT INTO qr_key (id, "key", in_use) VALUES (332, 'CUV', 0);
INSERT INTO qr_key (id, "key", in_use) VALUES (333, 'ZUK', 0);
INSERT INTO qr_key (id, "key", in_use) VALUES (334, 'PLL', 0);
INSERT INTO qr_key (id, "key", in_use) VALUES (335, 'QSQ', 0);
INSERT INTO qr_key (id, "key", in_use) VALUES (336, 'ZUQ', 0);
INSERT INTO qr_key (id, "key", in_use) VALUES (337, 'PAE', 0);
INSERT INTO qr_key (id, "key", in_use) VALUES (338, 'YMQ', 0);
INSERT INTO qr_key (id, "key", in_use) VALUES (339, 'XTK', 0);
INSERT INTO qr_key (id, "key", in_use) VALUES (340, 'EVQ', 0);
INSERT INTO qr_key (id, "key", in_use) VALUES (341, 'SOH', 0);
INSERT INTO qr_key (id, "key", in_use) VALUES (342, 'RVT', 0);
INSERT INTO qr_key (id, "key", in_use) VALUES (343, 'KSY', 0);
INSERT INTO qr_key (id, "key", in_use) VALUES (344, 'JLT', 0);
INSERT INTO qr_key (id, "key", in_use) VALUES (345, 'JIP', 0);
INSERT INTO qr_key (id, "key", in_use) VALUES (346, 'CAK', 0);
INSERT INTO qr_key (id, "key", in_use) VALUES (347, 'LCC', 0);
INSERT INTO qr_key (id, "key", in_use) VALUES (348, 'BKQ', 0);
INSERT INTO qr_key (id, "key", in_use) VALUES (349, 'DWG', 0);
INSERT INTO qr_key (id, "key", in_use) VALUES (350, 'UVM', 0);
INSERT INTO qr_key (id, "key", in_use) VALUES (351, 'XJX', 0);
INSERT INTO qr_key (id, "key", in_use) VALUES (352, 'ZLM', 0);
INSERT INTO qr_key (id, "key", in_use) VALUES (353, 'VDX', 0);
INSERT INTO qr_key (id, "key", in_use) VALUES (354, 'EDH', 0);
INSERT INTO qr_key (id, "key", in_use) VALUES (355, 'OWF', 0);
INSERT INTO qr_key (id, "key", in_use) VALUES (356, 'KBD', 0);
INSERT INTO qr_key (id, "key", in_use) VALUES (357, 'OCJ', 0);
INSERT INTO qr_key (id, "key", in_use) VALUES (358, 'NNI', 0);
INSERT INTO qr_key (id, "key", in_use) VALUES (359, 'XUO', 0);
INSERT INTO qr_key (id, "key", in_use) VALUES (360, 'FZH', 0);
INSERT INTO qr_key (id, "key", in_use) VALUES (361, 'UDA', 0);
INSERT INTO qr_key (id, "key", in_use) VALUES (362, 'CXB', 0);
INSERT INTO qr_key (id, "key", in_use) VALUES (363, 'UZB', 0);
INSERT INTO qr_key (id, "key", in_use) VALUES (364, 'EAK', 0);
INSERT INTO qr_key (id, "key", in_use) VALUES (365, 'DMO', 0);
INSERT INTO qr_key (id, "key", in_use) VALUES (366, 'CIX', 0);
INSERT INTO qr_key (id, "key", in_use) VALUES (367, 'ADY', 0);
INSERT INTO qr_key (id, "key", in_use) VALUES (368, 'PFF', 0);
INSERT INTO qr_key (id, "key", in_use) VALUES (369, 'QJE', 0);
INSERT INTO qr_key (id, "key", in_use) VALUES (370, 'ABP', 0);
INSERT INTO qr_key (id, "key", in_use) VALUES (371, 'HOO', 0);
INSERT INTO qr_key (id, "key", in_use) VALUES (372, 'NOE', 0);
INSERT INTO qr_key (id, "key", in_use) VALUES (373, 'KUV', 0);
INSERT INTO qr_key (id, "key", in_use) VALUES (374, 'DSO', 0);
INSERT INTO qr_key (id, "key", in_use) VALUES (375, 'IUX', 0);
INSERT INTO qr_key (id, "key", in_use) VALUES (376, 'CSH', 0);
INSERT INTO qr_key (id, "key", in_use) VALUES (377, 'SPJ', 0);
INSERT INTO qr_key (id, "key", in_use) VALUES (378, 'MSL', 0);
INSERT INTO qr_key (id, "key", in_use) VALUES (379, 'MSW', 0);
INSERT INTO qr_key (id, "key", in_use) VALUES (380, 'OIG', 0);
INSERT INTO qr_key (id, "key", in_use) VALUES (381, 'AGD', 0);
INSERT INTO qr_key (id, "key", in_use) VALUES (382, 'YPJ', 0);
INSERT INTO qr_key (id, "key", in_use) VALUES (383, 'ALP', 0);
INSERT INTO qr_key (id, "key", in_use) VALUES (384, 'ZOC', 0);
INSERT INTO qr_key (id, "key", in_use) VALUES (385, 'TYS', 0);
INSERT INTO qr_key (id, "key", in_use) VALUES (386, 'RSG', 0);
INSERT INTO qr_key (id, "key", in_use) VALUES (387, 'FEP', 0);
INSERT INTO qr_key (id, "key", in_use) VALUES (388, 'QIA', 0);
INSERT INTO qr_key (id, "key", in_use) VALUES (389, 'BXK', 0);
INSERT INTO qr_key (id, "key", in_use) VALUES (390, 'INK', 0);
INSERT INTO qr_key (id, "key", in_use) VALUES (391, 'XYP', 0);
INSERT INTO qr_key (id, "key", in_use) VALUES (392, 'JGM', 0);
INSERT INTO qr_key (id, "key", in_use) VALUES (393, 'NGC', 0);
INSERT INTO qr_key (id, "key", in_use) VALUES (394, 'UWP', 0);
INSERT INTO qr_key (id, "key", in_use) VALUES (395, 'BPI', 0);
INSERT INTO qr_key (id, "key", in_use) VALUES (396, 'ODO', 0);
INSERT INTO qr_key (id, "key", in_use) VALUES (397, 'TQX', 0);
INSERT INTO qr_key (id, "key", in_use) VALUES (398, 'JFA', 0);
INSERT INTO qr_key (id, "key", in_use) VALUES (399, 'OMF', 0);
INSERT INTO qr_key (id, "key", in_use) VALUES (400, 'NBP', 0);
INSERT INTO qr_key (id, "key", in_use) VALUES (401, 'IAU', 0);
INSERT INTO qr_key (id, "key", in_use) VALUES (402, 'FJQ', 0);
INSERT INTO qr_key (id, "key", in_use) VALUES (403, 'DHX', 0);
INSERT INTO qr_key (id, "key", in_use) VALUES (404, 'OIW', 0);
INSERT INTO qr_key (id, "key", in_use) VALUES (405, 'RVU', 0);
INSERT INTO qr_key (id, "key", in_use) VALUES (406, 'HEW', 0);
INSERT INTO qr_key (id, "key", in_use) VALUES (407, 'VSL', 0);
INSERT INTO qr_key (id, "key", in_use) VALUES (408, 'DFS', 0);
INSERT INTO qr_key (id, "key", in_use) VALUES (409, 'FVB', 0);
INSERT INTO qr_key (id, "key", in_use) VALUES (410, 'PIO', 0);
INSERT INTO qr_key (id, "key", in_use) VALUES (411, 'QEU', 0);
INSERT INTO qr_key (id, "key", in_use) VALUES (412, 'LAT', 0);
INSERT INTO qr_key (id, "key", in_use) VALUES (413, 'MAY', 0);
INSERT INTO qr_key (id, "key", in_use) VALUES (414, 'DDU', 0);
INSERT INTO qr_key (id, "key", in_use) VALUES (415, 'FXQ', 0);
INSERT INTO qr_key (id, "key", in_use) VALUES (416, 'JMP', 0);
INSERT INTO qr_key (id, "key", in_use) VALUES (417, 'CHR', 0);
INSERT INTO qr_key (id, "key", in_use) VALUES (418, 'PQG', 0);
INSERT INTO qr_key (id, "key", in_use) VALUES (419, 'ZFO', 0);
INSERT INTO qr_key (id, "key", in_use) VALUES (420, 'CZB', 0);
INSERT INTO qr_key (id, "key", in_use) VALUES (421, 'OUG', 0);
INSERT INTO qr_key (id, "key", in_use) VALUES (422, 'XGE', 0);
INSERT INTO qr_key (id, "key", in_use) VALUES (423, 'BZG', 0);
INSERT INTO qr_key (id, "key", in_use) VALUES (424, 'CCG', 0);
INSERT INTO qr_key (id, "key", in_use) VALUES (425, 'MZH', 0);
INSERT INTO qr_key (id, "key", in_use) VALUES (426, 'UJZ', 0);
INSERT INTO qr_key (id, "key", in_use) VALUES (427, 'VJX', 0);
INSERT INTO qr_key (id, "key", in_use) VALUES (428, 'LPH', 0);
INSERT INTO qr_key (id, "key", in_use) VALUES (429, 'TKO', 0);
INSERT INTO qr_key (id, "key", in_use) VALUES (430, 'VIV', 0);
INSERT INTO qr_key (id, "key", in_use) VALUES (431, 'XWM', 0);
INSERT INTO qr_key (id, "key", in_use) VALUES (432, 'MSX', 0);
INSERT INTO qr_key (id, "key", in_use) VALUES (433, 'QOR', 0);
INSERT INTO qr_key (id, "key", in_use) VALUES (434, 'HAG', 0);
INSERT INTO qr_key (id, "key", in_use) VALUES (435, 'GLQ', 0);
INSERT INTO qr_key (id, "key", in_use) VALUES (436, 'HZF', 0);
INSERT INTO qr_key (id, "key", in_use) VALUES (437, 'OGE', 0);
INSERT INTO qr_key (id, "key", in_use) VALUES (438, 'QGJ', 0);
INSERT INTO qr_key (id, "key", in_use) VALUES (439, 'QEY', 0);
INSERT INTO qr_key (id, "key", in_use) VALUES (440, 'ZKM', 0);
INSERT INTO qr_key (id, "key", in_use) VALUES (441, 'SKD', 0);
INSERT INTO qr_key (id, "key", in_use) VALUES (442, 'ACV', 0);
INSERT INTO qr_key (id, "key", in_use) VALUES (443, 'BHX', 0);
INSERT INTO qr_key (id, "key", in_use) VALUES (444, 'GVG', 0);
INSERT INTO qr_key (id, "key", in_use) VALUES (445, 'SXJ', 0);
INSERT INTO qr_key (id, "key", in_use) VALUES (446, 'EXX', 0);
INSERT INTO qr_key (id, "key", in_use) VALUES (447, 'BWF', 0);
INSERT INTO qr_key (id, "key", in_use) VALUES (448, 'DAS', 0);
INSERT INTO qr_key (id, "key", in_use) VALUES (449, 'EDY', 0);
INSERT INTO qr_key (id, "key", in_use) VALUES (450, 'MHN', 0);
INSERT INTO qr_key (id, "key", in_use) VALUES (451, 'SCW', 0);
INSERT INTO qr_key (id, "key", in_use) VALUES (452, 'SKY', 0);
INSERT INTO qr_key (id, "key", in_use) VALUES (453, 'CGL', 0);
INSERT INTO qr_key (id, "key", in_use) VALUES (454, 'AHD', 0);
INSERT INTO qr_key (id, "key", in_use) VALUES (455, 'QGS', 0);
INSERT INTO qr_key (id, "key", in_use) VALUES (456, 'RAK', 0);
INSERT INTO qr_key (id, "key", in_use) VALUES (457, 'SFK', 0);
INSERT INTO qr_key (id, "key", in_use) VALUES (458, 'ZWI', 0);
INSERT INTO qr_key (id, "key", in_use) VALUES (459, 'EIG', 0);
INSERT INTO qr_key (id, "key", in_use) VALUES (460, 'EWD', 0);
INSERT INTO qr_key (id, "key", in_use) VALUES (461, 'VHQ', 0);
INSERT INTO qr_key (id, "key", in_use) VALUES (462, 'GIY', 0);
INSERT INTO qr_key (id, "key", in_use) VALUES (463, 'MCJ', 0);
INSERT INTO qr_key (id, "key", in_use) VALUES (464, 'CPG', 0);
INSERT INTO qr_key (id, "key", in_use) VALUES (465, 'YSI', 0);
INSERT INTO qr_key (id, "key", in_use) VALUES (466, 'WBV', 0);
INSERT INTO qr_key (id, "key", in_use) VALUES (467, 'QUT', 0);
INSERT INTO qr_key (id, "key", in_use) VALUES (468, 'SFC', 0);
INSERT INTO qr_key (id, "key", in_use) VALUES (469, 'KKA', 0);
INSERT INTO qr_key (id, "key", in_use) VALUES (470, 'ISM', 0);
INSERT INTO qr_key (id, "key", in_use) VALUES (471, 'IXN', 0);
INSERT INTO qr_key (id, "key", in_use) VALUES (472, 'IXT', 0);
INSERT INTO qr_key (id, "key", in_use) VALUES (473, 'QIQ', 0);
INSERT INTO qr_key (id, "key", in_use) VALUES (474, 'UCW', 0);
INSERT INTO qr_key (id, "key", in_use) VALUES (475, 'RBC', 0);
INSERT INTO qr_key (id, "key", in_use) VALUES (476, 'LOD', 0);
INSERT INTO qr_key (id, "key", in_use) VALUES (477, 'VGW', 0);
INSERT INTO qr_key (id, "key", in_use) VALUES (478, 'ZST', 0);
INSERT INTO qr_key (id, "key", in_use) VALUES (479, 'BKU', 0);
INSERT INTO qr_key (id, "key", in_use) VALUES (480, 'MMT', 0);
INSERT INTO qr_key (id, "key", in_use) VALUES (481, 'RNA', 0);
INSERT INTO qr_key (id, "key", in_use) VALUES (482, 'BME', 0);
INSERT INTO qr_key (id, "key", in_use) VALUES (483, 'ZHD', 0);
INSERT INTO qr_key (id, "key", in_use) VALUES (484, 'DZG', 0);
INSERT INTO qr_key (id, "key", in_use) VALUES (485, 'LXT', 0);
INSERT INTO qr_key (id, "key", in_use) VALUES (486, 'FMW', 0);
INSERT INTO qr_key (id, "key", in_use) VALUES (487, 'BYL', 0);
INSERT INTO qr_key (id, "key", in_use) VALUES (488, 'RXX', 0);
INSERT INTO qr_key (id, "key", in_use) VALUES (489, 'LEP', 0);
INSERT INTO qr_key (id, "key", in_use) VALUES (490, 'FLR', 0);
INSERT INTO qr_key (id, "key", in_use) VALUES (491, 'PMN', 0);
INSERT INTO qr_key (id, "key", in_use) VALUES (492, 'SRG', 0);
INSERT INTO qr_key (id, "key", in_use) VALUES (493, 'SOK', 0);
INSERT INTO qr_key (id, "key", in_use) VALUES (494, 'XFG', 0);
INSERT INTO qr_key (id, "key", in_use) VALUES (495, 'PGZ', 0);
INSERT INTO qr_key (id, "key", in_use) VALUES (496, 'EDO', 0);
INSERT INTO qr_key (id, "key", in_use) VALUES (497, 'RAX', 0);
INSERT INTO qr_key (id, "key", in_use) VALUES (498, 'SDD', 0);
INSERT INTO qr_key (id, "key", in_use) VALUES (499, 'EMK', 0);
INSERT INTO qr_key (id, "key", in_use) VALUES (500, 'JIV', 0);
INSERT INTO qr_key (id, "key", in_use) VALUES (501, 'WLA', 0);
INSERT INTO qr_key (id, "key", in_use) VALUES (502, 'EHT', 0);
INSERT INTO qr_key (id, "key", in_use) VALUES (503, 'FQX', 0);
INSERT INTO qr_key (id, "key", in_use) VALUES (504, 'PTE', 0);
INSERT INTO qr_key (id, "key", in_use) VALUES (505, 'FBB', 0);
INSERT INTO qr_key (id, "key", in_use) VALUES (506, 'VXB', 0);
INSERT INTO qr_key (id, "key", in_use) VALUES (507, 'NBU', 0);
INSERT INTO qr_key (id, "key", in_use) VALUES (508, 'JUB', 0);
INSERT INTO qr_key (id, "key", in_use) VALUES (509, 'SNW', 0);
INSERT INTO qr_key (id, "key", in_use) VALUES (510, 'CRP', 0);
INSERT INTO qr_key (id, "key", in_use) VALUES (511, 'HHM', 0);
INSERT INTO qr_key (id, "key", in_use) VALUES (512, 'CKL', 0);
INSERT INTO qr_key (id, "key", in_use) VALUES (513, 'VVV', 0);
INSERT INTO qr_key (id, "key", in_use) VALUES (514, 'VJJ', 0);
INSERT INTO qr_key (id, "key", in_use) VALUES (515, 'BCG', 0);
INSERT INTO qr_key (id, "key", in_use) VALUES (516, 'MGY', 0);
INSERT INTO qr_key (id, "key", in_use) VALUES (517, 'CUW', 0);
INSERT INTO qr_key (id, "key", in_use) VALUES (518, 'JGW', 0);
INSERT INTO qr_key (id, "key", in_use) VALUES (519, 'ELB', 0);
INSERT INTO qr_key (id, "key", in_use) VALUES (520, 'AUP', 0);
INSERT INTO qr_key (id, "key", in_use) VALUES (521, 'XAR', 0);
INSERT INTO qr_key (id, "key", in_use) VALUES (522, 'DTS', 0);
INSERT INTO qr_key (id, "key", in_use) VALUES (523, 'CLK', 0);
INSERT INTO qr_key (id, "key", in_use) VALUES (524, 'ADH', 0);
INSERT INTO qr_key (id, "key", in_use) VALUES (525, 'UYV', 0);
INSERT INTO qr_key (id, "key", in_use) VALUES (526, 'ULI', 0);
INSERT INTO qr_key (id, "key", in_use) VALUES (527, 'NRL', 0);
INSERT INTO qr_key (id, "key", in_use) VALUES (528, 'GUC', 0);
INSERT INTO qr_key (id, "key", in_use) VALUES (529, 'YQY', 0);
INSERT INTO qr_key (id, "key", in_use) VALUES (530, 'SYL', 0);
INSERT INTO qr_key (id, "key", in_use) VALUES (531, 'AYI', 0);
INSERT INTO qr_key (id, "key", in_use) VALUES (532, 'EJW', 0);
INSERT INTO qr_key (id, "key", in_use) VALUES (533, 'CVN', 0);
INSERT INTO qr_key (id, "key", in_use) VALUES (534, 'JGE', 0);
INSERT INTO qr_key (id, "key", in_use) VALUES (535, 'BYM', 0);
INSERT INTO qr_key (id, "key", in_use) VALUES (536, 'RTN', 0);
INSERT INTO qr_key (id, "key", in_use) VALUES (537, 'ZXO', 0);
INSERT INTO qr_key (id, "key", in_use) VALUES (538, 'CPH', 0);
INSERT INTO qr_key (id, "key", in_use) VALUES (539, 'TLI', 0);
INSERT INTO qr_key (id, "key", in_use) VALUES (540, 'PYW', 0);
INSERT INTO qr_key (id, "key", in_use) VALUES (541, 'GZV', 0);
INSERT INTO qr_key (id, "key", in_use) VALUES (542, 'PXH', 0);
INSERT INTO qr_key (id, "key", in_use) VALUES (543, 'MCY', 0);
INSERT INTO qr_key (id, "key", in_use) VALUES (544, 'YEV', 0);
INSERT INTO qr_key (id, "key", in_use) VALUES (545, 'RZT', 0);
INSERT INTO qr_key (id, "key", in_use) VALUES (546, 'VXX', 0);
INSERT INTO qr_key (id, "key", in_use) VALUES (547, 'LRB', 0);
INSERT INTO qr_key (id, "key", in_use) VALUES (548, 'AFI', 0);
INSERT INTO qr_key (id, "key", in_use) VALUES (549, 'DWI', 0);
INSERT INTO qr_key (id, "key", in_use) VALUES (550, 'GBW', 0);
INSERT INTO qr_key (id, "key", in_use) VALUES (551, 'HDS', 0);
INSERT INTO qr_key (id, "key", in_use) VALUES (552, 'HMU', 0);
INSERT INTO qr_key (id, "key", in_use) VALUES (553, 'TOM', 0);
INSERT INTO qr_key (id, "key", in_use) VALUES (554, 'EOZ', 0);
INSERT INTO qr_key (id, "key", in_use) VALUES (555, 'CEB', 0);
INSERT INTO qr_key (id, "key", in_use) VALUES (556, 'UIW', 0);
INSERT INTO qr_key (id, "key", in_use) VALUES (557, 'IKH', 0);
INSERT INTO qr_key (id, "key", in_use) VALUES (558, 'EJG', 0);
INSERT INTO qr_key (id, "key", in_use) VALUES (559, 'CTL', 0);
INSERT INTO qr_key (id, "key", in_use) VALUES (560, 'RPH', 0);
INSERT INTO qr_key (id, "key", in_use) VALUES (561, 'GNL', 0);
INSERT INTO qr_key (id, "key", in_use) VALUES (562, 'XTW', 0);
INSERT INTO qr_key (id, "key", in_use) VALUES (563, 'ITA', 0);
INSERT INTO qr_key (id, "key", in_use) VALUES (564, 'MNV', 0);
INSERT INTO qr_key (id, "key", in_use) VALUES (565, 'FBK', 0);
INSERT INTO qr_key (id, "key", in_use) VALUES (566, 'USP', 0);
INSERT INTO qr_key (id, "key", in_use) VALUES (567, 'DUY', 0);
INSERT INTO qr_key (id, "key", in_use) VALUES (568, 'KDO', 0);
INSERT INTO qr_key (id, "key", in_use) VALUES (569, 'KIH', 0);
INSERT INTO qr_key (id, "key", in_use) VALUES (570, 'CXO', 0);
INSERT INTO qr_key (id, "key", in_use) VALUES (571, 'TNE', 0);
INSERT INTO qr_key (id, "key", in_use) VALUES (572, 'UDV', 0);
INSERT INTO qr_key (id, "key", in_use) VALUES (573, 'TYB', 0);
INSERT INTO qr_key (id, "key", in_use) VALUES (574, 'AAZ', 0);
INSERT INTO qr_key (id, "key", in_use) VALUES (575, 'KCW', 0);
INSERT INTO qr_key (id, "key", in_use) VALUES (576, 'LLN', 0);
INSERT INTO qr_key (id, "key", in_use) VALUES (577, 'UPC', 0);
INSERT INTO qr_key (id, "key", in_use) VALUES (578, 'MPQ', 0);
INSERT INTO qr_key (id, "key", in_use) VALUES (579, 'LNQ', 0);
INSERT INTO qr_key (id, "key", in_use) VALUES (580, 'OSM', 0);
INSERT INTO qr_key (id, "key", in_use) VALUES (581, 'FJW', 0);
INSERT INTO qr_key (id, "key", in_use) VALUES (582, 'SWA', 0);
INSERT INTO qr_key (id, "key", in_use) VALUES (583, 'KYF', 0);
INSERT INTO qr_key (id, "key", in_use) VALUES (584, 'IIL', 0);
INSERT INTO qr_key (id, "key", in_use) VALUES (585, 'VLP', 0);
INSERT INTO qr_key (id, "key", in_use) VALUES (586, 'ZYC', 0);
INSERT INTO qr_key (id, "key", in_use) VALUES (587, 'ZDW', 0);
INSERT INTO qr_key (id, "key", in_use) VALUES (588, 'PFJ', 0);
INSERT INTO qr_key (id, "key", in_use) VALUES (589, 'QQE', 0);
INSERT INTO qr_key (id, "key", in_use) VALUES (590, 'KTR', 0);
INSERT INTO qr_key (id, "key", in_use) VALUES (591, 'QED', 0);
INSERT INTO qr_key (id, "key", in_use) VALUES (592, 'ZJG', 0);
INSERT INTO qr_key (id, "key", in_use) VALUES (593, 'FRB', 0);
INSERT INTO qr_key (id, "key", in_use) VALUES (594, 'UKX', 0);
INSERT INTO qr_key (id, "key", in_use) VALUES (595, 'DON', 0);
INSERT INTO qr_key (id, "key", in_use) VALUES (596, 'CKR', 0);
INSERT INTO qr_key (id, "key", in_use) VALUES (597, 'EBL', 0);
INSERT INTO qr_key (id, "key", in_use) VALUES (598, 'QRB', 0);
INSERT INTO qr_key (id, "key", in_use) VALUES (599, 'NLR', 0);
INSERT INTO qr_key (id, "key", in_use) VALUES (600, 'JSV', 0);
INSERT INTO qr_key (id, "key", in_use) VALUES (601, 'AQP', 0);
INSERT INTO qr_key (id, "key", in_use) VALUES (602, 'REI', 0);
INSERT INTO qr_key (id, "key", in_use) VALUES (603, 'ZTC', 0);
INSERT INTO qr_key (id, "key", in_use) VALUES (604, 'EXR', 0);
INSERT INTO qr_key (id, "key", in_use) VALUES (605, 'FRH', 0);
INSERT INTO qr_key (id, "key", in_use) VALUES (606, 'TMT', 0);
INSERT INTO qr_key (id, "key", in_use) VALUES (607, 'QJJ', 0);
INSERT INTO qr_key (id, "key", in_use) VALUES (608, 'CFT', 0);
INSERT INTO qr_key (id, "key", in_use) VALUES (609, 'FOB', 0);
INSERT INTO qr_key (id, "key", in_use) VALUES (610, 'XMM', 0);
INSERT INTO qr_key (id, "key", in_use) VALUES (611, 'KRZ', 0);
INSERT INTO qr_key (id, "key", in_use) VALUES (612, 'NQG', 0);
INSERT INTO qr_key (id, "key", in_use) VALUES (613, 'RUM', 0);
INSERT INTO qr_key (id, "key", in_use) VALUES (614, 'YQD', 0);
INSERT INTO qr_key (id, "key", in_use) VALUES (615, 'UFL', 0);
INSERT INTO qr_key (id, "key", in_use) VALUES (616, 'EUK', 0);
INSERT INTO qr_key (id, "key", in_use) VALUES (617, 'JKK', 0);
INSERT INTO qr_key (id, "key", in_use) VALUES (618, 'JSK', 0);
INSERT INTO qr_key (id, "key", in_use) VALUES (619, 'PUH', 0);
INSERT INTO qr_key (id, "key", in_use) VALUES (620, 'OMM', 0);
INSERT INTO qr_key (id, "key", in_use) VALUES (621, 'BOA', 0);
INSERT INTO qr_key (id, "key", in_use) VALUES (622, 'HDC', 0);
INSERT INTO qr_key (id, "key", in_use) VALUES (623, 'QVW', 0);
INSERT INTO qr_key (id, "key", in_use) VALUES (624, 'LRN', 0);
INSERT INTO qr_key (id, "key", in_use) VALUES (625, 'XXZ', 0);
INSERT INTO qr_key (id, "key", in_use) VALUES (626, 'NLC', 0);
INSERT INTO qr_key (id, "key", in_use) VALUES (627, 'DMB', 0);
INSERT INTO qr_key (id, "key", in_use) VALUES (628, 'CIG', 0);
INSERT INTO qr_key (id, "key", in_use) VALUES (629, 'VDQ', 0);
INSERT INTO qr_key (id, "key", in_use) VALUES (630, 'PXS', 0);
INSERT INTO qr_key (id, "key", in_use) VALUES (631, 'OQG', 0);
INSERT INTO qr_key (id, "key", in_use) VALUES (632, 'UDW', 0);
INSERT INTO qr_key (id, "key", in_use) VALUES (633, 'EHK', 0);
INSERT INTO qr_key (id, "key", in_use) VALUES (634, 'MIG', 0);
INSERT INTO qr_key (id, "key", in_use) VALUES (635, 'ZPZ', 0);
INSERT INTO qr_key (id, "key", in_use) VALUES (636, 'OPR', 0);
INSERT INTO qr_key (id, "key", in_use) VALUES (637, 'KWE', 0);
INSERT INTO qr_key (id, "key", in_use) VALUES (638, 'UZL', 0);
INSERT INTO qr_key (id, "key", in_use) VALUES (639, 'BWM', 0);
INSERT INTO qr_key (id, "key", in_use) VALUES (640, 'HKZ', 0);
INSERT INTO qr_key (id, "key", in_use) VALUES (641, 'IEB', 0);
INSERT INTO qr_key (id, "key", in_use) VALUES (642, 'VVO', 0);
INSERT INTO qr_key (id, "key", in_use) VALUES (643, 'GQD', 0);
INSERT INTO qr_key (id, "key", in_use) VALUES (644, 'SUT', 0);
INSERT INTO qr_key (id, "key", in_use) VALUES (645, 'MYB', 0);
INSERT INTO qr_key (id, "key", in_use) VALUES (646, 'GZY', 0);
INSERT INTO qr_key (id, "key", in_use) VALUES (647, 'VYR', 0);
INSERT INTO qr_key (id, "key", in_use) VALUES (648, 'PTR', 0);
INSERT INTO qr_key (id, "key", in_use) VALUES (649, 'AZZ', 0);
INSERT INTO qr_key (id, "key", in_use) VALUES (650, 'VJU', 0);
INSERT INTO qr_key (id, "key", in_use) VALUES (651, 'FYM', 0);
INSERT INTO qr_key (id, "key", in_use) VALUES (652, 'LMF', 0);
INSERT INTO qr_key (id, "key", in_use) VALUES (653, 'CMP', 0);
INSERT INTO qr_key (id, "key", in_use) VALUES (654, 'AHC', 0);
INSERT INTO qr_key (id, "key", in_use) VALUES (655, 'RCX', 0);
INSERT INTO qr_key (id, "key", in_use) VALUES (656, 'HCO', 0);
INSERT INTO qr_key (id, "key", in_use) VALUES (657, 'CIM', 0);
INSERT INTO qr_key (id, "key", in_use) VALUES (658, 'RXH', 0);
INSERT INTO qr_key (id, "key", in_use) VALUES (659, 'MWE', 0);
INSERT INTO qr_key (id, "key", in_use) VALUES (660, 'ZTF', 0);
INSERT INTO qr_key (id, "key", in_use) VALUES (661, 'TZC', 0);
INSERT INTO qr_key (id, "key", in_use) VALUES (662, 'CCV', 0);
INSERT INTO qr_key (id, "key", in_use) VALUES (663, 'WUC', 0);
INSERT INTO qr_key (id, "key", in_use) VALUES (664, 'QLT', 0);
INSERT INTO qr_key (id, "key", in_use) VALUES (665, 'EYD', 0);
INSERT INTO qr_key (id, "key", in_use) VALUES (666, 'YRT', 0);
INSERT INTO qr_key (id, "key", in_use) VALUES (667, 'BKJ', 0);
INSERT INTO qr_key (id, "key", in_use) VALUES (668, 'MYF', 0);
INSERT INTO qr_key (id, "key", in_use) VALUES (669, 'EDS', 0);
INSERT INTO qr_key (id, "key", in_use) VALUES (670, 'PUG', 0);
INSERT INTO qr_key (id, "key", in_use) VALUES (671, 'QQN', 0);
INSERT INTO qr_key (id, "key", in_use) VALUES (672, 'ARG', 0);
INSERT INTO qr_key (id, "key", in_use) VALUES (673, 'WKU', 0);
INSERT INTO qr_key (id, "key", in_use) VALUES (674, 'CBJ', 0);
INSERT INTO qr_key (id, "key", in_use) VALUES (675, 'RAL', 0);
INSERT INTO qr_key (id, "key", in_use) VALUES (676, 'ZXL', 0);
INSERT INTO qr_key (id, "key", in_use) VALUES (677, 'OFH', 0);
INSERT INTO qr_key (id, "key", in_use) VALUES (678, 'YPF', 0);
INSERT INTO qr_key (id, "key", in_use) VALUES (679, 'AGQ', 0);
INSERT INTO qr_key (id, "key", in_use) VALUES (680, 'YPS', 0);
INSERT INTO qr_key (id, "key", in_use) VALUES (681, 'YCY', 0);
INSERT INTO qr_key (id, "key", in_use) VALUES (682, 'VSA', 0);
INSERT INTO qr_key (id, "key", in_use) VALUES (683, 'CON', 0);
INSERT INTO qr_key (id, "key", in_use) VALUES (684, 'JQH', 0);
INSERT INTO qr_key (id, "key", in_use) VALUES (685, 'GLG', 0);
INSERT INTO qr_key (id, "key", in_use) VALUES (686, 'KRB', 0);
INSERT INTO qr_key (id, "key", in_use) VALUES (687, 'GAC', 0);
INSERT INTO qr_key (id, "key", in_use) VALUES (688, 'FGI', 0);
INSERT INTO qr_key (id, "key", in_use) VALUES (689, 'QEQ', 0);
INSERT INTO qr_key (id, "key", in_use) VALUES (690, 'QDE', 0);
INSERT INTO qr_key (id, "key", in_use) VALUES (691, 'BXY', 0);
INSERT INTO qr_key (id, "key", in_use) VALUES (692, 'BGB', 0);
INSERT INTO qr_key (id, "key", in_use) VALUES (693, 'KMA', 0);
INSERT INTO qr_key (id, "key", in_use) VALUES (694, 'VFN', 0);
INSERT INTO qr_key (id, "key", in_use) VALUES (695, 'HZS', 0);
INSERT INTO qr_key (id, "key", in_use) VALUES (696, 'JJH', 0);
INSERT INTO qr_key (id, "key", in_use) VALUES (697, 'VIK', 0);
INSERT INTO qr_key (id, "key", in_use) VALUES (698, 'ARP', 0);
INSERT INTO qr_key (id, "key", in_use) VALUES (699, 'NID', 0);
INSERT INTO qr_key (id, "key", in_use) VALUES (700, 'FAA', 0);
INSERT INTO qr_key (id, "key", in_use) VALUES (701, 'WUK', 0);
INSERT INTO qr_key (id, "key", in_use) VALUES (702, 'IMN', 0);
INSERT INTO qr_key (id, "key", in_use) VALUES (703, 'CDM', 0);
INSERT INTO qr_key (id, "key", in_use) VALUES (704, 'CGK', 0);
INSERT INTO qr_key (id, "key", in_use) VALUES (705, 'YRW', 0);
INSERT INTO qr_key (id, "key", in_use) VALUES (706, 'OED', 0);
INSERT INTO qr_key (id, "key", in_use) VALUES (707, 'JIK', 0);
INSERT INTO qr_key (id, "key", in_use) VALUES (708, 'HMD', 0);
INSERT INTO qr_key (id, "key", in_use) VALUES (709, 'VLB', 0);
INSERT INTO qr_key (id, "key", in_use) VALUES (710, 'FXK', 0);
INSERT INTO qr_key (id, "key", in_use) VALUES (711, 'GUJ', 0);
INSERT INTO qr_key (id, "key", in_use) VALUES (712, 'FEV', 0);
INSERT INTO qr_key (id, "key", in_use) VALUES (713, 'WEB', 0);
INSERT INTO qr_key (id, "key", in_use) VALUES (714, 'HXE', 0);
INSERT INTO qr_key (id, "key", in_use) VALUES (715, 'MLL', 0);
INSERT INTO qr_key (id, "key", in_use) VALUES (716, 'LDH', 0);
INSERT INTO qr_key (id, "key", in_use) VALUES (717, 'VKT', 0);
INSERT INTO qr_key (id, "key", in_use) VALUES (718, 'SQM', 0);
INSERT INTO qr_key (id, "key", in_use) VALUES (719, 'IWQ', 0);
INSERT INTO qr_key (id, "key", in_use) VALUES (720, 'MBH', 0);
INSERT INTO qr_key (id, "key", in_use) VALUES (721, 'BMJ', 0);
INSERT INTO qr_key (id, "key", in_use) VALUES (722, 'OXQ', 0);
INSERT INTO qr_key (id, "key", in_use) VALUES (723, 'RKQ', 0);
INSERT INTO qr_key (id, "key", in_use) VALUES (724, 'FQT', 0);
INSERT INTO qr_key (id, "key", in_use) VALUES (725, 'OFN', 0);
INSERT INTO qr_key (id, "key", in_use) VALUES (726, 'PMZ', 0);
INSERT INTO qr_key (id, "key", in_use) VALUES (727, 'LSC', 0);
INSERT INTO qr_key (id, "key", in_use) VALUES (728, 'CTT', 0);
INSERT INTO qr_key (id, "key", in_use) VALUES (729, 'HXT', 0);
INSERT INTO qr_key (id, "key", in_use) VALUES (730, 'FEM', 0);
INSERT INTO qr_key (id, "key", in_use) VALUES (731, 'SUK', 0);
INSERT INTO qr_key (id, "key", in_use) VALUES (732, 'XKI', 0);
INSERT INTO qr_key (id, "key", in_use) VALUES (733, 'IPQ', 0);
INSERT INTO qr_key (id, "key", in_use) VALUES (734, 'IOY', 0);
INSERT INTO qr_key (id, "key", in_use) VALUES (735, 'UPV', 0);
INSERT INTO qr_key (id, "key", in_use) VALUES (736, 'OGY', 0);
INSERT INTO qr_key (id, "key", in_use) VALUES (737, 'VBJ', 0);
INSERT INTO qr_key (id, "key", in_use) VALUES (738, 'WBC', 0);
INSERT INTO qr_key (id, "key", in_use) VALUES (739, 'FSB', 0);
INSERT INTO qr_key (id, "key", in_use) VALUES (740, 'PIH', 0);
INSERT INTO qr_key (id, "key", in_use) VALUES (741, 'RHA', 0);
INSERT INTO qr_key (id, "key", in_use) VALUES (742, 'WBG', 0);
INSERT INTO qr_key (id, "key", in_use) VALUES (743, 'KTK', 0);
INSERT INTO qr_key (id, "key", in_use) VALUES (744, 'BKK', 0);
INSERT INTO qr_key (id, "key", in_use) VALUES (745, 'IJY', 0);
INSERT INTO qr_key (id, "key", in_use) VALUES (746, 'YVB', 0);
INSERT INTO qr_key (id, "key", in_use) VALUES (747, 'NUO', 0);
INSERT INTO qr_key (id, "key", in_use) VALUES (748, 'DWF', 0);
INSERT INTO qr_key (id, "key", in_use) VALUES (749, 'KDA', 0);
INSERT INTO qr_key (id, "key", in_use) VALUES (750, 'CAH', 0);
INSERT INTO qr_key (id, "key", in_use) VALUES (751, 'CNZ', 0);
INSERT INTO qr_key (id, "key", in_use) VALUES (752, 'RQU', 0);
INSERT INTO qr_key (id, "key", in_use) VALUES (753, 'CMI', 0);
INSERT INTO qr_key (id, "key", in_use) VALUES (754, 'WEA', 0);
INSERT INTO qr_key (id, "key", in_use) VALUES (755, 'AQG', 0);
INSERT INTO qr_key (id, "key", in_use) VALUES (756, 'NJZ', 0);
INSERT INTO qr_key (id, "key", in_use) VALUES (757, 'QZP', 0);
INSERT INTO qr_key (id, "key", in_use) VALUES (758, 'TYH', 0);
INSERT INTO qr_key (id, "key", in_use) VALUES (759, 'VKG', 0);
INSERT INTO qr_key (id, "key", in_use) VALUES (760, 'YMK', 0);
INSERT INTO qr_key (id, "key", in_use) VALUES (761, 'KOO', 0);
INSERT INTO qr_key (id, "key", in_use) VALUES (762, 'RBX', 0);
INSERT INTO qr_key (id, "key", in_use) VALUES (763, 'TSS', 0);
INSERT INTO qr_key (id, "key", in_use) VALUES (764, 'WWM', 0);
INSERT INTO qr_key (id, "key", in_use) VALUES (765, 'AUW', 0);
INSERT INTO qr_key (id, "key", in_use) VALUES (766, 'ARH', 0);
INSERT INTO qr_key (id, "key", in_use) VALUES (767, 'UYM', 0);
INSERT INTO qr_key (id, "key", in_use) VALUES (768, 'IKU', 0);
INSERT INTO qr_key (id, "key", in_use) VALUES (769, 'HTD', 0);
INSERT INTO qr_key (id, "key", in_use) VALUES (770, 'AHX', 0);
INSERT INTO qr_key (id, "key", in_use) VALUES (771, 'DVX', 0);
INSERT INTO qr_key (id, "key", in_use) VALUES (772, 'FPS', 0);
INSERT INTO qr_key (id, "key", in_use) VALUES (773, 'TMG', 0);
INSERT INTO qr_key (id, "key", in_use) VALUES (774, 'VVD', 0);
INSERT INTO qr_key (id, "key", in_use) VALUES (775, 'ICQ', 0);
INSERT INTO qr_key (id, "key", in_use) VALUES (776, 'LMQ', 0);
INSERT INTO qr_key (id, "key", in_use) VALUES (777, 'VLW', 0);
INSERT INTO qr_key (id, "key", in_use) VALUES (778, 'KMW', 0);
INSERT INTO qr_key (id, "key", in_use) VALUES (779, 'CXS', 0);
INSERT INTO qr_key (id, "key", in_use) VALUES (780, 'XGP', 0);
INSERT INTO qr_key (id, "key", in_use) VALUES (781, 'PBV', 0);
INSERT INTO qr_key (id, "key", in_use) VALUES (782, 'BOY', 0);
INSERT INTO qr_key (id, "key", in_use) VALUES (783, 'HVK', 0);
INSERT INTO qr_key (id, "key", in_use) VALUES (784, 'TEM', 0);
INSERT INTO qr_key (id, "key", in_use) VALUES (785, 'OPX', 0);
INSERT INTO qr_key (id, "key", in_use) VALUES (786, 'OWN', 0);
INSERT INTO qr_key (id, "key", in_use) VALUES (787, 'LGZ', 0);
INSERT INTO qr_key (id, "key", in_use) VALUES (788, 'EZN', 0);
INSERT INTO qr_key (id, "key", in_use) VALUES (789, 'HYC', 0);
INSERT INTO qr_key (id, "key", in_use) VALUES (790, 'CYF', 0);
INSERT INTO qr_key (id, "key", in_use) VALUES (791, 'TUY', 0);
INSERT INTO qr_key (id, "key", in_use) VALUES (792, 'JFC', 0);
INSERT INTO qr_key (id, "key", in_use) VALUES (793, 'NFW', 0);
INSERT INTO qr_key (id, "key", in_use) VALUES (794, 'VVI', 0);
INSERT INTO qr_key (id, "key", in_use) VALUES (795, 'CVQ', 0);
INSERT INTO qr_key (id, "key", in_use) VALUES (796, 'THX', 0);
INSERT INTO qr_key (id, "key", in_use) VALUES (797, 'QMK', 0);
INSERT INTO qr_key (id, "key", in_use) VALUES (798, 'VAN', 0);
INSERT INTO qr_key (id, "key", in_use) VALUES (799, 'FAJ', 0);
INSERT INTO qr_key (id, "key", in_use) VALUES (800, 'IPV', 0);
INSERT INTO qr_key (id, "key", in_use) VALUES (801, 'VAU', 0);
INSERT INTO qr_key (id, "key", in_use) VALUES (802, 'QNW', 0);
INSERT INTO qr_key (id, "key", in_use) VALUES (803, 'IED', 0);
INSERT INTO qr_key (id, "key", in_use) VALUES (804, 'RCI', 0);
INSERT INTO qr_key (id, "key", in_use) VALUES (805, 'FCH', 0);
INSERT INTO qr_key (id, "key", in_use) VALUES (806, 'GPT', 0);
INSERT INTO qr_key (id, "key", in_use) VALUES (807, 'RTJ', 0);
INSERT INTO qr_key (id, "key", in_use) VALUES (808, 'CZD', 0);
INSERT INTO qr_key (id, "key", in_use) VALUES (809, 'WLS', 0);
INSERT INTO qr_key (id, "key", in_use) VALUES (810, 'JEC', 0);
INSERT INTO qr_key (id, "key", in_use) VALUES (811, 'VXK', 0);
INSERT INTO qr_key (id, "key", in_use) VALUES (812, 'VQC', 0);
INSERT INTO qr_key (id, "key", in_use) VALUES (813, 'ZQG', 0);
INSERT INTO qr_key (id, "key", in_use) VALUES (814, 'KYZ', 0);
INSERT INTO qr_key (id, "key", in_use) VALUES (815, 'ASI', 0);
INSERT INTO qr_key (id, "key", in_use) VALUES (816, 'FBM', 0);
INSERT INTO qr_key (id, "key", in_use) VALUES (817, 'ZRG', 0);
INSERT INTO qr_key (id, "key", in_use) VALUES (818, 'NDR', 0);
INSERT INTO qr_key (id, "key", in_use) VALUES (819, 'FEY', 0);
INSERT INTO qr_key (id, "key", in_use) VALUES (820, 'OZA', 0);
INSERT INTO qr_key (id, "key", in_use) VALUES (821, 'XSF', 0);
INSERT INTO qr_key (id, "key", in_use) VALUES (822, 'PGD', 0);
INSERT INTO qr_key (id, "key", in_use) VALUES (823, 'KSK', 0);
INSERT INTO qr_key (id, "key", in_use) VALUES (824, 'XBR', 0);
INSERT INTO qr_key (id, "key", in_use) VALUES (825, 'PJV', 0);
INSERT INTO qr_key (id, "key", in_use) VALUES (826, 'EOV', 0);
INSERT INTO qr_key (id, "key", in_use) VALUES (827, 'IZC', 0);
INSERT INTO qr_key (id, "key", in_use) VALUES (828, 'YDI', 0);
INSERT INTO qr_key (id, "key", in_use) VALUES (829, 'VFQ', 0);
INSERT INTO qr_key (id, "key", in_use) VALUES (830, 'SFB', 0);
INSERT INTO qr_key (id, "key", in_use) VALUES (831, 'ZBT', 0);
INSERT INTO qr_key (id, "key", in_use) VALUES (832, 'VNE', 0);
INSERT INTO qr_key (id, "key", in_use) VALUES (833, 'WCD', 0);
INSERT INTO qr_key (id, "key", in_use) VALUES (834, 'YLG', 0);
INSERT INTO qr_key (id, "key", in_use) VALUES (835, 'WTG', 0);
INSERT INTO qr_key (id, "key", in_use) VALUES (836, 'JUJ', 0);
INSERT INTO qr_key (id, "key", in_use) VALUES (837, 'QON', 0);
INSERT INTO qr_key (id, "key", in_use) VALUES (838, 'GSA', 0);
INSERT INTO qr_key (id, "key", in_use) VALUES (839, 'HVS', 0);
INSERT INTO qr_key (id, "key", in_use) VALUES (840, 'NMH', 0);
INSERT INTO qr_key (id, "key", in_use) VALUES (841, 'BEC', 0);
INSERT INTO qr_key (id, "key", in_use) VALUES (842, 'EJB', 0);
INSERT INTO qr_key (id, "key", in_use) VALUES (843, 'HHG', 0);
INSERT INTO qr_key (id, "key", in_use) VALUES (844, 'GPR', 0);
INSERT INTO qr_key (id, "key", in_use) VALUES (845, 'NPP', 0);
INSERT INTO qr_key (id, "key", in_use) VALUES (846, 'CNY', 0);
INSERT INTO qr_key (id, "key", in_use) VALUES (847, 'RVW', 0);
INSERT INTO qr_key (id, "key", in_use) VALUES (848, 'MIR', 0);
INSERT INTO qr_key (id, "key", in_use) VALUES (849, 'XCX', 0);
INSERT INTO qr_key (id, "key", in_use) VALUES (850, 'WFC', 0);
INSERT INTO qr_key (id, "key", in_use) VALUES (851, 'VHY', 0);
INSERT INTO qr_key (id, "key", in_use) VALUES (852, 'BOX', 0);
INSERT INTO qr_key (id, "key", in_use) VALUES (853, 'KPW', 0);
INSERT INTO qr_key (id, "key", in_use) VALUES (854, 'IBO', 0);
INSERT INTO qr_key (id, "key", in_use) VALUES (855, 'HQF', 0);
INSERT INTO qr_key (id, "key", in_use) VALUES (856, 'QQD', 0);
INSERT INTO qr_key (id, "key", in_use) VALUES (857, 'OYT', 0);
INSERT INTO qr_key (id, "key", in_use) VALUES (858, 'QVS', 0);
INSERT INTO qr_key (id, "key", in_use) VALUES (859, 'AEC', 0);
INSERT INTO qr_key (id, "key", in_use) VALUES (860, 'OPP', 0);
INSERT INTO qr_key (id, "key", in_use) VALUES (861, 'YDN', 0);
INSERT INTO qr_key (id, "key", in_use) VALUES (862, 'LUS', 0);
INSERT INTO qr_key (id, "key", in_use) VALUES (863, 'TVR', 0);
INSERT INTO qr_key (id, "key", in_use) VALUES (864, 'IHD', 0);
INSERT INTO qr_key (id, "key", in_use) VALUES (865, 'XTJ', 0);
INSERT INTO qr_key (id, "key", in_use) VALUES (866, 'GAQ', 0);
INSERT INTO qr_key (id, "key", in_use) VALUES (867, 'WNU', 0);
INSERT INTO qr_key (id, "key", in_use) VALUES (868, 'RDS', 0);
INSERT INTO qr_key (id, "key", in_use) VALUES (869, 'OVR', 0);
INSERT INTO qr_key (id, "key", in_use) VALUES (870, 'GVM', 0);
INSERT INTO qr_key (id, "key", in_use) VALUES (871, 'IWZ', 0);
INSERT INTO qr_key (id, "key", in_use) VALUES (872, 'AVD', 0);
INSERT INTO qr_key (id, "key", in_use) VALUES (873, 'VLS', 0);
INSERT INTO qr_key (id, "key", in_use) VALUES (874, 'PNP', 0);
INSERT INTO qr_key (id, "key", in_use) VALUES (875, 'ROE', 0);
INSERT INTO qr_key (id, "key", in_use) VALUES (876, 'UHY', 0);
INSERT INTO qr_key (id, "key", in_use) VALUES (877, 'VZN', 0);
INSERT INTO qr_key (id, "key", in_use) VALUES (878, 'VIB', 0);
INSERT INTO qr_key (id, "key", in_use) VALUES (879, 'RWV', 0);
INSERT INTO qr_key (id, "key", in_use) VALUES (880, 'VES', 0);
INSERT INTO qr_key (id, "key", in_use) VALUES (881, 'XES', 0);
INSERT INTO qr_key (id, "key", in_use) VALUES (882, 'LXH', 0);
INSERT INTO qr_key (id, "key", in_use) VALUES (883, 'LRQ', 0);
INSERT INTO qr_key (id, "key", in_use) VALUES (884, 'WOY', 0);
INSERT INTO qr_key (id, "key", in_use) VALUES (885, 'YWP', 0);
INSERT INTO qr_key (id, "key", in_use) VALUES (886, 'FYQ', 0);
INSERT INTO qr_key (id, "key", in_use) VALUES (887, 'BOL', 0);
INSERT INTO qr_key (id, "key", in_use) VALUES (888, 'CMW', 0);
INSERT INTO qr_key (id, "key", in_use) VALUES (889, 'YBQ', 0);
INSERT INTO qr_key (id, "key", in_use) VALUES (890, 'CZZ', 0);
INSERT INTO qr_key (id, "key", in_use) VALUES (891, 'FPG', 0);
INSERT INTO qr_key (id, "key", in_use) VALUES (892, 'XXE', 0);
INSERT INTO qr_key (id, "key", in_use) VALUES (893, 'QTG', 0);
INSERT INTO qr_key (id, "key", in_use) VALUES (894, 'WHH', 0);
INSERT INTO qr_key (id, "key", in_use) VALUES (895, 'KYP', 0);
INSERT INTO qr_key (id, "key", in_use) VALUES (896, 'HKN', 0);
INSERT INTO qr_key (id, "key", in_use) VALUES (897, 'AHT', 0);
INSERT INTO qr_key (id, "key", in_use) VALUES (898, 'ZUD', 0);
INSERT INTO qr_key (id, "key", in_use) VALUES (899, 'GPF', 0);
INSERT INTO qr_key (id, "key", in_use) VALUES (900, 'WBZ', 0);
INSERT INTO qr_key (id, "key", in_use) VALUES (901, 'SGD', 0);
INSERT INTO qr_key (id, "key", in_use) VALUES (902, 'YQG', 0);
INSERT INTO qr_key (id, "key", in_use) VALUES (903, 'URM', 0);
INSERT INTO qr_key (id, "key", in_use) VALUES (904, 'ATB', 0);
INSERT INTO qr_key (id, "key", in_use) VALUES (905, 'BBM', 0);
INSERT INTO qr_key (id, "key", in_use) VALUES (906, 'ZTY', 0);
INSERT INTO qr_key (id, "key", in_use) VALUES (907, 'IYY', 0);
INSERT INTO qr_key (id, "key", in_use) VALUES (908, 'PZO', 0);
INSERT INTO qr_key (id, "key", in_use) VALUES (909, 'UFM', 0);
INSERT INTO qr_key (id, "key", in_use) VALUES (910, 'DRA', 0);
INSERT INTO qr_key (id, "key", in_use) VALUES (911, 'NJF', 0);
INSERT INTO qr_key (id, "key", in_use) VALUES (912, 'YAR', 0);
INSERT INTO qr_key (id, "key", in_use) VALUES (913, 'RND', 0);
INSERT INTO qr_key (id, "key", in_use) VALUES (914, 'TQQ', 0);
INSERT INTO qr_key (id, "key", in_use) VALUES (915, 'SMR', 0);
INSERT INTO qr_key (id, "key", in_use) VALUES (916, 'SXY', 0);
INSERT INTO qr_key (id, "key", in_use) VALUES (917, 'CGN', 0);
INSERT INTO qr_key (id, "key", in_use) VALUES (918, 'IYU', 0);
INSERT INTO qr_key (id, "key", in_use) VALUES (919, 'DXZ', 0);
INSERT INTO qr_key (id, "key", in_use) VALUES (920, 'CZA', 0);
INSERT INTO qr_key (id, "key", in_use) VALUES (921, 'OFP', 0);
INSERT INTO qr_key (id, "key", in_use) VALUES (922, 'VEK', 0);
INSERT INTO qr_key (id, "key", in_use) VALUES (923, 'JMF', 0);
INSERT INTO qr_key (id, "key", in_use) VALUES (924, 'UDX', 0);
INSERT INTO qr_key (id, "key", in_use) VALUES (925, 'YUV', 0);
INSERT INTO qr_key (id, "key", in_use) VALUES (926, 'MUK', 0);
INSERT INTO qr_key (id, "key", in_use) VALUES (927, 'ZNL', 0);
INSERT INTO qr_key (id, "key", in_use) VALUES (928, 'OJE', 0);
INSERT INTO qr_key (id, "key", in_use) VALUES (929, 'HWE', 0);
INSERT INTO qr_key (id, "key", in_use) VALUES (930, 'XPT', 0);
INSERT INTO qr_key (id, "key", in_use) VALUES (931, 'SFW', 0);
INSERT INTO qr_key (id, "key", in_use) VALUES (932, 'SBA', 0);
INSERT INTO qr_key (id, "key", in_use) VALUES (933, 'EXJ', 0);
INSERT INTO qr_key (id, "key", in_use) VALUES (934, 'EEI', 0);
INSERT INTO qr_key (id, "key", in_use) VALUES (935, 'MXU', 0);
INSERT INTO qr_key (id, "key", in_use) VALUES (936, 'MTV', 0);
INSERT INTO qr_key (id, "key", in_use) VALUES (937, 'SEK', 0);
INSERT INTO qr_key (id, "key", in_use) VALUES (938, 'UMD', 0);
INSERT INTO qr_key (id, "key", in_use) VALUES (939, 'CNX', 0);
INSERT INTO qr_key (id, "key", in_use) VALUES (940, 'QYW', 0);
INSERT INTO qr_key (id, "key", in_use) VALUES (941, 'FVV', 0);
INSERT INTO qr_key (id, "key", in_use) VALUES (942, 'YKS', 0);
INSERT INTO qr_key (id, "key", in_use) VALUES (943, 'AYD', 0);
INSERT INTO qr_key (id, "key", in_use) VALUES (944, 'HCH', 0);
INSERT INTO qr_key (id, "key", in_use) VALUES (945, 'KTB', 0);
INSERT INTO qr_key (id, "key", in_use) VALUES (946, 'HBI', 0);
INSERT INTO qr_key (id, "key", in_use) VALUES (947, 'ROI', 0);
INSERT INTO qr_key (id, "key", in_use) VALUES (948, 'QKX', 0);
INSERT INTO qr_key (id, "key", in_use) VALUES (949, 'ACT', 0);
INSERT INTO qr_key (id, "key", in_use) VALUES (950, 'UIM', 0);
INSERT INTO qr_key (id, "key", in_use) VALUES (951, 'QQH', 0);
INSERT INTO qr_key (id, "key", in_use) VALUES (952, 'DIT', 0);
INSERT INTO qr_key (id, "key", in_use) VALUES (953, 'KMS', 0);
INSERT INTO qr_key (id, "key", in_use) VALUES (954, 'AZC', 0);
INSERT INTO qr_key (id, "key", in_use) VALUES (955, 'CPF', 0);
INSERT INTO qr_key (id, "key", in_use) VALUES (956, 'UED', 0);
INSERT INTO qr_key (id, "key", in_use) VALUES (957, 'JKO', 0);
INSERT INTO qr_key (id, "key", in_use) VALUES (958, 'HRX', 0);
INSERT INTO qr_key (id, "key", in_use) VALUES (959, 'MWM', 0);
INSERT INTO qr_key (id, "key", in_use) VALUES (960, 'QZQ', 0);
INSERT INTO qr_key (id, "key", in_use) VALUES (961, 'DTU', 0);
INSERT INTO qr_key (id, "key", in_use) VALUES (962, 'MJC', 0);
INSERT INTO qr_key (id, "key", in_use) VALUES (963, 'VPT', 0);
INSERT INTO qr_key (id, "key", in_use) VALUES (964, 'RCS', 0);
INSERT INTO qr_key (id, "key", in_use) VALUES (965, 'DCL', 0);
INSERT INTO qr_key (id, "key", in_use) VALUES (966, 'GWW', 0);
INSERT INTO qr_key (id, "key", in_use) VALUES (967, 'XYW', 0);
INSERT INTO qr_key (id, "key", in_use) VALUES (968, 'XGL', 0);
INSERT INTO qr_key (id, "key", in_use) VALUES (969, 'QVZ', 0);
INSERT INTO qr_key (id, "key", in_use) VALUES (970, 'SIZ', 0);
INSERT INTO qr_key (id, "key", in_use) VALUES (971, 'PVO', 0);
INSERT INTO qr_key (id, "key", in_use) VALUES (972, 'FJM', 0);
INSERT INTO qr_key (id, "key", in_use) VALUES (973, 'PWM', 0);
INSERT INTO qr_key (id, "key", in_use) VALUES (974, 'QRM', 0);
INSERT INTO qr_key (id, "key", in_use) VALUES (975, 'TBJ', 0);
INSERT INTO qr_key (id, "key", in_use) VALUES (976, 'VKP', 0);
INSERT INTO qr_key (id, "key", in_use) VALUES (977, 'APV', 0);
INSERT INTO qr_key (id, "key", in_use) VALUES (978, 'AAI', 0);
INSERT INTO qr_key (id, "key", in_use) VALUES (979, 'ZKQ', 0);
INSERT INTO qr_key (id, "key", in_use) VALUES (980, 'GVS', 0);
INSERT INTO qr_key (id, "key", in_use) VALUES (981, 'LJL', 0);
INSERT INTO qr_key (id, "key", in_use) VALUES (982, 'PQQ', 0);
INSERT INTO qr_key (id, "key", in_use) VALUES (983, 'ION', 0);
INSERT INTO qr_key (id, "key", in_use) VALUES (984, 'WDB', 0);
INSERT INTO qr_key (id, "key", in_use) VALUES (985, 'UUN', 0);
INSERT INTO qr_key (id, "key", in_use) VALUES (986, 'HDR', 0);
INSERT INTO qr_key (id, "key", in_use) VALUES (987, 'JFO', 0);
INSERT INTO qr_key (id, "key", in_use) VALUES (988, 'WTE', 0);
INSERT INTO qr_key (id, "key", in_use) VALUES (989, 'JLO', 0);
INSERT INTO qr_key (id, "key", in_use) VALUES (990, 'YAC', 0);
INSERT INTO qr_key (id, "key", in_use) VALUES (991, 'LRA', 0);
INSERT INTO qr_key (id, "key", in_use) VALUES (992, 'ZXT', 0);
INSERT INTO qr_key (id, "key", in_use) VALUES (993, 'WNQ', 0);
INSERT INTO qr_key (id, "key", in_use) VALUES (994, 'WKP', 0);
INSERT INTO qr_key (id, "key", in_use) VALUES (995, 'EOC', 0);
INSERT INTO qr_key (id, "key", in_use) VALUES (996, 'DVJ', 0);
INSERT INTO qr_key (id, "key", in_use) VALUES (997, 'RYS', 0);
INSERT INTO qr_key (id, "key", in_use) VALUES (998, 'PKS', 0);
INSERT INTO qr_key (id, "key", in_use) VALUES (999, 'BRK', 0);
INSERT INTO qr_key (id, "key", in_use) VALUES (1000, 'WOI', 0);
INSERT INTO qr_key (id, "key", in_use) VALUES (1001, 'KXS', 0);
INSERT INTO qr_key (id, "key", in_use) VALUES (1002, 'ISP', 0);
INSERT INTO qr_key (id, "key", in_use) VALUES (1003, 'KUT', 0);
INSERT INTO qr_key (id, "key", in_use) VALUES (1004, 'SQE', 0);
INSERT INTO qr_key (id, "key", in_use) VALUES (1005, 'KPU', 0);
INSERT INTO qr_key (id, "key", in_use) VALUES (1006, 'XIE', 0);
INSERT INTO qr_key (id, "key", in_use) VALUES (1007, 'OIK', 0);
INSERT INTO qr_key (id, "key", in_use) VALUES (1008, 'FOS', 0);
INSERT INTO qr_key (id, "key", in_use) VALUES (1009, 'WMS', 0);
INSERT INTO qr_key (id, "key", in_use) VALUES (1010, 'BTD', 0);
INSERT INTO qr_key (id, "key", in_use) VALUES (1011, 'MUO', 0);
INSERT INTO qr_key (id, "key", in_use) VALUES (1012, 'FBY', 0);
INSERT INTO qr_key (id, "key", in_use) VALUES (1013, 'DGM', 0);
INSERT INTO qr_key (id, "key", in_use) VALUES (1014, 'FNM', 0);
INSERT INTO qr_key (id, "key", in_use) VALUES (1015, 'LLB', 0);
INSERT INTO qr_key (id, "key", in_use) VALUES (1016, 'PPA', 0);
INSERT INTO qr_key (id, "key", in_use) VALUES (1017, 'EFN', 0);
INSERT INTO qr_key (id, "key", in_use) VALUES (1018, 'MAF', 0);
INSERT INTO qr_key (id, "key", in_use) VALUES (1019, 'KKN', 0);
INSERT INTO qr_key (id, "key", in_use) VALUES (1020, 'JHK', 0);
INSERT INTO qr_key (id, "key", in_use) VALUES (1021, 'SUO', 0);
INSERT INTO qr_key (id, "key", in_use) VALUES (1022, 'BFP', 0);
INSERT INTO qr_key (id, "key", in_use) VALUES (1023, 'RCK', 0);
INSERT INTO qr_key (id, "key", in_use) VALUES (1024, 'KKJ', 0);
INSERT INTO qr_key (id, "key", in_use) VALUES (1025, 'PXJ', 0);
INSERT INTO qr_key (id, "key", in_use) VALUES (1026, 'EKY', 0);
INSERT INTO qr_key (id, "key", in_use) VALUES (1027, 'RNN', 0);
INSERT INTO qr_key (id, "key", in_use) VALUES (1028, 'VDM', 0);
INSERT INTO qr_key (id, "key", in_use) VALUES (1029, 'RFZ', 0);
INSERT INTO qr_key (id, "key", in_use) VALUES (1030, 'TQR', 0);
INSERT INTO qr_key (id, "key", in_use) VALUES (1031, 'OIM', 0);
INSERT INTO qr_key (id, "key", in_use) VALUES (1032, 'TEG', 0);
INSERT INTO qr_key (id, "key", in_use) VALUES (1033, 'OKH', 0);
INSERT INTO qr_key (id, "key", in_use) VALUES (1034, 'WEW', 0);
INSERT INTO qr_key (id, "key", in_use) VALUES (1035, 'MJX', 0);
INSERT INTO qr_key (id, "key", in_use) VALUES (1036, 'NNA', 0);
INSERT INTO qr_key (id, "key", in_use) VALUES (1037, 'KQK', 0);
INSERT INTO qr_key (id, "key", in_use) VALUES (1038, 'EBB', 0);
INSERT INTO qr_key (id, "key", in_use) VALUES (1039, 'UIU', 0);
INSERT INTO qr_key (id, "key", in_use) VALUES (1040, 'FBU', 0);
INSERT INTO qr_key (id, "key", in_use) VALUES (1041, 'FQR', 0);
INSERT INTO qr_key (id, "key", in_use) VALUES (1042, 'SFE', 0);
INSERT INTO qr_key (id, "key", in_use) VALUES (1043, 'KPQ', 0);
INSERT INTO qr_key (id, "key", in_use) VALUES (1044, 'RVO', 0);
INSERT INTO qr_key (id, "key", in_use) VALUES (1045, 'ENF', 0);
INSERT INTO qr_key (id, "key", in_use) VALUES (1046, 'XUD', 0);
INSERT INTO qr_key (id, "key", in_use) VALUES (1047, 'VWX', 0);
INSERT INTO qr_key (id, "key", in_use) VALUES (1048, 'YXP', 0);
INSERT INTO qr_key (id, "key", in_use) VALUES (1049, 'OVA', 0);
INSERT INTO qr_key (id, "key", in_use) VALUES (1050, 'YOB', 0);
INSERT INTO qr_key (id, "key", in_use) VALUES (1051, 'RGZ', 0);
INSERT INTO qr_key (id, "key", in_use) VALUES (1052, 'GAU', 0);
INSERT INTO qr_key (id, "key", in_use) VALUES (1053, 'LMX', 0);
INSERT INTO qr_key (id, "key", in_use) VALUES (1054, 'TCB', 0);
INSERT INTO qr_key (id, "key", in_use) VALUES (1055, 'AVO', 0);
INSERT INTO qr_key (id, "key", in_use) VALUES (1056, 'TTJ', 0);
INSERT INTO qr_key (id, "key", in_use) VALUES (1057, 'BXC', 0);
INSERT INTO qr_key (id, "key", in_use) VALUES (1058, 'JQW', 0);
INSERT INTO qr_key (id, "key", in_use) VALUES (1059, 'VCJ', 0);
INSERT INTO qr_key (id, "key", in_use) VALUES (1060, 'FGK', 0);
INSERT INTO qr_key (id, "key", in_use) VALUES (1061, 'BEY', 0);
INSERT INTO qr_key (id, "key", in_use) VALUES (1062, 'HTE', 0);
INSERT INTO qr_key (id, "key", in_use) VALUES (1063, 'ZAK', 0);
INSERT INTO qr_key (id, "key", in_use) VALUES (1064, 'ZBZ', 0);
INSERT INTO qr_key (id, "key", in_use) VALUES (1065, 'NYV', 0);
INSERT INTO qr_key (id, "key", in_use) VALUES (1066, 'XKC', 0);
INSERT INTO qr_key (id, "key", in_use) VALUES (1067, 'UYP', 0);
INSERT INTO qr_key (id, "key", in_use) VALUES (1068, 'WMD', 0);
INSERT INTO qr_key (id, "key", in_use) VALUES (1069, 'LLR', 0);
INSERT INTO qr_key (id, "key", in_use) VALUES (1070, 'ZBO', 0);
INSERT INTO qr_key (id, "key", in_use) VALUES (1071, 'QAV', 0);
INSERT INTO qr_key (id, "key", in_use) VALUES (1072, 'WVS', 0);
INSERT INTO qr_key (id, "key", in_use) VALUES (1073, 'SEE', 0);
INSERT INTO qr_key (id, "key", in_use) VALUES (1074, 'DCY', 0);
INSERT INTO qr_key (id, "key", in_use) VALUES (1075, 'BLJ', 0);
INSERT INTO qr_key (id, "key", in_use) VALUES (1076, 'ORP', 0);
INSERT INTO qr_key (id, "key", in_use) VALUES (1077, 'NPD', 0);
INSERT INTO qr_key (id, "key", in_use) VALUES (1078, 'CRC', 0);
INSERT INTO qr_key (id, "key", in_use) VALUES (1079, 'XUJ', 0);
INSERT INTO qr_key (id, "key", in_use) VALUES (1080, 'PJK', 0);
INSERT INTO qr_key (id, "key", in_use) VALUES (1081, 'WJN', 0);
INSERT INTO qr_key (id, "key", in_use) VALUES (1082, 'RXU', 0);
INSERT INTO qr_key (id, "key", in_use) VALUES (1083, 'WGM', 0);
INSERT INTO qr_key (id, "key", in_use) VALUES (1084, 'HLM', 0);
INSERT INTO qr_key (id, "key", in_use) VALUES (1085, 'FUV', 0);
INSERT INTO qr_key (id, "key", in_use) VALUES (1086, 'ALL', 0);
INSERT INTO qr_key (id, "key", in_use) VALUES (1087, 'KVE', 0);
INSERT INTO qr_key (id, "key", in_use) VALUES (1088, 'THH', 0);
INSERT INTO qr_key (id, "key", in_use) VALUES (1089, 'LXB', 0);
INSERT INTO qr_key (id, "key", in_use) VALUES (1090, 'WHU', 0);
INSERT INTO qr_key (id, "key", in_use) VALUES (1091, 'MFF', 0);
INSERT INTO qr_key (id, "key", in_use) VALUES (1092, 'XEG', 0);
INSERT INTO qr_key (id, "key", in_use) VALUES (1093, 'CIH', 0);
INSERT INTO qr_key (id, "key", in_use) VALUES (1094, 'RII', 0);
INSERT INTO qr_key (id, "key", in_use) VALUES (1095, 'MSB', 0);
INSERT INTO qr_key (id, "key", in_use) VALUES (1096, 'HXW', 0);
INSERT INTO qr_key (id, "key", in_use) VALUES (1097, 'ECJ', 0);
INSERT INTO qr_key (id, "key", in_use) VALUES (1098, 'KQH', 0);
INSERT INTO qr_key (id, "key", in_use) VALUES (1099, 'RLB', 0);
INSERT INTO qr_key (id, "key", in_use) VALUES (1100, 'BXB', 0);
INSERT INTO qr_key (id, "key", in_use) VALUES (1101, 'DAE', 0);
INSERT INTO qr_key (id, "key", in_use) VALUES (1102, 'PVT', 0);
INSERT INTO qr_key (id, "key", in_use) VALUES (1103, 'BMA', 0);
INSERT INTO qr_key (id, "key", in_use) VALUES (1104, 'ZVP', 0);
INSERT INTO qr_key (id, "key", in_use) VALUES (1105, 'BVW', 0);
INSERT INTO qr_key (id, "key", in_use) VALUES (1106, 'QZS', 0);
INSERT INTO qr_key (id, "key", in_use) VALUES (1107, 'ZTL', 0);
INSERT INTO qr_key (id, "key", in_use) VALUES (1108, 'WGZ', 0);
INSERT INTO qr_key (id, "key", in_use) VALUES (1109, 'FWM', 0);
INSERT INTO qr_key (id, "key", in_use) VALUES (1110, 'FGM', 0);
INSERT INTO qr_key (id, "key", in_use) VALUES (1111, 'KDT', 0);
INSERT INTO qr_key (id, "key", in_use) VALUES (1112, 'ERX', 0);
INSERT INTO qr_key (id, "key", in_use) VALUES (1113, 'LNV', 0);
INSERT INTO qr_key (id, "key", in_use) VALUES (1114, 'BDH', 0);
INSERT INTO qr_key (id, "key", in_use) VALUES (1115, 'BJK', 0);
INSERT INTO qr_key (id, "key", in_use) VALUES (1116, 'NOF', 0);
INSERT INTO qr_key (id, "key", in_use) VALUES (1117, 'SGY', 0);
INSERT INTO qr_key (id, "key", in_use) VALUES (1118, 'UIX', 0);
INSERT INTO qr_key (id, "key", in_use) VALUES (1119, 'QJT', 0);
INSERT INTO qr_key (id, "key", in_use) VALUES (1120, 'DIQ', 0);
INSERT INTO qr_key (id, "key", in_use) VALUES (1121, 'SKA', 0);
INSERT INTO qr_key (id, "key", in_use) VALUES (1122, 'DQZ', 0);
INSERT INTO qr_key (id, "key", in_use) VALUES (1123, 'OHM', 0);
INSERT INTO qr_key (id, "key", in_use) VALUES (1124, 'XUB', 0);
INSERT INTO qr_key (id, "key", in_use) VALUES (1125, 'GFZ', 0);
INSERT INTO qr_key (id, "key", in_use) VALUES (1126, 'HDG', 0);
INSERT INTO qr_key (id, "key", in_use) VALUES (1127, 'JDA', 0);
INSERT INTO qr_key (id, "key", in_use) VALUES (1128, 'WSL', 0);
INSERT INTO qr_key (id, "key", in_use) VALUES (1129, 'YBR', 0);
INSERT INTO qr_key (id, "key", in_use) VALUES (1130, 'CIJ', 0);
INSERT INTO qr_key (id, "key", in_use) VALUES (1131, 'VVU', 0);
INSERT INTO qr_key (id, "key", in_use) VALUES (1132, 'CIN', 0);
INSERT INTO qr_key (id, "key", in_use) VALUES (1133, 'TTH', 0);
INSERT INTO qr_key (id, "key", in_use) VALUES (1134, 'KMN', 0);
INSERT INTO qr_key (id, "key", in_use) VALUES (1135, 'QVU', 0);
INSERT INTO qr_key (id, "key", in_use) VALUES (1136, 'BDV', 0);
INSERT INTO qr_key (id, "key", in_use) VALUES (1137, 'CVX', 0);
INSERT INTO qr_key (id, "key", in_use) VALUES (1138, 'EEE', 0);
INSERT INTO qr_key (id, "key", in_use) VALUES (1139, 'PRB', 0);
INSERT INTO qr_key (id, "key", in_use) VALUES (1140, 'DRB', 0);
INSERT INTO qr_key (id, "key", in_use) VALUES (1141, 'BTC', 0);
INSERT INTO qr_key (id, "key", in_use) VALUES (1142, 'LHW', 0);
INSERT INTO qr_key (id, "key", in_use) VALUES (1143, 'VEC', 0);
INSERT INTO qr_key (id, "key", in_use) VALUES (1144, 'PPB', 0);
INSERT INTO qr_key (id, "key", in_use) VALUES (1145, 'SMC', 0);
INSERT INTO qr_key (id, "key", in_use) VALUES (1146, 'CSG', 0);
INSERT INTO qr_key (id, "key", in_use) VALUES (1147, 'ARL', 0);
INSERT INTO qr_key (id, "key", in_use) VALUES (1148, 'UBA', 0);
INSERT INTO qr_key (id, "key", in_use) VALUES (1149, 'GXT', 0);
INSERT INTO qr_key (id, "key", in_use) VALUES (1150, 'YDX', 0);
INSERT INTO qr_key (id, "key", in_use) VALUES (1151, 'AFA', 0);
INSERT INTO qr_key (id, "key", in_use) VALUES (1152, 'BMG', 0);
INSERT INTO qr_key (id, "key", in_use) VALUES (1153, 'HEX', 0);
INSERT INTO qr_key (id, "key", in_use) VALUES (1154, 'XUL', 0);
INSERT INTO qr_key (id, "key", in_use) VALUES (1155, 'XXK', 0);
INSERT INTO qr_key (id, "key", in_use) VALUES (1156, 'YYF', 0);
INSERT INTO qr_key (id, "key", in_use) VALUES (1157, 'FCU', 0);
INSERT INTO qr_key (id, "key", in_use) VALUES (1158, 'OMJ', 0);
INSERT INTO qr_key (id, "key", in_use) VALUES (1159, 'SUY', 0);
INSERT INTO qr_key (id, "key", in_use) VALUES (1160, 'CZK', 0);
INSERT INTO qr_key (id, "key", in_use) VALUES (1161, 'CYR', 0);
INSERT INTO qr_key (id, "key", in_use) VALUES (1162, 'PTF', 0);
INSERT INTO qr_key (id, "key", in_use) VALUES (1163, 'VFH', 0);
INSERT INTO qr_key (id, "key", in_use) VALUES (1164, 'RXI', 0);
INSERT INTO qr_key (id, "key", in_use) VALUES (1165, 'DOQ', 0);
INSERT INTO qr_key (id, "key", in_use) VALUES (1166, 'QDT', 0);
INSERT INTO qr_key (id, "key", in_use) VALUES (1167, 'TVK', 0);
INSERT INTO qr_key (id, "key", in_use) VALUES (1168, 'KLR', 0);
INSERT INTO qr_key (id, "key", in_use) VALUES (1169, 'ULF', 0);
INSERT INTO qr_key (id, "key", in_use) VALUES (1170, 'UQS', 0);
INSERT INTO qr_key (id, "key", in_use) VALUES (1171, 'ZQH', 0);
INSERT INTO qr_key (id, "key", in_use) VALUES (1172, 'MGN', 0);
INSERT INTO qr_key (id, "key", in_use) VALUES (1173, 'OVQ', 0);
INSERT INTO qr_key (id, "key", in_use) VALUES (1174, 'HRE', 0);
INSERT INTO qr_key (id, "key", in_use) VALUES (1175, 'MYT', 0);
INSERT INTO qr_key (id, "key", in_use) VALUES (1176, 'WJW', 0);
INSERT INTO qr_key (id, "key", in_use) VALUES (1177, 'LCF', 0);
INSERT INTO qr_key (id, "key", in_use) VALUES (1178, 'SBL', 0);
INSERT INTO qr_key (id, "key", in_use) VALUES (1179, 'ECY', 0);
INSERT INTO qr_key (id, "key", in_use) VALUES (1180, 'MTD', 0);
INSERT INTO qr_key (id, "key", in_use) VALUES (1181, 'OMH', 0);
INSERT INTO qr_key (id, "key", in_use) VALUES (1182, 'ZSO', 0);
INSERT INTO qr_key (id, "key", in_use) VALUES (1183, 'RZR', 0);
INSERT INTO qr_key (id, "key", in_use) VALUES (1184, 'LTY', 0);
INSERT INTO qr_key (id, "key", in_use) VALUES (1185, 'ICG', 0);
INSERT INTO qr_key (id, "key", in_use) VALUES (1186, 'LME', 0);
INSERT INTO qr_key (id, "key", in_use) VALUES (1187, 'IIN', 0);
INSERT INTO qr_key (id, "key", in_use) VALUES (1188, 'QNL', 0);
INSERT INTO qr_key (id, "key", in_use) VALUES (1189, 'GQX', 0);
INSERT INTO qr_key (id, "key", in_use) VALUES (1190, 'TDC', 0);
INSERT INTO qr_key (id, "key", in_use) VALUES (1191, 'UHJ', 0);
INSERT INTO qr_key (id, "key", in_use) VALUES (1192, 'TTI', 0);
INSERT INTO qr_key (id, "key", in_use) VALUES (1193, 'RZZ', 0);
INSERT INTO qr_key (id, "key", in_use) VALUES (1194, 'DSP', 0);
INSERT INTO qr_key (id, "key", in_use) VALUES (1195, 'VCR', 0);
INSERT INTO qr_key (id, "key", in_use) VALUES (1196, 'MJT', 0);
INSERT INTO qr_key (id, "key", in_use) VALUES (1197, 'RFC', 0);
INSERT INTO qr_key (id, "key", in_use) VALUES (1198, 'CRK', 0);
INSERT INTO qr_key (id, "key", in_use) VALUES (1199, 'FZD', 0);
INSERT INTO qr_key (id, "key", in_use) VALUES (1200, 'MVF', 0);
INSERT INTO qr_key (id, "key", in_use) VALUES (1201, 'TID', 0);
INSERT INTO qr_key (id, "key", in_use) VALUES (1202, 'GYM', 0);
INSERT INTO qr_key (id, "key", in_use) VALUES (1203, 'PJM', 0);
INSERT INTO qr_key (id, "key", in_use) VALUES (1204, 'SAX', 0);
INSERT INTO qr_key (id, "key", in_use) VALUES (1205, 'MHQ', 0);
INSERT INTO qr_key (id, "key", in_use) VALUES (1206, 'XET', 0);
INSERT INTO qr_key (id, "key", in_use) VALUES (1207, 'RKR', 0);
INSERT INTO qr_key (id, "key", in_use) VALUES (1208, 'TCS', 0);
INSERT INTO qr_key (id, "key", in_use) VALUES (1209, 'BTM', 0);
INSERT INTO qr_key (id, "key", in_use) VALUES (1210, 'VWB', 0);
INSERT INTO qr_key (id, "key", in_use) VALUES (1211, 'CGW', 0);
INSERT INTO qr_key (id, "key", in_use) VALUES (1212, 'AOC', 0);
INSERT INTO qr_key (id, "key", in_use) VALUES (1213, 'SLJ', 0);
INSERT INTO qr_key (id, "key", in_use) VALUES (1214, 'WWZ', 0);
INSERT INTO qr_key (id, "key", in_use) VALUES (1215, 'AWB', 0);
INSERT INTO qr_key (id, "key", in_use) VALUES (1216, 'IRD', 0);
INSERT INTO qr_key (id, "key", in_use) VALUES (1217, 'CQR', 0);
INSERT INTO qr_key (id, "key", in_use) VALUES (1218, 'PEK', 0);
INSERT INTO qr_key (id, "key", in_use) VALUES (1219, 'FMZ', 0);
INSERT INTO qr_key (id, "key", in_use) VALUES (1220, 'OII', 0);
INSERT INTO qr_key (id, "key", in_use) VALUES (1221, 'ZWY', 0);
INSERT INTO qr_key (id, "key", in_use) VALUES (1222, 'MUB', 0);
INSERT INTO qr_key (id, "key", in_use) VALUES (1223, 'YIZ', 0);
INSERT INTO qr_key (id, "key", in_use) VALUES (1224, 'CZN', 0);
INSERT INTO qr_key (id, "key", in_use) VALUES (1225, 'XYY', 0);
INSERT INTO qr_key (id, "key", in_use) VALUES (1226, 'HFJ', 0);
INSERT INTO qr_key (id, "key", in_use) VALUES (1227, 'HHV', 0);
INSERT INTO qr_key (id, "key", in_use) VALUES (1228, 'SQW', 0);
INSERT INTO qr_key (id, "key", in_use) VALUES (1229, 'BDL', 0);
INSERT INTO qr_key (id, "key", in_use) VALUES (1230, 'UCH', 0);
INSERT INTO qr_key (id, "key", in_use) VALUES (1231, 'UWE', 0);
INSERT INTO qr_key (id, "key", in_use) VALUES (1232, 'PNS', 0);
INSERT INTO qr_key (id, "key", in_use) VALUES (1233, 'HVQ', 0);
INSERT INTO qr_key (id, "key", in_use) VALUES (1234, 'FTH', 0);
INSERT INTO qr_key (id, "key", in_use) VALUES (1235, 'TXR', 0);
INSERT INTO qr_key (id, "key", in_use) VALUES (1236, 'XTH', 0);
INSERT INTO qr_key (id, "key", in_use) VALUES (1237, 'BFJ', 0);
INSERT INTO qr_key (id, "key", in_use) VALUES (1238, 'OAN', 0);
INSERT INTO qr_key (id, "key", in_use) VALUES (1239, 'BLL', 0);
INSERT INTO qr_key (id, "key", in_use) VALUES (1240, 'BDK', 0);
INSERT INTO qr_key (id, "key", in_use) VALUES (1241, 'SAN', 0);
INSERT INTO qr_key (id, "key", in_use) VALUES (1242, 'VPI', 0);
INSERT INTO qr_key (id, "key", in_use) VALUES (1243, 'PZY', 0);
INSERT INTO qr_key (id, "key", in_use) VALUES (1244, 'MAQ', 0);
INSERT INTO qr_key (id, "key", in_use) VALUES (1245, 'OJK', 0);
INSERT INTO qr_key (id, "key", in_use) VALUES (1246, 'MXI', 0);
INSERT INTO qr_key (id, "key", in_use) VALUES (1247, 'EIZ', 0);
INSERT INTO qr_key (id, "key", in_use) VALUES (1248, 'YQQ', 0);
INSERT INTO qr_key (id, "key", in_use) VALUES (1249, 'FNT', 0);
INSERT INTO qr_key (id, "key", in_use) VALUES (1250, 'RMR', 0);
INSERT INTO qr_key (id, "key", in_use) VALUES (1251, 'NIX', 0);
INSERT INTO qr_key (id, "key", in_use) VALUES (1252, 'EGV', 0);
INSERT INTO qr_key (id, "key", in_use) VALUES (1253, 'JDW', 0);
INSERT INTO qr_key (id, "key", in_use) VALUES (1254, 'HSV', 0);
INSERT INTO qr_key (id, "key", in_use) VALUES (1255, 'QBA', 0);
INSERT INTO qr_key (id, "key", in_use) VALUES (1256, 'PFG', 0);
INSERT INTO qr_key (id, "key", in_use) VALUES (1257, 'SSX', 0);
INSERT INTO qr_key (id, "key", in_use) VALUES (1258, 'WME', 0);
INSERT INTO qr_key (id, "key", in_use) VALUES (1259, 'FUQ', 0);
INSERT INTO qr_key (id, "key", in_use) VALUES (1260, 'JCF', 0);
INSERT INTO qr_key (id, "key", in_use) VALUES (1261, 'IQI', 0);
INSERT INTO qr_key (id, "key", in_use) VALUES (1262, 'FSG', 0);
INSERT INTO qr_key (id, "key", in_use) VALUES (1263, 'AAS', 0);
INSERT INTO qr_key (id, "key", in_use) VALUES (1264, 'SWG', 0);
INSERT INTO qr_key (id, "key", in_use) VALUES (1265, 'CHU', 0);
INSERT INTO qr_key (id, "key", in_use) VALUES (1266, 'RXG', 0);
INSERT INTO qr_key (id, "key", in_use) VALUES (1267, 'LKY', 0);
INSERT INTO qr_key (id, "key", in_use) VALUES (1268, 'UWN', 0);
INSERT INTO qr_key (id, "key", in_use) VALUES (1269, 'BUE', 0);
INSERT INTO qr_key (id, "key", in_use) VALUES (1270, 'EUQ', 0);
INSERT INTO qr_key (id, "key", in_use) VALUES (1271, 'AMJ', 0);
INSERT INTO qr_key (id, "key", in_use) VALUES (1272, 'HMQ', 0);
INSERT INTO qr_key (id, "key", in_use) VALUES (1273, 'YFK', 0);
INSERT INTO qr_key (id, "key", in_use) VALUES (1274, 'FFP', 0);
INSERT INTO qr_key (id, "key", in_use) VALUES (1275, 'AWI', 0);
INSERT INTO qr_key (id, "key", in_use) VALUES (1276, 'JXP', 0);
INSERT INTO qr_key (id, "key", in_use) VALUES (1277, 'PQD', 0);
INSERT INTO qr_key (id, "key", in_use) VALUES (1278, 'OET', 0);
INSERT INTO qr_key (id, "key", in_use) VALUES (1279, 'EDN', 0);
INSERT INTO qr_key (id, "key", in_use) VALUES (1280, 'NJQ', 0);
INSERT INTO qr_key (id, "key", in_use) VALUES (1281, 'JIS', 0);
INSERT INTO qr_key (id, "key", in_use) VALUES (1282, 'IBS', 0);
INSERT INTO qr_key (id, "key", in_use) VALUES (1283, 'TPR', 0);
INSERT INTO qr_key (id, "key", in_use) VALUES (1284, 'YHD', 0);
INSERT INTO qr_key (id, "key", in_use) VALUES (1285, 'AOF', 0);
INSERT INTO qr_key (id, "key", in_use) VALUES (1286, 'ZVE', 0);
INSERT INTO qr_key (id, "key", in_use) VALUES (1287, 'RCG', 0);
INSERT INTO qr_key (id, "key", in_use) VALUES (1288, 'NCJ', 0);
INSERT INTO qr_key (id, "key", in_use) VALUES (1289, 'OGV', 0);
INSERT INTO qr_key (id, "key", in_use) VALUES (1290, 'PDM', 0);
INSERT INTO qr_key (id, "key", in_use) VALUES (1291, 'XRP', 0);
INSERT INTO qr_key (id, "key", in_use) VALUES (1292, 'CKH', 0);
INSERT INTO qr_key (id, "key", in_use) VALUES (1293, 'VBM', 0);
INSERT INTO qr_key (id, "key", in_use) VALUES (1294, 'STM', 0);
INSERT INTO qr_key (id, "key", in_use) VALUES (1295, 'DHK', 0);
INSERT INTO qr_key (id, "key", in_use) VALUES (1296, 'OCH', 0);
INSERT INTO qr_key (id, "key", in_use) VALUES (1297, 'FRX', 0);
INSERT INTO qr_key (id, "key", in_use) VALUES (1298, 'FXR', 0);
INSERT INTO qr_key (id, "key", in_use) VALUES (1299, 'UCG', 0);
INSERT INTO qr_key (id, "key", in_use) VALUES (1300, 'QQB', 0);
INSERT INTO qr_key (id, "key", in_use) VALUES (1301, 'TSA', 0);
INSERT INTO qr_key (id, "key", in_use) VALUES (1302, 'FAL', 0);
INSERT INTO qr_key (id, "key", in_use) VALUES (1303, 'GZS', 0);
INSERT INTO qr_key (id, "key", in_use) VALUES (1304, 'OIZ', 0);
INSERT INTO qr_key (id, "key", in_use) VALUES (1305, 'UPE', 0);
INSERT INTO qr_key (id, "key", in_use) VALUES (1306, 'CRV', 0);
INSERT INTO qr_key (id, "key", in_use) VALUES (1307, 'THL', 0);
INSERT INTO qr_key (id, "key", in_use) VALUES (1308, 'FLW', 0);
INSERT INTO qr_key (id, "key", in_use) VALUES (1309, 'DLL', 0);
INSERT INTO qr_key (id, "key", in_use) VALUES (1310, 'CAO', 0);
INSERT INTO qr_key (id, "key", in_use) VALUES (1311, 'DZV', 0);
INSERT INTO qr_key (id, "key", in_use) VALUES (1312, 'QTH', 0);
INSERT INTO qr_key (id, "key", in_use) VALUES (1313, 'ADX', 0);
INSERT INTO qr_key (id, "key", in_use) VALUES (1314, 'RAU', 0);
INSERT INTO qr_key (id, "key", in_use) VALUES (1315, 'FGB', 0);
INSERT INTO qr_key (id, "key", in_use) VALUES (1316, 'KEU', 0);
INSERT INTO qr_key (id, "key", in_use) VALUES (1317, 'MSR', 0);
INSERT INTO qr_key (id, "key", in_use) VALUES (1318, 'KAH', 0);
INSERT INTO qr_key (id, "key", in_use) VALUES (1319, 'SEF', 0);
INSERT INTO qr_key (id, "key", in_use) VALUES (1320, 'DDO', 0);
INSERT INTO qr_key (id, "key", in_use) VALUES (1321, 'TET', 0);
INSERT INTO qr_key (id, "key", in_use) VALUES (1322, 'KRQ', 0);
INSERT INTO qr_key (id, "key", in_use) VALUES (1323, 'CTU', 0);
INSERT INTO qr_key (id, "key", in_use) VALUES (1324, 'MFJ', 0);
INSERT INTO qr_key (id, "key", in_use) VALUES (1325, 'QVC', 0);
INSERT INTO qr_key (id, "key", in_use) VALUES (1326, 'ANX', 0);
INSERT INTO qr_key (id, "key", in_use) VALUES (1327, 'KXP', 0);
INSERT INTO qr_key (id, "key", in_use) VALUES (1328, 'QYU', 0);
INSERT INTO qr_key (id, "key", in_use) VALUES (1329, 'HSJ', 0);
INSERT INTO qr_key (id, "key", in_use) VALUES (1330, 'JAM', 0);
INSERT INTO qr_key (id, "key", in_use) VALUES (1331, 'BKF', 0);
INSERT INTO qr_key (id, "key", in_use) VALUES (1332, 'AEZ', 0);
INSERT INTO qr_key (id, "key", in_use) VALUES (1333, 'UCR', 0);
INSERT INTO qr_key (id, "key", in_use) VALUES (1334, 'XLT', 0);
INSERT INTO qr_key (id, "key", in_use) VALUES (1335, 'MLU', 0);
INSERT INTO qr_key (id, "key", in_use) VALUES (1336, 'GFJ', 0);
INSERT INTO qr_key (id, "key", in_use) VALUES (1337, 'SRK', 0);
INSERT INTO qr_key (id, "key", in_use) VALUES (1338, 'YYG', 0);
INSERT INTO qr_key (id, "key", in_use) VALUES (1339, 'XCE', 0);
INSERT INTO qr_key (id, "key", in_use) VALUES (1340, 'QWR', 0);
INSERT INTO qr_key (id, "key", in_use) VALUES (1341, 'YDK', 0);
INSERT INTO qr_key (id, "key", in_use) VALUES (1342, 'JDN', 0);
INSERT INTO qr_key (id, "key", in_use) VALUES (1343, 'YWX', 0);
INSERT INTO qr_key (id, "key", in_use) VALUES (1344, 'DIK', 0);
INSERT INTO qr_key (id, "key", in_use) VALUES (1345, 'PJE', 0);
INSERT INTO qr_key (id, "key", in_use) VALUES (1346, 'SMD', 0);
INSERT INTO qr_key (id, "key", in_use) VALUES (1347, 'IFT', 0);
INSERT INTO qr_key (id, "key", in_use) VALUES (1348, 'OST', 0);
INSERT INTO qr_key (id, "key", in_use) VALUES (1349, 'KPI', 0);
INSERT INTO qr_key (id, "key", in_use) VALUES (1350, 'XLJ', 0);
INSERT INTO qr_key (id, "key", in_use) VALUES (1351, 'AMY', 0);
INSERT INTO qr_key (id, "key", in_use) VALUES (1352, 'JRP', 0);
INSERT INTO qr_key (id, "key", in_use) VALUES (1353, 'FHQ', 0);
INSERT INTO qr_key (id, "key", in_use) VALUES (1354, 'GHF', 0);
INSERT INTO qr_key (id, "key", in_use) VALUES (1355, 'BMF', 0);
INSERT INTO qr_key (id, "key", in_use) VALUES (1356, 'OXP', 0);
INSERT INTO qr_key (id, "key", in_use) VALUES (1357, 'EHL', 0);
INSERT INTO qr_key (id, "key", in_use) VALUES (1358, 'JZI', 0);
INSERT INTO qr_key (id, "key", in_use) VALUES (1359, 'IRR', 0);
INSERT INTO qr_key (id, "key", in_use) VALUES (1360, 'ZRW', 0);
INSERT INTO qr_key (id, "key", in_use) VALUES (1361, 'PJH', 0);
INSERT INTO qr_key (id, "key", in_use) VALUES (1362, 'RNG', 0);
INSERT INTO qr_key (id, "key", in_use) VALUES (1363, 'HCW', 0);
INSERT INTO qr_key (id, "key", in_use) VALUES (1364, 'SMZ', 0);
INSERT INTO qr_key (id, "key", in_use) VALUES (1365, 'UFQ', 0);
INSERT INTO qr_key (id, "key", in_use) VALUES (1366, 'MVR', 0);
INSERT INTO qr_key (id, "key", in_use) VALUES (1367, 'RKY', 0);
INSERT INTO qr_key (id, "key", in_use) VALUES (1368, 'GHX', 0);
INSERT INTO qr_key (id, "key", in_use) VALUES (1369, 'NDF', 0);
INSERT INTO qr_key (id, "key", in_use) VALUES (1370, 'YYO', 0);
INSERT INTO qr_key (id, "key", in_use) VALUES (1371, 'MKJ', 0);
INSERT INTO qr_key (id, "key", in_use) VALUES (1372, 'MCN', 0);
INSERT INTO qr_key (id, "key", in_use) VALUES (1373, 'CCP', 0);
INSERT INTO qr_key (id, "key", in_use) VALUES (1374, 'JIR', 0);
INSERT INTO qr_key (id, "key", in_use) VALUES (1375, 'BHP', 0);
INSERT INTO qr_key (id, "key", in_use) VALUES (1376, 'QQO', 0);
INSERT INTO qr_key (id, "key", in_use) VALUES (1377, 'APE', 0);
INSERT INTO qr_key (id, "key", in_use) VALUES (1378, 'TPX', 0);
INSERT INTO qr_key (id, "key", in_use) VALUES (1379, 'TXG', 0);
INSERT INTO qr_key (id, "key", in_use) VALUES (1380, 'BUO', 0);
INSERT INTO qr_key (id, "key", in_use) VALUES (1381, 'HIW', 0);
INSERT INTO qr_key (id, "key", in_use) VALUES (1382, 'RTE', 0);
INSERT INTO qr_key (id, "key", in_use) VALUES (1383, 'GMN', 0);
INSERT INTO qr_key (id, "key", in_use) VALUES (1384, 'QOO', 0);
INSERT INTO qr_key (id, "key", in_use) VALUES (1385, 'XRF', 0);
INSERT INTO qr_key (id, "key", in_use) VALUES (1386, 'VMS', 0);
INSERT INTO qr_key (id, "key", in_use) VALUES (1387, 'WJM', 0);
INSERT INTO qr_key (id, "key", in_use) VALUES (1388, 'BUI', 0);
INSERT INTO qr_key (id, "key", in_use) VALUES (1389, 'UUG', 0);
INSERT INTO qr_key (id, "key", in_use) VALUES (1390, 'OKC', 0);
INSERT INTO qr_key (id, "key", in_use) VALUES (1391, 'XTC', 0);
INSERT INTO qr_key (id, "key", in_use) VALUES (1392, 'GGX', 0);
INSERT INTO qr_key (id, "key", in_use) VALUES (1393, 'LJA', 0);
INSERT INTO qr_key (id, "key", in_use) VALUES (1394, 'ELN', 0);
INSERT INTO qr_key (id, "key", in_use) VALUES (1395, 'QGX', 0);
INSERT INTO qr_key (id, "key", in_use) VALUES (1396, 'NHZ', 0);
INSERT INTO qr_key (id, "key", in_use) VALUES (1397, 'WCO', 0);
INSERT INTO qr_key (id, "key", in_use) VALUES (1398, 'IBC', 0);
INSERT INTO qr_key (id, "key", in_use) VALUES (1399, 'ZCE', 0);
INSERT INTO qr_key (id, "key", in_use) VALUES (1400, 'RQM', 0);
INSERT INTO qr_key (id, "key", in_use) VALUES (1401, 'WNR', 0);
INSERT INTO qr_key (id, "key", in_use) VALUES (1402, 'VYV', 0);
INSERT INTO qr_key (id, "key", in_use) VALUES (1403, 'RRP', 0);
INSERT INTO qr_key (id, "key", in_use) VALUES (1404, 'UVC', 0);
INSERT INTO qr_key (id, "key", in_use) VALUES (1405, 'FGA', 0);
INSERT INTO qr_key (id, "key", in_use) VALUES (1406, 'GIT', 0);
INSERT INTO qr_key (id, "key", in_use) VALUES (1407, 'TRK', 0);
INSERT INTO qr_key (id, "key", in_use) VALUES (1408, 'XNI', 0);
INSERT INTO qr_key (id, "key", in_use) VALUES (1409, 'MFW', 0);
INSERT INTO qr_key (id, "key", in_use) VALUES (1410, 'VBI', 0);
INSERT INTO qr_key (id, "key", in_use) VALUES (1411, 'GJV', 0);
INSERT INTO qr_key (id, "key", in_use) VALUES (1412, 'XLE', 0);
INSERT INTO qr_key (id, "key", in_use) VALUES (1413, 'FDE', 0);
INSERT INTO qr_key (id, "key", in_use) VALUES (1414, 'IDD', 0);
INSERT INTO qr_key (id, "key", in_use) VALUES (1415, 'JGF', 0);
INSERT INTO qr_key (id, "key", in_use) VALUES (1416, 'WMY', 0);
INSERT INTO qr_key (id, "key", in_use) VALUES (1417, 'GYJ', 0);
INSERT INTO qr_key (id, "key", in_use) VALUES (1418, 'EPR', 0);
INSERT INTO qr_key (id, "key", in_use) VALUES (1419, 'VBK', 0);
INSERT INTO qr_key (id, "key", in_use) VALUES (1420, 'USS', 0);
INSERT INTO qr_key (id, "key", in_use) VALUES (1421, 'FDU', 0);
INSERT INTO qr_key (id, "key", in_use) VALUES (1422, 'IKZ', 0);
INSERT INTO qr_key (id, "key", in_use) VALUES (1423, 'LYM', 0);
INSERT INTO qr_key (id, "key", in_use) VALUES (1424, 'HXK', 0);
INSERT INTO qr_key (id, "key", in_use) VALUES (1425, 'BTN', 0);
INSERT INTO qr_key (id, "key", in_use) VALUES (1426, 'MKT', 0);
INSERT INTO qr_key (id, "key", in_use) VALUES (1427, 'VCY', 0);
INSERT INTO qr_key (id, "key", in_use) VALUES (1428, 'NRJ', 0);
INSERT INTO qr_key (id, "key", in_use) VALUES (1429, 'VRN', 0);
INSERT INTO qr_key (id, "key", in_use) VALUES (1430, 'SOM', 0);
INSERT INTO qr_key (id, "key", in_use) VALUES (1431, 'ZII', 0);
INSERT INTO qr_key (id, "key", in_use) VALUES (1432, 'SBJ', 0);
INSERT INTO qr_key (id, "key", in_use) VALUES (1433, 'HYX', 0);
INSERT INTO qr_key (id, "key", in_use) VALUES (1434, 'CQC', 0);
INSERT INTO qr_key (id, "key", in_use) VALUES (1435, 'TMB', 0);
INSERT INTO qr_key (id, "key", in_use) VALUES (1436, 'TYY', 0);
INSERT INTO qr_key (id, "key", in_use) VALUES (1437, 'HVH', 0);
INSERT INTO qr_key (id, "key", in_use) VALUES (1438, 'LSG', 0);
INSERT INTO qr_key (id, "key", in_use) VALUES (1439, 'KEO', 0);
INSERT INTO qr_key (id, "key", in_use) VALUES (1440, 'HFR', 0);
INSERT INTO qr_key (id, "key", in_use) VALUES (1441, 'EJR', 0);
INSERT INTO qr_key (id, "key", in_use) VALUES (1442, 'QIM', 0);
INSERT INTO qr_key (id, "key", in_use) VALUES (1443, 'XMV', 0);
INSERT INTO qr_key (id, "key", in_use) VALUES (1444, 'MDV', 0);
INSERT INTO qr_key (id, "key", in_use) VALUES (1445, 'PQX', 0);
INSERT INTO qr_key (id, "key", in_use) VALUES (1446, 'GGJ', 0);
INSERT INTO qr_key (id, "key", in_use) VALUES (1447, 'ZYL', 0);
INSERT INTO qr_key (id, "key", in_use) VALUES (1448, 'DRM', 0);
INSERT INTO qr_key (id, "key", in_use) VALUES (1449, 'RZA', 0);
INSERT INTO qr_key (id, "key", in_use) VALUES (1450, 'EHN', 0);
INSERT INTO qr_key (id, "key", in_use) VALUES (1451, 'YIQ', 0);
INSERT INTO qr_key (id, "key", in_use) VALUES (1452, 'NDM', 0);
INSERT INTO qr_key (id, "key", in_use) VALUES (1453, 'WOC', 0);
INSERT INTO qr_key (id, "key", in_use) VALUES (1454, 'RYV', 0);
INSERT INTO qr_key (id, "key", in_use) VALUES (1455, 'EQN', 0);
INSERT INTO qr_key (id, "key", in_use) VALUES (1456, 'EGP', 0);
INSERT INTO qr_key (id, "key", in_use) VALUES (1457, 'LZM', 0);
INSERT INTO qr_key (id, "key", in_use) VALUES (1458, 'BMV', 0);
INSERT INTO qr_key (id, "key", in_use) VALUES (1459, 'BRW', 0);
INSERT INTO qr_key (id, "key", in_use) VALUES (1460, 'URQ', 0);
INSERT INTO qr_key (id, "key", in_use) VALUES (1461, 'BOM', 0);
INSERT INTO qr_key (id, "key", in_use) VALUES (1462, 'AEW', 0);
INSERT INTO qr_key (id, "key", in_use) VALUES (1463, 'JJC', 0);
INSERT INTO qr_key (id, "key", in_use) VALUES (1464, 'VKO', 0);
INSERT INTO qr_key (id, "key", in_use) VALUES (1465, 'FDN', 0);
INSERT INTO qr_key (id, "key", in_use) VALUES (1466, 'OMN', 0);
INSERT INTO qr_key (id, "key", in_use) VALUES (1467, 'QNF', 0);
INSERT INTO qr_key (id, "key", in_use) VALUES (1468, 'YVC', 0);
INSERT INTO qr_key (id, "key", in_use) VALUES (1469, 'DQC', 0);
INSERT INTO qr_key (id, "key", in_use) VALUES (1470, 'KPZ', 0);
INSERT INTO qr_key (id, "key", in_use) VALUES (1471, 'MZK', 0);
INSERT INTO qr_key (id, "key", in_use) VALUES (1472, 'MYH', 0);
INSERT INTO qr_key (id, "key", in_use) VALUES (1473, 'FWB', 0);
INSERT INTO qr_key (id, "key", in_use) VALUES (1474, 'OXK', 0);
INSERT INTO qr_key (id, "key", in_use) VALUES (1475, 'SRC', 0);
INSERT INTO qr_key (id, "key", in_use) VALUES (1476, 'QQP', 0);
INSERT INTO qr_key (id, "key", in_use) VALUES (1477, 'TZE', 0);
INSERT INTO qr_key (id, "key", in_use) VALUES (1478, 'CQZ', 0);
INSERT INTO qr_key (id, "key", in_use) VALUES (1479, 'OCM', 0);
INSERT INTO qr_key (id, "key", in_use) VALUES (1480, 'ARM', 0);
INSERT INTO qr_key (id, "key", in_use) VALUES (1481, 'ISV', 0);
INSERT INTO qr_key (id, "key", in_use) VALUES (1482, 'ZSK', 0);
INSERT INTO qr_key (id, "key", in_use) VALUES (1483, 'AHQ', 0);
INSERT INTO qr_key (id, "key", in_use) VALUES (1484, 'TOH', 0);
INSERT INTO qr_key (id, "key", in_use) VALUES (1485, 'CZQ', 0);
INSERT INTO qr_key (id, "key", in_use) VALUES (1486, 'AGY', 0);
INSERT INTO qr_key (id, "key", in_use) VALUES (1487, 'LCS', 0);
INSERT INTO qr_key (id, "key", in_use) VALUES (1488, 'CWN', 0);
INSERT INTO qr_key (id, "key", in_use) VALUES (1489, 'RGX', 0);
INSERT INTO qr_key (id, "key", in_use) VALUES (1490, 'XDH', 0);
INSERT INTO qr_key (id, "key", in_use) VALUES (1491, 'YHN', 0);
INSERT INTO qr_key (id, "key", in_use) VALUES (1492, 'QJQ', 0);
INSERT INTO qr_key (id, "key", in_use) VALUES (1493, 'RSL', 0);
INSERT INTO qr_key (id, "key", in_use) VALUES (1494, 'OMG', 0);
INSERT INTO qr_key (id, "key", in_use) VALUES (1495, 'RBG', 0);
INSERT INTO qr_key (id, "key", in_use) VALUES (1496, 'WIT', 0);
INSERT INTO qr_key (id, "key", in_use) VALUES (1497, 'KGL', 0);
INSERT INTO qr_key (id, "key", in_use) VALUES (1498, 'IJP', 0);
INSERT INTO qr_key (id, "key", in_use) VALUES (1499, 'LAU', 0);
INSERT INTO qr_key (id, "key", in_use) VALUES (1500, 'SPA', 0);
INSERT INTO qr_key (id, "key", in_use) VALUES (1501, 'FBW', 0);
INSERT INTO qr_key (id, "key", in_use) VALUES (1502, 'HCJ', 0);
INSERT INTO qr_key (id, "key", in_use) VALUES (1503, 'SZN', 0);
INSERT INTO qr_key (id, "key", in_use) VALUES (1504, 'YIL', 0);
INSERT INTO qr_key (id, "key", in_use) VALUES (1505, 'MOW', 0);
INSERT INTO qr_key (id, "key", in_use) VALUES (1506, 'EHV', 0);
INSERT INTO qr_key (id, "key", in_use) VALUES (1507, 'QPR', 0);
INSERT INTO qr_key (id, "key", in_use) VALUES (1508, 'LFI', 0);
INSERT INTO qr_key (id, "key", in_use) VALUES (1509, 'IMT', 0);
INSERT INTO qr_key (id, "key", in_use) VALUES (1510, 'RQX', 0);
INSERT INTO qr_key (id, "key", in_use) VALUES (1511, 'FWN', 0);
INSERT INTO qr_key (id, "key", in_use) VALUES (1512, 'LGI', 0);
INSERT INTO qr_key (id, "key", in_use) VALUES (1513, 'OBZ', 0);
INSERT INTO qr_key (id, "key", in_use) VALUES (1514, 'LLZ', 0);
INSERT INTO qr_key (id, "key", in_use) VALUES (1515, 'KMR', 0);
INSERT INTO qr_key (id, "key", in_use) VALUES (1516, 'UFS', 0);
INSERT INTO qr_key (id, "key", in_use) VALUES (1517, 'KCT', 0);
INSERT INTO qr_key (id, "key", in_use) VALUES (1518, 'KMK', 0);
INSERT INTO qr_key (id, "key", in_use) VALUES (1519, 'VMF', 0);
INSERT INTO qr_key (id, "key", in_use) VALUES (1520, 'EDK', 0);
INSERT INTO qr_key (id, "key", in_use) VALUES (1521, 'ADZ', 0);
INSERT INTO qr_key (id, "key", in_use) VALUES (1522, 'MAD', 0);
INSERT INTO qr_key (id, "key", in_use) VALUES (1523, 'KID', 0);
INSERT INTO qr_key (id, "key", in_use) VALUES (1524, 'OCG', 0);
INSERT INTO qr_key (id, "key", in_use) VALUES (1525, 'IAL', 0);
INSERT INTO qr_key (id, "key", in_use) VALUES (1526, 'QNS', 0);
INSERT INTO qr_key (id, "key", in_use) VALUES (1527, 'JFZ', 0);
INSERT INTO qr_key (id, "key", in_use) VALUES (1528, 'VNC', 0);
INSERT INTO qr_key (id, "key", in_use) VALUES (1529, 'RDR', 0);
INSERT INTO qr_key (id, "key", in_use) VALUES (1530, 'MML', 0);
INSERT INTO qr_key (id, "key", in_use) VALUES (1531, 'WOO', 0);
INSERT INTO qr_key (id, "key", in_use) VALUES (1532, 'YMS', 0);
INSERT INTO qr_key (id, "key", in_use) VALUES (1533, 'OMD', 0);
INSERT INTO qr_key (id, "key", in_use) VALUES (1534, 'QSJ', 0);
INSERT INTO qr_key (id, "key", in_use) VALUES (1535, 'XTP', 0);
INSERT INTO qr_key (id, "key", in_use) VALUES (1536, 'AIQ', 0);
INSERT INTO qr_key (id, "key", in_use) VALUES (1537, 'JEI', 0);
INSERT INTO qr_key (id, "key", in_use) VALUES (1538, 'ESH', 0);
INSERT INTO qr_key (id, "key", in_use) VALUES (1539, 'VQF', 0);
INSERT INTO qr_key (id, "key", in_use) VALUES (1540, 'PBZ', 0);
INSERT INTO qr_key (id, "key", in_use) VALUES (1541, 'QXW', 0);
INSERT INTO qr_key (id, "key", in_use) VALUES (1542, 'FUD', 0);
INSERT INTO qr_key (id, "key", in_use) VALUES (1543, 'NIY', 0);
INSERT INTO qr_key (id, "key", in_use) VALUES (1544, 'ACA', 0);
INSERT INTO qr_key (id, "key", in_use) VALUES (1545, 'PNU', 0);
INSERT INTO qr_key (id, "key", in_use) VALUES (1546, 'TFG', 0);
INSERT INTO qr_key (id, "key", in_use) VALUES (1547, 'FTE', 0);
INSERT INTO qr_key (id, "key", in_use) VALUES (1548, 'AVS', 0);
INSERT INTO qr_key (id, "key", in_use) VALUES (1549, 'GSW', 0);
INSERT INTO qr_key (id, "key", in_use) VALUES (1550, 'RPA', 0);
INSERT INTO qr_key (id, "key", in_use) VALUES (1551, 'YKK', 0);
INSERT INTO qr_key (id, "key", in_use) VALUES (1552, 'DBG', 0);
INSERT INTO qr_key (id, "key", in_use) VALUES (1553, 'UPZ', 0);
INSERT INTO qr_key (id, "key", in_use) VALUES (1554, 'CJP', 0);
INSERT INTO qr_key (id, "key", in_use) VALUES (1555, 'JCK', 0);
INSERT INTO qr_key (id, "key", in_use) VALUES (1556, 'LRI', 0);
INSERT INTO qr_key (id, "key", in_use) VALUES (1557, 'OEK', 0);
INSERT INTO qr_key (id, "key", in_use) VALUES (1558, 'HBG', 0);
INSERT INTO qr_key (id, "key", in_use) VALUES (1559, 'RGU', 0);
INSERT INTO qr_key (id, "key", in_use) VALUES (1560, 'JPR', 0);
INSERT INTO qr_key (id, "key", in_use) VALUES (1561, 'JQP', 0);
INSERT INTO qr_key (id, "key", in_use) VALUES (1562, 'NEB', 0);
INSERT INTO qr_key (id, "key", in_use) VALUES (1563, 'FVT', 0);
INSERT INTO qr_key (id, "key", in_use) VALUES (1564, 'HIP', 0);
INSERT INTO qr_key (id, "key", in_use) VALUES (1565, 'XUP', 0);
INSERT INTO qr_key (id, "key", in_use) VALUES (1566, 'FOG', 0);
INSERT INTO qr_key (id, "key", in_use) VALUES (1567, 'MYK', 0);
INSERT INTO qr_key (id, "key", in_use) VALUES (1568, 'LTE', 0);
INSERT INTO qr_key (id, "key", in_use) VALUES (1569, 'LXI', 0);
INSERT INTO qr_key (id, "key", in_use) VALUES (1570, 'AZJ', 0);
INSERT INTO qr_key (id, "key", in_use) VALUES (1571, 'SDZ', 0);
INSERT INTO qr_key (id, "key", in_use) VALUES (1572, 'XBP', 0);
INSERT INTO qr_key (id, "key", in_use) VALUES (1573, 'VFD', 0);
INSERT INTO qr_key (id, "key", in_use) VALUES (1574, 'QTD', 0);
INSERT INTO qr_key (id, "key", in_use) VALUES (1575, 'QAE', 0);
INSERT INTO qr_key (id, "key", in_use) VALUES (1576, 'SYB', 0);
INSERT INTO qr_key (id, "key", in_use) VALUES (1577, 'SDK', 0);
INSERT INTO qr_key (id, "key", in_use) VALUES (1578, 'PNX', 0);
INSERT INTO qr_key (id, "key", in_use) VALUES (1579, 'TFL', 0);
INSERT INTO qr_key (id, "key", in_use) VALUES (1580, 'XQE', 0);
INSERT INTO qr_key (id, "key", in_use) VALUES (1581, 'MMA', 0);
INSERT INTO qr_key (id, "key", in_use) VALUES (1582, 'WNK', 0);
INSERT INTO qr_key (id, "key", in_use) VALUES (1583, 'JSS', 0);
INSERT INTO qr_key (id, "key", in_use) VALUES (1584, 'OOC', 0);
INSERT INTO qr_key (id, "key", in_use) VALUES (1585, 'YFA', 0);
INSERT INTO qr_key (id, "key", in_use) VALUES (1586, 'JIZ', 0);
INSERT INTO qr_key (id, "key", in_use) VALUES (1587, 'ZEC', 0);
INSERT INTO qr_key (id, "key", in_use) VALUES (1588, 'YJH', 0);
INSERT INTO qr_key (id, "key", in_use) VALUES (1589, 'ZUB', 0);
INSERT INTO qr_key (id, "key", in_use) VALUES (1590, 'OHF', 0);
INSERT INTO qr_key (id, "key", in_use) VALUES (1591, 'RNJ', 0);
INSERT INTO qr_key (id, "key", in_use) VALUES (1592, 'NUZ', 0);
INSERT INTO qr_key (id, "key", in_use) VALUES (1593, 'LUW', 0);
INSERT INTO qr_key (id, "key", in_use) VALUES (1594, 'IVZ', 0);
INSERT INTO qr_key (id, "key", in_use) VALUES (1595, 'LJH', 0);
INSERT INTO qr_key (id, "key", in_use) VALUES (1596, 'IOD', 0);
INSERT INTO qr_key (id, "key", in_use) VALUES (1597, 'UGS', 0);
INSERT INTO qr_key (id, "key", in_use) VALUES (1598, 'UOK', 0);
INSERT INTO qr_key (id, "key", in_use) VALUES (1599, 'BCC', 0);
INSERT INTO qr_key (id, "key", in_use) VALUES (1600, 'IUW', 0);
INSERT INTO qr_key (id, "key", in_use) VALUES (1601, 'JZS', 0);
INSERT INTO qr_key (id, "key", in_use) VALUES (1602, 'BEV', 0);
INSERT INTO qr_key (id, "key", in_use) VALUES (1603, 'IFD', 0);
INSERT INTO qr_key (id, "key", in_use) VALUES (1604, 'MOI', 0);
INSERT INTO qr_key (id, "key", in_use) VALUES (1605, 'FKP', 0);
INSERT INTO qr_key (id, "key", in_use) VALUES (1606, 'OOD', 0);
INSERT INTO qr_key (id, "key", in_use) VALUES (1607, 'ERT', 0);
INSERT INTO qr_key (id, "key", in_use) VALUES (1608, 'EKA', 0);
INSERT INTO qr_key (id, "key", in_use) VALUES (1609, 'NKN', 0);
INSERT INTO qr_key (id, "key", in_use) VALUES (1610, 'LLK', 0);
INSERT INTO qr_key (id, "key", in_use) VALUES (1611, 'WPR', 0);
INSERT INTO qr_key (id, "key", in_use) VALUES (1612, 'GHK', 0);
INSERT INTO qr_key (id, "key", in_use) VALUES (1613, 'DUL', 0);
INSERT INTO qr_key (id, "key", in_use) VALUES (1614, 'ZKU', 0);
INSERT INTO qr_key (id, "key", in_use) VALUES (1615, 'RTP', 0);
INSERT INTO qr_key (id, "key", in_use) VALUES (1616, 'HZV', 0);
INSERT INTO qr_key (id, "key", in_use) VALUES (1617, 'NUV', 0);
INSERT INTO qr_key (id, "key", in_use) VALUES (1618, 'SMP', 0);
INSERT INTO qr_key (id, "key", in_use) VALUES (1619, 'OUR', 0);
INSERT INTO qr_key (id, "key", in_use) VALUES (1620, 'VEV', 0);
INSERT INTO qr_key (id, "key", in_use) VALUES (1621, 'OTU', 0);
INSERT INTO qr_key (id, "key", in_use) VALUES (1622, 'PRT', 0);
INSERT INTO qr_key (id, "key", in_use) VALUES (1623, 'MRB', 0);
INSERT INTO qr_key (id, "key", in_use) VALUES (1624, 'CKS', 0);
INSERT INTO qr_key (id, "key", in_use) VALUES (1625, 'ZSV', 0);
INSERT INTO qr_key (id, "key", in_use) VALUES (1626, 'AEK', 0);
INSERT INTO qr_key (id, "key", in_use) VALUES (1627, 'TCY', 0);
INSERT INTO qr_key (id, "key", in_use) VALUES (1628, 'AXC', 0);
INSERT INTO qr_key (id, "key", in_use) VALUES (1629, 'JVM', 0);
INSERT INTO qr_key (id, "key", in_use) VALUES (1630, 'WPY', 0);
INSERT INTO qr_key (id, "key", in_use) VALUES (1631, 'ILW', 0);
INSERT INTO qr_key (id, "key", in_use) VALUES (1632, 'ETF', 0);
INSERT INTO qr_key (id, "key", in_use) VALUES (1633, 'XYK', 0);
INSERT INTO qr_key (id, "key", in_use) VALUES (1634, 'OXC', 0);
INSERT INTO qr_key (id, "key", in_use) VALUES (1635, 'SHN', 0);
INSERT INTO qr_key (id, "key", in_use) VALUES (1636, 'OLG', 0);
INSERT INTO qr_key (id, "key", in_use) VALUES (1637, 'VVZ', 0);
INSERT INTO qr_key (id, "key", in_use) VALUES (1638, 'FHY', 0);
INSERT INTO qr_key (id, "key", in_use) VALUES (1639, 'DSG', 0);
INSERT INTO qr_key (id, "key", in_use) VALUES (1640, 'WWQ', 0);
INSERT INTO qr_key (id, "key", in_use) VALUES (1641, 'VRC', 0);
INSERT INTO qr_key (id, "key", in_use) VALUES (1642, 'SRX', 0);
INSERT INTO qr_key (id, "key", in_use) VALUES (1643, 'AZR', 0);
INSERT INTO qr_key (id, "key", in_use) VALUES (1644, 'ESD', 0);
INSERT INTO qr_key (id, "key", in_use) VALUES (1645, 'AUO', 0);
INSERT INTO qr_key (id, "key", in_use) VALUES (1646, 'IHG', 0);
INSERT INTO qr_key (id, "key", in_use) VALUES (1647, 'LQP', 0);
INSERT INTO qr_key (id, "key", in_use) VALUES (1648, 'OON', 0);
INSERT INTO qr_key (id, "key", in_use) VALUES (1649, 'MXM', 0);
INSERT INTO qr_key (id, "key", in_use) VALUES (1650, 'MPN', 0);
INSERT INTO qr_key (id, "key", in_use) VALUES (1651, 'CWX', 0);
INSERT INTO qr_key (id, "key", in_use) VALUES (1652, 'ASO', 0);
INSERT INTO qr_key (id, "key", in_use) VALUES (1653, 'BDP', 0);
INSERT INTO qr_key (id, "key", in_use) VALUES (1654, 'CFD', 0);
INSERT INTO qr_key (id, "key", in_use) VALUES (1655, 'APC', 0);
INSERT INTO qr_key (id, "key", in_use) VALUES (1656, 'KXD', 0);
INSERT INTO qr_key (id, "key", in_use) VALUES (1657, 'IBG', 0);
INSERT INTO qr_key (id, "key", in_use) VALUES (1658, 'NEU', 0);
INSERT INTO qr_key (id, "key", in_use) VALUES (1659, 'BJA', 0);
INSERT INTO qr_key (id, "key", in_use) VALUES (1660, 'WMU', 0);
INSERT INTO qr_key (id, "key", in_use) VALUES (1661, 'YQA', 0);
INSERT INTO qr_key (id, "key", in_use) VALUES (1662, 'DOU', 0);
INSERT INTO qr_key (id, "key", in_use) VALUES (1663, 'YCD', 0);
INSERT INTO qr_key (id, "key", in_use) VALUES (1664, 'LWV', 0);
INSERT INTO qr_key (id, "key", in_use) VALUES (1665, 'HMT', 0);
INSERT INTO qr_key (id, "key", in_use) VALUES (1666, 'UAE', 0);
INSERT INTO qr_key (id, "key", in_use) VALUES (1667, 'HNA', 0);
INSERT INTO qr_key (id, "key", in_use) VALUES (1668, 'XEF', 0);
INSERT INTO qr_key (id, "key", in_use) VALUES (1669, 'NEF', 0);
INSERT INTO qr_key (id, "key", in_use) VALUES (1670, 'BEW', 0);
INSERT INTO qr_key (id, "key", in_use) VALUES (1671, 'MMI', 0);
INSERT INTO qr_key (id, "key", in_use) VALUES (1672, 'IGH', 0);
INSERT INTO qr_key (id, "key", in_use) VALUES (1673, 'QTY', 0);
INSERT INTO qr_key (id, "key", in_use) VALUES (1674, 'YSR', 0);
INSERT INTO qr_key (id, "key", in_use) VALUES (1675, 'GBV', 0);
INSERT INTO qr_key (id, "key", in_use) VALUES (1676, 'FUN', 0);
INSERT INTO qr_key (id, "key", in_use) VALUES (1677, 'AZL', 0);
INSERT INTO qr_key (id, "key", in_use) VALUES (1678, 'HYZ', 0);
INSERT INTO qr_key (id, "key", in_use) VALUES (1679, 'TJF', 0);
INSERT INTO qr_key (id, "key", in_use) VALUES (1680, 'WOH', 0);
INSERT INTO qr_key (id, "key", in_use) VALUES (1681, 'YBC', 0);
INSERT INTO qr_key (id, "key", in_use) VALUES (1682, 'WJZ', 0);
INSERT INTO qr_key (id, "key", in_use) VALUES (1683, 'CNN', 0);
INSERT INTO qr_key (id, "key", in_use) VALUES (1684, 'JIM', 0);
INSERT INTO qr_key (id, "key", in_use) VALUES (1685, 'MSM', 0);
INSERT INTO qr_key (id, "key", in_use) VALUES (1686, 'PWX', 0);
INSERT INTO qr_key (id, "key", in_use) VALUES (1687, 'MBF', 0);
INSERT INTO qr_key (id, "key", in_use) VALUES (1688, 'BQR', 0);
INSERT INTO qr_key (id, "key", in_use) VALUES (1689, 'HBT', 0);
INSERT INTO qr_key (id, "key", in_use) VALUES (1690, 'ZOS', 0);
INSERT INTO qr_key (id, "key", in_use) VALUES (1691, 'UNM', 0);
INSERT INTO qr_key (id, "key", in_use) VALUES (1692, 'SWP', 0);
INSERT INTO qr_key (id, "key", in_use) VALUES (1693, 'HLW', 0);
INSERT INTO qr_key (id, "key", in_use) VALUES (1694, 'JGK', 0);
INSERT INTO qr_key (id, "key", in_use) VALUES (1695, 'ERA', 0);
INSERT INTO qr_key (id, "key", in_use) VALUES (1696, 'RUT', 0);
INSERT INTO qr_key (id, "key", in_use) VALUES (1697, 'WRU', 0);
INSERT INTO qr_key (id, "key", in_use) VALUES (1698, 'TUF', 0);
INSERT INTO qr_key (id, "key", in_use) VALUES (1699, 'HCI', 0);
INSERT INTO qr_key (id, "key", in_use) VALUES (1700, 'TKT', 0);
INSERT INTO qr_key (id, "key", in_use) VALUES (1701, 'MGQ', 0);
INSERT INTO qr_key (id, "key", in_use) VALUES (1702, 'UXG', 0);
INSERT INTO qr_key (id, "key", in_use) VALUES (1703, 'FDW', 0);
INSERT INTO qr_key (id, "key", in_use) VALUES (1704, 'OFM', 0);
INSERT INTO qr_key (id, "key", in_use) VALUES (1705, 'VZP', 0);
INSERT INTO qr_key (id, "key", in_use) VALUES (1706, 'LWC', 0);
INSERT INTO qr_key (id, "key", in_use) VALUES (1707, 'XEV', 0);
INSERT INTO qr_key (id, "key", in_use) VALUES (1708, 'JAR', 0);
INSERT INTO qr_key (id, "key", in_use) VALUES (1709, 'QGT', 0);
INSERT INTO qr_key (id, "key", in_use) VALUES (1710, 'TUN', 0);
INSERT INTO qr_key (id, "key", in_use) VALUES (1711, 'AWM', 0);
INSERT INTO qr_key (id, "key", in_use) VALUES (1712, 'DDQ', 0);
INSERT INTO qr_key (id, "key", in_use) VALUES (1713, 'THV', 0);
INSERT INTO qr_key (id, "key", in_use) VALUES (1714, 'KPH', 0);
INSERT INTO qr_key (id, "key", in_use) VALUES (1715, 'HZI', 0);
INSERT INTO qr_key (id, "key", in_use) VALUES (1716, 'TXL', 0);
INSERT INTO qr_key (id, "key", in_use) VALUES (1717, 'NKE', 0);
INSERT INTO qr_key (id, "key", in_use) VALUES (1718, 'CJB', 0);
INSERT INTO qr_key (id, "key", in_use) VALUES (1719, 'BUK', 0);
INSERT INTO qr_key (id, "key", in_use) VALUES (1720, 'LTR', 0);
INSERT INTO qr_key (id, "key", in_use) VALUES (1721, 'KLN', 0);
INSERT INTO qr_key (id, "key", in_use) VALUES (1722, 'PUR', 0);
INSERT INTO qr_key (id, "key", in_use) VALUES (1723, 'WOF', 0);
INSERT INTO qr_key (id, "key", in_use) VALUES (1724, 'EYG', 0);
INSERT INTO qr_key (id, "key", in_use) VALUES (1725, 'PBA', 0);
INSERT INTO qr_key (id, "key", in_use) VALUES (1726, 'OSK', 0);
INSERT INTO qr_key (id, "key", in_use) VALUES (1727, 'QOB', 0);
INSERT INTO qr_key (id, "key", in_use) VALUES (1728, 'KHI', 0);
INSERT INTO qr_key (id, "key", in_use) VALUES (1729, 'FAD', 0);
INSERT INTO qr_key (id, "key", in_use) VALUES (1730, 'AQT', 0);
INSERT INTO qr_key (id, "key", in_use) VALUES (1731, 'ROY', 0);
INSERT INTO qr_key (id, "key", in_use) VALUES (1732, 'TFQ', 0);
INSERT INTO qr_key (id, "key", in_use) VALUES (1733, 'AFP', 0);
INSERT INTO qr_key (id, "key", in_use) VALUES (1734, 'KHZ', 0);
INSERT INTO qr_key (id, "key", in_use) VALUES (1735, 'HEC', 0);
INSERT INTO qr_key (id, "key", in_use) VALUES (1736, 'SLA', 0);
INSERT INTO qr_key (id, "key", in_use) VALUES (1737, 'NGA', 0);
INSERT INTO qr_key (id, "key", in_use) VALUES (1738, 'BFU', 0);
INSERT INTO qr_key (id, "key", in_use) VALUES (1739, 'UDR', 0);
INSERT INTO qr_key (id, "key", in_use) VALUES (1740, 'AHE', 0);
INSERT INTO qr_key (id, "key", in_use) VALUES (1741, 'CNW', 0);
INSERT INTO qr_key (id, "key", in_use) VALUES (1742, 'JAF', 0);
INSERT INTO qr_key (id, "key", in_use) VALUES (1743, 'ABH', 0);
INSERT INTO qr_key (id, "key", in_use) VALUES (1744, 'POU', 0);
INSERT INTO qr_key (id, "key", in_use) VALUES (1745, 'GRI', 0);
INSERT INTO qr_key (id, "key", in_use) VALUES (1746, 'ESS', 0);
INSERT INTO qr_key (id, "key", in_use) VALUES (1747, 'IIJ', 0);
INSERT INTO qr_key (id, "key", in_use) VALUES (1748, 'QPB', 0);
INSERT INTO qr_key (id, "key", in_use) VALUES (1749, 'TEX', 0);
INSERT INTO qr_key (id, "key", in_use) VALUES (1750, 'NUC', 0);
INSERT INTO qr_key (id, "key", in_use) VALUES (1751, 'EAQ', 0);
INSERT INTO qr_key (id, "key", in_use) VALUES (1752, 'WFE', 0);
INSERT INTO qr_key (id, "key", in_use) VALUES (1753, 'YXM', 0);
INSERT INTO qr_key (id, "key", in_use) VALUES (1754, 'HJX', 0);
INSERT INTO qr_key (id, "key", in_use) VALUES (1755, 'XMC', 0);
INSERT INTO qr_key (id, "key", in_use) VALUES (1756, 'YIU', 0);
INSERT INTO qr_key (id, "key", in_use) VALUES (1757, 'GIE', 0);
INSERT INTO qr_key (id, "key", in_use) VALUES (1758, 'OYF', 0);
INSERT INTO qr_key (id, "key", in_use) VALUES (1759, 'FDR', 0);
INSERT INTO qr_key (id, "key", in_use) VALUES (1760, 'PII', 0);
INSERT INTO qr_key (id, "key", in_use) VALUES (1761, 'DZJ', 0);
INSERT INTO qr_key (id, "key", in_use) VALUES (1762, 'CIA', 0);
INSERT INTO qr_key (id, "key", in_use) VALUES (1763, 'WOE', 0);
INSERT INTO qr_key (id, "key", in_use) VALUES (1764, 'RRU', 0);
INSERT INTO qr_key (id, "key", in_use) VALUES (1765, 'EZZ', 0);
INSERT INTO qr_key (id, "key", in_use) VALUES (1766, 'SNE', 0);
INSERT INTO qr_key (id, "key", in_use) VALUES (1767, 'MMR', 0);
INSERT INTO qr_key (id, "key", in_use) VALUES (1768, 'IXJ', 0);
INSERT INTO qr_key (id, "key", in_use) VALUES (1769, 'LHT', 0);
INSERT INTO qr_key (id, "key", in_use) VALUES (1770, 'BKO', 0);
INSERT INTO qr_key (id, "key", in_use) VALUES (1771, 'EBT', 0);
INSERT INTO qr_key (id, "key", in_use) VALUES (1772, 'ERR', 0);
INSERT INTO qr_key (id, "key", in_use) VALUES (1773, 'UAD', 0);
INSERT INTO qr_key (id, "key", in_use) VALUES (1774, 'ZKH', 0);
INSERT INTO qr_key (id, "key", in_use) VALUES (1775, 'MOZ', 0);
INSERT INTO qr_key (id, "key", in_use) VALUES (1776, 'UVN', 0);
INSERT INTO qr_key (id, "key", in_use) VALUES (1777, 'JQQ', 0);
INSERT INTO qr_key (id, "key", in_use) VALUES (1778, 'ZIB', 0);
INSERT INTO qr_key (id, "key", in_use) VALUES (1779, 'VYK', 0);
INSERT INTO qr_key (id, "key", in_use) VALUES (1780, 'MGK', 0);
INSERT INTO qr_key (id, "key", in_use) VALUES (1781, 'CLX', 0);
INSERT INTO qr_key (id, "key", in_use) VALUES (1782, 'UDE', 0);
INSERT INTO qr_key (id, "key", in_use) VALUES (1783, 'PFD', 0);
INSERT INTO qr_key (id, "key", in_use) VALUES (1784, 'SBR', 0);
INSERT INTO qr_key (id, "key", in_use) VALUES (1785, 'IHA', 0);
INSERT INTO qr_key (id, "key", in_use) VALUES (1786, 'RFO', 0);
INSERT INTO qr_key (id, "key", in_use) VALUES (1787, 'GPX', 0);
INSERT INTO qr_key (id, "key", in_use) VALUES (1788, 'UPY', 0);
INSERT INTO qr_key (id, "key", in_use) VALUES (1789, 'PXR', 0);
INSERT INTO qr_key (id, "key", in_use) VALUES (1790, 'ONC', 0);
INSERT INTO qr_key (id, "key", in_use) VALUES (1791, 'BSD', 0);
INSERT INTO qr_key (id, "key", in_use) VALUES (1792, 'MOM', 0);
INSERT INTO qr_key (id, "key", in_use) VALUES (1793, 'LUJ', 0);
INSERT INTO qr_key (id, "key", in_use) VALUES (1794, 'LPL', 0);
INSERT INTO qr_key (id, "key", in_use) VALUES (1795, 'VLI', 0);
INSERT INTO qr_key (id, "key", in_use) VALUES (1796, 'TBS', 0);
INSERT INTO qr_key (id, "key", in_use) VALUES (1797, 'KYL', 0);
INSERT INTO qr_key (id, "key", in_use) VALUES (1798, 'JJW', 0);
INSERT INTO qr_key (id, "key", in_use) VALUES (1799, 'NSW', 0);
INSERT INTO qr_key (id, "key", in_use) VALUES (1800, 'FMU', 0);
INSERT INTO qr_key (id, "key", in_use) VALUES (1801, 'CWF', 0);
INSERT INTO qr_key (id, "key", in_use) VALUES (1802, 'VGA', 0);
INSERT INTO qr_key (id, "key", in_use) VALUES (1803, 'DJS', 0);
INSERT INTO qr_key (id, "key", in_use) VALUES (1804, 'LZG', 0);
INSERT INTO qr_key (id, "key", in_use) VALUES (1805, 'XMB', 0);
INSERT INTO qr_key (id, "key", in_use) VALUES (1806, 'FXV', 0);
INSERT INTO qr_key (id, "key", in_use) VALUES (1807, 'SIX', 0);
INSERT INTO qr_key (id, "key", in_use) VALUES (1808, 'LVZ', 0);
INSERT INTO qr_key (id, "key", in_use) VALUES (1809, 'HQO', 0);
INSERT INTO qr_key (id, "key", in_use) VALUES (1810, 'ULX', 0);
INSERT INTO qr_key (id, "key", in_use) VALUES (1811, 'XQL', 0);
INSERT INTO qr_key (id, "key", in_use) VALUES (1812, 'OFF', 0);
INSERT INTO qr_key (id, "key", in_use) VALUES (1813, 'FJB', 0);
INSERT INTO qr_key (id, "key", in_use) VALUES (1814, 'MIW', 0);
INSERT INTO qr_key (id, "key", in_use) VALUES (1815, 'MLA', 0);
INSERT INTO qr_key (id, "key", in_use) VALUES (1816, 'VKA', 0);
INSERT INTO qr_key (id, "key", in_use) VALUES (1817, 'OJJ', 0);
INSERT INTO qr_key (id, "key", in_use) VALUES (1818, 'JPE', 0);
INSERT INTO qr_key (id, "key", in_use) VALUES (1819, 'NSN', 0);
INSERT INTO qr_key (id, "key", in_use) VALUES (1820, 'RFQ', 0);
INSERT INTO qr_key (id, "key", in_use) VALUES (1821, 'PZT', 0);
INSERT INTO qr_key (id, "key", in_use) VALUES (1822, 'AXO', 0);
INSERT INTO qr_key (id, "key", in_use) VALUES (1823, 'WZZ', 0);
INSERT INTO qr_key (id, "key", in_use) VALUES (1824, 'FMN', 0);
INSERT INTO qr_key (id, "key", in_use) VALUES (1825, 'WHD', 0);
INSERT INTO qr_key (id, "key", in_use) VALUES (1826, 'MQL', 0);
INSERT INTO qr_key (id, "key", in_use) VALUES (1827, 'RLV', 0);
INSERT INTO qr_key (id, "key", in_use) VALUES (1828, 'ZUL', 0);
INSERT INTO qr_key (id, "key", in_use) VALUES (1829, 'QVA', 0);
INSERT INTO qr_key (id, "key", in_use) VALUES (1830, 'HHY', 0);
INSERT INTO qr_key (id, "key", in_use) VALUES (1831, 'ECT', 0);
INSERT INTO qr_key (id, "key", in_use) VALUES (1832, 'HCQ', 0);
INSERT INTO qr_key (id, "key", in_use) VALUES (1833, 'GKW', 0);
INSERT INTO qr_key (id, "key", in_use) VALUES (1834, 'CIC', 0);
INSERT INTO qr_key (id, "key", in_use) VALUES (1835, 'BBA', 0);
INSERT INTO qr_key (id, "key", in_use) VALUES (1836, 'MHB', 0);
INSERT INTO qr_key (id, "key", in_use) VALUES (1837, 'ENJ', 0);
INSERT INTO qr_key (id, "key", in_use) VALUES (1838, 'ANM', 0);
INSERT INTO qr_key (id, "key", in_use) VALUES (1839, 'ZAE', 0);
INSERT INTO qr_key (id, "key", in_use) VALUES (1840, 'UBN', 0);
INSERT INTO qr_key (id, "key", in_use) VALUES (1841, 'EID', 0);
INSERT INTO qr_key (id, "key", in_use) VALUES (1842, 'DRH', 0);
INSERT INTO qr_key (id, "key", in_use) VALUES (1843, 'WPX', 0);
INSERT INTO qr_key (id, "key", in_use) VALUES (1844, 'IRJ', 0);
INSERT INTO qr_key (id, "key", in_use) VALUES (1845, 'IVR', 0);
INSERT INTO qr_key (id, "key", in_use) VALUES (1846, 'OLC', 0);
INSERT INTO qr_key (id, "key", in_use) VALUES (1847, 'FGS', 0);
INSERT INTO qr_key (id, "key", in_use) VALUES (1848, 'EXL', 0);
INSERT INTO qr_key (id, "key", in_use) VALUES (1849, 'TRH', 0);
INSERT INTO qr_key (id, "key", in_use) VALUES (1850, 'QWM', 0);
INSERT INTO qr_key (id, "key", in_use) VALUES (1851, 'WXA', 0);
INSERT INTO qr_key (id, "key", in_use) VALUES (1852, 'BPZ', 0);
INSERT INTO qr_key (id, "key", in_use) VALUES (1853, 'EQE', 0);
INSERT INTO qr_key (id, "key", in_use) VALUES (1854, 'DFX', 0);
INSERT INTO qr_key (id, "key", in_use) VALUES (1855, 'TXV', 0);
INSERT INTO qr_key (id, "key", in_use) VALUES (1856, 'DVW', 0);
INSERT INTO qr_key (id, "key", in_use) VALUES (1857, 'HFH', 0);
INSERT INTO qr_key (id, "key", in_use) VALUES (1858, 'UFI', 0);
INSERT INTO qr_key (id, "key", in_use) VALUES (1859, 'KJZ', 0);
INSERT INTO qr_key (id, "key", in_use) VALUES (1860, 'LLP', 0);
INSERT INTO qr_key (id, "key", in_use) VALUES (1861, 'RLL', 0);
INSERT INTO qr_key (id, "key", in_use) VALUES (1862, 'UUD', 0);
INSERT INTO qr_key (id, "key", in_use) VALUES (1863, 'YOJ', 0);
INSERT INTO qr_key (id, "key", in_use) VALUES (1864, 'XJA', 0);
INSERT INTO qr_key (id, "key", in_use) VALUES (1865, 'CLO', 0);
INSERT INTO qr_key (id, "key", in_use) VALUES (1866, 'OBL', 0);
INSERT INTO qr_key (id, "key", in_use) VALUES (1867, 'ABM', 0);
INSERT INTO qr_key (id, "key", in_use) VALUES (1868, 'AQB', 0);
INSERT INTO qr_key (id, "key", in_use) VALUES (1869, 'ERJ', 0);
INSERT INTO qr_key (id, "key", in_use) VALUES (1870, 'LRE', 0);
INSERT INTO qr_key (id, "key", in_use) VALUES (1871, 'GOL', 0);
INSERT INTO qr_key (id, "key", in_use) VALUES (1872, 'SBE', 0);
INSERT INTO qr_key (id, "key", in_use) VALUES (1873, 'ETD', 0);
INSERT INTO qr_key (id, "key", in_use) VALUES (1874, 'HOK', 0);
INSERT INTO qr_key (id, "key", in_use) VALUES (1875, 'HRG', 0);
INSERT INTO qr_key (id, "key", in_use) VALUES (1876, 'WRP', 0);
INSERT INTO qr_key (id, "key", in_use) VALUES (1877, 'BNS', 0);
INSERT INTO qr_key (id, "key", in_use) VALUES (1878, 'GNE', 0);
INSERT INTO qr_key (id, "key", in_use) VALUES (1879, 'KWD', 0);
INSERT INTO qr_key (id, "key", in_use) VALUES (1880, 'EEJ', 0);
INSERT INTO qr_key (id, "key", in_use) VALUES (1881, 'EEG', 0);
INSERT INTO qr_key (id, "key", in_use) VALUES (1882, 'EWN', 0);
INSERT INTO qr_key (id, "key", in_use) VALUES (1883, 'VED', 0);
INSERT INTO qr_key (id, "key", in_use) VALUES (1884, 'LDX', 0);
INSERT INTO qr_key (id, "key", in_use) VALUES (1885, 'PZZ', 0);
INSERT INTO qr_key (id, "key", in_use) VALUES (1886, 'SDN', 0);
INSERT INTO qr_key (id, "key", in_use) VALUES (1887, 'QLL', 0);
INSERT INTO qr_key (id, "key", in_use) VALUES (1888, 'OYC', 0);
INSERT INTO qr_key (id, "key", in_use) VALUES (1889, 'WCX', 0);
INSERT INTO qr_key (id, "key", in_use) VALUES (1890, 'TMU', 0);
INSERT INTO qr_key (id, "key", in_use) VALUES (1891, 'QEN', 0);
INSERT INTO qr_key (id, "key", in_use) VALUES (1892, 'SFI', 0);
INSERT INTO qr_key (id, "key", in_use) VALUES (1893, 'QLA', 0);
INSERT INTO qr_key (id, "key", in_use) VALUES (1894, 'HIC', 0);
INSERT INTO qr_key (id, "key", in_use) VALUES (1895, 'ZFK', 0);
INSERT INTO qr_key (id, "key", in_use) VALUES (1896, 'PVF', 0);
INSERT INTO qr_key (id, "key", in_use) VALUES (1897, 'BHA', 0);
INSERT INTO qr_key (id, "key", in_use) VALUES (1898, 'XXS', 0);
INSERT INTO qr_key (id, "key", in_use) VALUES (1899, 'IZY', 0);
INSERT INTO qr_key (id, "key", in_use) VALUES (1900, 'MBZ', 0);
INSERT INTO qr_key (id, "key", in_use) VALUES (1901, 'NGG', 0);
INSERT INTO qr_key (id, "key", in_use) VALUES (1902, 'OVW', 0);
INSERT INTO qr_key (id, "key", in_use) VALUES (1903, 'INF', 0);
INSERT INTO qr_key (id, "key", in_use) VALUES (1904, 'MQO', 0);
INSERT INTO qr_key (id, "key", in_use) VALUES (1905, 'XQA', 0);
INSERT INTO qr_key (id, "key", in_use) VALUES (1906, 'BQT', 0);
INSERT INTO qr_key (id, "key", in_use) VALUES (1907, 'AHL', 0);
INSERT INTO qr_key (id, "key", in_use) VALUES (1908, 'NPJ', 0);
INSERT INTO qr_key (id, "key", in_use) VALUES (1909, 'AYB', 0);
INSERT INTO qr_key (id, "key", in_use) VALUES (1910, 'RAV', 0);
INSERT INTO qr_key (id, "key", in_use) VALUES (1911, 'OZQ', 0);
INSERT INTO qr_key (id, "key", in_use) VALUES (1912, 'GFI', 0);
INSERT INTO qr_key (id, "key", in_use) VALUES (1913, 'ARF', 0);
INSERT INTO qr_key (id, "key", in_use) VALUES (1914, 'BEU', 0);
INSERT INTO qr_key (id, "key", in_use) VALUES (1915, 'OXD', 0);
INSERT INTO qr_key (id, "key", in_use) VALUES (1916, 'UFW', 0);
INSERT INTO qr_key (id, "key", in_use) VALUES (1917, 'CHE', 0);
INSERT INTO qr_key (id, "key", in_use) VALUES (1918, 'LEF', 0);
INSERT INTO qr_key (id, "key", in_use) VALUES (1919, 'LNN', 0);
INSERT INTO qr_key (id, "key", in_use) VALUES (1920, 'HCM', 0);
INSERT INTO qr_key (id, "key", in_use) VALUES (1921, 'DWW', 0);
INSERT INTO qr_key (id, "key", in_use) VALUES (1922, 'SOC', 0);
INSERT INTO qr_key (id, "key", in_use) VALUES (1923, 'XRE', 0);
INSERT INTO qr_key (id, "key", in_use) VALUES (1924, 'KZQ', 0);
INSERT INTO qr_key (id, "key", in_use) VALUES (1925, 'XJD', 0);
INSERT INTO qr_key (id, "key", in_use) VALUES (1926, 'VLD', 0);
INSERT INTO qr_key (id, "key", in_use) VALUES (1927, 'GUZ', 0);
INSERT INTO qr_key (id, "key", in_use) VALUES (1928, 'CFJ', 0);
INSERT INTO qr_key (id, "key", in_use) VALUES (1929, 'EMV', 0);
INSERT INTO qr_key (id, "key", in_use) VALUES (1930, 'YXC', 0);
INSERT INTO qr_key (id, "key", in_use) VALUES (1931, 'SCQ', 0);
INSERT INTO qr_key (id, "key", in_use) VALUES (1932, 'PHL', 0);
INSERT INTO qr_key (id, "key", in_use) VALUES (1933, 'PEV', 0);
INSERT INTO qr_key (id, "key", in_use) VALUES (1934, 'YYI', 0);
INSERT INTO qr_key (id, "key", in_use) VALUES (1935, 'MPU', 0);
INSERT INTO qr_key (id, "key", in_use) VALUES (1936, 'ABO', 0);
INSERT INTO qr_key (id, "key", in_use) VALUES (1937, 'QLR', 0);
INSERT INTO qr_key (id, "key", in_use) VALUES (1938, 'PTV', 0);
INSERT INTO qr_key (id, "key", in_use) VALUES (1939, 'UXA', 0);
INSERT INTO qr_key (id, "key", in_use) VALUES (1940, 'YYB', 0);
INSERT INTO qr_key (id, "key", in_use) VALUES (1941, 'RLS', 0);
INSERT INTO qr_key (id, "key", in_use) VALUES (1942, 'EDV', 0);
INSERT INTO qr_key (id, "key", in_use) VALUES (1943, 'RQN', 0);
INSERT INTO qr_key (id, "key", in_use) VALUES (1944, 'LMU', 0);
INSERT INTO qr_key (id, "key", in_use) VALUES (1945, 'ESX', 0);
INSERT INTO qr_key (id, "key", in_use) VALUES (1946, 'SZB', 0);
INSERT INTO qr_key (id, "key", in_use) VALUES (1947, 'FOD', 0);
INSERT INTO qr_key (id, "key", in_use) VALUES (1948, 'DLY', 0);
INSERT INTO qr_key (id, "key", in_use) VALUES (1949, 'FWA', 0);
INSERT INTO qr_key (id, "key", in_use) VALUES (1950, 'EVN', 0);
INSERT INTO qr_key (id, "key", in_use) VALUES (1951, 'ZMY', 0);
INSERT INTO qr_key (id, "key", in_use) VALUES (1952, 'HBQ', 0);
INSERT INTO qr_key (id, "key", in_use) VALUES (1953, 'YEO', 0);
INSERT INTO qr_key (id, "key", in_use) VALUES (1954, 'TDJ', 0);
INSERT INTO qr_key (id, "key", in_use) VALUES (1955, 'PGG', 0);
INSERT INTO qr_key (id, "key", in_use) VALUES (1956, 'JDX', 0);
INSERT INTO qr_key (id, "key", in_use) VALUES (1957, 'YWK', 0);
INSERT INTO qr_key (id, "key", in_use) VALUES (1958, 'MCW', 0);
INSERT INTO qr_key (id, "key", in_use) VALUES (1959, 'NLE', 0);
INSERT INTO qr_key (id, "key", in_use) VALUES (1960, 'EJS', 0);
INSERT INTO qr_key (id, "key", in_use) VALUES (1961, 'AWA', 0);
INSERT INTO qr_key (id, "key", in_use) VALUES (1962, 'MCV', 0);
INSERT INTO qr_key (id, "key", in_use) VALUES (1963, 'FCT', 0);
INSERT INTO qr_key (id, "key", in_use) VALUES (1964, 'HUZ', 0);
INSERT INTO qr_key (id, "key", in_use) VALUES (1965, 'SNX', 0);
INSERT INTO qr_key (id, "key", in_use) VALUES (1966, 'EDM', 0);
INSERT INTO qr_key (id, "key", in_use) VALUES (1967, 'CFZ', 0);
INSERT INTO qr_key (id, "key", in_use) VALUES (1968, 'IFU', 0);
INSERT INTO qr_key (id, "key", in_use) VALUES (1969, 'WVK', 0);
INSERT INTO qr_key (id, "key", in_use) VALUES (1970, 'LPT', 0);
INSERT INTO qr_key (id, "key", in_use) VALUES (1971, 'EPT', 0);
INSERT INTO qr_key (id, "key", in_use) VALUES (1972, 'GKV', 0);
INSERT INTO qr_key (id, "key", in_use) VALUES (1973, 'GBD', 0);
INSERT INTO qr_key (id, "key", in_use) VALUES (1974, 'RQC', 0);
INSERT INTO qr_key (id, "key", in_use) VALUES (1975, 'SAJ', 0);
INSERT INTO qr_key (id, "key", in_use) VALUES (1976, 'YSS', 0);
INSERT INTO qr_key (id, "key", in_use) VALUES (1977, 'JML', 0);
INSERT INTO qr_key (id, "key", in_use) VALUES (1978, 'KJG', 0);
INSERT INTO qr_key (id, "key", in_use) VALUES (1979, 'FUS', 0);
INSERT INTO qr_key (id, "key", in_use) VALUES (1980, 'MNC', 0);
INSERT INTO qr_key (id, "key", in_use) VALUES (1981, 'PWF', 0);
INSERT INTO qr_key (id, "key", in_use) VALUES (1982, 'TSF', 0);
INSERT INTO qr_key (id, "key", in_use) VALUES (1983, 'FJD', 0);
INSERT INTO qr_key (id, "key", in_use) VALUES (1984, 'VMP', 0);
INSERT INTO qr_key (id, "key", in_use) VALUES (1985, 'KCB', 0);
INSERT INTO qr_key (id, "key", in_use) VALUES (1986, 'RUW', 0);
INSERT INTO qr_key (id, "key", in_use) VALUES (1987, 'JJX', 0);
INSERT INTO qr_key (id, "key", in_use) VALUES (1988, 'EXT', 0);
INSERT INTO qr_key (id, "key", in_use) VALUES (1989, 'ZCG', 0);
INSERT INTO qr_key (id, "key", in_use) VALUES (1990, 'ZWC', 0);
INSERT INTO qr_key (id, "key", in_use) VALUES (1991, 'HBJ', 0);
INSERT INTO qr_key (id, "key", in_use) VALUES (1992, 'STH', 0);
INSERT INTO qr_key (id, "key", in_use) VALUES (1993, 'HPM', 0);
INSERT INTO qr_key (id, "key", in_use) VALUES (1994, 'EFI', 0);
INSERT INTO qr_key (id, "key", in_use) VALUES (1995, 'AEL', 0);
INSERT INTO qr_key (id, "key", in_use) VALUES (1996, 'WSM', 0);
INSERT INTO qr_key (id, "key", in_use) VALUES (1997, 'KHH', 0);
INSERT INTO qr_key (id, "key", in_use) VALUES (1998, 'KAC', 0);
INSERT INTO qr_key (id, "key", in_use) VALUES (1999, 'BJC', 0);
INSERT INTO qr_key (id, "key", in_use) VALUES (2000, 'QRP', 0);
INSERT INTO qr_key (id, "key", in_use) VALUES (2001, 'BIU', 0);
INSERT INTO qr_key (id, "key", in_use) VALUES (2002, 'AIU', 0);
INSERT INTO qr_key (id, "key", in_use) VALUES (2003, 'JBG', 0);
INSERT INTO qr_key (id, "key", in_use) VALUES (2004, 'YSD', 0);
INSERT INTO qr_key (id, "key", in_use) VALUES (2005, 'RTH', 0);
INSERT INTO qr_key (id, "key", in_use) VALUES (2006, 'ZCS', 0);
INSERT INTO qr_key (id, "key", in_use) VALUES (2007, 'USQ', 0);
INSERT INTO qr_key (id, "key", in_use) VALUES (2008, 'TLE', 0);
INSERT INTO qr_key (id, "key", in_use) VALUES (2009, 'FXA', 0);
INSERT INTO qr_key (id, "key", in_use) VALUES (2010, 'BMM', 0);
INSERT INTO qr_key (id, "key", in_use) VALUES (2011, 'CPT', 0);
INSERT INTO qr_key (id, "key", in_use) VALUES (2012, 'KUC', 0);
INSERT INTO qr_key (id, "key", in_use) VALUES (2013, 'SIG', 0);
INSERT INTO qr_key (id, "key", in_use) VALUES (2014, 'SQP', 0);
INSERT INTO qr_key (id, "key", in_use) VALUES (2015, 'HPX', 0);
INSERT INTO qr_key (id, "key", in_use) VALUES (2016, 'ZTH', 0);
INSERT INTO qr_key (id, "key", in_use) VALUES (2017, 'TTN', 0);
INSERT INTO qr_key (id, "key", in_use) VALUES (2018, 'TAV', 0);
INSERT INTO qr_key (id, "key", in_use) VALUES (2019, 'NYU', 0);
INSERT INTO qr_key (id, "key", in_use) VALUES (2020, 'MOX', 0);
INSERT INTO qr_key (id, "key", in_use) VALUES (2021, 'XBC', 0);
INSERT INTO qr_key (id, "key", in_use) VALUES (2022, 'LIY', 0);
INSERT INTO qr_key (id, "key", in_use) VALUES (2023, 'DNA', 0);
INSERT INTO qr_key (id, "key", in_use) VALUES (2024, 'TOG', 0);
INSERT INTO qr_key (id, "key", in_use) VALUES (2025, 'BKH', 0);
INSERT INTO qr_key (id, "key", in_use) VALUES (2026, 'LTX', 0);
INSERT INTO qr_key (id, "key", in_use) VALUES (2027, 'HCS', 0);
INSERT INTO qr_key (id, "key", in_use) VALUES (2028, 'PRD', 0);
INSERT INTO qr_key (id, "key", in_use) VALUES (2029, 'AAE', 0);
INSERT INTO qr_key (id, "key", in_use) VALUES (2030, 'JMO', 0);
INSERT INTO qr_key (id, "key", in_use) VALUES (2031, 'NEW', 0);
INSERT INTO qr_key (id, "key", in_use) VALUES (2032, 'VXO', 0);
INSERT INTO qr_key (id, "key", in_use) VALUES (2033, 'VWH', 0);
INSERT INTO qr_key (id, "key", in_use) VALUES (2034, 'RAI', 0);
INSERT INTO qr_key (id, "key", in_use) VALUES (2035, 'VWW', 0);
INSERT INTO qr_key (id, "key", in_use) VALUES (2036, 'WKB', 0);
INSERT INTO qr_key (id, "key", in_use) VALUES (2037, 'HLD', 0);
INSERT INTO qr_key (id, "key", in_use) VALUES (2038, 'WUE', 0);
INSERT INTO qr_key (id, "key", in_use) VALUES (2039, 'ZFU', 0);
INSERT INTO qr_key (id, "key", in_use) VALUES (2040, 'FZB', 0);
INSERT INTO qr_key (id, "key", in_use) VALUES (2041, 'INA', 0);
INSERT INTO qr_key (id, "key", in_use) VALUES (2042, 'COF', 0);
INSERT INTO qr_key (id, "key", in_use) VALUES (2043, 'XRG', 0);
INSERT INTO qr_key (id, "key", in_use) VALUES (2044, 'KAO', 0);
INSERT INTO qr_key (id, "key", in_use) VALUES (2045, 'ADE', 0);
INSERT INTO qr_key (id, "key", in_use) VALUES (2046, 'GFC', 0);
INSERT INTO qr_key (id, "key", in_use) VALUES (2047, 'GXD', 0);
INSERT INTO qr_key (id, "key", in_use) VALUES (2048, 'IPM', 0);
INSERT INTO qr_key (id, "key", in_use) VALUES (2049, 'AUF', 0);
INSERT INTO qr_key (id, "key", in_use) VALUES (2050, 'WNN', 0);
INSERT INTO qr_key (id, "key", in_use) VALUES (2051, 'VTN', 0);
INSERT INTO qr_key (id, "key", in_use) VALUES (2052, 'DGG', 0);
INSERT INTO qr_key (id, "key", in_use) VALUES (2053, 'LOX', 0);
INSERT INTO qr_key (id, "key", in_use) VALUES (2054, 'HDB', 0);
INSERT INTO qr_key (id, "key", in_use) VALUES (2055, 'RSV', 0);
INSERT INTO qr_key (id, "key", in_use) VALUES (2056, 'JSW', 0);
INSERT INTO qr_key (id, "key", in_use) VALUES (2057, 'BHV', 0);
INSERT INTO qr_key (id, "key", in_use) VALUES (2058, 'TKB', 0);
INSERT INTO qr_key (id, "key", in_use) VALUES (2059, 'XTS', 0);
INSERT INTO qr_key (id, "key", in_use) VALUES (2060, 'IUE', 0);
INSERT INTO qr_key (id, "key", in_use) VALUES (2061, 'QQQ', 0);
INSERT INTO qr_key (id, "key", in_use) VALUES (2062, 'XKP', 0);
INSERT INTO qr_key (id, "key", in_use) VALUES (2063, 'UQR', 0);
INSERT INTO qr_key (id, "key", in_use) VALUES (2064, 'CUQ', 0);
INSERT INTO qr_key (id, "key", in_use) VALUES (2065, 'SXU', 0);
INSERT INTO qr_key (id, "key", in_use) VALUES (2066, 'JVJ', 0);
INSERT INTO qr_key (id, "key", in_use) VALUES (2067, 'XSE', 0);
INSERT INTO qr_key (id, "key", in_use) VALUES (2068, 'COU', 0);
INSERT INTO qr_key (id, "key", in_use) VALUES (2069, 'CCW', 0);
INSERT INTO qr_key (id, "key", in_use) VALUES (2070, 'JUC', 0);
INSERT INTO qr_key (id, "key", in_use) VALUES (2071, 'SZX', 0);
INSERT INTO qr_key (id, "key", in_use) VALUES (2072, 'TIA', 0);
INSERT INTO qr_key (id, "key", in_use) VALUES (2073, 'IIB', 0);
INSERT INTO qr_key (id, "key", in_use) VALUES (2074, 'RML', 0);
INSERT INTO qr_key (id, "key", in_use) VALUES (2075, 'TXQ', 0);
INSERT INTO qr_key (id, "key", in_use) VALUES (2076, 'YFZ', 0);
INSERT INTO qr_key (id, "key", in_use) VALUES (2077, 'VRQ', 0);
INSERT INTO qr_key (id, "key", in_use) VALUES (2078, 'AGG', 0);
INSERT INTO qr_key (id, "key", in_use) VALUES (2079, 'PPX', 0);
INSERT INTO qr_key (id, "key", in_use) VALUES (2080, 'SEA', 0);
INSERT INTO qr_key (id, "key", in_use) VALUES (2081, 'RTR', 0);
INSERT INTO qr_key (id, "key", in_use) VALUES (2082, 'RDC', 0);
INSERT INTO qr_key (id, "key", in_use) VALUES (2083, 'CPU', 0);
INSERT INTO qr_key (id, "key", in_use) VALUES (2084, 'RHC', 0);
INSERT INTO qr_key (id, "key", in_use) VALUES (2085, 'AEI', 0);
INSERT INTO qr_key (id, "key", in_use) VALUES (2086, 'LLT', 0);
INSERT INTO qr_key (id, "key", in_use) VALUES (2087, 'JHG', 0);
INSERT INTO qr_key (id, "key", in_use) VALUES (2088, 'EMG', 0);
INSERT INTO qr_key (id, "key", in_use) VALUES (2089, 'USJ', 0);
INSERT INTO qr_key (id, "key", in_use) VALUES (2090, 'PIR', 0);
INSERT INTO qr_key (id, "key", in_use) VALUES (2091, 'JRT', 0);
INSERT INTO qr_key (id, "key", in_use) VALUES (2092, 'HGO', 0);
INSERT INTO qr_key (id, "key", in_use) VALUES (2093, 'CNC', 0);
INSERT INTO qr_key (id, "key", in_use) VALUES (2094, 'YUX', 0);
INSERT INTO qr_key (id, "key", in_use) VALUES (2095, 'ATJ', 0);
INSERT INTO qr_key (id, "key", in_use) VALUES (2096, 'LZR', 0);
INSERT INTO qr_key (id, "key", in_use) VALUES (2097, 'GZI', 0);
INSERT INTO qr_key (id, "key", in_use) VALUES (2098, 'LIK', 0);
INSERT INTO qr_key (id, "key", in_use) VALUES (2099, 'QIX', 0);
INSERT INTO qr_key (id, "key", in_use) VALUES (2100, 'VFB', 0);
INSERT INTO qr_key (id, "key", in_use) VALUES (2101, 'OUH', 0);
INSERT INTO qr_key (id, "key", in_use) VALUES (2102, 'EOG', 0);
INSERT INTO qr_key (id, "key", in_use) VALUES (2103, 'NXK', 0);
INSERT INTO qr_key (id, "key", in_use) VALUES (2104, 'CTK', 0);
INSERT INTO qr_key (id, "key", in_use) VALUES (2105, 'UNW', 0);
INSERT INTO qr_key (id, "key", in_use) VALUES (2106, 'NZK', 0);

-- Table: region
DROP TABLE IF EXISTS region;
CREATE TABLE region (location INTEGER REFERENCES location (id) ON DELETE CASCADE ON UPDATE CASCADE NOT NULL, region INTEGER REFERENCES location (id) ON DELETE RESTRICT ON UPDATE RESTRICT NOT NULL, UNIQUE (location, region));
INSERT INTO region (location, region) VALUES (2, 3);
INSERT INTO region (location, region) VALUES (1, 3);
INSERT INTO region (location, region) VALUES (8, 3);
INSERT INTO region (location, region) VALUES (7, 3);
INSERT INTO region (location, region) VALUES (6, 3);
INSERT INTO region (location, region) VALUES (5, 3);
INSERT INTO region (location, region) VALUES (4, 3);
INSERT INTO region (location, region) VALUES (3, 9);
INSERT INTO region (location, region) VALUES (1, 9);
INSERT INTO region (location, region) VALUES (2, 9);
INSERT INTO region (location, region) VALUES (4, 9);
INSERT INTO region (location, region) VALUES (5, 9);
INSERT INTO region (location, region) VALUES (6, 9);
INSERT INTO region (location, region) VALUES (7, 9);
INSERT INTO region (location, region) VALUES (8, 9);
INSERT INTO region (location, region) VALUES (11, 10);
INSERT INTO region (location, region) VALUES (12, 10);
INSERT INTO region (location, region) VALUES (13, 10);
INSERT INTO region (location, region) VALUES (14, 10);
INSERT INTO region (location, region) VALUES (15, 10);
INSERT INTO region (location, region) VALUES (16, 10);
INSERT INTO region (location, region) VALUES (11, 9);
INSERT INTO region (location, region) VALUES (12, 9);
INSERT INTO region (location, region) VALUES (13, 9);
INSERT INTO region (location, region) VALUES (14, 9);
INSERT INTO region (location, region) VALUES (15, 9);
INSERT INTO region (location, region) VALUES (16, 9);
INSERT INTO region (location, region) VALUES (10, 9);
INSERT INTO region (location, region) VALUES (18, 9);
INSERT INTO region (location, region) VALUES (17, 9);
INSERT INTO region (location, region) VALUES (21, 22);
INSERT INTO region (location, region) VALUES (20, 9);

-- Table: resource
DROP TABLE IF EXISTS resource;
CREATE TABLE resource (id INTEGER PRIMARY KEY AUTOINCREMENT, name STRING NOT NULL, version STRING, volume STRING, note STRING, region INTEGER REFERENCES location (id) ON DELETE CASCADE ON UPDATE CASCADE, UNIQUE (name, version, volume));
INSERT INTO resource (id, name, version, volume, note, region) VALUES (1, 'Story of the World (Vol 1)', NULL, 1, 'used every year', 24);
INSERT INTO resource (id, name, version, volume, note, region) VALUES (2, 'Story of the World (Vol 2)', NULL, 2, 'used every year', 24);
INSERT INTO resource (id, name, version, volume, note, region) VALUES (3, 'Just So Stories', NULL, NULL, NULL, 23);
INSERT INTO resource (id, name, version, volume, note, region) VALUES (4, 'Sweet and Sour: Tales from China', NULL, NULL, NULL, NULL);
INSERT INTO resource (id, name, version, volume, note, region) VALUES (5, 'Tales of Ancient Egypt', NULL, NULL, NULL, NULL);
INSERT INTO resource (id, name, version, volume, note, region) VALUES (6, 'The Golden Goblet', NULL, NULL, NULL, NULL);
INSERT INTO resource (id, name, version, volume, note, region) VALUES (7, 'Where the Mountain Meets the Moon', NULL, NULL, NULL, NULL);
INSERT INTO resource (id, name, version, volume, note, region) VALUES (8, 'Young Fu of the Upper Yangtze', NULL, NULL, NULL, NULL);
INSERT INTO resource (id, name, version, volume, note, region) VALUES (9, 'The Book of Virtues', NULL, NULL, NULL, NULL);
INSERT INTO resource (id, name, version, volume, note, region) VALUES (10, 'Seven Daughters and Seven Sons', NULL, NULL, NULL, NULL);
INSERT INTO resource (id, name, version, volume, note, region) VALUES (11, 'Inside Out and Back Again', NULL, NULL, NULL, NULL);
INSERT INTO resource (id, name, version, volume, note, region) VALUES (12, 'The Kite Fighters', NULL, NULL, NULL, NULL);
INSERT INTO resource (id, name, version, volume, note, region) VALUES (13, 'Heart of a Samurai', NULL, NULL, NULL, NULL);
INSERT INTO resource (id, name, version, volume, note, region) VALUES (14, 'Breaking Stalin’s Nose', NULL, NULL, NULL, NULL);
INSERT INTO resource (id, name, version, volume, note, region) VALUES (15, 'The Endless Steppe', NULL, NULL, NULL, NULL);
INSERT INTO resource (id, name, version, volume, note, region) VALUES (16, 'Daughter of the Mountains', NULL, NULL, NULL, NULL);
INSERT INTO resource (id, name, version, volume, note, region) VALUES (17, 'Around the World in 80 Days', NULL, NULL, NULL, NULL);
INSERT INTO resource (id, name, version, volume, note, region) VALUES (18, 'Red Sand, Blue Sky', NULL, NULL, NULL, NULL);
INSERT INTO resource (id, name, version, volume, note, region) VALUES (19, 'Story of the World (Vol 3)', NULL, 3, 'used every year', NULL);
INSERT INTO resource (id, name, version, volume, note, region) VALUES (20, 'Story of the World (Vol 4)', NULL, 4, 'used every year', NULL);
INSERT INTO resource (id, name, version, volume, note, region) VALUES (21, 'History of the World Map by Map', NULL, NULL, NULL, NULL);
INSERT INTO resource (id, name, version, volume, note, region) VALUES (22, 'Amy Carmichael: Rescuer of Precious Gems', NULL, NULL, NULL, NULL);
INSERT INTO resource (id, name, version, volume, note, region) VALUES (23, 'David Livingstone: Africa''s Trailblazer', NULL, NULL, NULL, NULL);
INSERT INTO resource (id, name, version, volume, note, region) VALUES (24, 'The Complete Works of Count Tolstoy: Volume XII', NULL, NULL, 'also in the Book of Virtues', NULL);
INSERT INTO resource (id, name, version, volume, note, region) VALUES (25, 'Story of the World, Test and Answer Key (Vol 1)', NULL, 1, 'used every year', NULL);
INSERT INTO resource (id, name, version, volume, note, region) VALUES (26, 'Story of the World, Test and Answer Key (Vol 2)', NULL, 2, 'used every year', NULL);
INSERT INTO resource (id, name, version, volume, note, region) VALUES (27, 'Story of the World, Test and Answer Key (Vol 3)', NULL, 3, 'used every year', NULL);
INSERT INTO resource (id, name, version, volume, note, region) VALUES (28, 'Story of the World, Test and Answer Key (Vol 4)', NULL, 4, 'used every year', NULL);
INSERT INTO resource (id, name, version, volume, note, region) VALUES (29, 'Exploring Creation with Physical Science (2nd Edition)', 2, NULL, NULL, NULL);
INSERT INTO resource (id, name, version, volume, note, region) VALUES (30, 'The Roar on the Other Side: A Guide for Student Poets', NULL, NULL, NULL, NULL);
INSERT INTO resource (id, name, version, volume, note, region) VALUES (31, 'The Magician''s Nephew', NULL, NULL, NULL, NULL);
INSERT INTO resource (id, name, version, volume, note, region) VALUES (32, 'The Horse and His Boy', NULL, NULL, NULL, NULL);
INSERT INTO resource (id, name, version, volume, note, region) VALUES (33, 'Anansi the Spider Stories', NULL, NULL, NULL, NULL);
INSERT INTO resource (id, name, version, volume, note, region) VALUES (34, 'Omnibus I', 3, NULL, 'prefer 3rd edition (Wilson & Fischer)', NULL);
INSERT INTO resource (id, name, version, volume, note, region) VALUES (35, 'Omnibus II', 3, NULL, 'prefer 3rd edition (Wilson & Fischer)', NULL);
INSERT INTO resource (id, name, version, volume, note, region) VALUES (36, 'Omnibus III', 3, NULL, 'prefer 3rd edition (Wilson & Fischer)', NULL);
INSERT INTO resource (id, name, version, volume, note, region) VALUES (37, 'Exploring Creation with Physical Science - Solutions and Tests (2nd Edition)', 2, NULL, NULL, NULL);
INSERT INTO resource (id, name, version, volume, note, region) VALUES (38, 'God King: A Story in the Days of King Hezekiah', NULL, NULL, NULL, NULL);
INSERT INTO resource (id, name, version, volume, note, region) VALUES (39, 'The Lost Tools of Writing - Level 1', NULL, NULL, 'prefer the complete set w/ teacher guide but DVDs are unnecessary', NULL);
INSERT INTO resource (id, name, version, volume, note, region) VALUES (40, 'Bible', NULL, NULL, NULL, NULL);
INSERT INTO resource (id, name, version, volume, note, region) VALUES (41, 'Yourself', NULL, NULL, NULL, NULL);
INSERT INTO resource (id, name, version, volume, note, region) VALUES (42, 'Grammar', NULL, NULL, NULL, NULL);
INSERT INTO resource (id, name, version, volume, note, region) VALUES (43, 'Any "Christian Heroes: Then & Now" book of your choice', NULL, NULL, NULL, NULL);

-- Table: resource_acquisition
DROP TABLE IF EXISTS resource_acquisition;
CREATE TABLE resource_acquisition (id INTEGER PRIMARY KEY AUTOINCREMENT, resource INTEGER REFERENCES resource (id) ON DELETE CASCADE ON UPDATE CASCADE, type INTEGER REFERENCES resource_type (id) ON DELETE CASCADE ON UPDATE CASCADE, source INTEGER REFERENCES resource_source (id) ON DELETE CASCADE ON UPDATE CASCADE, url STRING, cost_cents INTEGER, pages INTEGER, listening_hours INTEGER, note STRING);
INSERT INTO resource_acquisition (id, resource, type, source, url, cost_cents, pages, listening_hours, note) VALUES (1, 3, 4, 2, 'https://www.gutenberg.org/ebooks/32488', NULL, NULL, NULL, NULL);
INSERT INTO resource_acquisition (id, resource, type, source, url, cost_cents, pages, listening_hours, note) VALUES (4, 3, 2, 1, 'https://www.amazon.com/Illustrated-Just-So-Stories/dp/149730170X/', NULL, NULL, NULL, 'paperbacks on Amazon seem to be notoriously bad quality / cheap');
INSERT INTO resource_acquisition (id, resource, type, source, url, cost_cents, pages, listening_hours, note) VALUES (5, 3, 5, 4, 'https://librivox.org/just-so-stories-ver-6-by-rudyard-kipling/', NULL, NULL, 3, 'there are several librivox recordings; this is just one');
INSERT INTO resource_acquisition (id, resource, type, source, url, cost_cents, pages, listening_hours, note) VALUES (6, 3, 5, 5, 'https://www.amazon.com/Just-So-Stories/dp/B01E7I34EY/
', NULL, NULL, 3, NULL);
INSERT INTO resource_acquisition (id, resource, type, source, url, cost_cents, pages, listening_hours, note) VALUES (7, 4, 2, 1, 'https://www.amazon.com/Sweet-Sour-Tales-Yao-Wen-Li/dp/0618752455/', NULL, NULL, NULL, NULL);
INSERT INTO resource_acquisition (id, resource, type, source, url, cost_cents, pages, listening_hours, note) VALUES (10, 5, 2, 1, 'https://www.amazon.com/Tales-Ancient-Egypt-Puffin-Classics/dp/014133259X/', NULL, NULL, NULL, NULL);
INSERT INTO resource_acquisition (id, resource, type, source, url, cost_cents, pages, listening_hours, note) VALUES (11, 6, 2, 1, 'https://www.amazon.com/Golden-Goblet-Newbery-Library-Puffin/dp/0140303359/', NULL, NULL, NULL, NULL);
INSERT INTO resource_acquisition (id, resource, type, source, url, cost_cents, pages, listening_hours, note) VALUES (12, 6, 5, 5, 'https://www.amazon.com/The-Golden-Goblet/dp/B008RNZY4O/', NULL, NULL, NULL, NULL);
INSERT INTO resource_acquisition (id, resource, type, source, url, cost_cents, pages, listening_hours, note) VALUES (15, 7, 2, 1, 'https://www.amazon.com/Where-Mountain-Meets-Moon-Grace/dp/0316038636/', NULL, NULL, NULL, NULL);
INSERT INTO resource_acquisition (id, resource, type, source, url, cost_cents, pages, listening_hours, note) VALUES (16, 7, 5, 5, 'https://www.amazon.com/Where-Mountain-Meets-Moon/dp/B003CN7DYI/', NULL, NULL, NULL, NULL);
INSERT INTO resource_acquisition (id, resource, type, source, url, cost_cents, pages, listening_hours, note) VALUES (17, 9, 2, 1, 'https://www.amazon.com/Book-Virtues-Treasury-Great-Stories/dp/0671683063/', NULL, NULL, NULL, NULL);
INSERT INTO resource_acquisition (id, resource, type, source, url, cost_cents, pages, listening_hours, note) VALUES (18, 8, 2, 1, 'https://www.amazon.com/Young-Upper-Yangtze-Elizabeth-Foreman/dp/0312380070/', NULL, NULL, NULL, NULL);
INSERT INTO resource_acquisition (id, resource, type, source, url, cost_cents, pages, listening_hours, note) VALUES (19, 10, 2, 1, 'https://www.amazon.com/Seven-Daughters-Sons-Barbara-Cohen/dp/0688135633/', NULL, NULL, NULL, NULL);
INSERT INTO resource_acquisition (id, resource, type, source, url, cost_cents, pages, listening_hours, note) VALUES (20, 11, 2, 1, 'https://www.amazon.com/Inside-Out-Back-Again-Thanhha/dp/0061962791/', NULL, NULL, NULL, NULL);
INSERT INTO resource_acquisition (id, resource, type, source, url, cost_cents, pages, listening_hours, note) VALUES (21, 12, 2, 1, 'https://www.amazon.com/Kite-Fighters-Linda-Sue-Park/dp/054732863X/', NULL, NULL, NULL, NULL);
INSERT INTO resource_acquisition (id, resource, type, source, url, cost_cents, pages, listening_hours, note) VALUES (22, 13, 2, 1, 'https://www.amazon.com/Heart-Samurai-Margi-Preus/dp/1419702009/', NULL, NULL, NULL, NULL);
INSERT INTO resource_acquisition (id, resource, type, source, url, cost_cents, pages, listening_hours, note) VALUES (23, 14, 2, 1, 'https://www.amazon.com/Breaking-Stalins-Nose-Eugene-Yelchin/dp/1250034108/', NULL, NULL, NULL, NULL);
INSERT INTO resource_acquisition (id, resource, type, source, url, cost_cents, pages, listening_hours, note) VALUES (24, 15, 2, 1, 'https://www.amazon.com/Endless-Steppe-Growing-Up-Siberia/dp/006440577X/', NULL, NULL, NULL, NULL);
INSERT INTO resource_acquisition (id, resource, type, source, url, cost_cents, pages, listening_hours, note) VALUES (25, 16, 2, 1, 'https://www.amazon.com/Daughter-Mountains-Newbery-Library-Puffin/dp/0140363351/', NULL, NULL, NULL, NULL);
INSERT INTO resource_acquisition (id, resource, type, source, url, cost_cents, pages, listening_hours, note) VALUES (26, 17, 2, 1, 'https://www.amazon.com/Around-World-Days-Jules-Verne/dp/1514683687/', NULL, NULL, NULL, NULL);
INSERT INTO resource_acquisition (id, resource, type, source, url, cost_cents, pages, listening_hours, note) VALUES (27, 18, 2, 1, 'https://www.amazon.com/Red-Sand-Blue-Girls-First/dp/1558612785/', NULL, NULL, NULL, NULL);
INSERT INTO resource_acquisition (id, resource, type, source, url, cost_cents, pages, listening_hours, note) VALUES (31, 1, 2, 1, 'https://www.amazon.com/Story-World-History-Classical-Earliest-dp-1933339004/dp/1933339004/', NULL, NULL, NULL, NULL);
INSERT INTO resource_acquisition (id, resource, type, source, url, cost_cents, pages, listening_hours, note) VALUES (32, 2, 2, 1, 'https://www.amazon.com/Story-World-History-Classical-Renaissance/dp/1933339098/', NULL, NULL, NULL, NULL);
INSERT INTO resource_acquisition (id, resource, type, source, url, cost_cents, pages, listening_hours, note) VALUES (33, 19, 2, 1, 'https://www.amazon.com/History-Classical-Child-Elizabeth-Forty-Niners-dp-1945841443/dp/1945841443/', NULL, NULL, NULL, NULL);
INSERT INTO resource_acquisition (id, resource, type, source, url, cost_cents, pages, listening_hours, note) VALUES (34, 20, 2, 1, 'https://www.amazon.com/Story-World-History-Classical-Victorias-ebook/dp/B00U75KJ9U/', NULL, NULL, NULL, NULL);
INSERT INTO resource_acquisition (id, resource, type, source, url, cost_cents, pages, listening_hours, note) VALUES (35, 3, 2, 7, 'https://www.ebay.com/sch/i.html?_nkw=Just+So+Stories', NULL, NULL, NULL, NULL);
INSERT INTO resource_acquisition (id, resource, type, source, url, cost_cents, pages, listening_hours, note) VALUES (36, 4, 2, 7, 'https://www.ebay.com/sch/i.html?_nkw=Sweet+Sour+Tales+from+China', NULL, NULL, NULL, NULL);
INSERT INTO resource_acquisition (id, resource, type, source, url, cost_cents, pages, listening_hours, note) VALUES (37, 5, 2, 7, 'https://www.ebay.com/sch/i.html?_nkw=Tales+of+Ancient+Egypt', NULL, NULL, NULL, NULL);
INSERT INTO resource_acquisition (id, resource, type, source, url, cost_cents, pages, listening_hours, note) VALUES (38, 6, 2, 7, 'https://www.ebay.com/sch/i.html?_nkw=The+Golden+Goblet', NULL, NULL, NULL, NULL);
INSERT INTO resource_acquisition (id, resource, type, source, url, cost_cents, pages, listening_hours, note) VALUES (39, 7, 2, 7, 'https://www.ebay.com/sch/i.html?_nkw=Where+the+Mountain+Meets+the+Moon', NULL, NULL, NULL, NULL);
INSERT INTO resource_acquisition (id, resource, type, source, url, cost_cents, pages, listening_hours, note) VALUES (40, 8, 2, 7, 'https://www.ebay.com/sch/i.html?_nkw=Young+Fu+of+the+Upper+Yangtze', NULL, NULL, NULL, NULL);
INSERT INTO resource_acquisition (id, resource, type, source, url, cost_cents, pages, listening_hours, note) VALUES (41, 9, 2, 7, 'https://www.ebay.com/sch/i.html?_nkw=The+Book+of+Virtues', NULL, NULL, NULL, NULL);
INSERT INTO resource_acquisition (id, resource, type, source, url, cost_cents, pages, listening_hours, note) VALUES (42, 10, 2, 7, 'https://www.ebay.com/sch/i.html?_nkw=Seven+Daughters+and+Seven+Sons', NULL, NULL, NULL, NULL);
INSERT INTO resource_acquisition (id, resource, type, source, url, cost_cents, pages, listening_hours, note) VALUES (43, 11, 2, 7, 'https://www.ebay.com/sch/i.html?_nkw=Inside+Out+and+Back+Again', NULL, NULL, NULL, NULL);
INSERT INTO resource_acquisition (id, resource, type, source, url, cost_cents, pages, listening_hours, note) VALUES (44, 11, 5, 5, 'https://www.amazon.com/Inside-Out-and-Back-Again-audiobook/dp/B00729S3DI/', NULL, NULL, NULL, NULL);
INSERT INTO resource_acquisition (id, resource, type, source, url, cost_cents, pages, listening_hours, note) VALUES (45, 12, 2, 7, 'https://www.ebay.com/sch/i.html?_nkw=The+Kite+Fighters', NULL, NULL, NULL, NULL);
INSERT INTO resource_acquisition (id, resource, type, source, url, cost_cents, pages, listening_hours, note) VALUES (46, 12, 5, 5, 'amazon.com/The-Kite-Fighters-Linda-Sue-Park-audiobook/dp/B00QL3GDC4/', NULL, NULL, NULL, NULL);
INSERT INTO resource_acquisition (id, resource, type, source, url, cost_cents, pages, listening_hours, note) VALUES (47, 13, 2, 7, 'https://www.ebay.com/sch/i.html?_nkw=Heart+of+a+Samurai', NULL, NULL, NULL, NULL);
INSERT INTO resource_acquisition (id, resource, type, source, url, cost_cents, pages, listening_hours, note) VALUES (48, 13, 5, 5, 'https://www.amazon.com/Heart-of-Samurai-Margi-Preus-audiobook/dp/B005EEZ8QS/', NULL, NULL, NULL, NULL);
INSERT INTO resource_acquisition (id, resource, type, source, url, cost_cents, pages, listening_hours, note) VALUES (49, 14, 2, 7, 'https://www.ebay.com/sch/i.html?_nkw=Breaking+Stalin+Nose', NULL, NULL, NULL, NULL);
INSERT INTO resource_acquisition (id, resource, type, source, url, cost_cents, pages, listening_hours, note) VALUES (50, 14, 5, 5, 'https://www.amazon.com/Breaking-Stalins-Nose-audiobook/dp/B0083TGLNA/', NULL, NULL, NULL, NULL);
INSERT INTO resource_acquisition (id, resource, type, source, url, cost_cents, pages, listening_hours, note) VALUES (51, 15, 2, 7, 'https://www.ebay.com/sch/i.html?_nkw=The+Endless+Steppe', NULL, NULL, NULL, NULL);
INSERT INTO resource_acquisition (id, resource, type, source, url, cost_cents, pages, listening_hours, note) VALUES (52, 15, 5, 5, 'https://www.amazon.com/The-Endless-Steppe-Esther-Hautzig-audiobook/dp/B001JK65UE/', NULL, NULL, NULL, NULL);
INSERT INTO resource_acquisition (id, resource, type, source, url, cost_cents, pages, listening_hours, note) VALUES (53, 16, 2, 7, 'https://www.ebay.com/sch/i.html?_nkw=Daughter+of+the+Mountains', NULL, NULL, NULL, NULL);
INSERT INTO resource_acquisition (id, resource, type, source, url, cost_cents, pages, listening_hours, note) VALUES (54, 16, 5, 5, 'https://www.amazon.com/Daughter-of-the-Mountains/dp/B07BF6RH49/', NULL, NULL, NULL, NULL);
INSERT INTO resource_acquisition (id, resource, type, source, url, cost_cents, pages, listening_hours, note) VALUES (55, 17, 2, 7, 'https://www.ebay.com/sch/i.html?_nkw=Around+the+World+in+80+Days', NULL, NULL, NULL, NULL);
INSERT INTO resource_acquisition (id, resource, type, source, url, cost_cents, pages, listening_hours, note) VALUES (56, 17, 5, 5, 'https://www.amazon.com/Around-World-80-Days/dp/B088P8TPJR/', NULL, NULL, NULL, NULL);
INSERT INTO resource_acquisition (id, resource, type, source, url, cost_cents, pages, listening_hours, note) VALUES (57, 18, 2, 7, 'https://www.ebay.com/sch/i.html?_nkw=Red+Sand+Blue+Sky', NULL, NULL, NULL, NULL);
INSERT INTO resource_acquisition (id, resource, type, source, url, cost_cents, pages, listening_hours, note) VALUES (58, 20, 2, 7, 'https://www.ebay.com/sch/i.html?_nkw=Story+of+the+World+4', NULL, NULL, NULL, NULL);
INSERT INTO resource_acquisition (id, resource, type, source, url, cost_cents, pages, listening_hours, note) VALUES (59, 19, 2, 7, 'https://www.ebay.com/sch/i.html?_nkw=Story+of+the+World+3', NULL, NULL, NULL, NULL);
INSERT INTO resource_acquisition (id, resource, type, source, url, cost_cents, pages, listening_hours, note) VALUES (60, 2, 2, 7, 'https://www.ebay.com/sch/i.html?_nkw=Story+of+the+World+2', NULL, NULL, NULL, NULL);
INSERT INTO resource_acquisition (id, resource, type, source, url, cost_cents, pages, listening_hours, note) VALUES (61, 1, 2, 7, 'https://www.ebay.com/sch/i.html?_nkw=Story+of+the+World+1', NULL, NULL, NULL, NULL);
INSERT INTO resource_acquisition (id, resource, type, source, url, cost_cents, pages, listening_hours, note) VALUES (62, 21, 2, 1, 'https://www.amazon.com/History-World-Map-DK/dp/1465475850/', NULL, NULL, NULL, NULL);
INSERT INTO resource_acquisition (id, resource, type, source, url, cost_cents, pages, listening_hours, note) VALUES (63, 21, 2, 7, 'https://www.ebay.com/sch/i.html?_nkw=History+of+the+World+Map+by+Map', NULL, NULL, NULL, NULL);
INSERT INTO resource_acquisition (id, resource, type, source, url, cost_cents, pages, listening_hours, note) VALUES (64, 22, 2, 1, 'https://www.amazon.com/Amy-Carmichael-Rescuer-Precious-Christian/dp/1576580180/', NULL, NULL, NULL, NULL);
INSERT INTO resource_acquisition (id, resource, type, source, url, cost_cents, pages, listening_hours, note) VALUES (65, 22, 2, 7, 'https://www.ebay.com/sch/i.html?_nkw=Amy+Carmichael+Rescuer+of+Precious+Gems', NULL, NULL, NULL, NULL);
INSERT INTO resource_acquisition (id, resource, type, source, url, cost_cents, pages, listening_hours, note) VALUES (66, 22, 5, 5, 'https://www.amazon.com/Amy-Carmichael-audiobook/dp/B00HEY2DVY/', NULL, NULL, NULL, NULL);
INSERT INTO resource_acquisition (id, resource, type, source, url, cost_cents, pages, listening_hours, note) VALUES (67, 23, 2, 1, 'https://www.amazon.com/David-Livingstone-Africas-Trailblazer-Christian/dp/1576581535/', NULL, NULL, NULL, NULL);
INSERT INTO resource_acquisition (id, resource, type, source, url, cost_cents, pages, listening_hours, note) VALUES (68, 23, 5, 5, 'https://www.amazon.com/David-Livingstone-audiobook/dp/B00K6R1PQ0/', NULL, NULL, NULL, NULL);
INSERT INTO resource_acquisition (id, resource, type, source, url, cost_cents, pages, listening_hours, note) VALUES (69, 24, 2, 1, 'https://www.amazon.com/Complete-Works-Count-Tolstoy-XII/dp/1500215058/', NULL, NULL, NULL, NULL);
INSERT INTO resource_acquisition (id, resource, type, source, url, cost_cents, pages, listening_hours, note) VALUES (70, 24, 2, 7, 'https://www.ebay.com/sch/i.html?_nkw=The+Complete+Works+of+Count+Tolstoy+XII', NULL, NULL, NULL, NULL);
INSERT INTO resource_acquisition (id, resource, type, source, url, cost_cents, pages, listening_hours, note) VALUES (71, 24, 4, 2, 'http://www.gutenberg.org/files/38025/38025-h/38025-h.htm', NULL, NULL, NULL, NULL);
INSERT INTO resource_acquisition (id, resource, type, source, url, cost_cents, pages, listening_hours, note) VALUES (72, 1, 2, 3, 'https://www.christianbook.com/the-story-of-the-world-volume/susan-bauer/pd/612997', NULL, NULL, NULL, 'entire set, but paperback');
INSERT INTO resource_acquisition (id, resource, type, source, url, cost_cents, pages, listening_hours, note) VALUES (73, 1, 2, 1, 'https://www.amazon.com/Story-World-Text-Bundle-Paperback/dp/1945841761', NULL, NULL, NULL, 'entire set, but paperback');
INSERT INTO resource_acquisition (id, resource, type, source, url, cost_cents, pages, listening_hours, note) VALUES (74, 2, 2, 3, 'https://www.christianbook.com/the-story-of-the-world-volume/susan-bauer/pd/612997', NULL, NULL, NULL, 'entire set, but paperback');
INSERT INTO resource_acquisition (id, resource, type, source, url, cost_cents, pages, listening_hours, note) VALUES (75, 19, 2, 3, 'https://www.christianbook.com/the-story-of-the-world-volume/susan-bauer/pd/612997', NULL, NULL, NULL, 'entire set, but paperback');
INSERT INTO resource_acquisition (id, resource, type, source, url, cost_cents, pages, listening_hours, note) VALUES (76, 20, 2, 3, 'https://www.christianbook.com/the-story-of-the-world-volume/susan-bauer/pd/612997', NULL, NULL, NULL, 'entire set, but paperback');
INSERT INTO resource_acquisition (id, resource, type, source, url, cost_cents, pages, listening_hours, note) VALUES (77, 2, 2, 1, 'https://www.amazon.com/Story-World-Text-Bundle-Paperback/dp/1945841761', NULL, NULL, NULL, 'entire set, but paperback');
INSERT INTO resource_acquisition (id, resource, type, source, url, cost_cents, pages, listening_hours, note) VALUES (78, 19, 2, 1, 'https://www.amazon.com/Story-World-Text-Bundle-Paperback/dp/1945841761', NULL, NULL, NULL, 'entire set, but paperback');
INSERT INTO resource_acquisition (id, resource, type, source, url, cost_cents, pages, listening_hours, note) VALUES (79, 20, 2, 1, 'https://www.amazon.com/Story-World-Text-Bundle-Paperback/dp/1945841761', NULL, NULL, NULL, 'entire set, but paperback');
INSERT INTO resource_acquisition (id, resource, type, source, url, cost_cents, pages, listening_hours, note) VALUES (80, 1, 2, 3, 'https://www.christianbook.com/hardcover-ancient-times-story-world/susan-bauer/9781933339016/pd/339012', NULL, NULL, NULL, NULL);
INSERT INTO resource_acquisition (id, resource, type, source, url, cost_cents, pages, listening_hours, note) VALUES (81, 2, 2, 3, 'https://www.christianbook.com/hardcover-vol-2-middle-story-world/9781933339108/pd/339108', NULL, NULL, NULL, NULL);
INSERT INTO resource_acquisition (id, resource, type, source, url, cost_cents, pages, listening_hours, note) VALUES (82, 19, 2, 3, 'https://www.christianbook.com/hardcover-early-modern-times-story-world/susan-bauer/9780972860307/pd/860304', NULL, NULL, NULL, NULL);
INSERT INTO resource_acquisition (id, resource, type, source, url, cost_cents, pages, listening_hours, note) VALUES (83, 20, 2, 3, 'https://www.christianbook.com/hardcover-vol-4-modern-story-world/susan-bauer/9780972860345/pd/860347', NULL, NULL, NULL, NULL);
INSERT INTO resource_acquisition (id, resource, type, source, url, cost_cents, pages, listening_hours, note) VALUES (84, 25, 2, 1, 'https://www.amazon.com/Story-World-History-Classical-Ancient/dp/1933339217/', NULL, NULL, NULL, NULL);
INSERT INTO resource_acquisition (id, resource, type, source, url, cost_cents, pages, listening_hours, note) VALUES (85, 26, 2, 1, 'https://www.amazon.com/Story-World-History-Classical-Middle/dp/1933339209/', NULL, NULL, NULL, NULL);
INSERT INTO resource_acquisition (id, resource, type, source, url, cost_cents, pages, listening_hours, note) VALUES (86, 27, 2, 1, 'https://www.amazon.com/Story-World-History-Classical-Modern/dp/1933339225/', NULL, NULL, NULL, NULL);
INSERT INTO resource_acquisition (id, resource, type, source, url, cost_cents, pages, listening_hours, note) VALUES (88, 25, 2, 3, 'https://www.christianbook.com/vol-1-ancient-times-story-world/9781933339214/pd/339214', NULL, NULL, NULL, NULL);
INSERT INTO resource_acquisition (id, resource, type, source, url, cost_cents, pages, listening_hours, note) VALUES (89, 26, 2, 3, 'https://www.christianbook.com/vol-2-middle-ages-story-world/9781933339207/pd/412838', NULL, NULL, NULL, NULL);
INSERT INTO resource_acquisition (id, resource, type, source, url, cost_cents, pages, listening_hours, note) VALUES (90, 27, 2, 3, 'https://www.christianbook.com/early-modern-times-story-world/9781933339221/pd/412833', NULL, NULL, NULL, NULL);
INSERT INTO resource_acquisition (id, resource, type, source, url, cost_cents, pages, listening_hours, note) VALUES (91, 28, 2, 3, 'https://www.christianbook.com/book-vol-4-modern-story-world/9781933339023/pd/86037X', NULL, NULL, NULL, NULL);
INSERT INTO resource_acquisition (id, resource, type, source, url, cost_cents, pages, listening_hours, note) VALUES (92, 29, 2, 3, 'https://www.christianbook.com/apologia-exploring-creation-physical-science-basic/jay-wile/pd/336402', NULL, NULL, NULL, 'This is the set, including "Solutions and Tests"');
INSERT INTO resource_acquisition (id, resource, type, source, url, cost_cents, pages, listening_hours, note) VALUES (93, 29, 2, 1, 'https://www.amazon.com/gp/offer-listing/193201277X/', NULL, NULL, NULL, NULL);
INSERT INTO resource_acquisition (id, resource, type, source, url, cost_cents, pages, listening_hours, note) VALUES (94, 30, 2, 1, 'https://www.amazon.com/Roar-Other-Side-Guide-Student/dp/1885767668', NULL, NULL, NULL, NULL);
INSERT INTO resource_acquisition (id, resource, type, source, url, cost_cents, pages, listening_hours, note) VALUES (95, 30, 2, 3, 'https://www.christianbook.com/roar-other-side-guide-student-poets/suzanne-clark/9781885767660/pd/67668', NULL, NULL, NULL, NULL);
INSERT INTO resource_acquisition (id, resource, type, source, url, cost_cents, pages, listening_hours, note) VALUES (96, 30, 2, 7, 'https://www.ebay.com/sch/i.html?_nkw=the+roar+on+the+other+side', NULL, NULL, NULL, NULL);
INSERT INTO resource_acquisition (id, resource, type, source, url, cost_cents, pages, listening_hours, note) VALUES (97, 29, 2, 7, 'https://www.ebay.com/sch/i.html?_nkw=Exploring+Creation+with+physical+science', NULL, NULL, NULL, 'Some of these are sets, including "Solutions and Tests"');
INSERT INTO resource_acquisition (id, resource, type, source, url, cost_cents, pages, listening_hours, note) VALUES (98, 31, 2, 1, 'https://www.amazon.com/Magicians-Nephew-C-S-Lewis/dp/0064405052/', NULL, NULL, NULL, NULL);
INSERT INTO resource_acquisition (id, resource, type, source, url, cost_cents, pages, listening_hours, note) VALUES (99, 31, 2, 7, 'https://www.ebay.com/sch/i.html?_nkw=magicians+nephew', NULL, NULL, NULL, NULL);
INSERT INTO resource_acquisition (id, resource, type, source, url, cost_cents, pages, listening_hours, note) VALUES (100, 31, 5, 5, 'https://www.amazon.com/The-Magicians-Nephew-C-S-Lewis-audiobook/dp/B0009NS99C/', NULL, NULL, NULL, NULL);
INSERT INTO resource_acquisition (id, resource, type, source, url, cost_cents, pages, listening_hours, note) VALUES (101, 31, 4, 1, 'https://www.amazon.com/Magicians-Nephew-C-S-Lewis-ebook/dp/B085BVG548/', NULL, NULL, NULL, NULL);
INSERT INTO resource_acquisition (id, resource, type, source, url, cost_cents, pages, listening_hours, note) VALUES (102, 31, 2, 3, 'https://www.christianbook.com/the-chronicles-narnia-magicians-nephew-softcover/c-s-lewis/9780064471107/pd/44230', NULL, NULL, NULL, NULL);
INSERT INTO resource_acquisition (id, resource, type, source, url, cost_cents, pages, listening_hours, note) VALUES (103, 32, 4, 1, 'https://www.amazon.com/Horse-His-Chronicles-Narnia-Book-ebook/dp/B001I45UFM/', NULL, NULL, NULL, NULL);
INSERT INTO resource_acquisition (id, resource, type, source, url, cost_cents, pages, listening_hours, note) VALUES (104, 32, 5, 5, 'https://www.amazon.com/The-Horse-and-His-Boy-audiobook/dp/B0009NS992/', NULL, NULL, NULL, NULL);
INSERT INTO resource_acquisition (id, resource, type, source, url, cost_cents, pages, listening_hours, note) VALUES (105, 32, 2, 1, 'https://www.amazon.com/Horse-His-Boy-C-Lewis/dp/0064471063/', NULL, NULL, NULL, NULL);
INSERT INTO resource_acquisition (id, resource, type, source, url, cost_cents, pages, listening_hours, note) VALUES (106, 32, 2, 3, 'https://www.christianbook.com/chronicles-narnia-horse-his-boy-softcover/c-s-lewis/9780064471060/pd/44200', NULL, NULL, NULL, NULL);
INSERT INTO resource_acquisition (id, resource, type, source, url, cost_cents, pages, listening_hours, note) VALUES (107, 32, 5, 3, 'https://www.christianbook.com/horse-his-boy-radio-theatre-cds/c-s-lewis/9781624053603/pd/053603', NULL, NULL, NULL, NULL);
INSERT INTO resource_acquisition (id, resource, type, source, url, cost_cents, pages, listening_hours, note) VALUES (108, 33, 2, 1, 'https://www.amazon.com/Anansi-Jamaican-stories-Spider-God/dp/9492355175/', NULL, NULL, NULL, NULL);
INSERT INTO resource_acquisition (id, resource, type, source, url, cost_cents, pages, listening_hours, note) VALUES (109, 33, 4, 1, 'https://www.amazon.com/Anansi-Jamaican-stories-Spider-God-ebook/dp/B087QSZN8L/', NULL, NULL, NULL, NULL);
INSERT INTO resource_acquisition (id, resource, type, source, url, cost_cents, pages, listening_hours, note) VALUES (110, 33, 2, 7, 'https://www.ebay.com/sch/i.html?_nkw=Anansi+the+Spider+Stories', NULL, NULL, NULL, NULL);
INSERT INTO resource_acquisition (id, resource, type, source, url, cost_cents, pages, listening_hours, note) VALUES (111, 34, 2, 7, 'https://www.ebay.com/sch/i.html?_nkw=omnibus+1+classical+civilizations', NULL, NULL, NULL, NULL);
INSERT INTO resource_acquisition (id, resource, type, source, url, cost_cents, pages, listening_hours, note) VALUES (112, 34, 2, 1, 'https://www.amazon.com/s?k=omnibus+1+classical+civilizations', NULL, NULL, NULL, NULL);
INSERT INTO resource_acquisition (id, resource, type, source, url, cost_cents, pages, listening_hours, note) VALUES (113, 35, 2, 1, 'https://www.amazon.com/s?k=omnibus+II+church+fathers', NULL, NULL, NULL, NULL);
INSERT INTO resource_acquisition (id, resource, type, source, url, cost_cents, pages, listening_hours, note) VALUES (114, 35, 2, 7, 'https://www.ebay.com/sch/i.html?_nkw=omnibus+II+church+fathers', NULL, NULL, NULL, NULL);
INSERT INTO resource_acquisition (id, resource, type, source, url, cost_cents, pages, listening_hours, note) VALUES (115, 37, 2, 1, 'https://www.amazon.com/Solutions-Exploring-Creation-Physical-Science-dp-1932012788/dp/1932012788/', NULL, NULL, NULL, NULL);
INSERT INTO resource_acquisition (id, resource, type, source, url, cost_cents, pages, listening_hours, note) VALUES (116, 37, 2, 3, 'https://www.christianbook.com/exploring-creation-physical-solutions-2nd-edition/jay-wile/9781932012781/pd/338402', NULL, NULL, NULL, NULL);
INSERT INTO resource_acquisition (id, resource, type, source, url, cost_cents, pages, listening_hours, note) VALUES (117, 29, 2, 3, 'https://www.christianbook.com/exploring-creation-physical-textbook-2nd-edition/jay-wile/9781932012774/pd/337402', NULL, NULL, NULL, NULL);
INSERT INTO resource_acquisition (id, resource, type, source, url, cost_cents, pages, listening_hours, note) VALUES (118, 38, 2, 1, 'https://www.amazon.com/God-King-Hezekiah-History-Library/dp/1883937736/', NULL, NULL, NULL, NULL);
INSERT INTO resource_acquisition (id, resource, type, source, url, cost_cents, pages, listening_hours, note) VALUES (119, 38, 4, 1, 'https://www.amazon.com/God-King-Joanne-Williamson-ebook/dp/B002RAQLFO/', NULL, NULL, NULL, NULL);
INSERT INTO resource_acquisition (id, resource, type, source, url, cost_cents, pages, listening_hours, note) VALUES (120, 38, 2, 7, 'https://www.ebay.com/sch/i.html?_nkw=God+King+days+of+Hezekiah', NULL, NULL, NULL, NULL);
INSERT INTO resource_acquisition (id, resource, type, source, url, cost_cents, pages, listening_hours, note) VALUES (121, 39, 2, 7, 'https://www.ebay.com/sch/i.html?_nkw=lost+tools+of+writing+level+1', NULL, NULL, NULL, NULL);
INSERT INTO resource_acquisition (id, resource, type, source, url, cost_cents, pages, listening_hours, note) VALUES (122, 1, 2, 8, 'https://www.rainbowresource.com/product/SOTWSS/Story-of-the-World-Volume-1-4-Set-softcover.html', NULL, NULL, NULL, 'entire set, but paperback');
INSERT INTO resource_acquisition (id, resource, type, source, url, cost_cents, pages, listening_hours, note) VALUES (123, 2, 2, 8, 'https://www.rainbowresource.com/product/SOTWSS/Story-of-the-World-Volume-1-4-Set-softcover.html', NULL, NULL, NULL, 'entire set, but paperback');
INSERT INTO resource_acquisition (id, resource, type, source, url, cost_cents, pages, listening_hours, note) VALUES (124, 19, 2, 8, 'https://www.rainbowresource.com/product/SOTWSS/Story-of-the-World-Volume-1-4-Set-softcover.html', NULL, NULL, NULL, 'entire set, but paperback');
INSERT INTO resource_acquisition (id, resource, type, source, url, cost_cents, pages, listening_hours, note) VALUES (125, 20, 2, 8, 'https://www.rainbowresource.com/product/SOTWSS/Story-of-the-World-Volume-1-4-Set-softcover.html', NULL, NULL, NULL, 'entire set, but paperback');
INSERT INTO resource_acquisition (id, resource, type, source, url, cost_cents, pages, listening_hours, note) VALUES (126, 28, 2, 1, 'https://www.amazon.com/Story-World-History-Classical-Modern/dp/1933339020/', NULL, NULL, NULL, NULL);

-- Table: resource_details
DROP TABLE IF EXISTS resource_details;
CREATE TABLE resource_details (id INTEGER PRIMARY KEY AUTOINCREMENT, resource INTEGER REFERENCES resource (id) ON DELETE CASCADE ON UPDATE CASCADE, author STRING);

-- Table: resource_instance
DROP TABLE IF EXISTS resource_instance;
CREATE TABLE resource_instance (id INTEGER PRIMARY KEY AUTOINCREMENT, resource INTEGER REFERENCES resource (id) ON DELETE CASCADE ON UPDATE CASCADE, type INTEGER REFERENCES resource_type (id) ON DELETE CASCADE ON UPDATE CASCADE, source INTEGER REFERENCES resource_source (id) ON DELETE CASCADE ON UPDATE CASCADE, url STRING, cost_cents INTEGER, pages INTEGER, listening_hours INTEGER, note STRING);
INSERT INTO resource_instance (id, resource, type, source, url, cost_cents, pages, listening_hours, note) VALUES (1, 3, 4, 2, 'https://www.gutenberg.org/ebooks/32488', NULL, NULL, NULL, NULL);
INSERT INTO resource_instance (id, resource, type, source, url, cost_cents, pages, listening_hours, note) VALUES (4, 3, 2, 1, 'https://www.amazon.com/Illustrated-Just-So-Stories/dp/149730170X/', NULL, NULL, NULL, 'paperbacks on Amazon seem to be notoriously bad quality / cheap');
INSERT INTO resource_instance (id, resource, type, source, url, cost_cents, pages, listening_hours, note) VALUES (5, 3, 5, 4, 'https://librivox.org/just-so-stories-ver-6-by-rudyard-kipling/', NULL, NULL, 3, 'there are several librivox recordings; this is just one');
INSERT INTO resource_instance (id, resource, type, source, url, cost_cents, pages, listening_hours, note) VALUES (6, 3, 5, 5, 'https://www.amazon.com/Just-So-Stories/dp/B01E7I34EY/
', NULL, NULL, 3, NULL);
INSERT INTO resource_instance (id, resource, type, source, url, cost_cents, pages, listening_hours, note) VALUES (7, 4, 2, 1, 'https://www.amazon.com/Sweet-Sour-Tales-Yao-Wen-Li/dp/0618752455/', NULL, NULL, NULL, NULL);
INSERT INTO resource_instance (id, resource, type, source, url, cost_cents, pages, listening_hours, note) VALUES (10, 5, 2, 1, 'https://www.amazon.com/Tales-Ancient-Egypt-Puffin-Classics/dp/014133259X/', NULL, NULL, NULL, NULL);
INSERT INTO resource_instance (id, resource, type, source, url, cost_cents, pages, listening_hours, note) VALUES (11, 6, 2, 1, 'https://www.amazon.com/Golden-Goblet-Newbery-Library-Puffin/dp/0140303359/', NULL, NULL, NULL, NULL);
INSERT INTO resource_instance (id, resource, type, source, url, cost_cents, pages, listening_hours, note) VALUES (12, 6, 5, 5, 'https://www.amazon.com/The-Golden-Goblet/dp/B008RNZY4O/', NULL, NULL, NULL, NULL);
INSERT INTO resource_instance (id, resource, type, source, url, cost_cents, pages, listening_hours, note) VALUES (15, 7, 2, 1, 'https://www.amazon.com/Where-Mountain-Meets-Moon-Grace/dp/0316038636/', NULL, NULL, NULL, NULL);
INSERT INTO resource_instance (id, resource, type, source, url, cost_cents, pages, listening_hours, note) VALUES (16, 7, 5, 5, 'https://www.amazon.com/Where-Mountain-Meets-Moon/dp/B003CN7DYI/', NULL, NULL, NULL, NULL);
INSERT INTO resource_instance (id, resource, type, source, url, cost_cents, pages, listening_hours, note) VALUES (17, 9, 2, 1, 'https://www.amazon.com/Book-Virtues-Treasury-Great-Stories/dp/0671683063/', NULL, NULL, NULL, NULL);
INSERT INTO resource_instance (id, resource, type, source, url, cost_cents, pages, listening_hours, note) VALUES (18, 8, 2, 1, 'https://www.amazon.com/Young-Upper-Yangtze-Elizabeth-Foreman/dp/0312380070/', NULL, NULL, NULL, NULL);
INSERT INTO resource_instance (id, resource, type, source, url, cost_cents, pages, listening_hours, note) VALUES (19, 10, 2, 1, 'https://www.amazon.com/Seven-Daughters-Sons-Barbara-Cohen/dp/0688135633/', NULL, NULL, NULL, NULL);
INSERT INTO resource_instance (id, resource, type, source, url, cost_cents, pages, listening_hours, note) VALUES (20, 11, 2, 1, 'https://www.amazon.com/Inside-Out-Back-Again-Thanhha/dp/0061962791/', NULL, NULL, NULL, NULL);
INSERT INTO resource_instance (id, resource, type, source, url, cost_cents, pages, listening_hours, note) VALUES (21, 12, 2, 1, 'https://www.amazon.com/Kite-Fighters-Linda-Sue-Park/dp/054732863X/', NULL, NULL, NULL, NULL);
INSERT INTO resource_instance (id, resource, type, source, url, cost_cents, pages, listening_hours, note) VALUES (22, 13, 2, 1, 'https://www.amazon.com/Heart-Samurai-Margi-Preus/dp/1419702009/', NULL, NULL, NULL, NULL);
INSERT INTO resource_instance (id, resource, type, source, url, cost_cents, pages, listening_hours, note) VALUES (23, 14, 2, 1, 'https://www.amazon.com/Breaking-Stalins-Nose-Eugene-Yelchin/dp/1250034108/', NULL, NULL, NULL, NULL);
INSERT INTO resource_instance (id, resource, type, source, url, cost_cents, pages, listening_hours, note) VALUES (24, 15, 2, 1, 'https://www.amazon.com/Endless-Steppe-Growing-Up-Siberia/dp/006440577X/', NULL, NULL, NULL, NULL);
INSERT INTO resource_instance (id, resource, type, source, url, cost_cents, pages, listening_hours, note) VALUES (25, 16, 2, 1, 'https://www.amazon.com/Daughter-Mountains-Newbery-Library-Puffin/dp/0140363351/', NULL, NULL, NULL, NULL);
INSERT INTO resource_instance (id, resource, type, source, url, cost_cents, pages, listening_hours, note) VALUES (26, 17, 2, 1, 'https://www.amazon.com/Around-World-Days-Jules-Verne/dp/1514683687/', NULL, NULL, NULL, NULL);
INSERT INTO resource_instance (id, resource, type, source, url, cost_cents, pages, listening_hours, note) VALUES (27, 18, 2, 1, 'https://www.amazon.com/Red-Sand-Blue-Girls-First/dp/1558612785/', NULL, NULL, NULL, NULL);
INSERT INTO resource_instance (id, resource, type, source, url, cost_cents, pages, listening_hours, note) VALUES (31, 1, 2, 1, 'https://www.amazon.com/Story-World-History-Classical-Earliest-dp-1933339004/dp/1933339004/', NULL, NULL, NULL, NULL);
INSERT INTO resource_instance (id, resource, type, source, url, cost_cents, pages, listening_hours, note) VALUES (32, 2, 2, 1, 'https://www.amazon.com/Story-World-History-Classical-Renaissance/dp/1933339098/', NULL, NULL, NULL, NULL);
INSERT INTO resource_instance (id, resource, type, source, url, cost_cents, pages, listening_hours, note) VALUES (33, 19, 2, 1, 'https://www.amazon.com/History-Classical-Child-Elizabeth-Forty-Niners-dp-1945841443/dp/1945841443/', NULL, NULL, NULL, NULL);
INSERT INTO resource_instance (id, resource, type, source, url, cost_cents, pages, listening_hours, note) VALUES (34, 20, 2, 1, 'https://www.amazon.com/Story-World-History-Classical-Victorias-ebook/dp/B00U75KJ9U/', NULL, NULL, NULL, NULL);
INSERT INTO resource_instance (id, resource, type, source, url, cost_cents, pages, listening_hours, note) VALUES (35, 3, 2, 7, 'https://www.ebay.com/sch/i.html?_nkw=Just+So+Stories', NULL, NULL, NULL, NULL);
INSERT INTO resource_instance (id, resource, type, source, url, cost_cents, pages, listening_hours, note) VALUES (36, 4, 2, 7, 'https://www.ebay.com/sch/i.html?_nkw=Sweet+Sour+Tales+from+China', NULL, NULL, NULL, NULL);
INSERT INTO resource_instance (id, resource, type, source, url, cost_cents, pages, listening_hours, note) VALUES (37, 5, 2, 7, 'https://www.ebay.com/sch/i.html?_nkw=Tales+of+Ancient+Egypt', NULL, NULL, NULL, NULL);
INSERT INTO resource_instance (id, resource, type, source, url, cost_cents, pages, listening_hours, note) VALUES (38, 6, 2, 7, 'https://www.ebay.com/sch/i.html?_nkw=The+Golden+Goblet', NULL, NULL, NULL, NULL);
INSERT INTO resource_instance (id, resource, type, source, url, cost_cents, pages, listening_hours, note) VALUES (39, 7, 2, 7, 'https://www.ebay.com/sch/i.html?_nkw=Where+the+Mountain+Meets+the+Moon', NULL, NULL, NULL, NULL);
INSERT INTO resource_instance (id, resource, type, source, url, cost_cents, pages, listening_hours, note) VALUES (40, 8, 2, 7, 'https://www.ebay.com/sch/i.html?_nkw=Young+Fu+of+the+Upper+Yangtze', NULL, NULL, NULL, NULL);
INSERT INTO resource_instance (id, resource, type, source, url, cost_cents, pages, listening_hours, note) VALUES (41, 9, 2, 7, 'https://www.ebay.com/sch/i.html?_nkw=The+Book+of+Virtues', NULL, NULL, NULL, NULL);
INSERT INTO resource_instance (id, resource, type, source, url, cost_cents, pages, listening_hours, note) VALUES (42, 10, 2, 7, 'https://www.ebay.com/sch/i.html?_nkw=Seven+Daughters+and+Seven+Sons', NULL, NULL, NULL, NULL);
INSERT INTO resource_instance (id, resource, type, source, url, cost_cents, pages, listening_hours, note) VALUES (43, 11, 2, 7, 'https://www.ebay.com/sch/i.html?_nkw=Inside+Out+and+Back+Again', NULL, NULL, NULL, NULL);
INSERT INTO resource_instance (id, resource, type, source, url, cost_cents, pages, listening_hours, note) VALUES (44, 11, 5, 5, 'https://www.amazon.com/Inside-Out-and-Back-Again-audiobook/dp/B00729S3DI/', NULL, NULL, NULL, NULL);
INSERT INTO resource_instance (id, resource, type, source, url, cost_cents, pages, listening_hours, note) VALUES (45, 12, 2, 7, 'https://www.ebay.com/sch/i.html?_nkw=The+Kite+Fighters', NULL, NULL, NULL, NULL);
INSERT INTO resource_instance (id, resource, type, source, url, cost_cents, pages, listening_hours, note) VALUES (46, 12, 5, 5, 'amazon.com/The-Kite-Fighters-Linda-Sue-Park-audiobook/dp/B00QL3GDC4/', NULL, NULL, NULL, NULL);
INSERT INTO resource_instance (id, resource, type, source, url, cost_cents, pages, listening_hours, note) VALUES (47, 13, 2, 7, 'https://www.ebay.com/sch/i.html?_nkw=Heart+of+a+Samurai', NULL, NULL, NULL, NULL);
INSERT INTO resource_instance (id, resource, type, source, url, cost_cents, pages, listening_hours, note) VALUES (48, 13, 5, 5, 'https://www.amazon.com/Heart-of-Samurai-Margi-Preus-audiobook/dp/B005EEZ8QS/', NULL, NULL, NULL, NULL);
INSERT INTO resource_instance (id, resource, type, source, url, cost_cents, pages, listening_hours, note) VALUES (49, 14, 2, 7, 'https://www.ebay.com/sch/i.html?_nkw=Breaking+Stalin+Nose', NULL, NULL, NULL, NULL);
INSERT INTO resource_instance (id, resource, type, source, url, cost_cents, pages, listening_hours, note) VALUES (50, 14, 5, 5, 'https://www.amazon.com/Breaking-Stalins-Nose-audiobook/dp/B0083TGLNA/', NULL, NULL, NULL, NULL);
INSERT INTO resource_instance (id, resource, type, source, url, cost_cents, pages, listening_hours, note) VALUES (51, 15, 2, 7, 'https://www.ebay.com/sch/i.html?_nkw=The+Endless+Steppe', NULL, NULL, NULL, NULL);
INSERT INTO resource_instance (id, resource, type, source, url, cost_cents, pages, listening_hours, note) VALUES (52, 15, 5, 5, 'https://www.amazon.com/The-Endless-Steppe-Esther-Hautzig-audiobook/dp/B001JK65UE/', NULL, NULL, NULL, NULL);
INSERT INTO resource_instance (id, resource, type, source, url, cost_cents, pages, listening_hours, note) VALUES (53, 16, 2, 7, 'https://www.ebay.com/sch/i.html?_nkw=Daughter+of+the+Mountains', NULL, NULL, NULL, NULL);
INSERT INTO resource_instance (id, resource, type, source, url, cost_cents, pages, listening_hours, note) VALUES (54, 16, 5, 5, 'https://www.amazon.com/Daughter-of-the-Mountains/dp/B07BF6RH49/', NULL, NULL, NULL, NULL);
INSERT INTO resource_instance (id, resource, type, source, url, cost_cents, pages, listening_hours, note) VALUES (55, 17, 2, 7, 'https://www.ebay.com/sch/i.html?_nkw=Around+the+World+in+80+Days', NULL, NULL, NULL, NULL);
INSERT INTO resource_instance (id, resource, type, source, url, cost_cents, pages, listening_hours, note) VALUES (56, 17, 5, 5, 'https://www.amazon.com/Around-World-80-Days/dp/B088P8TPJR/', NULL, NULL, NULL, NULL);
INSERT INTO resource_instance (id, resource, type, source, url, cost_cents, pages, listening_hours, note) VALUES (57, 18, 2, 7, 'https://www.ebay.com/sch/i.html?_nkw=Red+Sand+Blue+Sky', NULL, NULL, NULL, NULL);
INSERT INTO resource_instance (id, resource, type, source, url, cost_cents, pages, listening_hours, note) VALUES (58, 20, 2, 7, 'https://www.ebay.com/sch/i.html?_nkw=Story+of+the+World+4', NULL, NULL, NULL, NULL);
INSERT INTO resource_instance (id, resource, type, source, url, cost_cents, pages, listening_hours, note) VALUES (59, 19, 2, 7, 'https://www.ebay.com/sch/i.html?_nkw=Story+of+the+World+3', NULL, NULL, NULL, NULL);
INSERT INTO resource_instance (id, resource, type, source, url, cost_cents, pages, listening_hours, note) VALUES (60, 2, 2, 7, 'https://www.ebay.com/sch/i.html?_nkw=Story+of+the+World+2', NULL, NULL, NULL, NULL);
INSERT INTO resource_instance (id, resource, type, source, url, cost_cents, pages, listening_hours, note) VALUES (61, 1, 2, 7, 'https://www.ebay.com/sch/i.html?_nkw=Story+of+the+World+1', NULL, NULL, NULL, NULL);
INSERT INTO resource_instance (id, resource, type, source, url, cost_cents, pages, listening_hours, note) VALUES (62, 21, 2, 1, 'https://www.amazon.com/History-World-Map-DK/dp/1465475850/', NULL, NULL, NULL, NULL);
INSERT INTO resource_instance (id, resource, type, source, url, cost_cents, pages, listening_hours, note) VALUES (63, 21, 2, 7, 'https://www.ebay.com/sch/i.html?_nkw=History+of+the+World+Map+by+Map', NULL, NULL, NULL, NULL);
INSERT INTO resource_instance (id, resource, type, source, url, cost_cents, pages, listening_hours, note) VALUES (64, 22, 2, 1, 'https://www.amazon.com/Amy-Carmichael-Rescuer-Precious-Christian/dp/1576580180/', NULL, NULL, NULL, NULL);
INSERT INTO resource_instance (id, resource, type, source, url, cost_cents, pages, listening_hours, note) VALUES (65, 22, 2, 7, 'https://www.ebay.com/sch/i.html?_nkw=Amy+Carmichael+Rescuer+of+Precious+Gems', NULL, NULL, NULL, NULL);
INSERT INTO resource_instance (id, resource, type, source, url, cost_cents, pages, listening_hours, note) VALUES (66, 22, 5, 5, 'https://www.amazon.com/Amy-Carmichael-audiobook/dp/B00HEY2DVY/', NULL, NULL, NULL, NULL);
INSERT INTO resource_instance (id, resource, type, source, url, cost_cents, pages, listening_hours, note) VALUES (67, 23, 2, 1, 'https://www.amazon.com/David-Livingstone-Africas-Trailblazer-Christian/dp/1576581535/', NULL, NULL, NULL, NULL);
INSERT INTO resource_instance (id, resource, type, source, url, cost_cents, pages, listening_hours, note) VALUES (68, 23, 5, 5, 'https://www.amazon.com/David-Livingstone-audiobook/dp/B00K6R1PQ0/', NULL, NULL, NULL, NULL);
INSERT INTO resource_instance (id, resource, type, source, url, cost_cents, pages, listening_hours, note) VALUES (69, 24, 2, 1, 'https://www.amazon.com/Complete-Works-Count-Tolstoy-XII/dp/1500215058/', NULL, NULL, NULL, NULL);
INSERT INTO resource_instance (id, resource, type, source, url, cost_cents, pages, listening_hours, note) VALUES (70, 24, 2, 7, 'https://www.ebay.com/sch/i.html?_nkw=The+Complete+Works+of+Count+Tolstoy+XII', NULL, NULL, NULL, NULL);
INSERT INTO resource_instance (id, resource, type, source, url, cost_cents, pages, listening_hours, note) VALUES (71, 24, 4, 2, 'http://www.gutenberg.org/files/38025/38025-h/38025-h.htm', NULL, NULL, NULL, NULL);
INSERT INTO resource_instance (id, resource, type, source, url, cost_cents, pages, listening_hours, note) VALUES (72, 1, 2, 3, 'https://www.christianbook.com/the-story-of-the-world-volume/susan-bauer/pd/612997', NULL, NULL, NULL, 'entire set, but paperback');
INSERT INTO resource_instance (id, resource, type, source, url, cost_cents, pages, listening_hours, note) VALUES (73, 1, 2, 1, 'https://www.amazon.com/Story-World-Text-Bundle-Paperback/dp/1945841761', NULL, NULL, NULL, 'entire set, but paperback');
INSERT INTO resource_instance (id, resource, type, source, url, cost_cents, pages, listening_hours, note) VALUES (74, 2, 2, 3, 'https://www.christianbook.com/the-story-of-the-world-volume/susan-bauer/pd/612997', NULL, NULL, NULL, 'entire set, but paperback');
INSERT INTO resource_instance (id, resource, type, source, url, cost_cents, pages, listening_hours, note) VALUES (75, 19, 2, 3, 'https://www.christianbook.com/the-story-of-the-world-volume/susan-bauer/pd/612997', NULL, NULL, NULL, 'entire set, but paperback');
INSERT INTO resource_instance (id, resource, type, source, url, cost_cents, pages, listening_hours, note) VALUES (76, 20, 2, 3, 'https://www.christianbook.com/the-story-of-the-world-volume/susan-bauer/pd/612997', NULL, NULL, NULL, 'entire set, but paperback');
INSERT INTO resource_instance (id, resource, type, source, url, cost_cents, pages, listening_hours, note) VALUES (77, 2, 2, 1, 'https://www.amazon.com/Story-World-Text-Bundle-Paperback/dp/1945841761', NULL, NULL, NULL, 'entire set, but paperback');
INSERT INTO resource_instance (id, resource, type, source, url, cost_cents, pages, listening_hours, note) VALUES (78, 19, 2, 1, 'https://www.amazon.com/Story-World-Text-Bundle-Paperback/dp/1945841761', NULL, NULL, NULL, 'entire set, but paperback');
INSERT INTO resource_instance (id, resource, type, source, url, cost_cents, pages, listening_hours, note) VALUES (79, 20, 2, 1, 'https://www.amazon.com/Story-World-Text-Bundle-Paperback/dp/1945841761', NULL, NULL, NULL, 'entire set, but paperback');
INSERT INTO resource_instance (id, resource, type, source, url, cost_cents, pages, listening_hours, note) VALUES (80, 1, 2, 3, 'https://www.christianbook.com/hardcover-ancient-times-story-world/susan-bauer/9781933339016/pd/339012', NULL, NULL, NULL, NULL);
INSERT INTO resource_instance (id, resource, type, source, url, cost_cents, pages, listening_hours, note) VALUES (81, 2, 2, 3, 'https://www.christianbook.com/hardcover-vol-2-middle-story-world/9781933339108/pd/339108', NULL, NULL, NULL, NULL);
INSERT INTO resource_instance (id, resource, type, source, url, cost_cents, pages, listening_hours, note) VALUES (82, 19, 2, 3, 'https://www.christianbook.com/hardcover-early-modern-times-story-world/susan-bauer/9780972860307/pd/860304', NULL, NULL, NULL, NULL);
INSERT INTO resource_instance (id, resource, type, source, url, cost_cents, pages, listening_hours, note) VALUES (83, 20, 2, 3, 'https://www.christianbook.com/hardcover-vol-4-modern-story-world/susan-bauer/9780972860345/pd/860347', NULL, NULL, NULL, NULL);
INSERT INTO resource_instance (id, resource, type, source, url, cost_cents, pages, listening_hours, note) VALUES (84, 25, 2, 1, 'https://www.amazon.com/Story-World-History-Classical-Ancient/dp/1933339217/', NULL, NULL, NULL, NULL);
INSERT INTO resource_instance (id, resource, type, source, url, cost_cents, pages, listening_hours, note) VALUES (85, 26, 2, 1, 'https://www.amazon.com/Story-World-History-Classical-Middle/dp/1933339209/', NULL, NULL, NULL, NULL);
INSERT INTO resource_instance (id, resource, type, source, url, cost_cents, pages, listening_hours, note) VALUES (86, 27, 2, 1, 'https://www.amazon.com/Story-World-History-Classical-Modern/dp/1933339225/', NULL, NULL, NULL, NULL);
INSERT INTO resource_instance (id, resource, type, source, url, cost_cents, pages, listening_hours, note) VALUES (88, 25, 2, 3, 'https://www.christianbook.com/vol-1-ancient-times-story-world/9781933339214/pd/339214', NULL, NULL, NULL, NULL);
INSERT INTO resource_instance (id, resource, type, source, url, cost_cents, pages, listening_hours, note) VALUES (89, 26, 2, 3, 'https://www.christianbook.com/vol-2-middle-ages-story-world/9781933339207/pd/412838', NULL, NULL, NULL, NULL);
INSERT INTO resource_instance (id, resource, type, source, url, cost_cents, pages, listening_hours, note) VALUES (90, 27, 2, 3, 'https://www.christianbook.com/early-modern-times-story-world/9781933339221/pd/412833', NULL, NULL, NULL, NULL);
INSERT INTO resource_instance (id, resource, type, source, url, cost_cents, pages, listening_hours, note) VALUES (91, 28, 2, 3, 'https://www.christianbook.com/book-vol-4-modern-story-world/9781933339023/pd/86037X', NULL, NULL, NULL, NULL);
INSERT INTO resource_instance (id, resource, type, source, url, cost_cents, pages, listening_hours, note) VALUES (92, 29, 2, 3, 'https://www.christianbook.com/apologia-exploring-creation-physical-science-basic/jay-wile/pd/336402', NULL, NULL, NULL, 'This is the set, including "Solutions and Tests"');
INSERT INTO resource_instance (id, resource, type, source, url, cost_cents, pages, listening_hours, note) VALUES (93, 29, 2, 1, 'https://www.amazon.com/gp/offer-listing/193201277X/', NULL, NULL, NULL, NULL);
INSERT INTO resource_instance (id, resource, type, source, url, cost_cents, pages, listening_hours, note) VALUES (94, 30, 2, 1, 'https://www.amazon.com/Roar-Other-Side-Guide-Student/dp/1885767668', NULL, NULL, NULL, NULL);
INSERT INTO resource_instance (id, resource, type, source, url, cost_cents, pages, listening_hours, note) VALUES (95, 30, 2, 3, 'https://www.christianbook.com/roar-other-side-guide-student-poets/suzanne-clark/9781885767660/pd/67668', NULL, NULL, NULL, NULL);
INSERT INTO resource_instance (id, resource, type, source, url, cost_cents, pages, listening_hours, note) VALUES (96, 30, 2, 7, 'https://www.ebay.com/sch/i.html?_nkw=the+roar+on+the+other+side', NULL, NULL, NULL, NULL);
INSERT INTO resource_instance (id, resource, type, source, url, cost_cents, pages, listening_hours, note) VALUES (97, 29, 2, 7, 'https://www.ebay.com/sch/i.html?_nkw=Exploring+Creation+with+physical+science', NULL, NULL, NULL, 'Some of these are sets, including "Solutions and Tests"');
INSERT INTO resource_instance (id, resource, type, source, url, cost_cents, pages, listening_hours, note) VALUES (98, 31, 2, 1, 'https://www.amazon.com/Magicians-Nephew-C-S-Lewis/dp/0064405052/', NULL, NULL, NULL, NULL);
INSERT INTO resource_instance (id, resource, type, source, url, cost_cents, pages, listening_hours, note) VALUES (99, 31, 2, 7, 'https://www.ebay.com/sch/i.html?_nkw=magicians+nephew', NULL, NULL, NULL, NULL);
INSERT INTO resource_instance (id, resource, type, source, url, cost_cents, pages, listening_hours, note) VALUES (100, 31, 5, 5, 'https://www.amazon.com/The-Magicians-Nephew-C-S-Lewis-audiobook/dp/B0009NS99C/', NULL, NULL, NULL, NULL);
INSERT INTO resource_instance (id, resource, type, source, url, cost_cents, pages, listening_hours, note) VALUES (101, 31, 4, 1, 'https://www.amazon.com/Magicians-Nephew-C-S-Lewis-ebook/dp/B085BVG548/', NULL, NULL, NULL, NULL);
INSERT INTO resource_instance (id, resource, type, source, url, cost_cents, pages, listening_hours, note) VALUES (102, 31, 2, 3, 'https://www.christianbook.com/the-chronicles-narnia-magicians-nephew-softcover/c-s-lewis/9780064471107/pd/44230', NULL, NULL, NULL, NULL);
INSERT INTO resource_instance (id, resource, type, source, url, cost_cents, pages, listening_hours, note) VALUES (103, 32, 4, 1, 'https://www.amazon.com/Horse-His-Chronicles-Narnia-Book-ebook/dp/B001I45UFM/', NULL, NULL, NULL, NULL);
INSERT INTO resource_instance (id, resource, type, source, url, cost_cents, pages, listening_hours, note) VALUES (104, 32, 5, 5, 'https://www.amazon.com/The-Horse-and-His-Boy-audiobook/dp/B0009NS992/', NULL, NULL, NULL, NULL);
INSERT INTO resource_instance (id, resource, type, source, url, cost_cents, pages, listening_hours, note) VALUES (105, 32, 2, 1, 'https://www.amazon.com/Horse-His-Boy-C-Lewis/dp/0064471063/', NULL, NULL, NULL, NULL);
INSERT INTO resource_instance (id, resource, type, source, url, cost_cents, pages, listening_hours, note) VALUES (106, 32, 2, 3, 'https://www.christianbook.com/chronicles-narnia-horse-his-boy-softcover/c-s-lewis/9780064471060/pd/44200', NULL, NULL, NULL, NULL);
INSERT INTO resource_instance (id, resource, type, source, url, cost_cents, pages, listening_hours, note) VALUES (107, 32, 5, 3, 'https://www.christianbook.com/horse-his-boy-radio-theatre-cds/c-s-lewis/9781624053603/pd/053603', NULL, NULL, NULL, NULL);
INSERT INTO resource_instance (id, resource, type, source, url, cost_cents, pages, listening_hours, note) VALUES (108, 33, 2, 1, 'https://www.amazon.com/Anansi-Jamaican-stories-Spider-God/dp/9492355175/', NULL, NULL, NULL, NULL);
INSERT INTO resource_instance (id, resource, type, source, url, cost_cents, pages, listening_hours, note) VALUES (109, 33, 4, 1, 'https://www.amazon.com/Anansi-Jamaican-stories-Spider-God-ebook/dp/B087QSZN8L/', NULL, NULL, NULL, NULL);
INSERT INTO resource_instance (id, resource, type, source, url, cost_cents, pages, listening_hours, note) VALUES (110, 33, 2, 7, 'https://www.ebay.com/sch/i.html?_nkw=Anansi+the+Spider+Stories', NULL, NULL, NULL, NULL);
INSERT INTO resource_instance (id, resource, type, source, url, cost_cents, pages, listening_hours, note) VALUES (111, 34, 2, 7, 'https://www.ebay.com/sch/i.html?_nkw=omnibus+1+classical+civilizations', NULL, NULL, NULL, NULL);
INSERT INTO resource_instance (id, resource, type, source, url, cost_cents, pages, listening_hours, note) VALUES (112, 34, 2, 1, 'https://www.amazon.com/s?k=omnibus+1+classical+civilizations', NULL, NULL, NULL, NULL);
INSERT INTO resource_instance (id, resource, type, source, url, cost_cents, pages, listening_hours, note) VALUES (113, 35, 2, 1, 'https://www.amazon.com/s?k=omnibus+II+church+fathers', NULL, NULL, NULL, NULL);
INSERT INTO resource_instance (id, resource, type, source, url, cost_cents, pages, listening_hours, note) VALUES (114, 35, 2, 7, 'https://www.ebay.com/sch/i.html?_nkw=omnibus+II+church+fathers', NULL, NULL, NULL, NULL);
INSERT INTO resource_instance (id, resource, type, source, url, cost_cents, pages, listening_hours, note) VALUES (115, 37, 2, 1, 'https://www.amazon.com/Solutions-Exploring-Creation-Physical-Science-dp-1932012788/dp/1932012788/', NULL, NULL, NULL, NULL);
INSERT INTO resource_instance (id, resource, type, source, url, cost_cents, pages, listening_hours, note) VALUES (116, 37, 2, 3, 'https://www.christianbook.com/exploring-creation-physical-solutions-2nd-edition/jay-wile/9781932012781/pd/338402', NULL, NULL, NULL, NULL);
INSERT INTO resource_instance (id, resource, type, source, url, cost_cents, pages, listening_hours, note) VALUES (117, 29, 2, 3, 'https://www.christianbook.com/exploring-creation-physical-textbook-2nd-edition/jay-wile/9781932012774/pd/337402', NULL, NULL, NULL, NULL);
INSERT INTO resource_instance (id, resource, type, source, url, cost_cents, pages, listening_hours, note) VALUES (118, 38, 2, 1, 'https://www.amazon.com/God-King-Hezekiah-History-Library/dp/1883937736/', NULL, NULL, NULL, NULL);
INSERT INTO resource_instance (id, resource, type, source, url, cost_cents, pages, listening_hours, note) VALUES (119, 38, 4, 1, 'https://www.amazon.com/God-King-Joanne-Williamson-ebook/dp/B002RAQLFO/', NULL, NULL, NULL, NULL);
INSERT INTO resource_instance (id, resource, type, source, url, cost_cents, pages, listening_hours, note) VALUES (120, 38, 2, 7, 'https://www.ebay.com/sch/i.html?_nkw=God+King+days+of+Hezekiah', NULL, NULL, NULL, NULL);

-- Table: resource_source
DROP TABLE IF EXISTS resource_source;
CREATE TABLE resource_source (id INTEGER PRIMARY KEY AUTOINCREMENT, name STRING, logo STRING);
INSERT INTO resource_source (id, name, logo) VALUES (1, 'Amazon', 'amazon-tiny.png');
INSERT INTO resource_source (id, name, logo) VALUES (2, 'Gutenberg', 'gutenberg-tiny.png');
INSERT INTO resource_source (id, name, logo) VALUES (3, 'Christianbook', 'christianbook-tiny.png');
INSERT INTO resource_source (id, name, logo) VALUES (4, 'Librivox', 'librivox-tiny.png');
INSERT INTO resource_source (id, name, logo) VALUES (5, 'Audible', 'audible-tiny.png');
INSERT INTO resource_source (id, name, logo) VALUES (6, 'Web', NULL);
INSERT INTO resource_source (id, name, logo) VALUES (7, 'Ebay', 'ebay-tiny.png');
INSERT INTO resource_source (id, name, logo) VALUES (8, 'Rainbow', 'rainbow-tiny.png');

-- Table: resource_type
DROP TABLE IF EXISTS resource_type;
CREATE TABLE resource_type (id INTEGER PRIMARY KEY AUTOINCREMENT, name STRING UNIQUE);
INSERT INTO resource_type (id, name) VALUES (2, 'traditional book');
INSERT INTO resource_type (id, name) VALUES (4, 'ebook');
INSERT INTO resource_type (id, name) VALUES (5, 'audiobook');
INSERT INTO resource_type (id, name) VALUES (7, 'web page');

-- Table: role
DROP TABLE IF EXISTS role;
CREATE TABLE role (id INTEGER PRIMARY KEY AUTOINCREMENT, name STRING UNIQUE);
INSERT INTO role (id, name) VALUES (1, 'student');
INSERT INTO role (id, name) VALUES (2, 'admin');
INSERT INTO role (id, name) VALUES (3, 'tutor');
INSERT INTO role (id, name) VALUES (4, 'coordinator');

-- Table: science
DROP TABLE IF EXISTS science;
CREATE TABLE science (id INTEGER PRIMARY KEY AUTOINCREMENT, cw INTEGER REFERENCES cycle_week (id) ON DELETE RESTRICT ON UPDATE CASCADE NOT NULL, prompt STRING UNIQUE NOT NULL, answer STRING NOT NULL, note STRING);
INSERT INTO science (id, cw, prompt, answer, note) VALUES (1, 3, 'mass', 'the amount of matter (substance) in an object, usually measured in grams (g) or pound-mass (lbm)', NULL);
INSERT INTO science (id, cw, prompt, answer, note) VALUES (2, 4, 'weight', 'the force of gravity on a mass, usually measured in Newtons (N) or pound-force (lbf)', 'A given mass will weigh *more* on earth than on the moon, since the earth''s gravitaional force is greater than, e.g., that of the moon.');
INSERT INTO science (id, cw, prompt, answer, note) VALUES (3, 1, 'atom', 'the smallest unit of matter of a chemical element', 'The Periodic Table of Elements details chemical elements.');
INSERT INTO science (id, cw, prompt, answer, note) VALUES (4, 2, 'molecule', 'matter that consists of two or more atoms held together by chemical bonds', NULL);
INSERT INTO science (id, cw, prompt, answer, note) VALUES (5, 5, 'chemical solution', 'a chemical mixture; a solvent is the substance in which a solute is dissolved', 'Mixtures are commonly (but not necessarily) liquid.');
INSERT INTO science (id, cw, prompt, answer, note) VALUES (6, 6, 'water cycle', 'the cycle in which water enters the atmosphere through evaporation and transpiration, forms clouds through condensation, and falls as rain and snow, called precipitation', 'The water cycle is also known as the hydrologic cycle.');
INSERT INTO science (id, cw, prompt, answer, note) VALUES (7, 7, 'atmospheric layers', 'troposphere, stratosphere, mesosphere, thermosphere, and exosphere', 'The troposphere, stratosphere, and mesosphere are grouped into "the homosphere", and the thermosphere and exosphere are grouped into "the heterosphere".');
INSERT INTO science (id, cw, prompt, answer, note) VALUES (8, 8, 'layers of the earth', 'core, mantle, and crust', 'The core is broken into the "inner core" and "outer core"; the mantle includes the asthenosphere, and the crust includes the lithosphere.');
INSERT INTO science (id, cw, prompt, answer, note) VALUES (9, 9, 'kinds of rock', 'sedimentary, igneous, and metamorphic', 'Rocks are made up of minerals, and minerals are crystalline structures made of distinctive (atomic) elements.');
INSERT INTO science (id, cw, prompt, answer, note) VALUES (10, 10, 'types of clouds', 'cumulus, cirrus, stratus, lenticular', 'Clouds form in the homosphere (troposphere, stratosphere, and mesosphere).  Using "alto-" and "-nimbus" modifiers, as well as combinations (like "cirrocumulus") are common approaches to further classifying clouds. These are all Latin terms: Cumulus = "heap", "pile" ("accumulate"). Cirrus = "ringlet", "curling lock of hair". Stratus = "layer" ("strategy"). Lenticular = "lens-shaped" or "lentil-shaped". Nimbus = "dark cloud".');
INSERT INTO science (id, cw, prompt, answer, note) VALUES (11, 11, 'velocity', 'the speed and direction of an object in motion; speed is usually measured in meters per second', 'Miles per hour and many other units can apply here. A "vector" is a quantity that has both magnitude and direction components, such as velocity.');
INSERT INTO science (id, cw, prompt, answer, note) VALUES (12, 12, 'acceleration', 'the rate of change in velocity, usually measured in meters per second per second', 'Meters per second per second can also be written meters per second-squared, but meters per second per second is easier to visualize.  If a car is accelerating at 3 m/s/s, then it is increasing in speed by 3 m/s every second ("per second").');
INSERT INTO science (id, cw, prompt, answer, note) VALUES (13, 13, 'force', 'an interaction which can change the velocity of an object; force = mass x acceleration (F = ma), usually measured in Newtons', NULL);
INSERT INTO science (id, cw, prompt, answer, note) VALUES (14, 14, 'momentum', 'the product of an object''s mass and its velocity (p = mv), usually measured in kilogram-meters per second', 'Momentum = mass times velocity.');

-- Table: science_grammar_audio
DROP TABLE IF EXISTS science_grammar_audio;
CREATE TABLE science_grammar_audio (science INTEGER REFERENCES science (id) ON DELETE CASCADE ON UPDATE CASCADE, audio INTEGER REFERENCES grammar_audio (id) ON DELETE CASCADE ON UPDATE CASCADE);
INSERT INTO science_grammar_audio (science, audio) VALUES (3, 7);
INSERT INTO science_grammar_audio (science, audio) VALUES (4, 8);
INSERT INTO science_grammar_audio (science, audio) VALUES (1, 9);

-- Table: subject
DROP TABLE IF EXISTS subject;
CREATE TABLE subject (id INTEGER PRIMARY KEY AUTOINCREMENT, name strig UNIQUE);
INSERT INTO subject (id, name) VALUES (0, 'All Subjects');
INSERT INTO subject (id, name) VALUES (1, 'Timeline');
INSERT INTO subject (id, name) VALUES (2, 'History');
INSERT INTO subject (id, name) VALUES (3, 'Geography');
INSERT INTO subject (id, name) VALUES (4, 'Math');
INSERT INTO subject (id, name) VALUES (5, 'Science');
INSERT INTO subject (id, name) VALUES (6, 'English');
INSERT INTO subject (id, name) VALUES (7, 'Latin');
INSERT INTO subject (id, name) VALUES (8, 'Literature');
INSERT INTO subject (id, name) VALUES (9, 'Poetry');

-- Table: test_event_sequence_answer
DROP TABLE IF EXISTS test_event_sequence_answer;
CREATE TABLE test_event_sequence_answer (id INTEGER PRIMARY KEY AUTOINCREMENT, target INTEGER REFERENCES test_event_sequence_target (id) ON DELETE CASCADE ON UPDATE CASCADE, chosen_answer INTEGER REFERENCES event (id) ON DELETE CASCADE ON UPDATE CASCADE);

-- Table: test_event_sequence_incorrect_option
DROP TABLE IF EXISTS test_event_sequence_incorrect_option;
CREATE TABLE test_event_sequence_incorrect_option (id INTEGER PRIMARY KEY AUTOINCREMENT, target INTEGER REFERENCES test_event_sequence_target (id) ON DELETE CASCADE ON UPDATE CASCADE, incorrect_option INTEGER REFERENCES event (id) ON DELETE CASCADE ON UPDATE CASCADE);

-- Table: test_event_sequence_score
DROP TABLE IF EXISTS test_event_sequence_score;
CREATE TABLE test_event_sequence_score (id INTEGER PRIMARY KEY AUTOINCREMENT, user INTEGER REFERENCES user (id) ON DELETE CASCADE ON UPDATE CASCADE, event INTEGER REFERENCES event (id) ON DELETE CASCADE ON UPDATE CASCADE, score INTEGER, count INTEGER);

-- Table: test_event_sequence_target
DROP TABLE IF EXISTS test_event_sequence_target;
CREATE TABLE test_event_sequence_target (id INTEGER PRIMARY KEY AUTOINCREMENT, event INTEGER REFERENCES event (id) ON DELETE CASCADE ON UPDATE CASCADE NOT NULL, correct_answer INTEGER REFERENCES event (id) ON DELETE CASCADE ON UPDATE CASCADE NOT NULL);

-- Table: test_event_sequence_target_threshold
DROP TABLE IF EXISTS test_event_sequence_target_threshold;
CREATE TABLE test_event_sequence_target_threshold (id INTEGER PRIMARY KEY AUTOINCREMENT, user INTEGER REFERENCES user (id) ON DELETE CASCADE ON UPDATE CASCADE UNIQUE, threshold INTEGER);

-- Table: test_event_sequence_user_answer
DROP TABLE IF EXISTS test_event_sequence_user_answer;
CREATE TABLE test_event_sequence_user_answer (id INTEGER PRIMARY KEY AUTOINCREMENT, user INTEGER REFERENCES user (id) ON DELETE CASCADE ON UPDATE CASCADE, chosen_answer INTEGER REFERENCES test_event_sequence_answer (id) ON DELETE CASCADE ON UPDATE CASCADE);

-- Table: test_user
DROP TABLE IF EXISTS test_user;
CREATE TABLE test_user (id INTEGER PRIMARY KEY AUTOINCREMENT, username STRING UNIQUE, password STRING, salt STRING, email STRING);
INSERT INTO test_user (id, username, password, salt, email) VALUES (1, 'jmcaine', NULL, NULL, NULL);
INSERT INTO test_user (id, username, password, salt, email) VALUES (2, 'bobo', 'bobo', NULL, 'bobo@email.com');
INSERT INTO test_user (id, username, password, salt, email) VALUES (3, 'bobo2', 'bobo', NULL, 'bobo@email.com');
INSERT INTO test_user (id, username, password, salt, email) VALUES (4, 'test-1_', 'hello', NULL, 'bye@no.com');
INSERT INTO test_user (id, username, password, salt, email) VALUES (5, 'reginald', 'loosey', NULL, 'nope@spam.org');
INSERT INTO test_user (id, username, password, salt, email) VALUES (6, 'spanky', X'E82C7D2418F1E26836C0BD37F6BEE94E6647EBBA90F262D37928870F4B57D0FB', X'196B9F9348B34977E20B864104B25272DFCBE186976C654407F4ABD30FB3D38C', 'essential@email.com');
INSERT INTO test_user (id, username, password, salt, email) VALUES (7, 'wiggle', X'A9EBE9C011B5D40BCE84423ADBBA448B9323E1E1FB04EA9AEF26460F369C23AD', X'4F39E1599A3F92A91AE9701C86B93E09B66DB39F8E90D4DC572C0E0FBBB1F999', 'what@what.com');
INSERT INTO test_user (id, username, password, salt, email) VALUES (8, 'ab', X'7F444A1D9BC2178C06383B0F2247914B45F095A8254428BE6A1C096F73FE2B57', X'FCDBEF1E048D6168089FC2FEB47309E6B8408FBAF1A2E29BE8DFC808DE660CB5', '');
INSERT INTO test_user (id, username, password, salt, email) VALUES (9, 'hao', X'D2073D5DC5023D2429945FC1CE63004503DBD8E282AB39B1C3046B42FE268D27', X'9AB56EE805A6178C9F5182F68AA4EDD8830A98576A73C18D6DBD58345081F84A', 'j@jo.co');
INSERT INTO test_user (id, username, password, salt, email) VALUES (10, 'the', X'C42355561B62B48083724181E4CE946CFB1A42017C8383C517241356C2A270B1', X'D29759402E43ED79F161B784D0D6EBE498FB027193948EF4CAAA8486A001BA92', '');
INSERT INTO test_user (id, username, password, salt, email) VALUES (11, 'thea', X'25D7E7CFD42CF7CF7D6F150AFE687137BF9E1C8FB56967D9F10FFAFA0AF92B30', X'A8A6C0C6BCAF523E54EBC5F23D20C0DA047FFDB63E6DDFA4548CC267395D3C12', '');
INSERT INTO test_user (id, username, password, salt, email) VALUES (12, 'ujil', X'D6DDC41AC6942025086CBC2DB9257BC0877B1D57EC2A947E79B869CF6252FC55', X'0D98B0633C8D430B0FBC6AF7F9EB435E5ECDC65A505CAE243A3A808653F37DD4', 'test@bobo.com');
INSERT INTO test_user (id, username, password, salt, email) VALUES (13, 'frank', X'784BF6D34CDD8B3A40C5A45937725B74160C672B7A50639099D48B298F289562', X'699358B6036B770B3608B07A5B4FCBF27C1E184E05D7313BA89B4AEB56D8004D', 'jj@j.co');
INSERT INTO test_user (id, username, password, salt, email) VALUES (14, 'zac', X'E1FFA70F40439A6A0F1B06CE4570103170E30C41EB7C208DB6A1752A2AB54E82', X'02D1FD83E8560DE39E5E729D9F32D6E53F5AF3C626E826749B703F9CFA546D30', 'none@go.com');

-- Table: user
DROP TABLE IF EXISTS user;
CREATE TABLE user (id INTEGER PRIMARY KEY AUTOINCREMENT, username STRING UNIQUE, password STRING, salt STRING, person INTEGER REFERENCES person (id) ON DELETE CASCADE ON UPDATE CASCADE);
INSERT INTO user (id, username, password, salt, person) VALUES (1, 'jmcaine', NULL, NULL, NULL);

-- Table: user_role
DROP TABLE IF EXISTS user_role;
CREATE TABLE user_role (user INTEGER REFERENCES user (id) ON DELETE CASCADE ON UPDATE CASCADE, role INTEGER REFERENCES role (id) ON DELETE RESTRICT ON UPDATE CASCADE);
INSERT INTO user_role (user, role) VALUES (1, 1);
INSERT INTO user_role (user, role) VALUES (1, 2);
INSERT INTO user_role (user, role) VALUES (1, 3);
INSERT INTO user_role (user, role) VALUES (1, 4);

-- Table: vocabulary
DROP TABLE IF EXISTS vocabulary;
CREATE TABLE vocabulary (id INTEGER PRIMARY KEY AUTOINCREMENT, cw INTEGER REFERENCES cycle_week (id) ON DELETE RESTRICT ON UPDATE CASCADE NOT NULL, word STRING NOT NULL UNIQUE, pos INTEGER REFERENCES part_of_speech (id) ON DELETE RESTRICT ON UPDATE CASCADE NOT NULL, definition STRING NOT NULL, root STRING);
INSERT INTO vocabulary (id, cw, word, pos, definition, root) VALUES (1, 1, 'amicable', 3, 'friendly', 'amīcus, amīcī (friend)');
INSERT INTO vocabulary (id, cw, word, pos, definition, root) VALUES (2, 1, 'benevolent', 3, 'kind, compassionate', 'bene (well, best) + velle (to wish)');
INSERT INTO vocabulary (id, cw, word, pos, definition, root) VALUES (3, 1, 'sagacious
', 3, 'wise', 'sagax, sagac- (wise)');
INSERT INTO vocabulary (id, cw, word, pos, definition, root) VALUES (4, 1, 'paternal', 3, 'fatherly', 'pater, patris (father)');
INSERT INTO vocabulary (id, cw, word, pos, definition, root) VALUES (5, 1, 'maternal', 3, 'motherly', 'māter, mātris (mother)');
INSERT INTO vocabulary (id, cw, word, pos, definition, root) VALUES (6, 1, 'fraternal', 3, 'brotherly', 'frāter, frātris (brother)');
INSERT INTO vocabulary (id, cw, word, pos, definition, root) VALUES (7, 2, 'lucid', 3, 'clear, understandable', 'lūx, lūcis (light)');
INSERT INTO vocabulary (id, cw, word, pos, definition, root) VALUES (8, 2, 'omnipresent', 3, 'everywhere', 'omnis, e (all, every)');
INSERT INTO vocabulary (id, cw, word, pos, definition, root) VALUES (9, 2, 'elaborate', 3, 'detailed, complicated, embellished', 'labor, labōris (effort, toil, labor)');
INSERT INTO vocabulary (id, cw, word, pos, definition, root) VALUES (10, 2, 'veritable', 3, 'true, indisputable', 'vēritās, vēritātis (truth)');
INSERT INTO vocabulary (id, cw, word, pos, definition, root) VALUES (11, 2, 'virtuous', 3, 'honorable, principled', 'virtūs, virtūtis (virtue, courage)');
INSERT INTO vocabulary (id, cw, word, pos, definition, root) VALUES (12, 2, 'vociferous', 3, 'noisy, outspoken', 'vōx, vōcis (voice, cry)');
INSERT INTO vocabulary (id, cw, word, pos, definition, root) VALUES (13, 5, 'conundrum', 1, 'difficult problem', '');
INSERT INTO vocabulary (id, cw, word, pos, definition, root) VALUES (14, 5, 'compromise', 1, 'bargain, settlement', '');
INSERT INTO vocabulary (id, cw, word, pos, definition, root) VALUES (15, 5, 'conformist', 1, 'follower, team-player', '');
INSERT INTO vocabulary (id, cw, word, pos, definition, root) VALUES (16, 5, 'diplomacy', 1, 'art of political relationship', '');
INSERT INTO vocabulary (id, cw, word, pos, definition, root) VALUES (17, 5, 'digression', 1, 'detour from main point', '');
INSERT INTO vocabulary (id, cw, word, pos, definition, root) VALUES (18, 5, 'demagogue', 1, 'populist leader', '');
INSERT INTO vocabulary (id, cw, word, pos, definition, root) VALUES (19, 6, 'abate', 4, 'become less', 'ab (away) + battere (to batter, beat away)');
INSERT INTO vocabulary (id, cw, word, pos, definition, root) VALUES (20, 6, 'abdicate', 4, 'give up (throne), give away', 'ab (away) + dicare (decree, declare)');
INSERT INTO vocabulary (id, cw, word, pos, definition, root) VALUES (21, 6, 'abstain (from)', 4, 'don’t participate (in)', 'ab (away) + tenere (to hold)');
INSERT INTO vocabulary (id, cw, word, pos, definition, root) VALUES (22, 6, 'allure', 4, 'draw toward, attract', 'ad (to/toward) + trahere (to drag, pull)');
INSERT INTO vocabulary (id, cw, word, pos, definition, root) VALUES (23, 6, 'assist', 4, 'help, support', 'ad (to/toward) + sistere (to stand firmly)');
INSERT INTO vocabulary (id, cw, word, pos, definition, root) VALUES (24, 6, 'accomplish', 4, 'achieve, finish, fulfill', 'ad (to) + complere (complete)');
INSERT INTO vocabulary (id, cw, word, pos, definition, root) VALUES (25, 8, 'pacific', 3, 'peaceful, calm', 'pāx, pācis (peace)');
INSERT INTO vocabulary (id, cw, word, pos, definition, root) VALUES (26, 8, 'clamorous', 3, 'loud, vociferous', 'clāmor, clāmōris (shout, shouting)');
INSERT INTO vocabulary (id, cw, word, pos, definition, root) VALUES (27, 8, 'advent', 1, 'arrival, coming', 'adventus (arrival, coming)');
INSERT INTO vocabulary (id, cw, word, pos, definition, root) VALUES (28, 8, 'voyage', 1, 'journey, excursion', 'via (way, road)');
INSERT INTO vocabulary (id, cw, word, pos, definition, root) VALUES (29, 8, 'vitality', 1, 'fullness of life', 'vita (life)');
INSERT INTO vocabulary (id, cw, word, pos, definition, root) VALUES (30, 8, 'itinerary', 1, 'planned route, journey, agenda', 'iter, itineris (journey, march, route)');
INSERT INTO vocabulary (id, cw, word, pos, definition, root) VALUES (31, 9, 'principle', 1, 'ethical foundation, first value', 'prīnceps, prīncipis (chief, primary leader)');
INSERT INTO vocabulary (id, cw, word, pos, definition, root) VALUES (32, 9, 'principal', 1, 'chief, primary leader', 'prīnceps, prīncipis (chief, primary leader)');
INSERT INTO vocabulary (id, cw, word, pos, definition, root) VALUES (33, 9, 'fidelity', 1, 'loyalty, devotion', 'fidēs, fideī (faith, faithfulness)');
INSERT INTO vocabulary (id, cw, word, pos, definition, root) VALUES (34, 9, 'fortitude', 1, 'courage, perseverance, strength', 'fortis, e (brave, strong)');
INSERT INTO vocabulary (id, cw, word, pos, definition, root) VALUES (35, 9, 'difficulty', 1, 'adversity, hardship', 'difficilis, e (difficult)');
INSERT INTO vocabulary (id, cw, word, pos, definition, root) VALUES (36, 9, 'facilitate (v)', 4, 'make easy, coordinate', 'facilis, e (easy)');
INSERT INTO vocabulary (id, cw, word, pos, definition, root) VALUES (37, 12, 'camaraderie', 1, 'friendship, companionship', '');
INSERT INTO vocabulary (id, cw, word, pos, definition, root) VALUES (38, 12, 'colleague', 1, 'co-worker, companion, teammate', '');
INSERT INTO vocabulary (id, cw, word, pos, definition, root) VALUES (39, 12, 'significance', 1, 'importance, relevance, gravity', '');
INSERT INTO vocabulary (id, cw, word, pos, definition, root) VALUES (40, 12, 'tension', 1, 'strain, pull, stretch', '');
INSERT INTO vocabulary (id, cw, word, pos, definition, root) VALUES (41, 12, 'compression', 1, 'stress, squeeze, pressure', '');
INSERT INTO vocabulary (id, cw, word, pos, definition, root) VALUES (42, 12, 'investigation', 1, 'quest for truth or explanation', '');
INSERT INTO vocabulary (id, cw, word, pos, definition, root) VALUES (43, 12, 'diagram', 1, 'information picture', '');
INSERT INTO vocabulary (id, cw, word, pos, definition, root) VALUES (44, 9, 'nomenclature', 1, 'system of names, taxonomy', 'nōmen, nōminis (name)');
INSERT INTO vocabulary (id, cw, word, pos, definition, root) VALUES (45, 13, 'capacious', 3, 'roomy, ample', 'capax, capac- (capable)');
INSERT INTO vocabulary (id, cw, word, pos, definition, root) VALUES (46, 13, 'condescending', 3, 'arrogant, haughty', 'scandere (to climb)');
INSERT INTO vocabulary (id, cw, word, pos, definition, root) VALUES (47, 13, 'deleterious', 3, 'harmful, destructive, unhealthy', 'delere (blotted out, deleted)');
INSERT INTO vocabulary (id, cw, word, pos, definition, root) VALUES (48, 13, 'diligent', 3, 'persevering carefully', 'diligere (love, take delight in)');
INSERT INTO vocabulary (id, cw, word, pos, definition, root) VALUES (49, 13, 'exemplary', 3, 'excellent, admirable', 'exemplum (imitation, sample)');
INSERT INTO vocabulary (id, cw, word, pos, definition, root) VALUES (50, 13, 'florid', 3, 'elaborately ornamented', 'flos, flor- (flower)');
INSERT INTO vocabulary (id, cw, word, pos, definition, root) VALUES (51, 13, 'fortuitous', 3, 'lucky, fortunate', 'forte (by chance)');

COMMIT TRANSACTION;
PRAGMA foreign_keys = on;
